caseid,state_fips,state_name,state_pop,county_fips,county_name,county_pop,commonweight,vvweight,gender4,educ,race,hispanic,climate_problem,regulate_carbon,renewable_fuel,clean_air_water,fuel_efficiency,fossil_fuel,paris_agreement
2036974471.0,26,Michigan,10043906,26049,Genesee,401952.0,6.3957375379163,3.717917597,1,1,1,2.0,0.0,0.0,0.0,0.0,0.0,1.0,1.0
2015249863.0,26,Michigan,10043906,26099,Macomb,875065.0,1.25591240776057,1.1863570006,1,6,1,2.0,0.0,0.0,0.0,0.0,0.0,1.0,1.0
2039538027.0,26,Michigan,10043906,26115,Monroe,155376.0,0.654889560970575,0.7082088894,1,2,1,2.0,1.0,1.0,1.0,1.0,0.0,1.0,1.0
2032986953.0,26,Michigan,10043906,26163,Wayne,1761595.0,7.1518323576671,,2,5,4,2.0,1.0,1.0,1.0,1.0,1.0,1.0,1.0
1998812579.0,26,Michigan,10043906,26109,Menominee,23295.0,1.04794250409084,1.2165353465,2,3,1,2.0,1.0,1.0,0.0,0.0,1.0,1.0,1.0
2044920335.0,26,Michigan,10043906,26125,Oakland,1272787.0,2.93236322537903,,1,2,1,2.0,1.0,0.0,1.0,0.0,0.0,1.0,1.0
2036163879.0,26,Michigan,10043906,26125,Oakland,1272787.0,1.5086588616347,0.8428932269,2,5,2,2.0,1.0,1.0,1.0,1.0,1.0,0.0,1.0
2037316777.0,26,Michigan,10043906,26147,St. Clair,159886.0,0.142724543541814,,1,3,1,2.0,0.0,0.0,0.0,1.0,0.0,1.0,0.0
1999783887.0,26,Michigan,10043906,26065,Ingham,284388.0,0.779168250147768,0.7984580842000001,1,6,1,2.0,1.0,1.0,1.0,1.0,1.0,1.0,1.0
2015478053.0,26,Michigan,10043906,26163,Wayne,1761595.0,1.21839660029986,,1,2,2,2.0,1.0,1.0,1.0,1.0,1.0,1.0,1.0
2014394805.0,26,Michigan,10043906,26159,Van Buren,75681.0,3.37516722213168,,2,1,2,2.0,0.0,0.0,1.0,1.0,1.0,0.0,1.0
2042740317.0,26,Michigan,10043906,26115,Monroe,155376.0,5.38782539006574,,1,2,2,2.0,0.0,0.0,0.0,0.0,0.0,0.0,0.0
2030648313.0,26,Michigan,10043906,26025,Calhoun,133439.0,2.79385403597126,0.2553667658,2,1,1,2.0,1.0,0.0,0.0,0.0,0.0,0.0,0.0
2038586931.0,26,Michigan,10043906,26125,Oakland,1272787.0,0.778198854942588,0.4894826779,2,2,2,2.0,1.0,1.0,1.0,0.0,1.0,1.0,1.0
2006126501.0,26,Michigan,10043906,26081,Kent,659818.0,1.01949030568443,1.464880621,2,4,1,2.0,1.0,1.0,0.0,1.0,1.0,1.0,1.0
2011404803.0,26,Michigan,10043906,26139,Ottawa,300837.0,4.06825938388148,1.4273355733,2,5,1,2.0,0.0,0.0,0.0,0.0,0.0,1.0,0.0
2021915381.0,26,Michigan,10043906,26025,Calhoun,133439.0,0.610754146276672,0.6027293703000001,1,3,1,2.0,0.0,0.0,1.0,0.0,1.0,1.0,0.0
1998424307.0,26,Michigan,10043906,26163,Wayne,1761595.0,1.16639406214446,0.9215177962000001,2,4,1,2.0,0.0,0.0,0.0,0.0,0.0,1.0,0.0
2038533627.0,26,Michigan,10043906,26149,St. Joseph,60777.0,0.950067561597391,0.983291227,2,6,1,2.0,1.0,1.0,1.0,1.0,1.0,0.0,1.0
2029581119.0,26,Michigan,10043906,26099,Macomb,875065.0,3.49806653299445,,2,2,1,2.0,1.0,1.0,1.0,1.0,1.0,1.0,1.0
1519431277.0,26,Michigan,10043906,26163,Wayne,1761595.0,0.319842326741983,,2,1,2,2.0,1.0,1.0,0.0,1.0,0.0,1.0,1.0
2013191327.0,26,Michigan,10043906,26027,Cass,51422.0,0.257804380801769,0.7263033572,2,2,5,2.0,0.0,0.0,0.0,0.0,1.0,1.0,0.0
2044137447.0,26,Michigan,10043906,26163,Wayne,1761595.0,0.378911965901696,,1,3,1,2.0,1.0,1.0,1.0,1.0,1.0,0.0,1.0
2041090191.0,26,Michigan,10043906,26161,Washtenaw,367307.0,1.36358802526644,0.9906595066,1,5,1,2.0,1.0,1.0,1.0,1.0,1.0,0.0,1.0
2037088155.0,26,Michigan,10043906,26125,Oakland,1272787.0,3.05977640349708,0.8644207329,1,3,1,2.0,1.0,1.0,1.0,1.0,1.0,0.0,1.0
2009824341.0,26,Michigan,10043906,26139,Ottawa,300837.0,0.802206795230088,0.8976913786,1,5,1,2.0,0.0,0.0,0.0,0.0,0.0,0.0,0.0
2015400929.0,26,Michigan,10043906,26125,Oakland,1272787.0,1.29125037850835,0.1907079711,1,5,2,2.0,1.0,1.0,1.0,1.0,1.0,0.0,0.0
1996384897.0,26,Michigan,10043906,26065,Ingham,284388.0,1.79362322793923,1.0994052641,1,5,1,2.0,1.0,0.0,0.0,1.0,1.0,1.0,1.0
2007699863.0,26,Michigan,10043906,26145,Saginaw,188392.0,0.584709484738144,0.3820756158,2,2,2,2.0,1.0,0.0,0.0,1.0,1.0,0.0,0.0
2032667525.0,26,Michigan,10043906,26093,Livingston,196097.0,0.766006847152525,1.143442231,2,4,1,2.0,1.0,1.0,0.0,0.0,1.0,0.0,1.0
2034530519.0,25,Massachusetts,7025465,25017,Middlesex,1630890.0,2.78178126374885,2.1428085325,1,6,1,2.0,1.0,1.0,1.0,1.0,1.0,1.0,1.0
2045058345.0,25,Massachusetts,7025465,25025,Suffolk,778090.0,2.7524903556888,,1,4,1,2.0,1.0,1.0,1.0,1.0,1.0,0.0,1.0
2013002769.0,25,Massachusetts,7025465,25005,Bristol,581598.0,2.21197782208278,1.2750859869,1,5,2,2.0,1.0,1.0,1.0,0.0,0.0,0.0,1.0
2013512663.0,25,Massachusetts,7025465,25017,Middlesex,1630890.0,7.43480613022619,2.208740289,1,3,1,2.0,0.0,0.0,0.0,0.0,1.0,1.0,0.0
2015592507.0,25,Massachusetts,7025465,25009,Essex,810054.0,2.02658232647423,1.6966042956,1,2,1,1.0,1.0,1.0,1.0,1.0,1.0,1.0,1.0
2008105107.0,25,Massachusetts,7025465,25017,Middlesex,1630890.0,4.49569547854619,,1,5,1,2.0,1.0,0.0,0.0,1.0,1.0,1.0,0.0
2000042841.0,25,Massachusetts,7025465,25009,Essex,810054.0,1.09720113550103,1.1465128677,1,6,1,2.0,0.0,0.0,0.0,0.0,0.0,1.0,0.0
2015431799.0,25,Massachusetts,7025465,25009,Essex,810054.0,1.1310670301508,0.4154129476,1,2,1,2.0,0.0,0.0,0.0,1.0,1.0,1.0,0.0
2010487505.0,25,Massachusetts,7025465,25005,Bristol,581598.0,0.731546816974442,0.6569574672,1,5,1,2.0,1.0,1.0,1.0,1.0,0.0,1.0,1.0
2029517265.0,25,Massachusetts,7025465,25021,Norfolk,727727.0,3.60919657631662,2.3746606592,2,2,4,2.0,1.0,1.0,1.0,1.0,1.0,1.0,1.0
2014749581.0,25,Massachusetts,7025465,25021,Norfolk,727727.0,0.927254538216252,0.9482059014,2,3,1,2.0,1.0,1.0,1.0,1.0,1.0,1.0,0.0
2039001247.0,25,Massachusetts,7025465,25027,Worcester,866439.0,1.20696269763565,1.0374354914,2,4,1,2.0,1.0,0.0,0.0,0.0,0.0,1.0,0.0
2033068281.0,25,Massachusetts,7025465,25009,Essex,810054.0,3.81862283906027,,1,2,1,2.0,1.0,1.0,1.0,1.0,1.0,0.0,1.0
2012679077.0,25,Massachusetts,7025465,25027,Worcester,866439.0,1.61758776152085,1.7244918948999999,2,2,1,2.0,0.0,0.0,0.0,0.0,0.0,1.0,0.0
2037580841.0,25,Massachusetts,7025465,25025,Suffolk,778090.0,1.43310087659057,1.4402033976,2,6,1,2.0,1.0,1.0,1.0,1.0,1.0,1.0,1.0
2013773877.0,25,Massachusetts,7025465,25017,Middlesex,1630890.0,2.45579266747205,,2,2,1,2.0,1.0,1.0,0.0,0.0,1.0,1.0,0.0
2010973181.0,25,Massachusetts,7025465,25021,Norfolk,727727.0,0.409005554424427,0.4878957365,1,2,1,2.0,0.0,0.0,0.0,0.0,0.0,1.0,0.0
2031441093.0,25,Massachusetts,7025465,25027,Worcester,866439.0,2.16606058356522,2.2883132348,2,6,1,2.0,1.0,1.0,1.0,1.0,1.0,1.0,1.0
2000537475.0,25,Massachusetts,7025465,25013,Hampden,461294.0,5.98339032441385,,1,5,1,2.0,0.0,1.0,1.0,1.0,1.0,1.0,1.0
2009669715.0,25,Massachusetts,7025465,25003,Berkshire,129592.0,1.40105477208313,1.3810002936,1,5,1,2.0,1.0,1.0,0.0,1.0,1.0,1.0,1.0
1984167589.0,25,Massachusetts,7025465,25027,Worcester,866439.0,1.90733601949257,,2,6,1,2.0,1.0,1.0,1.0,1.0,1.0,1.0,1.0
2035419207.0,42,Pennsylvania,12984655,42077,Lehigh,376746.0,0.321144984167936,0.9675677062,2,1,1,2.0,1.0,1.0,1.0,1.0,1.0,1.0,1.0
2029460511.0,42,Pennsylvania,12984655,42097,Northumberland,90075.0,4.27541254256506,,2,2,1,2.0,1.0,0.0,1.0,0.0,0.0,1.0,0.0
2031133961.0,42,Pennsylvania,12984655,42003,Allegheny,1233325.0,2.39371024477441,1.8721445286,1,6,1,2.0,1.0,0.0,0.0,0.0,0.0,1.0,0.0
2034903011.0,42,Pennsylvania,12984655,42091,Montgomery,865483.0,4.39121997433477,2.3567157307,1,3,1,2.0,0.0,0.0,1.0,0.0,0.0,1.0,0.0
2014135575.0,42,Pennsylvania,12984655,42045,Delaware,576666.0,0.574951351258695,0.6141116914,2,4,2,2.0,1.0,1.0,1.0,1.0,1.0,0.0,1.0
2020848323.0,42,Pennsylvania,12984655,42091,Montgomery,865483.0,0.728063916235035,0.8213896337000001,1,2,1,2.0,1.0,1.0,1.0,1.0,1.0,1.0,1.0
2001330443.0,42,Pennsylvania,12984655,42071,Lancaster,557092.0,1.26545232074484,1.0979216082,1,3,1,2.0,0.0,1.0,1.0,1.0,1.0,1.0,1.0
1998602255.0,42,Pennsylvania,12984655,42019,Butler,197374.0,2.53611427444894,,1,2,1,2.0,1.0,0.0,0.0,0.0,0.0,1.0,0.0
2029573927.0,42,Pennsylvania,12984655,42015,Bradford,59825.0,0.950813496735346,0.8570049430000001,1,4,1,2.0,0.0,0.0,0.0,0.0,0.0,1.0,0.0
2014707761.0,42,Pennsylvania,12984655,42045,Delaware,576666.0,1.05589898702049,1.1234575247,2,6,1,2.0,1.0,1.0,1.0,1.0,0.0,1.0,1.0
2020917067.0,42,Pennsylvania,12984655,42127,Wayne,51108.0,3.71384684202549,,2,2,1,2.0,0.0,0.0,0.0,0.0,0.0,0.0,0.0
2034686233.0,42,Pennsylvania,12984655,42101,Philadelphia,1572341.0,2.53611427444894,,1,2,1,2.0,1.0,1.0,1.0,0.0,1.0,0.0,1.0
2026743399.0,42,Pennsylvania,12984655,42029,Chester,547131.0,0.615975105205203,0.5482857983,2,5,2,2.0,1.0,1.0,1.0,1.0,1.0,0.0,1.0
2020186613.0,42,Pennsylvania,12984655,42077,Lehigh,376746.0,0.994794399995737,,2,2,1,2.0,0.0,0.0,0.0,0.0,1.0,1.0,0.0
2020618567.0,42,Pennsylvania,12984655,42003,Allegheny,1233325.0,0.974026820662469,1.5888917925000001,2,4,4,2.0,1.0,1.0,1.0,1.0,1.0,0.0,1.0
2010773721.0,42,Pennsylvania,12984655,42013,Blair,120774.0,1.45220807860356,,2,3,1,2.0,1.0,1.0,1.0,1.0,1.0,1.0,1.0
1995231513.0,42,Pennsylvania,12984655,42011,Berks,432214.0,0.321144984167936,0.9675677062,2,1,1,2.0,0.0,1.0,0.0,0.0,1.0,0.0,1.0
2014869361.0,42,Pennsylvania,12984655,42045,Delaware,576666.0,0.950813496735346,0.8570049430000001,1,3,1,2.0,0.0,0.0,0.0,0.0,0.0,1.0,0.0
2011024403.0,42,Pennsylvania,12984655,42091,Montgomery,865483.0,2.22525228011441,1.6729857625,3,2,1,2.0,1.0,0.0,0.0,0.0,1.0,1.0,1.0
2014966183.0,42,Pennsylvania,12984655,42043,Dauphin,288943.0,1.3460223685282,1.1008417814,1,5,1,2.0,1.0,1.0,1.0,0.0,1.0,1.0,1.0
2038104627.0,42,Pennsylvania,12984655,42027,Centre,157977.0,0.783855893837054,0.8136729450000001,2,6,1,2.0,1.0,1.0,1.0,1.0,1.0,0.0,1.0
2011404711.0,42,Pennsylvania,12984655,42029,Chester,547131.0,1.54448837273711,5.2200522128,2,1,1,2.0,0.0,1.0,1.0,1.0,1.0,1.0,0.0
1997664391.0,42,Pennsylvania,12984655,42133,York,461464.0,1.46396477308506,1.4539966804,1,2,1,2.0,0.0,0.0,0.0,0.0,1.0,1.0,0.0
2012591137.0,42,Pennsylvania,12984655,42095,Northampton,318123.0,1.01940246720759,1.1499293561,2,5,1,2.0,0.0,0.0,0.0,0.0,0.0,1.0,0.0
2010851649.0,42,Pennsylvania,12984655,42011,Berks,432214.0,2.02821502972493,0.8404244832000001,1,2,1,2.0,1.0,1.0,1.0,1.0,1.0,1.0,1.0
2029188587.0,42,Pennsylvania,12984655,42071,Lancaster,557092.0,1.58811613388042,0.32485520160000003,2,2,1,2.0,0.0,1.0,1.0,0.0,0.0,1.0,0.0
2018853769.0,42,Pennsylvania,12984655,42101,Philadelphia,1572341.0,0.480185746906693,1.3279265271,1,4,2,2.0,1.0,1.0,1.0,1.0,1.0,0.0,1.0
2035116793.0,42,Pennsylvania,12984655,42027,Centre,157977.0,0.756461273880298,,1,5,1,1.0,0.0,1.0,1.0,1.0,1.0,1.0,1.0
2029255269.0,42,Pennsylvania,12984655,42091,Montgomery,865483.0,1.77448008338944,,2,2,3,1.0,1.0,1.0,1.0,1.0,1.0,1.0,
2014985935.0,42,Pennsylvania,12984655,42001,Adams,105994.0,3.07913574409401,1.3045960576,2,1,1,2.0,0.0,0.0,1.0,0.0,1.0,0.0,0.0
2037002985.0,42,Pennsylvania,12984655,42043,Dauphin,288943.0,2.51834748032304,,1,3,1,2.0,1.0,1.0,1.0,1.0,1.0,1.0,1.0
2008865153.0,42,Pennsylvania,12984655,42075,Lebanon,144037.0,0.785086813624481,0.9370326947000001,1,4,1,2.0,0.0,1.0,1.0,1.0,1.0,1.0,1.0
1993703055.0,42,Pennsylvania,12984655,42065,Jefferson,43731.0,1.28258022181996,1.4343151991,2,2,1,2.0,0.0,0.0,0.0,0.0,0.0,1.0,0.0
1998862679.0,42,Pennsylvania,12984655,42077,Lehigh,376746.0,0.76611735484357,0.8342007191,1,6,1,2.0,1.0,1.0,1.0,1.0,1.0,0.0,1.0
2032788547.0,42,Pennsylvania,12984655,42011,Berks,432214.0,1.58811613388042,,2,2,1,2.0,0.0,1.0,1.0,0.0,1.0,1.0,0.0
2015451529.0,42,Pennsylvania,12984655,42049,Erie,268923.0,0.589196155120176,,2,2,1,2.0,1.0,1.0,1.0,0.0,1.0,0.0,1.0
2008058693.0,42,Pennsylvania,12984655,42101,Philadelphia,1572341.0,2.48621004154275,2.1147607477,1,2,2,2.0,1.0,1.0,1.0,1.0,1.0,1.0,1.0
2016252337.0,42,Pennsylvania,12984655,42037,Columbia,65358.0,1.18975089747179,1.2054148653,1,6,1,2.0,0.0,0.0,0.0,0.0,0.0,1.0,0.0
2001298209.0,42,Pennsylvania,12984655,42045,Delaware,576666.0,2.79344792585791,,1,2,1,2.0,1.0,1.0,1.0,1.0,1.0,1.0,1.0
2032966257.0,09,Connecticut,3618707,09001,Fairfield,,2.54230900007937,,1,3,1,2.0,1.0,1.0,0.0,1.0,1.0,0.0,1.0
2016934733.0,09,Connecticut,3618707,09003,Hartford,,1.43117049407354,0.8396162487000001,4,6,1,2.0,1.0,1.0,1.0,1.0,1.0,0.0,1.0
2014610995.0,09,Connecticut,3618707,09005,Litchfield,,2.91894318171986,1.1763542098,2,3,1,2.0,1.0,1.0,1.0,1.0,1.0,0.0,1.0
2011284599.0,09,Connecticut,3618707,09003,Hartford,,0.586896873951123,2.1645381179,1,1,1,2.0,0.0,0.0,0.0,0.0,0.0,1.0,0.0
2028996285.0,09,Connecticut,3618707,09009,New Haven,,7.92952858620287,,1,1,2,2.0,1.0,1.0,1.0,1.0,0.0,1.0,1.0
2013001707.0,09,Connecticut,3618707,09011,New London,,1.55831403187426,1.4701254728,2,6,1,2.0,0.0,0.0,0.0,0.0,1.0,1.0,0.0
1998444317.0,09,Connecticut,3618707,09001,Fairfield,,0.60788568296955,0.5648538581,1,5,1,2.0,1.0,1.0,1.0,1.0,1.0,0.0,1.0
1999942591.0,09,Connecticut,3618707,09013,Tolland,,0.289452337661863,0.9667719552,1,2,1,2.0,1.0,1.0,0.0,1.0,0.0,1.0,1.0
2039697363.0,09,Connecticut,3618707,09003,Hartford,,2.44728888358485,1.2718281702,1,2,1,2.0,1.0,1.0,1.0,1.0,1.0,0.0,1.0
2039665565.0,09,Connecticut,3618707,09003,Hartford,,3.26566917601059,1.0831322778,3,2,1,2.0,1.0,1.0,1.0,1.0,1.0,0.0,1.0
2010899725.0,09,Connecticut,3618707,09001,Fairfield,,1.12979738549892,0.9251370879,3,5,1,2.0,1.0,1.0,1.0,1.0,1.0,0.0,1.0
2039693869.0,24,Maryland,6183257,24510,Baltimore city,570475.0,0.876172771662877,1.1408999522,2,3,2,2.0,1.0,1.0,1.0,1.0,1.0,1.0,1.0
2034745015.0,24,Maryland,6183257,24033,Prince George's,952326.0,10.2993683958987,,2,5,4,2.0,1.0,1.0,1.0,1.0,1.0,0.0,1.0
2032914481.0,24,Maryland,6183257,24031,Montgomery,1058546.0,0.380868137859496,,1,2,2,2.0,1.0,1.0,0.0,0.0,1.0,1.0,0.0
2014370923.0,24,Maryland,6183257,24003,Anne Arundel,598102.0,2.47650882116337,3.1218256033,2,5,1,2.0,0.0,0.0,0.0,0.0,0.0,1.0,1.0
2012651547.0,24,Maryland,6183257,24033,Prince George's,952326.0,0.522008563398223,0.28287687910000003,1,5,1,1.0,1.0,1.0,1.0,1.0,1.0,1.0,0.0
1998510525.0,24,Maryland,6183257,24031,Montgomery,1058546.0,2.47675609730042,1.9705857785,1,6,4,2.0,0.0,1.0,0.0,0.0,0.0,1.0,0.0
2039665455.0,24,Maryland,6183257,24003,Anne Arundel,598102.0,9.77802846044716,3.9240892244000003,2,2,1,2.0,0.0,1.0,1.0,1.0,1.0,1.0,0.0
2013772649.0,24,Maryland,6183257,24510,Baltimore city,570475.0,0.869215252959985,0.5787827830000001,1,3,2,2.0,1.0,1.0,1.0,1.0,1.0,1.0,1.0
2011235921.0,24,Maryland,6183257,24005,Baltimore,847672.0,0.758208736255381,1.2989603051,2,5,2,2.0,1.0,1.0,1.0,1.0,1.0,1.0,1.0
2013227809.0,24,Maryland,6183257,24031,Montgomery,1058546.0,1.56396695254129,1.8613621715000002,4,6,4,2.0,1.0,1.0,1.0,1.0,1.0,0.0,1.0
2018977559.0,24,Maryland,6183257,24005,Baltimore,847672.0,0.671239276630087,0.6189883252,2,2,1,2.0,1.0,1.0,1.0,1.0,1.0,1.0,1.0
2009335987.0,24,Maryland,6183257,24005,Baltimore,847672.0,0.553586599671422,0.3657326269,2,2,1,2.0,1.0,1.0,0.0,0.0,1.0,1.0,0.0
2039634445.0,24,Maryland,6183257,24510,Baltimore city,570475.0,0.627826789665884,,1,6,4,2.0,0.0,1.0,1.0,1.0,1.0,1.0,0.0
2034873161.0,24,Maryland,6183257,24027,Howard,335900.0,0.892770224923871,0.9593022722000001,2,5,1,2.0,1.0,1.0,1.0,1.0,1.0,0.0,1.0
2032929377.0,24,Maryland,6183257,24005,Baltimore,847672.0,1.0650103650548,0.9332624070000001,1,3,1,2.0,1.0,1.0,0.0,1.0,1.0,0.0,1.0
2014495703.0,24,Maryland,6183257,24031,Montgomery,1058546.0,0.380714889538692,0.5834307347000001,1,5,2,2.0,1.0,1.0,1.0,1.0,1.0,1.0,1.0
2023283771.0,24,Maryland,6183257,24510,Baltimore city,570475.0,5.49475089723094,2.0078315757,1,1,1,2.0,0.0,0.0,0.0,0.0,0.0,1.0,0.0
2022707763.0,24,Maryland,6183257,24005,Baltimore,847672.0,6.58989775895037,,2,2,7,2.0,1.0,1.0,0.0,1.0,0.0,1.0,1.0
2029083505.0,24,Maryland,6183257,24043,Washington,154503.0,3.18886178579579,,1,3,2,2.0,0.0,1.0,1.0,1.0,1.0,1.0,0.0
1998684629.0,33,New Hampshire,1396647,33017,Strafford,132469.0,7.7227856515872,,1,2,1,2.0,1.0,1.0,1.0,1.0,1.0,1.0,1.0
2015707157.0,33,New Hampshire,1396647,33005,Cheshire,77380.0,1.01547754164498,1.094411472,1,2,1,2.0,1.0,1.0,1.0,1.0,1.0,1.0,1.0
1996125485.0,33,New Hampshire,1396647,33013,Merrimack,156220.0,0.814019577527515,1.2423136221,2,3,1,2.0,1.0,1.0,1.0,1.0,1.0,0.0,1.0
2021563863.0,33,New Hampshire,1396647,33005,Cheshire,77380.0,2.06653471812068,,1,5,1,2.0,1.0,1.0,1.0,1.0,1.0,0.0,1.0
2014087671.0,13,Georgia,10929992,13139,Hall,213142.0,1.22725946345513,1.2892927409000001,2,2,1,2.0,0.0,0.0,0.0,0.0,0.0,1.0,0.0
2003801167.0,13,Georgia,10929992,13311,White,28778.0,0.84745943764304,1.0960355008,1,4,1,2.0,1.0,0.0,0.0,0.0,0.0,1.0,1.0
1999260237.0,13,Georgia,10929992,13067,Cobb,774481.0,1.24427966313978,1.3325780639,2,4,2,2.0,1.0,1.0,1.0,1.0,1.0,0.0,1.0
2023363127.0,13,Georgia,10929992,13067,Cobb,774481.0,0.922116813664291,1.0063835556,2,2,1,2.0,0.0,0.0,0.0,0.0,0.0,1.0,0.0
2009741735.0,13,Georgia,10929992,13073,Columbia,162441.0,2.9936344092298,0.8965766482,1,4,1,2.0,0.0,0.0,0.0,0.0,0.0,1.0,0.0
2042328343.0,13,Georgia,10929992,13121,Fulton,1076385.0,0.585015624066554,0.500203529,1,6,1,2.0,1.0,1.0,1.0,1.0,1.0,0.0,1.0
2023047325.0,13,Georgia,10929992,13121,Fulton,1076385.0,0.60306049033573,0.7679752524,2,6,1,2.0,1.0,1.0,1.0,1.0,1.0,0.0,1.0
2014555371.0,13,Georgia,10929992,13247,Rockdale,94951.0,0.897273004732238,,2,3,1,2.0,0.0,1.0,1.0,0.0,1.0,1.0,1.0
2022123655.0,13,Georgia,10929992,13123,Gilmer,32382.0,2.32981934844736,0.3822817576,2,4,1,2.0,0.0,1.0,0.0,0.0,1.0,1.0,1.0
1992894991.0,13,Georgia,10929992,13051,Chatham,301720.0,4.51472847647169,,2,2,1,2.0,1.0,1.0,1.0,1.0,1.0,0.0,1.0
2043854311.0,13,Georgia,10929992,13185,Lowndes,119517.0,2.33621069976338,,2,3,3,,1.0,1.0,1.0,1.0,1.0,0.0,1.0
2017544307.0,13,Georgia,10929992,13055,Chattooga,24921.0,1.99301818283127,,2,3,1,2.0,1.0,1.0,0.0,1.0,1.0,1.0,0.0
2035652981.0,13,Georgia,10929992,13185,Lowndes,119517.0,0.707774715450865,0.5600220641,2,4,2,2.0,1.0,1.0,1.0,1.0,1.0,1.0,1.0
1998845141.0,13,Georgia,10929992,13121,Fulton,1076385.0,4.38275088289706,3.7758905842,1,6,4,2.0,1.0,1.0,1.0,1.0,1.0,1.0,1.0
2017973825.0,13,Georgia,10929992,13063,Clayton,298010.0,3.61805650949612,,1,2,4,2.0,0.0,0.0,1.0,0.0,0.0,1.0,0.0
2018385455.0,13,Georgia,10929992,13073,Columbia,162441.0,4.9407874739041,2.2258620371,1,2,2,2.0,1.0,1.0,1.0,1.0,1.0,1.0,1.0
2043235999.0,13,Georgia,10929992,13089,DeKalb,764752.0,0.311801870129256,1.3155065749000001,1,2,1,2.0,0.0,0.0,0.0,0.0,0.0,1.0,0.0
2022141159.0,13,Georgia,10929992,13121,Fulton,1076385.0,3.37703994938979,1.0599110426,2,5,1,2.0,1.0,1.0,1.0,1.0,1.0,1.0,1.0
2017474089.0,13,Georgia,10929992,13031,Bulloch,83011.0,3.9049483800996,,2,2,1,2.0,0.0,0.0,1.0,1.0,0.0,1.0,1.0
2013016847.0,13,Georgia,10929992,13199,Meriwether,20829.0,3.31812080396364,0.4281215251,1,1,1,2.0,1.0,1.0,1.0,1.0,1.0,0.0,1.0
2014222253.0,13,Georgia,10929992,13015,Bartow,112751.0,1.20720255940249,2.2606899181,2,2,1,2.0,1.0,1.0,0.0,0.0,0.0,1.0,1.0
2019493079.0,13,Georgia,10929992,13057,Cherokee,281158.0,1.22725946345513,1.2892927409000001,2,2,1,2.0,0.0,0.0,1.0,0.0,0.0,1.0,0.0
2015904965.0,13,Georgia,10929992,13073,Columbia,162441.0,1.75571198452599,1.2659767365,1,6,2,2.0,1.0,1.0,1.0,1.0,1.0,1.0,1.0
1993053009.0,13,Georgia,10929992,13153,Houston,169679.0,1.22500567226559,1.170232488,2,4,1,2.0,0.0,0.0,0.0,0.0,0.0,1.0,1.0
2035020651.0,13,Georgia,10929992,13121,Fulton,1076385.0,2.86113934922402,0.3169991257,2,5,2,2.0,1.0,1.0,1.0,1.0,1.0,0.0,1.0
1980103139.0,13,Georgia,10929992,13063,Clayton,298010.0,8.85502654618109,,1,2,3,1.0,1.0,1.0,1.0,1.0,0.0,1.0,1.0
2002553453.0,13,Georgia,10929992,13245,Richmond,206837.0,4.01592125595,0.2583991338,3,3,2,2.0,1.0,1.0,1.0,1.0,1.0,1.0,1.0
2020964115.0,13,Georgia,10929992,13067,Cobb,774481.0,2.79543483312809,,2,6,2,2.0,1.0,1.0,1.0,1.0,1.0,1.0,1.0
1999372713.0,13,Georgia,10929992,13215,Muscogee,202697.0,1.72333383994593,0.6163353822000001,1,2,1,2.0,1.0,1.0,1.0,1.0,1.0,0.0,1.0
2030897943.0,13,Georgia,10929992,13089,DeKalb,764752.0,3.47547113110857,,2,3,2,2.0,0.0,1.0,0.0,1.0,0.0,0.0,0.0
2012463327.0,13,Georgia,10929992,13013,Barrow,89551.0,0.636749293543095,0.8555327037,1,3,1,2.0,0.0,1.0,1.0,0.0,1.0,1.0,1.0
2030482275.0,13,Georgia,10929992,13121,Fulton,1076385.0,0.594120382548168,,1,4,3,,1.0,1.0,1.0,1.0,1.0,0.0,1.0
2033244931.0,13,Georgia,10929992,13169,Jones,28449.0,0.907046806866447,,2,2,1,2.0,1.0,1.0,0.0,0.0,1.0,1.0,1.0
2034943903.0,48,Texas,30118002,48039,Brazoria,388637.0,1.62606004171056,,1,2,1,2.0,1.0,1.0,0.0,0.0,1.0,0.0,0.0
2000438167.0,48,Texas,30118002,48423,Smith,242225.0,0.699155756299044,0.6734984263,3,5,1,2.0,1.0,1.0,1.0,1.0,1.0,0.0,1.0
2042331245.0,48,Texas,30118002,48139,Ellis,212488.0,1.01744080234455,,2,6,1,2.0,0.0,0.0,0.0,0.0,0.0,1.0,0.0
2012946227.0,48,Texas,30118002,48027,Bell,387775.0,1.05252275390778,1.2381386908,2,2,1,2.0,0.0,0.0,0.0,0.0,0.0,1.0,0.0
1995938877.0,48,Texas,30118002,48477,Washington,36371.0,1.21277293874234,1.2429343257,2,5,1,2.0,1.0,1.0,1.0,1.0,1.0,1.0,1.0
2025939043.0,48,Texas,30118002,48187,Guadalupe,183092.0,0.633686838598519,0.6803423768,1,4,2,2.0,1.0,1.0,1.0,1.0,1.0,0.0,1.0
2015591831.0,48,Texas,30118002,48201,Harris,4809691.0,15.0614388091749,15.0172750693,2,1,3,1.0,0.0,0.0,0.0,0.0,0.0,0.0,0.0
2038370377.0,48,Texas,30118002,48439,Tarrant,2160356.0,0.252496991887541,1.0391168266,2,3,1,2.0,1.0,1.0,1.0,1.0,1.0,0.0,1.0
2038246865.0,48,Texas,30118002,48029,Bexar,2065661.0,1.34538424272663,1.322990213,1,6,1,2.0,0.0,0.0,0.0,0.0,0.0,1.0,0.0
2005995917.0,48,Texas,30118002,48469,Victoria,91138.0,0.426390294105722,,1,3,8,1.0,1.0,0.0,1.0,1.0,1.0,0.0,1.0
2041059675.0,48,Texas,30118002,48203,Harrison,69995.0,0.751746308486579,0.8903037936,2,2,1,2.0,0.0,0.0,0.0,0.0,0.0,1.0,0.0
2014289843.0,48,Texas,30118002,48029,Bexar,2065661.0,3.31262119327182,1.1087915603,1,2,3,1.0,1.0,1.0,0.0,0.0,0.0,0.0,1.0
2022390813.0,48,Texas,30118002,48201,Harris,4809691.0,5.93905092708002,,2,2,2,2.0,0.0,1.0,0.0,1.0,1.0,1.0,0.0
2012888133.0,48,Texas,30118002,48355,Nueces,351831.0,0.29730067842542,0.9493423473,2,5,1,2.0,1.0,0.0,1.0,0.0,1.0,1.0,0.0
2043519959.0,48,Texas,30118002,48039,Brazoria,388637.0,1.87081334547311,,2,3,4,2.0,1.0,1.0,1.0,1.0,1.0,0.0,1.0
2010576611.0,48,Texas,30118002,48085,Collin,1163646.0,1.23397764824963,1.2252171148,2,3,1,2.0,0.0,0.0,0.0,0.0,0.0,1.0,0.0
1997263047.0,48,Texas,30118002,48157,Fort Bend,893314.0,1.64231984935675,1.5696436247,2,3,1,2.0,0.0,1.0,0.0,0.0,1.0,0.0,0.0
1996279815.0,48,Texas,30118002,48029,Bexar,2065661.0,0.685011521647632,0.8430501333,2,3,1,2.0,1.0,1.0,1.0,1.0,1.0,0.0,1.0
2045755653.0,48,Texas,30118002,48157,Fort Bend,893314.0,5.61072293724947,,1,2,1,2.0,1.0,1.0,1.0,1.0,1.0,1.0,1.0
2038230135.0,48,Texas,30118002,48061,Cameron,425841.0,2.70906901023478,1.2694954178,2,3,3,1.0,0.0,1.0,0.0,1.0,1.0,0.0,0.0
2035454939.0,48,Texas,30118002,48201,Harris,4809691.0,0.751746308486579,0.8903037936,2,2,1,2.0,1.0,1.0,1.0,1.0,0.0,1.0,0.0
2041381199.0,48,Texas,30118002,48157,Fort Bend,893314.0,5.35306812159804,,1,1,3,,0.0,0.0,0.0,0.0,0.0,0.0,0.0
2040486291.0,48,Texas,30118002,48265,Kerr,53782.0,1.34538424272663,1.322990213,1,6,1,2.0,1.0,1.0,0.0,0.0,0.0,1.0,0.0
2022552209.0,48,Texas,30118002,48029,Bexar,2065661.0,3.86389035355814,,2,5,3,,1.0,1.0,1.0,1.0,0.0,0.0,1.0
2013735123.0,48,Texas,30118002,48113,Dallas,2613911.0,1.0308228924313,1.20500938,2,5,1,2.0,0.0,0.0,0.0,0.0,0.0,1.0,0.0
2036627805.0,48,Texas,30118002,48453,Travis,1335984.0,0.952557948732081,0.9607449696,1,3,1,2.0,0.0,1.0,0.0,0.0,1.0,1.0,0.0
2030239549.0,48,Texas,30118002,48029,Bexar,2065661.0,3.24658758550808,,2,3,1,2.0,1.0,1.0,1.0,1.0,1.0,1.0,0.0
1999336187.0,48,Texas,30118002,48201,Harris,4809691.0,3.19312551465307,,1,2,1,2.0,0.0,0.0,0.0,0.0,0.0,1.0,0.0
2026742945.0,48,Texas,30118002,48021,Bastrop,106581.0,2.31870014327221,,2,1,3,,1.0,1.0,0.0,0.0,0.0,0.0,0.0
2012325107.0,48,Texas,30118002,48257,Kaufman,172773.0,0.733478522098459,0.6008890217,1,5,1,2.0,1.0,1.0,1.0,1.0,1.0,1.0,1.0
2042359523.0,48,Texas,30118002,48141,El Paso,868332.0,0.239465014185026,1.0599030276,1,3,6,1.0,1.0,0.0,0.0,1.0,1.0,1.0,0.0
2013171473.0,48,Texas,30118002,48085,Collin,1163646.0,0.81254434033552,0.8599864348,1,5,1,2.0,0.0,0.0,0.0,0.0,0.0,1.0,0.0
2002436799.0,48,Texas,30118002,48061,Cameron,425841.0,0.900982925546363,0.9445841482,1,2,1,2.0,1.0,0.0,1.0,1.0,1.0,1.0,1.0
2036913747.0,48,Texas,30118002,48491,Williamson,674478.0,1.57670512651698,,2,2,1,2.0,1.0,1.0,1.0,0.0,0.0,0.0,1.0
2010214587.0,48,Texas,30118002,48339,Montgomery,681285.0,4.43820322084076,,2,1,3,1.0,1.0,1.0,1.0,1.0,1.0,1.0,1.0
2010465689.0,48,Texas,30118002,48455,Trinity,13992.0,0.700819370137061,0.7339870512000001,1,2,1,2.0,1.0,1.0,0.0,1.0,1.0,0.0,1.0
2029187443.0,48,Texas,30118002,48309,McLennan,266125.0,2.09846112653212,,2,2,1,2.0,1.0,0.0,0.0,0.0,0.0,0.0,1.0
2040050831.0,48,Texas,30118002,48469,Victoria,91138.0,4.98835227318463,,2,5,3,2.0,1.0,1.0,0.0,0.0,0.0,0.0,1.0
2011843387.0,48,Texas,30118002,48439,Tarrant,2160356.0,1.05057569121484,1.0138379978,2,3,1,2.0,0.0,0.0,0.0,0.0,0.0,1.0,0.0
2011982205.0,48,Texas,30118002,48201,Harris,4809691.0,1.36437337340268,1.1382314919,2,6,1,2.0,1.0,0.0,0.0,1.0,0.0,1.0,0.0
2036915033.0,48,Texas,30118002,48453,Travis,1335984.0,1.93369640819446,0.5817189244000001,1,6,3,1.0,1.0,1.0,1.0,1.0,1.0,0.0,1.0
2044833731.0,48,Texas,30118002,48439,Tarrant,2160356.0,5.37934557681581,,1,2,2,1.0,1.0,1.0,1.0,1.0,1.0,0.0,1.0
2021803301.0,48,Texas,30118002,48339,Montgomery,681285.0,0.237057654182728,0.1195112453,2,5,7,2.0,0.0,0.0,0.0,0.0,1.0,1.0,0.0
2009709623.0,48,Texas,30118002,48201,Harris,4809691.0,1.80465897510715,,1,5,1,2.0,0.0,0.0,0.0,0.0,0.0,1.0,0.0
1984703233.0,48,Texas,30118002,48029,Bexar,2065661.0,0.545435405871833,,2,6,1,2.0,1.0,1.0,1.0,1.0,1.0,0.0,1.0
2013019249.0,48,Texas,30118002,48061,Cameron,425841.0,2.31097194836111,4.8473910982,1,1,3,1.0,1.0,0.0,0.0,1.0,1.0,1.0,0.0
2005713661.0,48,Texas,30118002,48439,Tarrant,2160356.0,0.80297929975832,0.6778971274000001,2,6,1,2.0,1.0,1.0,1.0,1.0,1.0,0.0,1.0
2032722891.0,48,Texas,30118002,48113,Dallas,2613911.0,2.32311698528056,,2,2,1,2.0,0.0,1.0,1.0,1.0,1.0,1.0,0.0
2002425563.0,48,Texas,30118002,48049,Brown,38399.0,2.51334154016295,0.47702005140000003,2,6,3,1.0,1.0,0.0,1.0,0.0,1.0,0.0,0.0
2021915429.0,48,Texas,30118002,48091,Comal,184600.0,0.773096417491207,0.7517017111000001,2,4,1,2.0,1.0,1.0,1.0,1.0,1.0,0.0,1.0
2033379243.0,48,Texas,30118002,48201,Harris,4809691.0,2.83910065108559,,2,6,4,2.0,1.0,1.0,1.0,1.0,1.0,1.0,1.0
2027719615.0,48,Texas,30118002,48453,Travis,1335984.0,1.61965241072119,1.8922064844,1,3,1,2.0,1.0,1.0,1.0,1.0,1.0,0.0,1.0
2011952071.0,48,Texas,30118002,48201,Harris,4809691.0,1.77085352076413,1.9524456348,2,6,1,2.0,0.0,0.0,0.0,0.0,0.0,0.0,0.0
2037987829.0,48,Texas,30118002,48201,Harris,4809691.0,0.866913043081409,1.2351273167,1,3,3,,1.0,0.0,1.0,0.0,1.0,1.0,1.0
2034579451.0,48,Texas,30118002,48113,Dallas,2613911.0,1.06254587574579,,2,3,3,,0.0,0.0,0.0,1.0,0.0,1.0,0.0
2034826331.0,48,Texas,30118002,48201,Harris,4809691.0,0.739821131457671,0.7110947689,1,6,1,2.0,0.0,0.0,0.0,0.0,0.0,1.0,0.0
2005793677.0,48,Texas,30118002,48329,Midland,172955.0,0.785879945068935,0.9106548964000001,1,3,1,2.0,0.0,0.0,0.0,0.0,1.0,1.0,0.0
2002591279.0,48,Texas,30118002,48113,Dallas,2613911.0,0.7882912169232,0.8820840357,2,6,1,2.0,1.0,1.0,1.0,1.0,1.0,1.0,1.0
2042202781.0,48,Texas,30118002,48491,Williamson,674478.0,2.15462697181397,,2,3,3,,1.0,1.0,1.0,0.0,1.0,1.0,1.0
2016051477.0,48,Texas,30118002,48201,Harris,4809691.0,0.289735459465024,,1,3,2,2.0,0.0,0.0,1.0,0.0,0.0,0.0,0.0
2014532115.0,48,Texas,30118002,48339,Montgomery,681285.0,0.984639333532489,0.9109939431,1,6,1,2.0,0.0,0.0,0.0,0.0,0.0,1.0,0.0
2021082349.0,48,Texas,30118002,48361,Orange,85103.0,7.2090717240243,,3,2,6,1.0,1.0,1.0,1.0,1.0,1.0,0.0,1.0
2031560977.0,48,Texas,30118002,48201,Harris,4809691.0,1.08025132202254,1.3146754092,1,2,1,2.0,0.0,1.0,1.0,0.0,0.0,1.0,0.0
2040026605.0,48,Texas,30118002,48339,Montgomery,681285.0,2.64256464199847,,1,1,1,2.0,1.0,1.0,1.0,1.0,1.0,1.0,
2014255557.0,48,Texas,30118002,48245,Jefferson,252341.0,1.83233148918258,,2,5,3,,1.0,1.0,0.0,0.0,1.0,1.0,1.0
2040050583.0,48,Texas,30118002,48491,Williamson,674478.0,1.5252791975338,0.6411531144,2,6,3,1.0,1.0,1.0,1.0,0.0,1.0,0.0,1.0
1993755369.0,48,Texas,30118002,48029,Bexar,2065661.0,4.32804425988214,,2,1,1,1.0,0.0,0.0,1.0,1.0,1.0,0.0,0.0
2026086497.0,48,Texas,30118002,48113,Dallas,2613911.0,1.5625828306135,1.80081134,1,2,2,2.0,0.0,1.0,0.0,0.0,1.0,1.0,1.0
2030943113.0,48,Texas,30118002,48245,Jefferson,252341.0,2.52344844124022,,1,3,2,2.0,1.0,1.0,1.0,0.0,1.0,1.0,1.0
2000293779.0,48,Texas,30118002,48485,Wichita,130106.0,0.53538571808478,0.5211952994,2,3,1,2.0,1.0,1.0,0.0,1.0,1.0,0.0,1.0
2009683213.0,48,Texas,30118002,48251,Johnson,195956.0,2.410125073925,,1,6,1,2.0,1.0,1.0,1.0,1.0,0.0,1.0,1.0
2016371525.0,48,Texas,30118002,48201,Harris,4809691.0,2.18363007874754,,2,3,3,1.0,0.0,1.0,1.0,1.0,0.0,0.0,1.0
2044648561.0,48,Texas,30118002,48085,Collin,1163646.0,7.83245131420312,,1,3,1,2.0,0.0,0.0,0.0,0.0,1.0,1.0,1.0
2029142385.0,48,Texas,30118002,48255,Karnes,14989.0,0.620414176172271,,1,2,1,2.0,0.0,0.0,0.0,0.0,0.0,1.0,0.0
2036933231.0,48,Texas,30118002,48085,Collin,1163646.0,4.41809596203003,2.3640659131,1,1,4,2.0,1.0,1.0,1.0,1.0,1.0,0.0,1.0
2038013787.0,48,Texas,30118002,48039,Brazoria,388637.0,1.53552233606884,1.4343400209000001,2,4,3,,1.0,1.0,1.0,1.0,1.0,1.0,1.0
2020144141.0,48,Texas,30118002,48121,Denton,980835.0,0.751746308486579,0.8903037936,2,2,1,2.0,0.0,0.0,0.0,0.0,1.0,1.0,1.0
2037194963.0,48,Texas,30118002,48439,Tarrant,2160356.0,1.41736386578942,,2,2,2,2.0,1.0,0.0,0.0,0.0,0.0,0.0,0.0
1990021231.0,48,Texas,30118002,48213,Henderson,84610.0,1.80465897510715,,1,5,1,2.0,1.0,1.0,1.0,1.0,1.0,1.0,1.0
2000589233.0,48,Texas,30118002,48307,McCulloch,7505.0,4.28870504069873,4.4321864903,1,2,1,2.0,0.0,0.0,0.0,1.0,0.0,0.0,0.0
2038820877.0,48,Texas,30118002,48085,Collin,1163646.0,1.33181330542977,1.7937118005000001,2,3,4,2.0,1.0,0.0,0.0,0.0,1.0,0.0,1.0
2036915199.0,48,Texas,30118002,48279,Lamb,12747.0,3.31262119327182,1.1087915603,1,2,3,1.0,1.0,1.0,1.0,1.0,1.0,0.0,0.0
2011202551.0,48,Texas,30118002,48157,Fort Bend,893314.0,2.67306061195032,1.9632994664,1,5,1,2.0,1.0,1.0,1.0,1.0,1.0,1.0,1.0
2023363235.0,48,Texas,30118002,48201,Harris,4809691.0,0.266877793662502,,2,1,1,1.0,1.0,0.0,1.0,1.0,1.0,0.0,0.0
2029540029.0,48,Texas,30118002,48029,Bexar,2065661.0,0.887253810415188,1.3168467965000001,2,2,3,,0.0,0.0,0.0,0.0,0.0,0.0,0.0
2038949421.0,48,Texas,30118002,48113,Dallas,2613911.0,1.70200349826163,,1,1,2,2.0,1.0,1.0,1.0,1.0,0.0,0.0,1.0
2029180281.0,48,Texas,30118002,48439,Tarrant,2160356.0,4.45731165845426,,1,3,4,2.0,1.0,1.0,1.0,1.0,1.0,0.0,1.0
2016948259.0,48,Texas,30118002,48141,El Paso,868332.0,0.637771795871143,0.5543659481000001,1,6,3,1.0,1.0,1.0,1.0,1.0,1.0,0.0,1.0
2015647301.0,48,Texas,30118002,48113,Dallas,2613911.0,1.80465897510715,,1,5,1,2.0,1.0,1.0,1.0,1.0,1.0,0.0,1.0
2017721321.0,48,Texas,30118002,48113,Dallas,2613911.0,0.843383569210275,0.8715966023,1,3,2,2.0,1.0,1.0,1.0,1.0,1.0,0.0,1.0
2029271883.0,37,North Carolina,10705768,37081,Guilford,546589.0,3.5641737600032,,1,2,2,2.0,0.0,1.0,0.0,1.0,0.0,0.0,0.0
2038780113.0,37,North Carolina,10705768,37047,Columbus,50037.0,1.09702357212027,1.7609797769000002,1,3,1,2.0,0.0,0.0,0.0,0.0,0.0,1.0,0.0
2015665055.0,37,North Carolina,10705768,37081,Guilford,546589.0,2.51128959910837,,2,2,2,2.0,1.0,0.0,0.0,1.0,1.0,0.0,0.0
2011560957.0,37,North Carolina,10705768,37081,Guilford,546589.0,1.35041095147596,1.3097517391,2,3,1,2.0,0.0,0.0,0.0,0.0,1.0,1.0,0.0
2011318065.0,37,North Carolina,10705768,37119,Mecklenburg,1148324.0,0.64514001172453,0.6794678856,2,3,1,2.0,1.0,1.0,1.0,1.0,1.0,1.0,1.0
2034167877.0,37,North Carolina,10705768,37097,Iredell,196005.0,1.12349365675127,,1,4,3,1.0,0.0,1.0,1.0,0.0,1.0,0.0,1.0
2036354637.0,37,North Carolina,10705768,37099,Jackson,43920.0,0.312062080581985,1.8255729744,1,2,1,2.0,1.0,1.0,0.0,1.0,1.0,1.0,0.0
1999066713.0,37,North Carolina,10705768,37067,Forsyth,389389.0,6.17484640168437,4.2607271558,1,6,1,2.0,1.0,1.0,1.0,1.0,1.0,0.0,1.0
1997691265.0,37,North Carolina,10705768,37067,Forsyth,389389.0,1.64288687164286,1.2920378133,1,6,1,2.0,0.0,0.0,0.0,0.0,0.0,1.0,0.0
2022884403.0,37,North Carolina,10705768,37063,Durham,331135.0,1.56916258397293,1.4217013694,2,2,2,2.0,0.0,1.0,1.0,0.0,0.0,1.0,0.0
2000431877.0,37,North Carolina,10705768,37119,Mecklenburg,1148324.0,2.40930068332347,,1,6,1,2.0,1.0,1.0,1.0,1.0,1.0,0.0,1.0
2028559647.0,37,North Carolina,10705768,37157,Rockingham,92013.0,5.65217571805985,,1,1,1,2.0,0.0,0.0,1.0,1.0,1.0,1.0,0.0
2012705481.0,37,North Carolina,10705768,37133,Onslow,206682.0,1.31320786767327,1.1890781671,1,2,1,2.0,0.0,0.0,0.0,0.0,0.0,1.0,0.0
2000084659.0,37,North Carolina,10705768,37025,Cabarrus,236041.0,1.31320786767327,,1,2,1,2.0,0.0,1.0,1.0,0.0,1.0,0.0,0.0
2035331751.0,37,North Carolina,10705768,37193,Wilkes,65807.0,0.345369551915732,0.3787774175,2,4,1,1.0,0.0,1.0,0.0,0.0,1.0,0.0,1.0
2002641161.0,37,North Carolina,10705768,37081,Guilford,546589.0,1.1854780162535,1.3687781391,1,5,1,2.0,1.0,1.0,1.0,1.0,1.0,0.0,1.0
2011105443.0,37,North Carolina,10705768,37119,Mecklenburg,1148324.0,1.78694445423735,,2,5,2,2.0,1.0,1.0,1.0,1.0,1.0,0.0,1.0
2000830705.0,37,North Carolina,10705768,37063,Durham,331135.0,0.892548747118265,,2,5,1,2.0,1.0,1.0,1.0,1.0,1.0,0.0,1.0
1996906891.0,37,North Carolina,10705768,37021,Buncombe,274019.0,0.661106817525266,0.6587709906,2,6,1,2.0,1.0,1.0,1.0,1.0,1.0,1.0,1.0
1993674779.0,37,North Carolina,10705768,37183,Wake,1173034.0,0.661106817525266,0.6587709906,2,6,1,2.0,1.0,1.0,1.0,1.0,1.0,0.0,1.0
1997310401.0,37,North Carolina,10705768,37025,Cabarrus,236041.0,14.7814717128949,,1,1,2,2.0,0.0,1.0,0.0,1.0,1.0,1.0,
2004628555.0,37,North Carolina,10705768,37183,Wake,1173034.0,0.999453235782187,,2,6,1,2.0,1.0,1.0,1.0,1.0,1.0,0.0,1.0
2022935641.0,37,North Carolina,10705768,37157,Rockingham,92013.0,4.88779974611027,,1,2,3,,0.0,0.0,0.0,0.0,1.0,1.0,0.0
2030855489.0,37,North Carolina,10705768,37067,Forsyth,389389.0,0.999453235782187,1.0172515776,2,6,1,2.0,1.0,1.0,1.0,1.0,1.0,0.0,1.0
2014104107.0,37,North Carolina,10705768,37159,Rowan,149498.0,0.545247612818405,0.5430783175,2,4,1,2.0,1.0,1.0,1.0,1.0,1.0,0.0,1.0
2012853927.0,37,North Carolina,10705768,37119,Mecklenburg,1148324.0,0.564476343826844,0.5773500677,1,6,1,2.0,1.0,1.0,1.0,1.0,1.0,1.0,1.0
2017316483.0,37,North Carolina,10705768,37027,Caldwell,80298.0,0.913239914754482,1.4537171237,2,2,1,2.0,0.0,1.0,0.0,0.0,1.0,1.0,0.0
2038902917.0,37,North Carolina,10705768,37023,Burke,87801.0,2.16102036207308,1.9757613327999999,2,5,1,2.0,0.0,0.0,0.0,0.0,0.0,1.0,0.0
2038133623.0,37,North Carolina,10705768,37047,Columbus,50037.0,0.905007788457538,,1,1,1,2.0,0.0,1.0,0.0,1.0,1.0,0.0,0.0
1994949045.0,37,North Carolina,10705768,37183,Wake,1173034.0,1.1401783106076,0.9936249472,1,5,1,2.0,0.0,0.0,0.0,0.0,0.0,1.0,0.0
2008651625.0,37,North Carolina,10705768,37089,Henderson,118337.0,1.23557542452611,1.123750661,2,4,1,2.0,0.0,0.0,0.0,0.0,1.0,1.0,1.0
2011540709.0,37,North Carolina,10705768,37081,Guilford,546589.0,0.622205190530872,0.8679232987000001,2,6,6,2.0,0.0,1.0,0.0,0.0,0.0,1.0,1.0
2012543489.0,22,Louisiana,4600892,22115,Vernon Parish,46863.0,2.08839201803131,1.7136479893,2,2,2,2.0,1.0,1.0,1.0,1.0,0.0,0.0,1.0
2026704053.0,22,Louisiana,4600892,22089,St. Charles Parish,51089.0,5.01869304949396,,1,2,1,2.0,0.0,1.0,1.0,0.0,1.0,1.0,0.0
2015096703.0,22,Louisiana,4600892,22045,Iberia Parish,68397.0,0.977576022050866,0.6756088899,2,6,2,2.0,1.0,1.0,0.0,1.0,1.0,0.0,1.0
1995559365.0,22,Louisiana,4600892,22051,Jefferson Parish,430086.0,2.04998055493057,1.6560194612,2,5,1,2.0,1.0,1.0,1.0,1.0,0.0,1.0,1.0
2013473899.0,22,Louisiana,4600892,22103,St. Tammany Parish,273650.0,0.525237982139698,0.4705163415,2,4,1,2.0,1.0,1.0,1.0,0.0,1.0,1.0,0.0
2022130875.0,22,Louisiana,4600892,22033,East Baton Rouge Parish,451837.0,2.3753716506549,1.2966641918000001,2,6,1,2.0,1.0,1.0,1.0,1.0,1.0,0.0,1.0
1998411523.0,22,Louisiana,4600892,22017,Caddo Parish,229272.0,2.39776765857326,,2,3,2,2.0,,1.0,0.0,0.0,0.0,0.0,1.0
2038246315.0,22,Louisiana,4600892,22103,St. Tammany Parish,273650.0,3.60656583935227,2.2663208856,2,6,1,2.0,0.0,0.0,0.0,0.0,0.0,1.0,0.0
1997602715.0,22,Louisiana,4600892,22077,Pointe Coupee Parish,20225.0,0.135010195493165,1.6394062726,2,2,2,2.0,0.0,1.0,1.0,0.0,1.0,1.0,0.0
2041954099.0,22,Louisiana,4600892,22071,Orleans Parish,371038.0,1.79176339339113,0.2423163981,1,3,4,2.0,0.0,0.0,1.0,1.0,1.0,1.0,1.0
1999203409.0,22,Louisiana,4600892,22071,Orleans Parish,371038.0,0.941733899739447,,1,3,2,2.0,1.0,1.0,1.0,1.0,1.0,0.0,1.0
2038735941.0,22,Louisiana,4600892,22033,East Baton Rouge Parish,451837.0,6.100515348929,,1,3,2,2.0,0.0,1.0,1.0,1.0,1.0,1.0,1.0
2039923853.0,22,Louisiana,4600892,22079,Rapides Parish,127018.0,12.672798869191,,1,2,1,2.0,0.0,0.0,0.0,0.0,0.0,0.0,0.0
2044886077.0,22,Louisiana,4600892,22019,Calcasieu Parish,202821.0,0.973560645623002,1.5456622228999999,2,2,1,2.0,0.0,0.0,0.0,0.0,0.0,1.0,0.0
2036585465.0,45,South Carolina,5288957,45015,Berkeley,245656.0,0.220076018896672,0.9407723353,1,3,1,2.0,1.0,1.0,1.0,1.0,1.0,1.0,1.0
2034621125.0,45,South Carolina,5288957,45013,Beaufort,196266.0,0.15668304998946,0.4059511006,2,6,1,2.0,1.0,1.0,0.0,1.0,0.0,1.0,1.0
2029126025.0,45,South Carolina,5288957,45073,Oconee,80280.0,2.22296386133645,,1,2,1,2.0,0.0,1.0,1.0,1.0,1.0,1.0,1.0
2025904783.0,45,South Carolina,5288957,45085,Sumter,103890.0,1.15490030594019,1.0959931175,1,6,1,2.0,0.0,0.0,0.0,0.0,0.0,1.0,0.0
2009734929.0,45,South Carolina,5288957,45015,Berkeley,245656.0,1.03877637564937,2.4773458675,2,3,1,2.0,1.0,1.0,0.0,0.0,1.0,1.0,1.0
2021072205.0,45,South Carolina,5288957,45051,Horry,383626.0,0.733979677066878,1.3330666494,2,2,1,2.0,0.0,0.0,0.0,0.0,1.0,1.0,0.0
2019614931.0,45,South Carolina,5288957,45063,Lexington,305297.0,2.15820151994835,,2,2,1,2.0,1.0,0.0,1.0,0.0,0.0,0.0,1.0
2038862911.0,45,South Carolina,5288957,45029,Colleton,38650.0,0.40510331028238,1.4828818595,1,3,2,2.0,1.0,1.0,1.0,0.0,1.0,0.0,1.0
2017097389.0,45,South Carolina,5288957,45037,Edgefield,27273.0,0.237852749638606,1.3418076896,1,6,2,2.0,1.0,1.0,1.0,1.0,1.0,1.0,1.0
2014773271.0,45,South Carolina,5288957,45063,Lexington,305297.0,3.71837374778227,,2,3,1,2.0,1.0,1.0,1.0,1.0,1.0,1.0,1.0
2028995567.0,45,South Carolina,5288957,45079,Richland,421786.0,1.96762031056633,,1,4,1,2.0,1.0,1.0,1.0,1.0,1.0,1.0,0.0
2012319603.0,45,South Carolina,5288957,45003,Aiken,173545.0,6.17215356012936,4.3828078725,1,1,1,2.0,0.0,0.0,0.0,0.0,0.0,1.0,0.0
2009825085.0,45,South Carolina,5288957,45015,Berkeley,245656.0,5.42587908285067,2.9892483016,1,5,1,2.0,0.0,0.0,0.0,0.0,0.0,1.0,0.0
2018130421.0,45,South Carolina,5288957,45051,Horry,383626.0,4.32295367531442,,2,2,1,2.0,1.0,1.0,1.0,1.0,1.0,1.0,1.0
2014054959.0,45,South Carolina,5288957,45019,Charleston,420325.0,0.494733778580895,0.2557088174,1,6,6,1.0,1.0,1.0,1.0,1.0,1.0,0.0,1.0
2011968077.0,45,South Carolina,5288957,45019,Charleston,420325.0,1.51561728672626,1.3805829682000001,2,5,1,2.0,0.0,0.0,0.0,0.0,0.0,1.0,0.0
1997296521.0,53,Washington,7786828,53053,Pierce,927456.0,1.15106072382776,0.9221310338,2,5,1,2.0,1.0,1.0,1.0,1.0,0.0,0.0,1.0
2014150005.0,53,Washington,7786828,53063,Spokane,549602.0,1.5414900308597,,1,2,5,2.0,1.0,1.0,1.0,1.0,1.0,1.0,1.0
2013236077.0,53,Washington,7786828,53033,King,2265822.0,10.6554628194177,3.1761966023,1,3,1,2.0,1.0,0.0,0.0,0.0,0.0,1.0,0.0
2014495181.0,53,Washington,7786828,53073,Whatcom,230641.0,0.692708063408493,2.3918728735,3,5,3,,1.0,1.0,1.0,1.0,1.0,0.0,1.0
2031452513.0,53,Washington,7786828,53029,Island,86738.0,0.913093057347443,0.7865619319,1,6,1,2.0,1.0,1.0,1.0,1.0,1.0,0.0,1.0
2011215809.0,53,Washington,7786828,53007,Chelan,80011.0,2.54470467272556,2.5132509704,1,2,1,2.0,0.0,0.0,0.0,0.0,0.0,1.0,0.0
2038238531.0,53,Washington,7786828,53061,Snohomish,840860.0,1.10414883534787,0.8540693308,1,4,1,2.0,1.0,1.0,1.0,1.0,1.0,0.0,1.0
2041528099.0,53,Washington,7786828,53053,Pierce,927456.0,0.6641329018176,0.6071391071000001,1,5,1,2.0,1.0,1.0,1.0,1.0,1.0,1.0,1.0
2015069323.0,53,Washington,7786828,53061,Snohomish,840860.0,0.695870501868019,0.7682312368,1,4,1,2.0,1.0,1.0,0.0,1.0,0.0,0.0,1.0
2018641333.0,53,Washington,7786828,53057,Skagit,131116.0,9.82038315084229,,1,2,1,2.0,1.0,1.0,1.0,1.0,1.0,1.0,1.0
2038447781.0,53,Washington,7786828,53061,Snohomish,840860.0,1.85417164917235,1.7910862832,2,4,1,2.0,0.0,0.0,0.0,0.0,0.0,1.0,0.0
2029594021.0,53,Washington,7786828,53027,Grays Harbor,77108.0,1.65399623508348,1.4325364483,1,2,1,2.0,1.0,1.0,1.0,1.0,1.0,0.0,1.0
2036926249.0,53,Washington,7786828,53073,Whatcom,230641.0,15.0614388091749,9.6365417753,2,6,4,2.0,0.0,0.0,0.0,0.0,1.0,1.0,0.0
2018342815.0,53,Washington,7786828,53033,King,2265822.0,0.601597599581821,0.7461126859,1,2,1,2.0,1.0,1.0,1.0,1.0,1.0,0.0,1.0
2027089627.0,53,Washington,7786828,53063,Spokane,549602.0,2.90222237896739,,1,4,1,2.0,0.0,0.0,0.0,0.0,1.0,1.0,0.0
2012608773.0,53,Washington,7786828,53033,King,2265822.0,0.791606232947743,0.6479298969,2,6,1,2.0,1.0,1.0,1.0,1.0,1.0,0.0,1.0
2034500243.0,53,Washington,7786828,53061,Snohomish,840860.0,5.61720963234506,,1,2,1,2.0,1.0,1.0,1.0,1.0,1.0,1.0,1.0
2010116249.0,53,Washington,7786828,53035,Kitsap,277805.0,0.830927011679077,0.6945004113000001,2,5,1,2.0,1.0,1.0,1.0,1.0,1.0,0.0,1.0
2031648619.0,53,Washington,7786828,53033,King,2265822.0,1.02761274301839,,2,3,2,2.0,0.0,1.0,0.0,0.0,0.0,1.0,0.0
2038863007.0,53,Washington,7786828,53067,Thurston,298556.0,0.675154082992788,,1,2,1,2.0,1.0,1.0,1.0,1.0,1.0,1.0,1.0
1999897591.0,53,Washington,7786828,53053,Pierce,927456.0,1.15106072382776,0.9221310338,2,5,1,2.0,1.0,1.0,1.0,1.0,1.0,0.0,1.0
2024536849.0,53,Washington,7786828,53061,Snohomish,840860.0,2.1087297273652,,2,2,4,2.0,1.0,0.0,0.0,1.0,1.0,1.0,1.0
1998449393.0,53,Washington,7786828,53033,King,2265822.0,0.6641329018176,0.6071391071000001,1,5,1,2.0,1.0,1.0,1.0,1.0,1.0,0.0,1.0
2032764369.0,23,Maine,1391585,23019,Penobscot,154948.0,1.65831251994354,,1,2,1,2.0,1.0,1.0,1.0,1.0,1.0,1.0,0.0
1998424843.0,23,Maine,1391585,23011,Kennebec,127182.0,1.74957617600841,,2,2,1,2.0,1.0,1.0,1.0,1.0,1.0,1.0,1.0
2042331347.0,23,Maine,1391585,23019,Penobscot,154948.0,0.41406998407786,0.6909509450000001,1,3,1,2.0,0.0,0.0,0.0,0.0,0.0,1.0,0.0
1999176539.0,23,Maine,1391585,23011,Kennebec,127182.0,1.43079614201836,0.6817835972,1,1,2,2.0,0.0,0.0,0.0,0.0,0.0,1.0,0.0
2039694043.0,51,Virginia,8681038,51059,Fairfax,1138853.0,2.07868087779694,,2,6,2,2.0,1.0,1.0,1.0,1.0,1.0,0.0,1.0
2036915429.0,51,Virginia,8681038,51179,Stafford,163226.0,1.17675966577708,0.3712191198,2,3,3,1.0,1.0,1.0,1.0,1.0,1.0,1.0,1.0
2025686571.0,51,Virginia,8681038,51031,Campbell,55034.0,0.978637543348398,4.7568154499,1,2,4,2.0,0.0,0.0,0.0,0.0,0.0,1.0,0.0
2036106325.0,51,Virginia,8681038,51087,Henrico,335033.0,2.6737555987535,,2,1,2,2.0,0.0,0.0,0.0,0.0,0.0,0.0,0.0
2036916493.0,51,Virginia,8681038,51700,Newport News city,183976.0,0.943483839404435,0.6813422542,1,5,2,2.0,1.0,1.0,1.0,1.0,1.0,1.0,1.0
2042329723.0,51,Virginia,8681038,51067,Franklin,55054.0,0.968337516010711,0.7962074493,2,3,1,2.0,0.0,0.0,0.0,0.0,1.0,1.0,0.0
2012267373.0,51,Virginia,8681038,51810,Virginia Beach city,454721.0,0.892639300652005,0.8518161584,2,2,1,2.0,0.0,0.0,0.0,0.0,0.0,0.0,0.0
2025503811.0,51,Virginia,8681038,51770,Roanoke city,97922.0,2.08361289424719,2.5794795093,1,2,2,2.0,1.0,1.0,1.0,1.0,0.0,1.0,1.0
1998930411.0,51,Virginia,8681038,51770,Roanoke city,97922.0,2.49347293857222,,1,3,6,2.0,0.0,0.0,1.0,0.0,1.0,1.0,0.0
2027244725.0,51,Virginia,8681038,51710,Norfolk city,232960.0,2.8425695272893,,1,3,2,2.0,1.0,0.0,0.0,1.0,1.0,0.0,1.0
2009587235.0,51,Virginia,8681038,51760,Richmond city,228936.0,1.50287394719795,,1,5,1,2.0,0.0,1.0,1.0,1.0,0.0,1.0,1.0
2023830269.0,51,Virginia,8681038,51067,Franklin,55054.0,1.42623997746208,,2,2,1,2.0,1.0,1.0,0.0,0.0,1.0,0.0,1.0
2022900031.0,51,Virginia,8681038,51775,Salem city,25682.0,2.60837940234086,0.35115000550000003,1,2,1,2.0,1.0,1.0,1.0,1.0,1.0,0.0,1.0
2016288189.0,51,Virginia,8681038,51059,Fairfax,1138853.0,1.95463691773332,1.5859701260999999,2,6,1,2.0,0.0,0.0,0.0,0.0,0.0,1.0,0.0
2022076477.0,51,Virginia,8681038,51683,Manassas city,42734.0,0.799723206168628,0.7313636131,2,5,1,2.0,1.0,1.0,1.0,1.0,1.0,1.0,1.0
2034650359.0,51,Virginia,8681038,51087,Henrico,335033.0,1.0073699049874,0.616294156,2,3,1,2.0,1.0,1.0,1.0,1.0,1.0,1.0,1.0
2037095939.0,51,Virginia,8681038,51019,Bedford,80832.0,0.907138783052939,1.0340876896,1,2,1,2.0,1.0,0.0,1.0,1.0,0.0,0.0,1.0
2016772833.0,51,Virginia,8681038,51041,Chesterfield,378739.0,0.88323466976538,0.9982766987,2,3,1,2.0,1.0,0.0,0.0,0.0,1.0,1.0,0.0
1455458991.0,51,Virginia,8681038,51019,Bedford,80832.0,4.19512999083543,,2,2,1,2.0,1.0,1.0,1.0,1.0,0.0,1.0,0.0
2042331705.0,51,Virginia,8681038,51107,Loudoun,432672.0,0.97835080292076,1.1732698785,1,5,1,2.0,1.0,1.0,1.0,1.0,1.0,1.0,1.0
1999715685.0,51,Virginia,8681038,51107,Loudoun,432672.0,2.2344149041062,3.3515318527,2,5,4,2.0,1.0,1.0,1.0,1.0,1.0,0.0,1.0
1999565151.0,51,Virginia,8681038,51730,Petersburg city,33484.0,1.00791778537337,0.6568997334000001,2,5,2,2.0,1.0,1.0,1.0,1.0,0.0,1.0,0.0
1998654669.0,51,Virginia,8681038,51810,Virginia Beach city,454721.0,0.981729488791598,0.6402728797,2,4,2,2.0,1.0,1.0,0.0,0.0,0.0,1.0,1.0
2030524927.0,51,Virginia,8681038,51059,Fairfax,1138853.0,4.16867940166319,,1,3,1,2.0,1.0,1.0,1.0,1.0,1.0,1.0,0.0
2013059561.0,51,Virginia,8681038,51530,Buena Vista city,6560.0,1.04264382669956,,2,5,1,2.0,1.0,0.0,0.0,0.0,0.0,1.0,0.0
2033668381.0,51,Virginia,8681038,51059,Fairfax,1138853.0,1.09185474030926,1.1205754583,1,3,1,2.0,0.0,0.0,0.0,0.0,0.0,1.0,0.0
2031412729.0,18,Indiana,6841491,18175,Washington,28152.0,1.37009820632083,,2,1,1,2.0,1.0,1.0,1.0,0.0,1.0,1.0,1.0
2014373855.0,18,Indiana,6841491,18097,Marion,974293.0,0.564241360940827,0.956438792,2,2,1,2.0,0.0,0.0,0.0,0.0,1.0,1.0,0.0
2039700185.0,18,Indiana,6841491,18067,Howard,83479.0,4.1844306003129,,1,6,1,2.0,0.0,0.0,0.0,0.0,0.0,1.0,0.0
2034608553.0,18,Indiana,6841491,18095,Madison,130977.0,2.46857143753619,,2,2,1,2.0,1.0,1.0,0.0,1.0,1.0,1.0,1.0
2012973145.0,18,Indiana,6841491,18097,Marion,974293.0,0.750957513870401,1.2253077713,2,2,1,2.0,1.0,1.0,1.0,1.0,1.0,1.0,0.0
2013689905.0,18,Indiana,6841491,18147,Spencer,19886.0,2.34219671475108,,2,2,1,2.0,1.0,1.0,0.0,0.0,1.0,1.0,1.0
2013249763.0,18,Indiana,6841491,18003,Allen,391751.0,2.57392617079179,,2,3,1,2.0,1.0,1.0,1.0,1.0,1.0,0.0,1.0
2009014501.0,18,Indiana,6841491,18129,Posey,25081.0,2.87464134101908,,1,1,1,2.0,0.0,1.0,0.0,1.0,1.0,1.0,0.0
2007954589.0,18,Indiana,6841491,18097,Marion,974293.0,0.841489288021421,0.8062656873,2,6,1,2.0,1.0,1.0,1.0,1.0,1.0,0.0,1.0
2042329287.0,18,Indiana,6841491,18117,Orange,19611.0,0.862825645679067,0.8994732881,1,5,1,2.0,0.0,0.0,0.0,0.0,0.0,1.0,0.0
2015759553.0,18,Indiana,6841491,18035,Delaware,112091.0,1.46835042557148,1.4683445236,1,3,1,2.0,0.0,0.0,0.0,0.0,0.0,1.0,0.0
2014822811.0,18,Indiana,6841491,18019,Clark,124254.0,2.94970624814891,,1,1,1,2.0,1.0,1.0,0.0,0.0,1.0,0.0,1.0
2034213207.0,18,Indiana,6841491,18097,Marion,974293.0,0.804113352805941,,2,3,2,2.0,1.0,1.0,0.0,1.0,0.0,0.0,1.0
2023562251.0,18,Indiana,6841491,18039,Elkhart,207185.0,1.17013284362813,1.991092491,2,2,1,2.0,0.0,0.0,0.0,0.0,1.0,1.0,0.0
2034659917.0,18,Indiana,6841491,18049,Fulton,20355.0,4.72244878659455,,2,2,1,2.0,0.0,0.0,0.0,0.0,0.0,0.0,0.0
2019378033.0,18,Indiana,6841491,18097,Marion,974293.0,0.341147123388605,,2,2,1,2.0,1.0,1.0,1.0,1.0,1.0,1.0,1.0
2014962155.0,18,Indiana,6841491,18003,Allen,391751.0,1.09080729890616,1.4808599339000001,2,5,1,2.0,0.0,1.0,0.0,0.0,1.0,1.0,1.0
2045074347.0,18,Indiana,6841491,18089,Lake,499630.0,0.609473343261737,0.5918595736,1,6,1,2.0,1.0,1.0,1.0,1.0,1.0,1.0,1.0
2033277729.0,18,Indiana,6841491,18143,Scott,24442.0,3.5482712152226,,2,2,1,2.0,0.0,0.0,0.0,0.0,1.0,0.0,0.0
2043130713.0,18,Indiana,6841491,18043,Floyd,80552.0,0.766713523695526,,1,2,1,2.0,0.0,0.0,0.0,0.0,0.0,1.0,0.0
1998210993.0,06,California,39125347,06037,Los Angeles,9748524.0,1.39489208750176,1.4104579914,1,5,4,2.0,0.0,0.0,0.0,0.0,0.0,0.0,0.0
2039634113.0,06,California,39125347,06067,Sacramento,1588707.0,1.6953207775818,,1,2,2,2.0,1.0,0.0,1.0,1.0,1.0,1.0,1.0
2029860065.0,06,California,39125347,06019,Fresno,1017870.0,0.411382372360508,0.5465873661,1,3,3,1.0,0.0,0.0,0.0,0.0,1.0,1.0,0.0
2000357123.0,06,California,39125347,06019,Fresno,1017870.0,1.2048673892126,1.2446467252,1,6,1,2.0,0.0,0.0,0.0,0.0,1.0,1.0,0.0
2026740295.0,06,California,39125347,06037,Los Angeles,9748524.0,3.96493746953829,,2,2,3,1.0,0.0,0.0,0.0,0.0,0.0,0.0,0.0
2033078635.0,06,California,39125347,06037,Los Angeles,9748524.0,2.21745702202884,4.2356150361000005,2,1,1,2.0,0.0,1.0,1.0,0.0,1.0,1.0,1.0
1984443853.0,06,California,39125347,06037,Los Angeles,9748524.0,0.498900663090641,0.5176113934000001,2,5,2,2.0,1.0,1.0,1.0,1.0,1.0,0.0,1.0
2015348107.0,06,California,39125347,06059,Orange,3156252.0,1.56422339241833,2.1653429321,2,5,1,2.0,0.0,1.0,1.0,0.0,1.0,1.0,0.0
2038629119.0,06,California,39125347,06023,Humboldt,134979.0,1.06583150692226,0.9877591904,2,3,1,2.0,0.0,0.0,0.0,0.0,1.0,1.0,0.0
2013460221.0,06,California,39125347,06037,Los Angeles,9748524.0,1.24190108285383,,2,5,3,1.0,0.0,0.0,0.0,0.0,0.0,1.0,0.0
2015770995.0,06,California,39125347,06029,Kern,917074.0,8.82354883076831,,2,1,1,2.0,1.0,1.0,1.0,1.0,1.0,1.0,0.0
2015789891.0,06,California,39125347,06059,Orange,3156252.0,1.68300661190374,1.4451175087,1,5,4,2.0,1.0,1.0,1.0,1.0,1.0,0.0,1.0
2013053125.0,06,California,39125347,06073,San Diego,3279089.0,0.869011986718956,0.9568906794,1,5,1,2.0,0.0,0.0,0.0,0.0,0.0,1.0,0.0
2042469565.0,06,California,39125347,06037,Los Angeles,9748524.0,3.134342039829,,1,2,7,1.0,0.0,1.0,0.0,0.0,0.0,0.0,
2037416447.0,06,California,39125347,06083,Santa Barbara,445401.0,0.149235412500364,0.31492901570000004,1,3,1,2.0,1.0,1.0,1.0,1.0,0.0,0.0,1.0
1999481891.0,06,California,39125347,06037,Los Angeles,9748524.0,1.15594568954253,0.7067755273,2,5,3,1.0,1.0,1.0,1.0,1.0,1.0,1.0,1.0
2045931941.0,06,California,39125347,06065,Riverside,2479339.0,1.08089994028725,,1,1,3,,0.0,1.0,0.0,1.0,0.0,1.0,1.0
2040184873.0,06,California,39125347,06037,Los Angeles,9748524.0,1.41409604320803,4.8284435511,2,3,2,2.0,1.0,1.0,1.0,1.0,0.0,0.0,0.0
2012937327.0,06,California,39125347,06037,Los Angeles,9748524.0,8.46929201634186,1.2540827461,1,2,1,1.0,1.0,1.0,1.0,1.0,0.0,0.0,1.0
2039312035.0,06,California,39125347,06073,San Diego,3279089.0,0.826986406685101,0.6790344287,2,3,7,2.0,1.0,1.0,1.0,1.0,1.0,0.0,1.0
1998778803.0,06,California,39125347,06065,Riverside,2479339.0,2.10841056280698,0.8398484303,2,2,1,2.0,1.0,1.0,1.0,1.0,0.0,1.0,1.0
2046044983.0,06,California,39125347,06071,San Bernardino,2196267.0,2.05312445729415,2.4353076662,2,4,3,,1.0,1.0,1.0,1.0,1.0,1.0,0.0
2031597401.0,06,California,39125347,06059,Orange,3156252.0,3.09193665779077,,1,3,4,2.0,0.0,0.0,0.0,0.0,1.0,1.0,0.0
2031074761.0,06,California,39125347,06065,Riverside,2479339.0,1.68310220850181,1.6779578582,2,6,1,2.0,0.0,0.0,0.0,0.0,1.0,1.0,0.0
1998232511.0,06,California,39125347,06045,Mendocino,90033.0,0.812787519429735,0.9336957589,1,5,1,2.0,0.0,0.0,0.0,0.0,0.0,1.0,0.0
2041081497.0,06,California,39125347,06059,Orange,3156252.0,5.56039578137401,1.4679300054,1,3,6,1.0,1.0,0.0,0.0,0.0,1.0,0.0,0.0
1992994341.0,06,California,39125347,06001,Alameda,1633138.0,1.10942403771162,1.2388899888,1,6,1,2.0,0.0,0.0,0.0,0.0,0.0,1.0,0.0
2012185139.0,06,California,39125347,06073,San Diego,3279089.0,1.47653582534609,,1,6,1,2.0,1.0,1.0,1.0,1.0,1.0,0.0,1.0
2002513499.0,06,California,39125347,06029,Kern,917074.0,1.00978475588754,,2,5,2,1.0,0.0,0.0,0.0,0.0,0.0,1.0,0.0
2037383447.0,06,California,39125347,06039,Madera,160377.0,2.52093173395184,,1,2,2,2.0,1.0,0.0,0.0,0.0,0.0,0.0,0.0
2010870199.0,06,California,39125347,06081,San Mateo,732245.0,0.836480537894153,,2,5,6,2.0,0.0,1.0,1.0,1.0,1.0,1.0,1.0
2042280373.0,06,California,39125347,06037,Los Angeles,9748524.0,1.37175393103904,2.9864681684,2,5,4,2.0,0.0,1.0,1.0,1.0,1.0,1.0,1.0
2029207251.0,06,California,39125347,06013,Contra Costa,1160163.0,0.925451144898911,0.7644154064,1,5,5,1.0,1.0,0.0,1.0,0.0,1.0,1.0,1.0
1995166039.0,06,California,39125347,06073,San Diego,3279089.0,0.142699449406872,0.09070591500000001,1,5,7,2.0,1.0,1.0,1.0,1.0,1.0,1.0,1.0
1983464849.0,06,California,39125347,06037,Los Angeles,9748524.0,4.1007439409824,0.8387414473,2,5,3,1.0,0.0,1.0,0.0,0.0,1.0,1.0,0.0
1996260335.0,06,California,39125347,06071,San Bernardino,2196267.0,10.6542306943682,,2,5,4,2.0,0.0,0.0,0.0,0.0,0.0,1.0,0.0
2028889063.0,06,California,39125347,06037,Los Angeles,9748524.0,1.24124331552034,2.1561951245,1,2,3,,1.0,1.0,1.0,1.0,1.0,1.0,0.0
2038448735.0,06,California,39125347,06037,Los Angeles,9748524.0,0.92233134586604,,1,2,3,,1.0,1.0,1.0,1.0,0.0,1.0,1.0
2012160379.0,06,California,39125347,06095,Solano,449852.0,3.51791173287629,1.4987395021,2,5,4,2.0,1.0,1.0,0.0,1.0,1.0,0.0,1.0
2039634263.0,06,California,39125347,06059,Orange,3156252.0,1.33548878855205,1.3029079735,1,5,1,2.0,1.0,1.0,1.0,1.0,1.0,0.0,1.0
1997234559.0,06,California,39125347,06073,San Diego,3279089.0,1.08175142261479,1.1961713379,1,5,1,2.0,0.0,0.0,0.0,0.0,0.0,1.0,0.0
2038229865.0,06,California,39125347,06047,Merced,291781.0,1.78480900206208,1.7246281949000002,2,1,3,1.0,0.0,1.0,1.0,1.0,1.0,1.0,0.0
2042331319.0,06,California,39125347,06087,Santa Cruz,265786.0,0.563726699600575,,1,3,1,2.0,1.0,1.0,1.0,1.0,1.0,1.0,1.0
2037155987.0,06,California,39125347,06037,Los Angeles,9748524.0,0.605965330161286,0.5994132553,1,3,1,2.0,1.0,1.0,1.0,1.0,1.0,0.0,1.0
2033561467.0,06,California,39125347,06037,Los Angeles,9748524.0,2.6257588927737,0.9332903291,1,5,4,2.0,1.0,1.0,1.0,1.0,1.0,0.0,1.0
2039392811.0,06,California,39125347,06037,Los Angeles,9748524.0,1.99622404565578,,1,3,3,,1.0,1.0,1.0,1.0,1.0,0.0,0.0
1995263801.0,06,California,39125347,06037,Los Angeles,9748524.0,2.21022048839677,,2,3,2,2.0,0.0,1.0,0.0,0.0,1.0,1.0,0.0
2011282733.0,06,California,39125347,06073,San Diego,3279089.0,1.21480897650799,2.1449019789,1,1,1,2.0,0.0,0.0,0.0,0.0,0.0,1.0,0.0
1999503399.0,06,California,39125347,06061,Placer,418469.0,0.843685636143392,0.8191599268,2,5,1,2.0,1.0,1.0,1.0,1.0,1.0,0.0,1.0
2019305139.0,06,California,39125347,06037,Los Angeles,9748524.0,1.00978475588754,,2,5,2,1.0,0.0,0.0,0.0,0.0,0.0,1.0,0.0
2035596205.0,06,California,39125347,06115,Yuba,84355.0,1.48871271221707,1.3890693386000001,1,5,3,1.0,1.0,1.0,0.0,0.0,0.0,0.0,1.0
2026742737.0,06,California,39125347,06085,Santa Clara,1880151.0,2.45911822333516,,1,3,1,1.0,1.0,0.0,1.0,1.0,1.0,1.0,1.0
2039700205.0,06,California,39125347,06037,Los Angeles,9748524.0,0.720958500872133,0.6798522096,1,6,1,2.0,1.0,1.0,1.0,1.0,1.0,0.0,1.0
2006544707.0,06,California,39125347,06037,Los Angeles,9748524.0,0.352876465332936,,1,5,1,2.0,1.0,1.0,1.0,1.0,1.0,1.0,1.0
2033979121.0,06,California,39125347,06071,San Bernardino,2196267.0,0.935422581349505,1.0989911595,2,3,1,2.0,0.0,1.0,0.0,1.0,0.0,1.0,0.0
2010687647.0,06,California,39125347,06099,Stanislaus,552453.0,0.398674322224815,0.3249123853,2,3,6,2.0,0.0,0.0,0.0,0.0,0.0,1.0,0.0
2013025583.0,06,California,39125347,06075,San Francisco,813266.0,0.174665140310974,0.7787561810000001,1,6,7,2.0,1.0,1.0,1.0,1.0,1.0,0.0,1.0
2034502951.0,06,California,39125347,06023,Humboldt,134979.0,5.75068788451091,4.4092222139,1,1,1,2.0,1.0,1.0,0.0,0.0,1.0,0.0,1.0
2042360943.0,06,California,39125347,06037,Los Angeles,9748524.0,5.97505014020751,0.7011178149,1,5,4,2.0,1.0,1.0,1.0,1.0,1.0,0.0,1.0
2028972885.0,06,California,39125347,06031,Kings,152763.0,4.20676828455326,,1,2,1,1.0,1.0,0.0,0.0,1.0,0.0,1.0,1.0
1996479051.0,06,California,39125347,06037,Los Angeles,9748524.0,0.311837416438989,0.3261716202,2,4,2,2.0,0.0,1.0,1.0,1.0,0.0,0.0,0.0
2029151577.0,06,California,39125347,06037,Los Angeles,9748524.0,1.07820914592069,,1,3,1,2.0,1.0,1.0,1.0,1.0,1.0,1.0,1.0
1995869653.0,06,California,39125347,06037,Los Angeles,9748524.0,0.233012733381206,0.1914976552,2,5,7,2.0,1.0,1.0,1.0,1.0,1.0,0.0,1.0
2036914053.0,06,California,39125347,06071,San Bernardino,2196267.0,8.24379297708826,,1,2,3,1.0,1.0,1.0,0.0,1.0,0.0,1.0,1.0
2034513839.0,06,California,39125347,06071,San Bernardino,2196267.0,0.605965330161286,0.5994132553,1,3,1,2.0,1.0,1.0,1.0,1.0,1.0,0.0,1.0
2010063553.0,06,California,39125347,06037,Los Angeles,9748524.0,1.06990612938381,,1,5,1,2.0,1.0,1.0,1.0,0.0,1.0,0.0,1.0
1998981835.0,06,California,39125347,06075,San Francisco,813266.0,1.09225845102088,,1,3,2,2.0,0.0,0.0,0.0,0.0,0.0,1.0,0.0
2010385441.0,06,California,39125347,06059,Orange,3156252.0,2.30373258087859,2.0970977406,2,5,1,2.0,1.0,1.0,1.0,1.0,1.0,0.0,1.0
2037350065.0,06,California,39125347,06037,Los Angeles,9748524.0,3.3437216500156,,1,6,1,1.0,1.0,1.0,1.0,1.0,1.0,0.0,1.0
2030713667.0,06,California,39125347,06071,San Bernardino,2196267.0,3.05296495689657,,2,2,2,2.0,1.0,1.0,0.0,0.0,0.0,0.0,0.0
2024526835.0,06,California,39125347,06073,San Diego,3279089.0,9.99415213533356,,1,1,3,1.0,1.0,1.0,1.0,1.0,1.0,1.0,1.0
2002957399.0,06,California,39125347,06071,San Bernardino,2196267.0,0.955707174447724,0.6375462883,2,6,3,1.0,1.0,1.0,1.0,1.0,1.0,1.0,1.0
2041090739.0,06,California,39125347,06037,Los Angeles,9748524.0,1.37188525293696,,2,6,4,2.0,1.0,1.0,1.0,1.0,1.0,0.0,1.0
2013477069.0,06,California,39125347,06059,Orange,3156252.0,1.59071965185514,1.329578812,1,6,4,2.0,1.0,1.0,1.0,1.0,1.0,1.0,1.0
2023436247.0,06,California,39125347,06037,Los Angeles,9748524.0,2.43859334660492,1.2774358270000001,1,5,3,1.0,1.0,1.0,1.0,1.0,1.0,0.0,1.0
2030025255.0,06,California,39125347,06101,Sutter,98657.0,1.99622404565578,2.0188072563,1,3,3,1.0,1.0,1.0,0.0,1.0,1.0,0.0,1.0
2031252517.0,06,California,39125347,06071,San Bernardino,2196267.0,4.9032630028366,,1,3,1,2.0,1.0,1.0,0.0,1.0,1.0,1.0,0.0
2042329425.0,06,California,39125347,06029,Kern,917074.0,0.563726699600575,0.6743254836,1,3,1,2.0,1.0,1.0,1.0,1.0,1.0,0.0,1.0
2003729855.0,06,California,39125347,06037,Los Angeles,9748524.0,15.0614388091749,,1,5,7,1.0,0.0,1.0,1.0,1.0,0.0,1.0,1.0
2019794525.0,06,California,39125347,06071,San Bernardino,2196267.0,2.52093173395184,,1,2,2,2.0,1.0,1.0,0.0,1.0,0.0,0.0,0.0
2014992483.0,06,California,39125347,06037,Los Angeles,9748524.0,0.720958500872133,0.6798522096,1,6,1,2.0,1.0,1.0,1.0,1.0,1.0,0.0,1.0
2016776335.0,06,California,39125347,06037,Los Angeles,9748524.0,5.61476375821388,2.8801809195,2,4,4,2.0,0.0,1.0,0.0,0.0,0.0,1.0,0.0
1999629155.0,06,California,39125347,06065,Riverside,2479339.0,0.760897770026653,0.7958221487,1,3,1,2.0,0.0,0.0,1.0,0.0,1.0,1.0,0.0
2001178919.0,06,California,39125347,06071,San Bernardino,2196267.0,0.605965330161286,0.5994132553,1,4,1,2.0,1.0,1.0,1.0,0.0,1.0,1.0,1.0
2012762601.0,06,California,39125347,06001,Alameda,1633138.0,1.47653582534609,,1,6,1,2.0,1.0,1.0,1.0,1.0,1.0,1.0,1.0
2013670517.0,06,California,39125347,06073,San Diego,3279089.0,1.45893944377429,1.1803461598,1,5,4,2.0,1.0,1.0,1.0,1.0,1.0,0.0,1.0
2015187065.0,06,California,39125347,06059,Orange,3156252.0,4.83644437968985,3.9766793856,2,3,4,2.0,1.0,0.0,0.0,0.0,1.0,1.0,1.0
2028996375.0,06,California,39125347,06065,Riverside,2479339.0,1.72541625050425,0.7062718427,2,3,3,,1.0,1.0,1.0,0.0,1.0,0.0,1.0
2030713089.0,06,California,39125347,06065,Riverside,2479339.0,2.6254671021635,,1,3,2,2.0,0.0,1.0,1.0,0.0,0.0,1.0,0.0
2015242217.0,06,California,39125347,06037,Los Angeles,9748524.0,8.29030202240837,,2,2,4,2.0,1.0,1.0,1.0,1.0,1.0,1.0,1.0
2011368449.0,06,California,39125347,06019,Fresno,1017870.0,2.40977117197291,1.9777838081999999,2,2,3,1.0,1.0,1.0,1.0,1.0,1.0,1.0,1.0
2011575473.0,06,California,39125347,06037,Los Angeles,9748524.0,3.70539746270452,2.4008143251,2,5,4,2.0,1.0,1.0,1.0,1.0,0.0,0.0,1.0
2014009275.0,06,California,39125347,06037,Los Angeles,9748524.0,0.301455097287196,0.39997888810000004,2,3,6,2.0,0.0,0.0,1.0,0.0,0.0,0.0,0.0
1995165605.0,06,California,39125347,06075,San Francisco,813266.0,0.528196215888985,0.4091139796,1,5,6,2.0,1.0,1.0,1.0,1.0,0.0,0.0,1.0
2015211129.0,06,California,39125347,06083,Santa Barbara,445401.0,1.37988004080332,,1,2,1,2.0,0.0,0.0,0.0,0.0,0.0,1.0,0.0
2011925047.0,06,California,39125347,06065,Riverside,2479339.0,1.0593980995153,1.2505488377,2,5,1,2.0,0.0,0.0,0.0,0.0,0.0,1.0,0.0
2023493409.0,06,California,39125347,06089,Shasta,180957.0,3.63199821048961,0.9790962363000001,1,1,1,2.0,1.0,1.0,1.0,0.0,1.0,1.0,1.0
2034418313.0,06,California,39125347,06037,Los Angeles,9748524.0,2.40765613416397,0.7345454167000001,1,3,4,1.0,1.0,1.0,1.0,1.0,1.0,1.0,0.0
2031206613.0,06,California,39125347,06059,Orange,3156252.0,2.90633433677776,0.8007317167,2,5,1,1.0,1.0,1.0,1.0,1.0,1.0,0.0,1.0
2031297991.0,06,California,39125347,06037,Los Angeles,9748524.0,4.3704482081941,,2,5,4,2.0,1.0,1.0,1.0,0.0,1.0,0.0,1.0
2013223215.0,06,California,39125347,06037,Los Angeles,9748524.0,1.28237063798994,1.4385977081,2,6,1,2.0,1.0,0.0,0.0,0.0,0.0,1.0,0.0
2037570515.0,06,California,39125347,06107,Tulare,478037.0,6.15322368266971,,1,3,3,,1.0,1.0,1.0,1.0,1.0,1.0,1.0
2020744889.0,06,California,39125347,06065,Riverside,2479339.0,1.24920693276165,,2,5,1,2.0,0.0,0.0,0.0,0.0,0.0,1.0,0.0
2014306273.0,06,California,39125347,06073,San Diego,3279089.0,1.06339381119242,2.2426739194,2,2,1,1.0,1.0,1.0,1.0,1.0,1.0,1.0,1.0
2029600339.0,06,California,39125347,06037,Los Angeles,9748524.0,4.9032630028366,,1,3,1,2.0,1.0,0.0,1.0,0.0,1.0,0.0,0.0
2014469105.0,06,California,39125347,06037,Los Angeles,9748524.0,0.935422581349505,1.0989911595,2,3,1,2.0,0.0,0.0,0.0,0.0,0.0,1.0,0.0
2020037469.0,06,California,39125347,06059,Orange,3156252.0,3.92627390041949,,2,3,3,1.0,1.0,1.0,1.0,1.0,1.0,1.0,1.0
2034796867.0,06,California,39125347,06031,Kings,152763.0,0.848809086358372,0.7624175675,2,3,1,2.0,1.0,1.0,1.0,1.0,1.0,1.0,1.0
2040293933.0,06,California,39125347,06037,Los Angeles,9748524.0,1.80960708824428,,2,3,1,2.0,0.0,1.0,1.0,1.0,1.0,1.0,1.0
2042328665.0,06,California,39125347,06019,Fresno,1017870.0,0.766320871519086,0.8101729581,1,4,1,2.0,0.0,1.0,0.0,0.0,0.0,1.0,0.0
2019196021.0,06,California,39125347,06037,Los Angeles,9748524.0,0.529577125615559,,1,6,5,2.0,1.0,1.0,1.0,1.0,1.0,1.0,1.0
2020099463.0,06,California,39125347,06037,Los Angeles,9748524.0,0.358836971634893,1.3558025355,2,5,4,2.0,1.0,1.0,1.0,1.0,1.0,0.0,1.0
2038246531.0,06,California,39125347,06067,Sacramento,1588707.0,0.935422581349505,1.0989911595,2,4,1,2.0,0.0,0.0,0.0,0.0,1.0,1.0,0.0
2013964609.0,06,California,39125347,06067,Sacramento,1588707.0,2.49916089221844,1.961473937,1,6,2,2.0,1.0,0.0,0.0,0.0,1.0,0.0,1.0
2038469395.0,06,California,39125347,06033,Lake,68271.0,0.296867357544645,0.3160533822,1,1,5,2.0,1.0,1.0,0.0,1.0,1.0,0.0,1.0
2017484747.0,06,California,39125347,06019,Fresno,1017870.0,0.729290009114452,0.8528305624,2,2,1,2.0,1.0,1.0,1.0,1.0,1.0,0.0,1.0
1999893573.0,06,California,39125347,06075,San Francisco,813266.0,1.37283781461373,1.4455845657,1,4,4,2.0,0.0,1.0,1.0,1.0,1.0,0.0,1.0
1997989769.0,21,Kentucky,4521238,21037,Campbell,93323.0,0.286877165231488,,2,2,1,2.0,1.0,1.0,0.0,1.0,0.0,1.0,1.0
2037312831.0,21,Kentucky,4521238,21111,Jefferson,778999.0,0.95462319434487,,1,4,1,2.0,0.0,1.0,1.0,1.0,1.0,1.0,1.0
1996137561.0,21,Kentucky,4521238,21037,Campbell,93323.0,3.81497015097927,0.7781595909,2,2,1,2.0,1.0,1.0,1.0,1.0,0.0,1.0,1.0
2012231873.0,21,Kentucky,4521238,21157,Marshall,31765.0,3.14721458524157,,1,4,1,2.0,0.0,0.0,0.0,1.0,1.0,1.0,0.0
2012191759.0,21,Kentucky,4521238,21111,Jefferson,778999.0,1.74595330087841,0.36082652,2,2,1,2.0,1.0,0.0,1.0,1.0,0.0,0.0,0.0
2008975349.0,21,Kentucky,4521238,21117,Kenton,170432.0,0.762183820592837,1.2458443667,2,4,1,2.0,0.0,0.0,0.0,0.0,1.0,1.0,0.0
2013186729.0,21,Kentucky,4521238,21111,Jefferson,778999.0,1.1870313406103,,1,2,1,2.0,0.0,0.0,0.0,0.0,0.0,1.0,0.0
2032770779.0,21,Kentucky,4521238,21111,Jefferson,778999.0,0.651011630695162,,2,5,2,2.0,1.0,1.0,1.0,1.0,0.0,0.0,1.0
1984266533.0,21,Kentucky,4521238,21117,Kenton,170432.0,0.427761220710253,0.400305415,1,5,1,2.0,1.0,1.0,1.0,1.0,1.0,0.0,1.0
2036238911.0,21,Kentucky,4521238,21111,Jefferson,778999.0,0.646341297180198,0.634113032,1,2,1,2.0,1.0,1.0,1.0,1.0,1.0,1.0,0.0
2038231433.0,21,Kentucky,4521238,21199,Pulaski,65787.0,0.937253488935303,,2,1,1,2.0,0.0,0.0,0.0,0.0,1.0,1.0,0.0
2014159357.0,21,Kentucky,4521238,21141,Logan,27866.0,5.43161829110317,11.4288542562,1,1,1,2.0,1.0,1.0,0.0,1.0,1.0,1.0,1.0
2003930839.0,21,Kentucky,4521238,21111,Jefferson,778999.0,0.891890908253108,0.7984182325,1,2,1,2.0,0.0,0.0,0.0,0.0,1.0,1.0,0.0
2023368545.0,21,Kentucky,4521238,21065,Estill,13985.0,4.52273041403984,,1,1,1,2.0,0.0,1.0,1.0,1.0,1.0,1.0,1.0
2000037499.0,36,New York,19713025,36119,Westchester,994313.0,0.849331128065222,1.0199889292,2,4,1,2.0,1.0,1.0,0.0,1.0,1.0,1.0,1.0
2014481279.0,36,New York,19713025,36019,Clinton,78011.0,0.530183182881859,0.817148501,2,2,1,2.0,1.0,1.0,1.0,0.0,1.0,1.0,1.0
2043493527.0,36,New York,19713025,36081,Queens,2291363.0,2.08249596800526,2.0854653831,2,2,3,2.0,1.0,1.0,1.0,1.0,1.0,1.0,1.0
2043493345.0,36,New York,19713025,36005,Bronx,1384053.0,0.497348455928413,0.3701792159,2,5,3,1.0,1.0,1.0,1.0,1.0,1.0,0.0,1.0
2035529497.0,36,New York,19713025,36059,Nassau,1388346.0,4.38505525356584,,2,3,1,2.0,1.0,1.0,1.0,1.0,1.0,0.0,1.0
2002246121.0,36,New York,19713025,36119,Westchester,994313.0,0.924927093430776,,2,5,1,2.0,1.0,1.0,1.0,1.0,1.0,1.0,1.0
2031151915.0,36,New York,19713025,36029,Erie,949276.0,1.5442462084036,1.9876884477,1,6,1,2.0,0.0,0.0,0.0,0.0,0.0,1.0,0.0
2031772725.0,36,New York,19713025,36061,New York,1593919.0,1.07994305871526,0.23266869340000002,1,5,4,2.0,1.0,1.0,1.0,1.0,1.0,0.0,1.0
2014406281.0,36,New York,19713025,36021,Columbia,61176.0,1.71989974658882,1.8701241484,1,6,4,2.0,1.0,1.0,0.0,1.0,1.0,0.0,1.0
2028892603.0,36,New York,19713025,36073,Orleans,39510.0,4.62706699923358,,2,2,1,2.0,1.0,1.0,1.0,1.0,0.0,0.0,1.0
1984384221.0,36,New York,19713025,36047,Kings,2600751.0,4.58974580668077,,1,2,2,2.0,1.0,1.0,1.0,1.0,1.0,0.0,0.0
2007811507.0,36,New York,19713025,36065,Oneida,228351.0,2.10348864203238,0.6215297563000001,2,5,3,1.0,1.0,1.0,1.0,0.0,0.0,1.0,1.0
2019565325.0,36,New York,19713025,36061,New York,1593919.0,0.847748507166075,0.967907531,1,3,1,2.0,1.0,1.0,1.0,1.0,1.0,1.0,1.0
2008285665.0,36,New York,19713025,36059,Nassau,1388346.0,1.13666117212548,0.9644975216,2,6,3,1.0,1.0,1.0,1.0,1.0,1.0,0.0,1.0
2008563171.0,36,New York,19713025,36055,Monroe,750469.0,0.615657818902506,,2,2,1,2.0,1.0,1.0,1.0,0.0,1.0,1.0,1.0
2038245999.0,36,New York,19713025,36001,Albany,315764.0,0.892588097440865,0.7071655459,2,5,1,2.0,1.0,1.0,1.0,1.0,0.0,0.0,1.0
2039697419.0,36,New York,19713025,36023,Cortland,46128.0,3.61978933470068,,3,2,1,2.0,1.0,1.0,1.0,1.0,1.0,0.0,1.0
2018871919.0,36,New York,19713025,36047,Kings,2600751.0,0.390427933382613,,1,2,1,2.0,1.0,1.0,1.0,1.0,0.0,0.0,0.0
2038638423.0,36,New York,19713025,36051,Livingston,61356.0,0.188146829089726,,1,2,1,2.0,1.0,1.0,1.0,1.0,1.0,1.0,1.0
2045014329.0,36,New York,19713025,36005,Bronx,1384053.0,1.26321100360768,,2,6,1,2.0,1.0,1.0,0.0,1.0,1.0,0.0,1.0
2004011189.0,36,New York,19713025,36061,New York,1593919.0,1.91727202822536,,2,2,2,2.0,0.0,1.0,1.0,1.0,1.0,1.0,1.0
2013987211.0,36,New York,19713025,36071,Orange,407314.0,0.424935970981432,0.43992199530000003,1,3,1,2.0,1.0,1.0,1.0,1.0,1.0,0.0,1.0
2014736441.0,36,New York,19713025,36055,Monroe,750469.0,0.815774788260357,1.9789458002,1,2,1,2.0,1.0,1.0,1.0,0.0,1.0,1.0,0.0
1998433357.0,36,New York,19713025,36113,Warren,65461.0,0.819744659529044,1.0543735893,1,4,1,2.0,0.0,0.0,0.0,0.0,0.0,1.0,0.0
2034765503.0,36,New York,19713025,36085,Richmond,492579.0,0.854685679241528,0.6606897574,2,2,3,,0.0,1.0,0.0,1.0,0.0,1.0,1.0
2015317525.0,36,New York,19713025,36081,Queens,2291363.0,3.38458615206828,,2,3,2,2.0,0.0,0.0,1.0,1.0,1.0,1.0,1.0
2015791497.0,36,New York,19713025,36047,Kings,2600751.0,0.58401757722042,1.3475810866,2,2,2,2.0,1.0,1.0,1.0,1.0,1.0,1.0,1.0
2004641889.0,36,New York,19713025,36019,Clinton,78011.0,2.87379678911414,,1,2,1,2.0,1.0,1.0,0.0,0.0,1.0,0.0,1.0
2009934275.0,36,New York,19713025,36047,Kings,2600751.0,0.825206274250224,0.7156157430000001,2,5,1,2.0,1.0,1.0,1.0,1.0,1.0,0.0,1.0
2040675131.0,36,New York,19713025,36071,Orange,407314.0,0.427636346510707,,2,4,3,,1.0,1.0,1.0,1.0,1.0,0.0,1.0
1995771037.0,36,New York,19713025,36085,Richmond,492579.0,0.923795006209755,0.5009828849,1,5,1,2.0,1.0,1.0,1.0,1.0,1.0,0.0,1.0
2011461257.0,36,New York,19713025,36059,Nassau,1388346.0,4.62706699923358,,2,2,1,2.0,1.0,1.0,1.0,1.0,1.0,0.0,1.0
2013074927.0,36,New York,19713025,36029,Erie,949276.0,3.64512545990415,,2,5,1,2.0,1.0,1.0,0.0,1.0,1.0,1.0,1.0
2017153543.0,36,New York,19713025,36085,Richmond,492579.0,0.974005739653054,1.1457825714,1,5,1,2.0,0.0,1.0,0.0,1.0,0.0,1.0,0.0
2024462177.0,36,New York,19713025,36047,Kings,2600751.0,2.62182891016727,,1,1,4,2.0,1.0,1.0,1.0,1.0,0.0,0.0,
2017219597.0,36,New York,19713025,36055,Monroe,750469.0,5.14283727790092,,2,3,2,2.0,1.0,0.0,0.0,1.0,1.0,1.0,1.0
1998656629.0,36,New York,19713025,36061,New York,1593919.0,0.724531675651462,,1,2,1,2.0,1.0,1.0,1.0,1.0,1.0,0.0,1.0
2011720757.0,36,New York,19713025,36047,Kings,2600751.0,0.671980800305002,0.5197537138,1,5,1,2.0,1.0,1.0,1.0,1.0,1.0,1.0,1.0
2037846007.0,36,New York,19713025,36007,Broome,197171.0,0.630214144432663,0.359527871,2,5,1,2.0,0.0,0.0,1.0,0.0,1.0,1.0,1.0
2026743779.0,36,New York,19713025,36047,Kings,2600751.0,1.66163607241721,1.021933127,2,5,2,2.0,1.0,1.0,1.0,1.0,0.0,0.0,1.0
2029089549.0,36,New York,19713025,36063,Niagara,210403.0,1.08572722469099,,1,2,1,2.0,0.0,0.0,1.0,1.0,1.0,1.0,0.0
2030442675.0,36,New York,19713025,36047,Kings,2600751.0,4.05205055322342,0.4754259247,2,2,2,2.0,1.0,1.0,1.0,1.0,1.0,1.0,1.0
2034817789.0,36,New York,19713025,36117,Wayne,90839.0,0.700828247880355,0.5381631339,2,5,1,2.0,1.0,1.0,1.0,1.0,1.0,1.0,1.0
1997443897.0,36,New York,19713025,36061,New York,1593919.0,0.216475668801641,0.6554049351,1,5,1,2.0,0.0,1.0,1.0,1.0,1.0,1.0,1.0
2014378453.0,36,New York,19713025,36005,Bronx,1384053.0,0.556919916483833,,1,2,2,2.0,1.0,1.0,1.0,1.0,1.0,1.0,0.0
2020794569.0,36,New York,19713025,36081,Queens,2291363.0,4.53074941851412,,1,2,3,,0.0,1.0,1.0,0.0,1.0,1.0,0.0
2012540167.0,36,New York,19713025,36081,Queens,2291363.0,2.87379678911414,,1,2,1,2.0,1.0,1.0,1.0,1.0,1.0,1.0,1.0
2038902393.0,36,New York,19713025,36047,Kings,2600751.0,4.3238732996475,,1,3,2,1.0,1.0,1.0,1.0,1.0,1.0,0.0,1.0
2016951247.0,36,New York,19713025,36091,Saratoga,238523.0,6.82181034067949,,1,1,1,2.0,0.0,0.0,0.0,0.0,0.0,0.0,0.0
2035318405.0,36,New York,19713025,36005,Bronx,1384053.0,0.671980800305002,0.5197537138,1,5,1,2.0,1.0,1.0,1.0,1.0,1.0,1.0,1.0
2038477255.0,36,New York,19713025,36107,Tioga,47724.0,2.32977622828131,1.5159349011,2,3,1,2.0,0.0,0.0,0.0,0.0,0.0,1.0,0.0
2018464729.0,36,New York,19713025,36103,Suffolk,1531736.0,1.13737715368073,1.2308455448,2,2,1,2.0,1.0,1.0,1.0,1.0,1.0,1.0,1.0
2041082123.0,36,New York,19713025,36061,New York,1593919.0,1.42586504405212,,1,3,1,2.0,0.0,1.0,1.0,1.0,1.0,1.0,1.0
2024569391.0,36,New York,19713025,36081,Queens,2291363.0,0.288367018774385,,2,3,2,2.0,1.0,1.0,1.0,1.0,1.0,1.0,1.0
2039033813.0,36,New York,19713025,36119,Westchester,994313.0,0.939609226162967,,1,5,1,2.0,1.0,1.0,1.0,1.0,1.0,1.0,1.0
2013898589.0,36,New York,19713025,36061,New York,1593919.0,0.496974800615357,0.5760033952,2,4,3,1.0,1.0,1.0,1.0,1.0,1.0,1.0,1.0
2017430453.0,36,New York,19713025,36061,New York,1593919.0,0.825206274250224,0.7156157430000001,2,5,1,2.0,1.0,1.0,1.0,1.0,1.0,1.0,1.0
2019043027.0,36,New York,19713025,36047,Kings,2600751.0,3.14103858848342,0.6207151825,2,5,2,2.0,0.0,1.0,1.0,1.0,1.0,1.0,0.0
1999169079.0,36,New York,19713025,36045,Jefferson,115493.0,2.2508671124567,,2,4,1,2.0,1.0,1.0,1.0,1.0,1.0,0.0,1.0
2014527501.0,41,Oregon,4245964,41051,Multnomah,796165.0,1.18307646792047,0.8885422468,1,5,1,2.0,1.0,1.0,1.0,1.0,1.0,0.0,1.0
2042910169.0,41,Oregon,4245964,41051,Multnomah,796165.0,3.18728443125053,,1,2,2,2.0,1.0,1.0,1.0,1.0,1.0,1.0,1.0
1944305723.0,41,Oregon,4245964,41017,Deschutes,206421.0,6.19112509974079,1.9528394997,1,2,1,2.0,1.0,1.0,1.0,1.0,1.0,0.0,1.0
2002975751.0,41,Oregon,4245964,41047,Marion,348364.0,0.319800535981501,1.1369517999,1,6,6,2.0,1.0,0.0,0.0,0.0,0.0,1.0,0.0
2013364391.0,41,Oregon,4245964,41047,Marion,348364.0,2.15483007495639,2.5372461257,1,4,1,2.0,1.0,1.0,1.0,1.0,1.0,0.0,1.0
2004324003.0,41,Oregon,4245964,41051,Multnomah,796165.0,1.15723891852882,1.4686895893,2,1,6,1.0,0.0,1.0,1.0,1.0,1.0,1.0,0.0
1983974253.0,41,Oregon,4245964,41051,Multnomah,796165.0,0.85144886491727,,1,6,1,2.0,1.0,1.0,1.0,1.0,1.0,1.0,1.0
2043494105.0,41,Oregon,4245964,41067,Washington,600063.0,1.32633154858366,1.5042744634,1,5,3,1.0,1.0,1.0,1.0,1.0,1.0,0.0,1.0
2014660745.0,41,Oregon,4245964,41009,Columbia,53543.0,2.29854935105272,0.9874606410000001,2,6,6,2.0,0.0,0.0,1.0,0.0,0.0,1.0,0.0
2011200569.0,41,Oregon,4245964,41005,Clackamas,423098.0,1.8892398758952,1.9827072727,2,2,1,2.0,0.0,0.0,1.0,0.0,0.0,1.0,0.0
2021702507.0,41,Oregon,4245964,41051,Multnomah,796165.0,1.61910276219966,,2,4,3,1.0,1.0,1.0,1.0,1.0,1.0,0.0,1.0
1983441147.0,41,Oregon,4245964,41003,Benton,97281.0,0.594942468990742,0.5327623233000001,1,5,1,2.0,1.0,1.0,1.0,1.0,1.0,0.0,1.0
2010120063.0,41,Oregon,4245964,41067,Washington,600063.0,0.306098542585694,0.2108503109,2,2,7,1.0,1.0,1.0,1.0,0.0,1.0,1.0,1.0
2031540913.0,05,Arkansas,3047429,05057,Hempstead,19453.0,3.39220652093111,,1,2,1,2.0,1.0,1.0,0.0,0.0,1.0,1.0,0.0
2029078813.0,05,Arkansas,3047429,05055,Greene,46360.0,4.15968392382017,,2,1,1,2.0,1.0,1.0,1.0,1.0,1.0,1.0,0.0
2044678419.0,05,Arkansas,3047429,05143,Washington,257206.0,2.51544844850396,,2,2,1,2.0,0.0,1.0,0.0,1.0,1.0,0.0,0.0
2028971835.0,05,Arkansas,3047429,05119,Pulaski,400246.0,1.07958162185266,,2,2,1,2.0,1.0,1.0,1.0,1.0,1.0,0.0,1.0
2015055549.0,05,Arkansas,3047429,05007,Benton,303380.0,0.48010123857254,0.9223368054000001,1,6,1,2.0,0.0,0.0,0.0,0.0,0.0,1.0,0.0
2034446293.0,05,Arkansas,3047429,05125,Saline,127485.0,2.03720688365507,,2,3,2,2.0,0.0,0.0,0.0,0.0,0.0,1.0,0.0
2039699887.0,05,Arkansas,3047429,05015,Carroll,28695.0,1.09052200202041,0.8704655312,2,4,1,2.0,1.0,0.0,1.0,0.0,0.0,0.0,0.0
2032859241.0,05,Arkansas,3047429,05125,Saline,127485.0,2.34864432063105,,1,3,2,2.0,1.0,1.0,0.0,0.0,1.0,1.0,1.0
2043485437.0,05,Arkansas,3047429,05125,Saline,127485.0,0.494167392041735,2.225459089,2,2,1,2.0,0.0,0.0,1.0,0.0,0.0,1.0,0.0
2035387735.0,08,Colorado,5853355,08041,El Paso,741819.0,1.45424672910613,1.3620746344999999,1,5,4,2.0,1.0,1.0,1.0,1.0,1.0,1.0,1.0
2039678595.0,08,Colorado,5853355,08005,Arapahoe,659472.0,0.3928659382852,,1,3,3,,1.0,1.0,1.0,1.0,1.0,0.0,1.0
1998772779.0,08,Colorado,5853355,08041,El Paso,741819.0,1.50772389249376,1.5270526104000002,2,5,1,2.0,1.0,0.0,0.0,0.0,0.0,1.0,0.0
2034418287.0,08,Colorado,5853355,08043,Fremont,49544.0,2.93371282162206,,1,4,5,1.0,1.0,1.0,1.0,1.0,1.0,0.0,0.0
2013375171.0,08,Colorado,5853355,08041,El Paso,741819.0,0.569663128701353,,1,4,1,2.0,1.0,1.0,1.0,1.0,1.0,1.0,1.0
2020960091.0,08,Colorado,5853355,08035,Douglas,376188.0,1.29167148199025,,2,2,1,2.0,0.0,0.0,0.0,0.0,0.0,1.0,0.0
2030738199.0,08,Colorado,5853355,08013,Boulder,327914.0,7.7719180105506,,2,2,1,2.0,0.0,1.0,1.0,1.0,1.0,0.0,0.0
2044694657.0,08,Colorado,5853355,08051,Gunnison,17324.0,2.78883076509018,,1,3,3,,1.0,0.0,1.0,0.0,0.0,1.0,0.0
2045157671.0,08,Colorado,5853355,08041,El Paso,741819.0,1.58085277524521,1.2292407258,2,5,1,2.0,1.0,1.0,1.0,1.0,1.0,0.0,1.0
2012590361.0,08,Colorado,5853355,08013,Boulder,327914.0,1.40083967828524,1.5657836626,1,6,4,2.0,1.0,1.0,1.0,1.0,1.0,0.0,1.0
2034659857.0,08,Colorado,5853355,08123,Weld,350793.0,0.931473442878642,2.7872943332,2,5,1,2.0,0.0,1.0,0.0,1.0,1.0,0.0,
2013415555.0,08,Colorado,5853355,08059,Jefferson,576703.0,1.63466378269814,1.5409730984,1,5,1,2.0,1.0,1.0,1.0,1.0,1.0,0.0,1.0
1994397631.0,08,Colorado,5853355,08075,Logan,20798.0,0.599775062712444,0.705184267,2,3,1,2.0,1.0,1.0,1.0,1.0,1.0,1.0,1.0
1993730265.0,08,Colorado,5853355,08081,Moffat,13201.0,2.67178834155773,,2,4,1,2.0,0.0,1.0,0.0,1.0,0.0,1.0,0.0
2034216853.0,08,Colorado,5853355,08031,Denver,716800.0,1.63466378269814,,1,5,1,2.0,1.0,1.0,1.0,1.0,1.0,0.0,1.0
2016949559.0,08,Colorado,5853355,08123,Weld,350793.0,0.667367254776678,0.5382515246,1,3,3,1.0,1.0,1.0,1.0,1.0,0.0,0.0,1.0
2045064969.0,08,Colorado,5853355,08077,Mesa,158634.0,2.36180379246732,,1,2,1,2.0,1.0,1.0,1.0,1.0,1.0,1.0,0.0
2015229871.0,08,Colorado,5853355,08005,Arapahoe,659472.0,3.39757113565726,2.6085213267,2,5,1,2.0,0.0,0.0,0.0,0.0,1.0,1.0,0.0
2044168037.0,12,Florida,22413989,12075,Levy,45278.0,0.647437305085848,0.5217949713,2,3,1,2.0,1.0,1.0,1.0,1.0,1.0,0.0,1.0
2012943625.0,12,Florida,22413989,12061,Indian River,167650.0,0.722488230956685,0.5453964826000001,1,6,1,2.0,1.0,1.0,1.0,1.0,0.0,1.0,1.0
2036378075.0,12,Florida,22413989,12086,Miami-Dade,2733972.0,0.716173238316712,0.8186470617,2,4,3,1.0,1.0,1.0,1.0,1.0,1.0,1.0,1.0
1997602725.0,12,Florida,22413989,12073,Leon,297935.0,1.51131399430049,1.0877267832,1,4,7,2.0,1.0,0.0,0.0,0.0,0.0,1.0,0.0
2020900101.0,12,Florida,22413989,12086,Miami-Dade,2733972.0,0.206311487825905,0.3887376883,1,5,3,1.0,1.0,1.0,0.0,0.0,1.0,1.0,1.0
2036914941.0,12,Florida,22413989,12109,St. Johns,307645.0,15.0614388091749,,2,1,3,,1.0,1.0,1.0,1.0,1.0,0.0,1.0
2040643537.0,12,Florida,22413989,12011,Broward,1966353.0,0.266203601621752,0.7044093811000001,1,2,1,2.0,1.0,1.0,1.0,0.0,1.0,0.0,1.0
2037696983.0,12,Florida,22413989,12097,Osceola,427887.0,0.472690640497605,,1,4,1,2.0,1.0,1.0,1.0,1.0,1.0,1.0,1.0
1995903777.0,12,Florida,22413989,12057,Hillsborough,1525239.0,1.79186533394365,,2,3,7,2.0,0.0,0.0,1.0,1.0,0.0,0.0,0.0
2013600129.0,12,Florida,22413989,12111,St. Lucie,360720.0,0.886062098996003,0.7650625009,2,3,1,2.0,0.0,0.0,0.0,0.0,0.0,1.0,0.0
1997538863.0,12,Florida,22413989,12086,Miami-Dade,2733972.0,2.48872698756392,,1,5,1,2.0,1.0,0.0,1.0,1.0,1.0,1.0,1.0
1999563177.0,12,Florida,22413989,12071,Lee,828059.0,0.344937942689665,0.30941138160000003,1,4,1,2.0,1.0,1.0,1.0,1.0,1.0,0.0,1.0
2030648727.0,12,Florida,22413989,12099,Palm Beach,1533130.0,3.50914539085611,,2,4,2,2.0,1.0,1.0,1.0,1.0,1.0,1.0,1.0
2028970063.0,12,Florida,22413989,12011,Broward,1966353.0,0.367001934961552,,1,2,1,2.0,1.0,0.0,1.0,0.0,1.0,1.0,1.0
2035046341.0,12,Florida,22413989,12103,Pinellas,964496.0,2.3634721214632,,2,6,1,2.0,0.0,1.0,1.0,1.0,1.0,0.0,1.0
2038538217.0,12,Florida,22413989,12103,Pinellas,964496.0,0.471891552459375,1.1252728586,1,5,1,2.0,1.0,1.0,1.0,1.0,1.0,0.0,1.0
2034444771.0,12,Florida,22413989,12095,Orange,1467069.0,1.31917702651557,1.0175454348,1,2,1,2.0,0.0,0.0,1.0,0.0,0.0,1.0,1.0
2036915973.0,12,Florida,22413989,12086,Miami-Dade,2733972.0,4.59609598370317,1.7484321610000002,2,6,2,2.0,1.0,1.0,1.0,1.0,1.0,1.0,0.0
1997567897.0,12,Florida,22413989,12009,Brevard,631833.0,0.62828668788508,0.6305656150000001,1,4,1,2.0,0.0,0.0,0.0,0.0,0.0,1.0,0.0
2010265763.0,12,Florida,22413989,12031,Duval,1022751.0,1.50342612445119,2.1244671393,2,2,2,2.0,1.0,1.0,0.0,1.0,0.0,0.0,1.0
2027277743.0,12,Florida,22413989,12095,Orange,1467069.0,1.33347044922839,,1,2,6,1.0,1.0,1.0,1.0,1.0,1.0,1.0,1.0
2038078809.0,12,Florida,22413989,12033,Escambia,325075.0,1.1045772687127,0.7063868715,2,5,3,1.0,1.0,1.0,1.0,1.0,1.0,0.0,1.0
1984345509.0,12,Florida,22413989,12111,St. Lucie,360720.0,7.02749185205661,,1,2,3,1.0,1.0,1.0,1.0,1.0,1.0,1.0,0.0
2018785873.0,12,Florida,22413989,12095,Orange,1467069.0,1.14810147928262,0.9988045105000001,2,4,3,1.0,0.0,0.0,0.0,0.0,1.0,1.0,0.0
2030927539.0,12,Florida,22413989,12086,Miami-Dade,2733972.0,2.47225963868319,,2,3,1,1.0,0.0,1.0,1.0,1.0,0.0,1.0,1.0
1995478707.0,12,Florida,22413989,12099,Palm Beach,1533130.0,1.21629564132881,,2,4,1,2.0,1.0,1.0,1.0,1.0,1.0,1.0,0.0
2015180739.0,12,Florida,22413989,12086,Miami-Dade,2733972.0,1.11548436686008,3.1585181772,1,2,3,1.0,1.0,1.0,1.0,1.0,1.0,1.0,1.0
2039765305.0,12,Florida,22413989,12086,Miami-Dade,2733972.0,0.471891552459375,,1,5,1,2.0,1.0,1.0,1.0,1.0,1.0,1.0,1.0
2030717293.0,12,Florida,22413989,12103,Pinellas,964496.0,0.739635027736448,,2,2,1,2.0,1.0,1.0,1.0,1.0,1.0,0.0,1.0
2011952443.0,12,Florida,22413989,12111,St. Lucie,360720.0,0.935018912948957,1.0802404995,2,2,1,2.0,0.0,0.0,0.0,0.0,1.0,1.0,0.0
2037679809.0,12,Florida,22413989,12097,Osceola,427887.0,1.08886477657459,,2,6,1,2.0,1.0,1.0,0.0,1.0,1.0,1.0,0.0
2014553213.0,12,Florida,22413989,12099,Palm Beach,1533130.0,1.39405138349772,1.3306030127000001,2,6,1,2.0,1.0,1.0,1.0,1.0,1.0,1.0,1.0
2039216291.0,12,Florida,22413989,12086,Miami-Dade,2733972.0,2.26959774591938,,1,5,2,2.0,0.0,1.0,0.0,1.0,0.0,1.0,0.0
2013723747.0,12,Florida,22413989,12031,Duval,1022751.0,0.820644387471487,1.1438672252,2,1,2,2.0,0.0,1.0,1.0,0.0,1.0,0.0,0.0
2024228965.0,12,Florida,22413989,12099,Palm Beach,1533130.0,1.00035126843205,,2,6,1,2.0,1.0,1.0,1.0,1.0,1.0,1.0,1.0
2015186493.0,12,Florida,22413989,12105,Polk,790796.0,1.6178363897031,1.3486005118,1,6,1,2.0,0.0,0.0,0.0,0.0,0.0,1.0,0.0
2013032675.0,12,Florida,22413989,12095,Orange,1467069.0,0.736627911239339,0.5876633286,2,3,2,2.0,1.0,1.0,1.0,1.0,1.0,1.0,1.0
2034997167.0,12,Florida,22413989,12129,Wakulla,35174.0,1.40055090797943,1.256260097,1,5,1,2.0,0.0,0.0,0.0,0.0,0.0,1.0,0.0
2010428091.0,12,Florida,22413989,12101,Pasco,610396.0,0.985651611932828,1.0412289326,2,6,3,1.0,0.0,1.0,0.0,0.0,1.0,1.0,0.0
2014489587.0,12,Florida,22413989,12115,Sarasota,464297.0,1.05232151724845,0.9805992566,1,5,1,2.0,0.0,0.0,0.0,0.0,0.0,1.0,0.0
2033033379.0,12,Florida,22413989,12099,Palm Beach,1533130.0,0.452847247982481,0.4614005618,1,3,1,2.0,1.0,1.0,0.0,1.0,1.0,0.0,1.0
2036914475.0,12,Florida,22413989,12086,Miami-Dade,2733972.0,0.486399133535566,,2,6,2,2.0,1.0,1.0,1.0,1.0,1.0,1.0,1.0
2045844361.0,12,Florida,22413989,12086,Miami-Dade,2733972.0,0.451316206045332,,2,5,3,,1.0,1.0,1.0,1.0,1.0,1.0,1.0
2012493973.0,12,Florida,22413989,12011,Broward,1966353.0,0.761912514172188,0.8273841525000001,1,3,1,2.0,1.0,1.0,0.0,1.0,1.0,0.0,1.0
2014892427.0,12,Florida,22413989,12103,Pinellas,964496.0,0.742051231802715,0.5834578963,1,5,1,2.0,1.0,1.0,1.0,1.0,0.0,0.0,1.0
2001374461.0,12,Florida,22413989,12115,Sarasota,464297.0,0.766790115935559,,1,1,5,1.0,1.0,0.0,1.0,1.0,0.0,1.0,0.0
2022473871.0,12,Florida,22413989,12127,Volusia,580529.0,0.860486012102044,,2,2,1,2.0,0.0,0.0,0.0,0.0,0.0,0.0,1.0
2044615495.0,12,Florida,22413989,12069,Lake,410943.0,2.48872698756392,2.7170276012,1,5,1,2.0,0.0,0.0,0.0,0.0,0.0,1.0,0.0
2031473939.0,12,Florida,22413989,12099,Palm Beach,1533130.0,1.3579703321663,1.5096050830999999,1,2,1,2.0,0.0,0.0,0.0,0.0,0.0,1.0,0.0
2024572447.0,12,Florida,22413989,12011,Broward,1966353.0,1.19226877563015,1.2670652895,2,5,2,2.0,0.0,1.0,1.0,1.0,1.0,1.0,0.0
2012095173.0,12,Florida,22413989,12107,Putnam,74795.0,0.571110599406146,0.5825914262,2,4,1,2.0,1.0,1.0,1.0,1.0,1.0,1.0,1.0
2038230435.0,12,Florida,22413989,12086,Miami-Dade,2733972.0,2.50996817187434,,1,6,3,,1.0,0.0,1.0,0.0,1.0,1.0,1.0
2016850805.0,12,Florida,22413989,12017,Citrus,162495.0,0.533845653712183,0.38255415800000003,2,2,1,2.0,1.0,1.0,1.0,1.0,1.0,1.0,1.0
2000171743.0,12,Florida,22413989,12127,Volusia,580529.0,0.886062098996003,0.7650625009,2,3,1,2.0,0.0,0.0,0.0,0.0,0.0,1.0,0.0
2012882993.0,12,Florida,22413989,12099,Palm Beach,1533130.0,0.552376052166618,0.49098029860000003,2,3,1,2.0,1.0,1.0,1.0,1.0,1.0,0.0,1.0
1998530127.0,12,Florida,22413989,12083,Marion,397075.0,1.68264580906981,,1,6,1,2.0,0.0,0.0,1.0,0.0,0.0,1.0,0.0
2011236297.0,12,Florida,22413989,12095,Orange,1467069.0,1.87724703357964,0.9713298134,2,6,3,1.0,1.0,1.0,1.0,1.0,1.0,0.0,1.0
1993693383.0,12,Florida,22413989,12095,Orange,1467069.0,0.62514401208959,0.5205192056,2,5,1,2.0,0.0,1.0,1.0,1.0,1.0,0.0,1.0
2016562371.0,12,Florida,22413989,12091,Okaloosa,217215.0,1.04150132244255,1.5005540518,2,2,1,2.0,0.0,0.0,0.0,0.0,1.0,1.0,0.0
2028888923.0,12,Florida,22413989,12115,Sarasota,464297.0,1.49198661790711,,1,3,1,2.0,1.0,1.0,1.0,1.0,1.0,0.0,1.0
2014554379.0,12,Florida,22413989,12011,Broward,1966353.0,0.632578401883606,0.5759558796,2,5,1,2.0,1.0,1.0,1.0,1.0,1.0,1.0,1.0
2015136531.0,12,Florida,22413989,12031,Duval,1022751.0,0.929369072131486,0.8591354712,2,3,1,2.0,0.0,0.0,0.0,0.0,0.0,1.0,0.0
2040051953.0,12,Florida,22413989,12099,Palm Beach,1533130.0,2.2672597608999,1.4617235215,1,6,3,1.0,1.0,1.0,0.0,1.0,1.0,1.0,1.0
2034659351.0,12,Florida,22413989,12037,Franklin,12471.0,3.53964856279247,,1,2,1,2.0,1.0,1.0,0.0,1.0,1.0,0.0,1.0
2020363993.0,12,Florida,22413989,12057,Hillsborough,1525239.0,2.93190342078662,,1,5,3,,1.0,1.0,1.0,1.0,1.0,1.0,1.0
2012820383.0,12,Florida,22413989,12105,Polk,790796.0,1.84140579788184,1.2280207217,1,3,1,2.0,0.0,0.0,0.0,0.0,0.0,1.0,0.0
2040184879.0,12,Florida,22413989,12053,Hernando,207033.0,1.91704006114342,,1,2,3,,1.0,1.0,1.0,0.0,1.0,1.0,1.0
2011234889.0,46,South Dakota,909156,46083,Lincoln,70957.0,1.52311508223199,1.2505766003,2,3,1,2.0,1.0,1.0,0.0,1.0,1.0,1.0,1.0
2012368009.0,46,South Dakota,909156,46103,Pennington,114307.0,1.32405534783074,1.2507462823,1,2,1,2.0,0.0,0.0,0.0,0.0,1.0,1.0,0.0
2039983771.0,46,South Dakota,909156,46041,Dewey,5094.0,0.531717188300091,0.6436589435,2,4,1,2.0,0.0,0.0,0.0,0.0,1.0,1.0,0.0
2020093129.0,47,Tennessee,7063325,47001,Anderson,79042.0,3.42642335940867,,1,2,1,2.0,1.0,0.0,0.0,0.0,0.0,0.0,1.0
2033030631.0,47,Tennessee,7063325,47009,Blount,139838.0,1.88675561590679,1.4454667197,3,3,1,2.0,1.0,1.0,1.0,1.0,1.0,0.0,1.0
2022822721.0,47,Tennessee,7063325,47157,Shelby,919092.0,3.56615986034627,,2,2,2,2.0,0.0,1.0,1.0,1.0,1.0,1.0,1.0
2028856639.0,47,Tennessee,7063325,47041,DeKalb,20987.0,3.14031167674213,8.6236698182,1,1,1,2.0,0.0,0.0,0.0,0.0,0.0,1.0,0.0
2012459551.0,47,Tennessee,7063325,47145,Roane,55279.0,4.85881683188819,1.740026289,1,2,1,2.0,1.0,1.0,1.0,1.0,1.0,1.0,1.0
2011516221.0,47,Tennessee,7063325,47037,Davidson,712156.0,4.74606360361415,,2,3,1,2.0,1.0,1.0,1.0,1.0,1.0,1.0,1.0
2013849901.0,47,Tennessee,7063325,47065,Hamilton,375738.0,15.0614388091749,12.7415012277,1,1,2,2.0,1.0,1.0,1.0,1.0,1.0,1.0,1.0
2002533701.0,47,Tennessee,7063325,47045,Dyer,36415.0,1.4185242510908,1.1332431065,2,6,1,2.0,1.0,1.0,1.0,1.0,1.0,0.0,1.0
2037683071.0,47,Tennessee,7063325,47189,Wilson,158979.0,0.650931807665152,,1,5,1,2.0,0.0,0.0,0.0,0.0,0.0,1.0,0.0
2012621975.0,47,Tennessee,7063325,47155,Sevier,99362.0,0.898976659694826,1.2877166253,2,5,1,2.0,1.0,1.0,1.0,1.0,1.0,1.0,1.0
2021580805.0,47,Tennessee,7063325,47189,Wilson,158979.0,6.35893747798944,,2,1,1,2.0,1.0,1.0,0.0,0.0,1.0,0.0,1.0
2019650557.0,47,Tennessee,7063325,47105,Loudon,58286.0,0.950913631777523,0.8261775756,2,4,1,2.0,0.0,1.0,0.0,0.0,0.0,1.0,0.0
2034580761.0,47,Tennessee,7063325,47025,Claiborne,32371.0,2.50954638433694,,2,2,1,2.0,0.0,1.0,0.0,0.0,0.0,1.0,0.0
2010999405.0,47,Tennessee,7063325,47179,Washington,136273.0,0.436631409333725,0.8114230034000001,1,3,1,2.0,0.0,1.0,1.0,1.0,1.0,1.0,1.0
2017548579.0,47,Tennessee,7063325,47113,Madison,99283.0,1.95625429336627,1.7093742671,1,5,6,2.0,1.0,1.0,1.0,1.0,1.0,0.0,1.0
2044046331.0,47,Tennessee,7063325,47001,Anderson,79042.0,0.650931807665152,1.0535042891,1,5,1,2.0,0.0,0.0,0.0,0.0,0.0,1.0,0.0
2030535601.0,47,Tennessee,7063325,47065,Hamilton,375738.0,0.828215051961483,,2,3,1,2.0,0.0,0.0,0.0,0.0,1.0,1.0,1.0
2035654231.0,47,Tennessee,7063325,47157,Shelby,919092.0,0.238838629912055,,1,2,2,2.0,0.0,1.0,1.0,1.0,1.0,1.0,1.0
2040469947.0,47,Tennessee,7063325,47041,DeKalb,20987.0,2.13882867751866,2.8200914859,1,2,1,2.0,0.0,0.0,0.0,0.0,0.0,0.0,1.0
2034519581.0,47,Tennessee,7063325,47165,Sumner,204002.0,2.54713670149542,,1,2,1,2.0,0.0,1.0,1.0,0.0,1.0,1.0,0.0
2009138767.0,47,Tennessee,7063325,47163,Sullivan,160899.0,0.979001176998639,0.9885391676,2,3,1,2.0,0.0,0.0,0.0,0.0,1.0,1.0,0.0
2021275571.0,31,Nebraska,1972595,31029,Chase,3770.0,1.53023373201264,3.276427912,1,1,6,2.0,0.0,0.0,0.0,0.0,0.0,1.0,0.0
1998037397.0,31,Nebraska,1972595,31079,Hall,62555.0,4.13444514899856,1.769694848,1,3,1,2.0,1.0,1.0,1.0,1.0,1.0,0.0,1.0
2030246975.0,31,Nebraska,1972595,31001,Adams,31016.0,1.32970248891077,1.360861915,1,5,1,2.0,0.0,0.0,0.0,0.0,0.0,1.0,0.0
2042328603.0,31,Nebraska,1972595,31009,Blaine,448.0,1.08802962126266,0.6321368304,1,5,1,2.0,1.0,1.0,0.0,1.0,0.0,0.0,1.0
2016859719.0,31,Nebraska,1972595,31109,Lancaster,325122.0,0.881423193104245,0.5306174081,3,5,1,2.0,0.0,0.0,1.0,1.0,1.0,1.0,1.0
2014998129.0,31,Nebraska,1972595,31109,Lancaster,325122.0,0.551897522481293,0.5954375566,2,3,1,2.0,1.0,1.0,1.0,1.0,1.0,0.0,1.0
1995238905.0,04,Arizona,7370065,04019,Pima,1058224.0,2.90367714090876,2.8974803490000003,2,5,1,2.0,1.0,1.0,1.0,1.0,1.0,1.0,1.0
2043816975.0,04,Arizona,7370065,04013,Maricopa,4559561.0,2.6861146984201,,2,2,1,2.0,1.0,1.0,1.0,1.0,1.0,0.0,1.0
1998501961.0,04,Arizona,7370065,04025,Yavapai,246237.0,9.66416615439967,4.1452540679,1,3,1,2.0,1.0,0.0,1.0,0.0,0.0,1.0,0.0
1995353963.0,04,Arizona,7370065,04013,Maricopa,4559561.0,0.602571735544876,0.8334036211,1,4,1,2.0,0.0,0.0,0.0,0.0,0.0,1.0,0.0
2012082793.0,04,Arizona,7370065,04007,Gila,53902.0,5.48985037573698,,2,3,6,2.0,1.0,1.0,0.0,0.0,1.0,1.0,1.0
1997719363.0,04,Arizona,7370065,04013,Maricopa,4559561.0,0.876886385022066,0.7768210329,2,4,1,2.0,0.0,1.0,0.0,0.0,1.0,1.0,0.0
2015493515.0,04,Arizona,7370065,04013,Maricopa,4559561.0,3.96455520067683,,2,3,3,1.0,0.0,1.0,1.0,0.0,1.0,1.0,0.0
2019843045.0,04,Arizona,7370065,04019,Pima,1058224.0,2.46834210181791,1.9516901249,2,3,1,2.0,0.0,1.0,0.0,0.0,1.0,1.0,0.0
2013488693.0,04,Arizona,7370065,04013,Maricopa,4559561.0,5.3201875676668,,2,2,6,2.0,1.0,1.0,1.0,1.0,1.0,0.0,1.0
1995559479.0,04,Arizona,7370065,04019,Pima,1058224.0,0.445752499197728,0.6138823708000001,1,5,1,2.0,1.0,1.0,1.0,1.0,1.0,0.0,1.0
1999280543.0,04,Arizona,7370065,04013,Maricopa,4559561.0,0.886326511186285,2.1104522911,1,2,1,2.0,1.0,1.0,1.0,1.0,0.0,1.0,1.0
2014635065.0,04,Arizona,7370065,04009,Graham,38784.0,7.64025246303675,,1,2,1,2.0,0.0,0.0,0.0,0.0,1.0,1.0,0.0
1998472103.0,04,Arizona,7370065,04013,Maricopa,4559561.0,0.590814345055278,0.5135473295,1,3,1,2.0,1.0,1.0,1.0,0.0,1.0,1.0,1.0
2033231035.0,04,Arizona,7370065,04019,Pima,1058224.0,15.0614388091749,,1,3,1,2.0,1.0,1.0,0.0,1.0,1.0,1.0,1.0
2010680191.0,04,Arizona,7370065,04013,Maricopa,4559561.0,3.03134419782749,,1,5,1,2.0,1.0,1.0,1.0,0.0,1.0,0.0,1.0
2012823625.0,04,Arizona,7370065,04019,Pima,1058224.0,0.9008129225966,1.3204677024,2,6,1,2.0,1.0,0.0,1.0,0.0,1.0,0.0,1.0
2015126309.0,04,Arizona,7370065,04019,Pima,1058224.0,1.16706158964485,0.9951968244,2,4,1,2.0,0.0,0.0,0.0,0.0,0.0,1.0,0.0
2015533203.0,04,Arizona,7370065,04013,Maricopa,4559561.0,7.49027332095308,,2,4,2,2.0,0.0,0.0,0.0,0.0,0.0,0.0,0.0
1983359733.0,04,Arizona,7370065,04019,Pima,1058224.0,0.651395245261524,0.6615688226,2,6,1,2.0,1.0,1.0,1.0,1.0,1.0,0.0,1.0
1999301225.0,04,Arizona,7370065,04013,Maricopa,4559561.0,4.12718781275907,,2,6,3,1.0,1.0,1.0,1.0,1.0,1.0,0.0,1.0
2038946567.0,04,Arizona,7370065,04013,Maricopa,4559561.0,2.27763854022432,3.2730888564000002,1,5,1,2.0,1.0,1.0,1.0,1.0,1.0,0.0,1.0
1981978229.0,04,Arizona,7370065,04019,Pima,1058224.0,0.425467371768308,0.6876654107,1,3,1,2.0,1.0,1.0,1.0,0.0,1.0,1.0,1.0
2014887813.0,49,Utah,3393928,49049,Utah,705241.0,0.572179496576444,1.8754063335,1,2,1,2.0,1.0,1.0,1.0,0.0,1.0,1.0,1.0
2015126939.0,49,Utah,3393928,49035,Salt Lake,1194746.0,0.717980523943823,,2,5,1,2.0,1.0,1.0,1.0,1.0,1.0,0.0,1.0
2012875669.0,49,Utah,3393928,49035,Salt Lake,1194746.0,7.6578511682913,,1,3,1,2.0,0.0,0.0,0.0,0.0,0.0,0.0,1.0
2014459981.0,49,Utah,3393928,49053,Washington,197936.0,0.844663184533717,,2,2,1,2.0,0.0,1.0,1.0,1.0,0.0,0.0,1.0
2036915205.0,49,Utah,3393928,49035,Salt Lake,1194746.0,0.428444191841229,1.6951956995000002,1,3,3,1.0,1.0,1.0,1.0,1.0,1.0,0.0,1.0
2035506317.0,49,Utah,3393928,49049,Utah,705241.0,5.37472606771697,2.4473177412,2,6,1,2.0,1.0,1.0,1.0,1.0,1.0,0.0,1.0
2003955117.0,49,Utah,3393928,49035,Salt Lake,1194746.0,0.97398339571752,1.1351988002,1,4,1,2.0,0.0,1.0,1.0,0.0,1.0,1.0,1.0
2011281519.0,49,Utah,3393928,49049,Utah,705241.0,1.18853353707017,1.0453514315,2,3,1,2.0,0.0,0.0,0.0,0.0,0.0,1.0,0.0
2011607157.0,49,Utah,3393928,49057,Weber,269800.0,2.99537472217643,,2,2,1,2.0,1.0,1.0,1.0,1.0,1.0,1.0,1.0
2015168439.0,49,Utah,3393928,49049,Utah,705241.0,1.23396011468453,,1,6,1,1.0,1.0,0.0,0.0,1.0,0.0,1.0,0.0
2029973555.0,39,Ohio,11764950,39027,Clinton,41893.0,6.58244661151669,1.4438573653,2,3,1,2.0,1.0,1.0,1.0,1.0,1.0,0.0,1.0
2011772051.0,39,Ohio,11764950,39113,Montgomery,533913.0,1.21915232062215,,2,6,1,2.0,1.0,1.0,1.0,1.0,1.0,0.0,1.0
2014258089.0,39,Ohio,11764950,39061,Hamilton,826532.0,15.0614388091749,12.6017912903,1,1,2,2.0,1.0,1.0,1.0,1.0,1.0,0.0,1.0
2042327993.0,39,Ohio,11764950,39113,Montgomery,533913.0,1.13417341576414,1.1051286264,1,6,1,2.0,0.0,0.0,0.0,0.0,0.0,1.0,0.0
1996934371.0,39,Ohio,11764950,39055,Geauga,95501.0,0.648867218560355,0.41889186640000003,1,5,1,2.0,1.0,1.0,1.0,1.0,1.0,0.0,1.0
2016380751.0,39,Ohio,11764950,39035,Cuyahoga,1237196.0,1.21734769472783,,1,4,1,2.0,1.0,1.0,1.0,1.0,1.0,1.0,1.0
2032997259.0,39,Ohio,11764950,39139,Richland,125076.0,6.16049656491515,,2,2,1,2.0,1.0,1.0,1.0,1.0,1.0,0.0,1.0
2007743589.0,39,Ohio,11764950,39155,Trumbull,200537.0,0.705128865916136,0.8707876170000001,1,2,1,2.0,0.0,0.0,0.0,0.0,1.0,1.0,0.0
1997435529.0,39,Ohio,11764950,39035,Cuyahoga,1237196.0,3.38202277384039,4.5338471590000005,1,6,1,2.0,1.0,0.0,0.0,0.0,0.0,1.0,0.0
2002221323.0,39,Ohio,11764950,39099,Mahoning,225714.0,0.915470954563933,1.0299913275,1,4,1,2.0,1.0,1.0,0.0,1.0,1.0,1.0,0.0
2041605073.0,39,Ohio,11764950,39049,Franklin,1326392.0,4.88326727627816,,1,3,1,2.0,1.0,1.0,1.0,0.0,1.0,1.0,0.0
1984262935.0,39,Ohio,11764950,39085,Lake,231698.0,0.705128865916136,0.8707876170000001,1,2,1,2.0,0.0,0.0,0.0,0.0,0.0,1.0,0.0
2010242601.0,39,Ohio,11764950,39029,Columbiana,100447.0,1.51375365970428,1.6918073329,1,2,1,2.0,0.0,0.0,1.0,1.0,0.0,0.0,0.0
1994166009.0,39,Ohio,11764950,39039,Defiance,38139.0,0.648867218560355,0.41889186640000003,1,5,1,2.0,1.0,1.0,1.0,1.0,0.0,0.0,1.0
1999667231.0,39,Ohio,11764950,39107,Mercer,42343.0,3.86449824735968,,1,5,1,2.0,1.0,0.0,0.0,0.0,1.0,1.0,0.0
2028888563.0,39,Ohio,11764950,39153,Summit,535956.0,0.363257332847521,,1,3,2,2.0,0.0,1.0,1.0,0.0,0.0,0.0,0.0
2012022353.0,39,Ohio,11764950,39059,Guernsey,38056.0,1.86162283737881,,2,3,1,2.0,1.0,1.0,1.0,1.0,1.0,0.0,1.0
2024572213.0,39,Ohio,11764950,39035,Cuyahoga,1237196.0,0.140628135899151,0.5936109316,1,4,2,2.0,1.0,1.0,1.0,0.0,1.0,1.0,1.0
2024092169.0,39,Ohio,11764950,39153,Summit,535956.0,0.945714906742977,0.3702133056,2,5,6,2.0,0.0,0.0,0.0,0.0,1.0,1.0,0.0
2038903587.0,39,Ohio,11764950,39133,Portage,161741.0,0.262922465462394,,1,3,1,2.0,0.0,0.0,0.0,0.0,0.0,1.0,0.0
1984206867.0,39,Ohio,11764950,39153,Summit,535956.0,3.1109656621557,1.456877031,1,2,1,2.0,1.0,1.0,1.0,1.0,1.0,0.0,1.0
2039306807.0,39,Ohio,11764950,39049,Franklin,1326392.0,0.822333074354826,0.5746580582,2,6,1,2.0,1.0,1.0,1.0,1.0,1.0,0.0,1.0
2028990671.0,39,Ohio,11764950,39035,Cuyahoga,1237196.0,0.280859335807154,1.7943863403,1,2,2,2.0,0.0,1.0,1.0,1.0,1.0,1.0,1.0
2009036215.0,39,Ohio,11764950,39049,Franklin,1326392.0,4.53835289120316,4.5094132611,1,6,1,2.0,0.0,0.0,0.0,0.0,1.0,1.0,0.0
2034673273.0,39,Ohio,11764950,39041,Delaware,226809.0,3.28556055522791,,1,5,1,2.0,0.0,0.0,0.0,0.0,1.0,1.0,0.0
2039393623.0,39,Ohio,11764950,39005,Ashland,51927.0,0.885685367409778,1.4809664672,2,3,1,2.0,1.0,1.0,1.0,1.0,1.0,0.0,1.0
2012618907.0,39,Ohio,11764950,39061,Hamilton,826532.0,1.29267231682266,1.1422581229,2,6,1,2.0,1.0,0.0,0.0,0.0,1.0,1.0,0.0
2014989767.0,39,Ohio,11764950,39025,Clermont,210781.0,0.181882852205609,0.5371738955,1,2,1,2.0,1.0,1.0,1.0,1.0,0.0,0.0,1.0
2027537481.0,39,Ohio,11764950,39025,Clermont,210781.0,6.36787632260307,,1,3,1,2.0,1.0,1.0,1.0,1.0,1.0,1.0,1.0
2044842711.0,39,Ohio,11764950,39007,Ashtabula,96915.0,0.428077965256976,,2,2,1,2.0,0.0,0.0,0.0,0.0,1.0,1.0,0.0
2014139561.0,39,Ohio,11764950,39061,Hamilton,826532.0,4.63404685919229,,2,3,1,2.0,1.0,1.0,1.0,0.0,1.0,0.0,1.0
2036993337.0,39,Ohio,11764950,39041,Delaware,226809.0,0.640802256527103,0.5958134745,2,4,1,2.0,1.0,1.0,1.0,1.0,1.0,0.0,1.0
2014095499.0,39,Ohio,11764950,39049,Franklin,1326392.0,2.19608792459794,,2,1,3,1.0,1.0,0.0,0.0,0.0,0.0,0.0,0.0
2036659871.0,39,Ohio,11764950,39045,Fairfield,163003.0,2.81316666601467,,1,2,4,2.0,1.0,1.0,1.0,1.0,1.0,1.0,1.0
2026743731.0,39,Ohio,11764950,39087,Lawrence,56526.0,0.921971195740874,0.6003615680000001,2,6,2,2.0,1.0,1.0,1.0,1.0,1.0,0.0,1.0
2011470713.0,20,Kansas,2938034,20173,Sedgwick,525420.0,3.32685342958633,,1,4,3,1.0,1.0,0.0,1.0,1.0,0.0,1.0,1.0
2015455223.0,20,Kansas,2938034,20087,Jefferson,18350.0,0.76529220802487,0.8336290133,1,6,1,2.0,0.0,0.0,0.0,0.0,0.0,1.0,0.0
2012453173.0,20,Kansas,2938034,20155,Reno,61495.0,0.814912451410016,1.1995019747,2,3,1,2.0,1.0,1.0,1.0,1.0,1.0,0.0,1.0
1996638325.0,20,Kansas,2938034,20045,Douglas,119941.0,4.67791143104796,,2,3,1,2.0,1.0,1.0,1.0,1.0,1.0,0.0,1.0
1985068795.0,20,Kansas,2938034,20091,Johnson,619693.0,0.738465347388949,0.7060629359,1,3,1,2.0,0.0,0.0,0.0,0.0,0.0,1.0,0.0
2013804815.0,20,Kansas,2938034,20209,Wyandotte,166084.0,0.79323558074579,1.4502848028,1,2,1,2.0,0.0,0.0,0.0,0.0,0.0,1.0,0.0
1984883017.0,20,Kansas,2938034,20045,Douglas,119941.0,1.56022817096194,,2,3,4,2.0,1.0,1.0,1.0,1.0,1.0,1.0,1.0
2002923375.0,20,Kansas,2938034,20045,Douglas,119941.0,1.56022817096194,,2,3,4,2.0,1.0,1.0,1.0,1.0,1.0,0.0,1.0
2034443795.0,20,Kansas,2938034,20053,Ellsworth,6392.0,0.0806079277775045,,1,3,5,1.0,1.0,1.0,0.0,1.0,1.0,1.0,1.0
2030398533.0,27,Minnesota,5727565,27003,Anoka,369468.0,2.43029644724113,1.9786622621,2,6,1,2.0,1.0,0.0,0.0,0.0,0.0,1.0,0.0
2033419869.0,27,Minnesota,5727565,27019,Carver,110174.0,0.126859297583082,,1,2,1,2.0,0.0,0.0,0.0,0.0,0.0,1.0,0.0
2013101871.0,27,Minnesota,5727565,27053,Hennepin,1262045.0,0.837043846364797,0.6484609975,1,5,1,2.0,1.0,1.0,1.0,1.0,1.0,0.0,1.0
2039062597.0,27,Minnesota,5727565,27145,Stearns,160119.0,1.22272965370497,1.0116768295,1,6,1,2.0,0.0,0.0,0.0,0.0,0.0,1.0,0.0
2022123293.0,27,Minnesota,5727565,27123,Ramsey,538375.0,4.59365027231944,1.4395426259000002,2,3,1,2.0,1.0,1.0,1.0,1.0,1.0,1.0,1.0
1999972523.0,27,Minnesota,5727565,27037,Dakota,444023.0,0.357596470768675,,1,5,8,2.0,0.0,0.0,0.0,0.0,0.0,1.0,0.0
2001306057.0,27,Minnesota,5727565,27123,Ramsey,538375.0,1.04347454616262,0.7319832428,1,2,1,2.0,0.0,0.0,0.0,0.0,0.0,1.0,0.0
2031093299.0,27,Minnesota,5727565,27119,Polk,30815.0,1.4381905017348,,2,2,1,2.0,1.0,0.0,0.0,0.0,1.0,1.0,1.0
2009359159.0,27,Minnesota,5727565,27045,Fillmore,21467.0,2.04965378109231,0.8678957659000001,1,2,7,2.0,1.0,1.0,1.0,0.0,1.0,1.0,0.0
2013618651.0,27,Minnesota,5727565,27023,Chippewa,12358.0,2.36182829988102,2.740371892,1,6,1,2.0,0.0,0.0,0.0,0.0,0.0,1.0,0.0
2045014711.0,27,Minnesota,5727565,27145,Stearns,160119.0,1.91901127703235,1.8276802427,1,5,1,2.0,1.0,1.0,1.0,1.0,1.0,0.0,1.0
1984240653.0,27,Minnesota,5727565,27171,Wright,148220.0,1.05479151800438,1.1717081743,2,2,1,2.0,0.0,0.0,0.0,0.0,1.0,0.0,0.0
1992865535.0,27,Minnesota,5727565,27139,Scott,154819.0,0.934133013824602,0.9288725526,1,3,1,2.0,1.0,1.0,0.0,1.0,0.0,1.0,0.0
2021904261.0,27,Minnesota,5727565,27035,Crow Wing,67877.0,2.84967438518539,,1,3,1,2.0,1.0,1.0,1.0,1.0,1.0,0.0,1.0
2000036329.0,27,Minnesota,5727565,27035,Crow Wing,67877.0,1.56481595581307,1.4686355577,2,6,1,2.0,1.0,1.0,0.0,1.0,1.0,0.0,0.0
2036926591.0,27,Minnesota,5727565,27123,Ramsey,538375.0,0.609234836526961,3.1947228925,2,6,4,2.0,1.0,1.0,1.0,1.0,1.0,1.0,1.0
2039699983.0,27,Minnesota,5727565,27093,Meeker,23545.0,0.45214872771544,0.43568308200000005,2,3,1,2.0,1.0,1.0,0.0,1.0,0.0,1.0,1.0
2017211489.0,55,Wisconsin,5903472,55045,Green,36888.0,5.57587499081645,,1,2,1,2.0,1.0,1.0,0.0,0.0,0.0,0.0,1.0
2026879207.0,55,Wisconsin,5903472,55095,Polk,45590.0,2.20746600174168,,2,2,1,2.0,1.0,0.0,1.0,1.0,1.0,1.0,0.0
2011603523.0,55,Wisconsin,5903472,55079,Milwaukee,921471.0,1.40424612676056,1.4760686148,2,5,1,2.0,1.0,1.0,0.0,0.0,0.0,1.0,1.0
1996960281.0,55,Wisconsin,5903472,55063,La Crosse,120346.0,1.40424612676056,1.4760686148,2,5,1,2.0,1.0,1.0,1.0,0.0,0.0,1.0,0.0
2022489191.0,55,Wisconsin,5903472,55079,Milwaukee,921471.0,2.5101239594668,,1,6,1,2.0,1.0,1.0,1.0,1.0,1.0,0.0,1.0
2011323103.0,55,Wisconsin,5903472,55139,Winnebago,170984.0,1.55612780568007,1.111242289,1,2,1,2.0,0.0,0.0,0.0,0.0,0.0,1.0,0.0
2030475107.0,55,Wisconsin,5903472,55059,Kenosha,167870.0,0.387692544061483,0.5563869324,1,4,1,2.0,1.0,1.0,1.0,1.0,1.0,1.0,1.0
2037462605.0,55,Wisconsin,5903472,55087,Outagamie,192510.0,1.07295991741897,1.1848921064,1,4,1,2.0,1.0,1.0,1.0,1.0,1.0,1.0,1.0
1993386523.0,55,Wisconsin,5903472,55079,Milwaukee,921471.0,10.3283625646008,,1,3,1,2.0,0.0,0.0,0.0,0.0,0.0,1.0,0.0
2022528649.0,55,Wisconsin,5903472,55059,Kenosha,167870.0,1.15545776846239,1.281248372,2,5,1,2.0,1.0,1.0,1.0,1.0,0.0,0.0,1.0
2010247169.0,55,Wisconsin,5903472,55023,Crawford,16036.0,1.00364906782332,1.028858313,2,4,1,2.0,1.0,1.0,1.0,1.0,0.0,0.0,1.0
2039352179.0,55,Wisconsin,5903472,55061,Kewaunee,20708.0,1.00364906782332,1.028858313,2,4,1,2.0,1.0,1.0,1.0,1.0,1.0,1.0,1.0
2010590529.0,55,Wisconsin,5903472,55133,Waukesha,410846.0,3.84229356567315,1.3299559752,2,5,1,2.0,1.0,1.0,0.0,0.0,1.0,0.0,1.0
2025234187.0,55,Wisconsin,5903472,55077,Marquette,15797.0,1.21519450159439,0.7506244988,1,2,1,2.0,1.0,1.0,1.0,1.0,1.0,0.0,1.0
2018762219.0,55,Wisconsin,5903472,55093,Pierce,42557.0,1.08620959655199,1.4485742048,1,3,1,2.0,1.0,0.0,0.0,0.0,1.0,1.0,1.0
2014291843.0,55,Wisconsin,5903472,55009,Brown,270667.0,1.44810408143545,0.8010927827000001,1,2,1,2.0,0.0,1.0,1.0,0.0,0.0,1.0,0.0
2030935721.0,55,Wisconsin,5903472,55039,Fond du Lac,104103.0,2.11660680329179,1.4584176036,1,3,1,2.0,0.0,0.0,0.0,0.0,0.0,1.0,0.0
2032782965.0,55,Wisconsin,5903472,55009,Brown,270667.0,3.2564855516185,,1,2,1,2.0,1.0,1.0,1.0,1.0,1.0,1.0,1.0
2020935869.0,54,West Virginia,1774003,54035,Jackson,27614.0,0.566323773207375,1.0514315242,1,2,1,2.0,0.0,0.0,0.0,0.0,0.0,1.0,0.0
2033298929.0,54,West Virginia,1774003,54053,Mason,24930.0,5.08617977947775,,1,2,1,2.0,1.0,1.0,1.0,1.0,1.0,1.0,1.0
2044950469.0,54,West Virginia,1774003,54061,Monongalia,106809.0,5.57847224782799,,1,2,1,2.0,1.0,1.0,1.0,1.0,1.0,0.0,1.0
2014374005.0,54,West Virginia,1774003,54011,Cabell,92492.0,1.33250007737422,2.0766710318,2,2,1,2.0,0.0,1.0,1.0,0.0,0.0,0.0,0.0
2018670305.0,54,West Virginia,1774003,54109,Wyoming,20573.0,2.7643220245845,,2,1,1,2.0,0.0,0.0,0.0,0.0,0.0,0.0,0.0
1983440857.0,30,Montana,1121533,30049,Lewis and Clark,73664.0,2.22191923403245,,1,2,2,1.0,1.0,0.0,1.0,0.0,0.0,0.0,1.0
2036668233.0,30,Montana,1121533,30013,Cascade,84908.0,1.08763496144593,1.0875884244,2,3,1,2.0,0.0,0.0,0.0,0.0,0.0,1.0,0.0
2014366029.0,30,Montana,1121533,30111,Yellowstone,169743.0,2.0740396442927,3.887550892,1,5,1,2.0,0.0,0.0,0.0,0.0,0.0,1.0,0.0
2015422765.0,40,Oklahoma,4025327,40047,Garfield,61970.0,5.66217814740123,,2,1,1,2.0,0.0,0.0,0.0,0.0,0.0,0.0,1.0
1998332505.0,40,Oklahoma,4025327,40143,Tulsa,679125.0,0.911079519312937,0.7650383161000001,1,5,1,2.0,1.0,1.0,1.0,0.0,0.0,1.0,0.0
2038246885.0,40,Oklahoma,4025327,40143,Tulsa,679125.0,1.27914976544073,1.0210883366,1,4,7,2.0,1.0,1.0,1.0,1.0,1.0,0.0,1.0
2014370083.0,40,Oklahoma,4025327,40109,Oklahoma,805035.0,0.44242499402158,0.3326439814,1,5,1,2.0,1.0,1.0,1.0,1.0,1.0,0.0,1.0
2032373713.0,40,Oklahoma,4025327,40109,Oklahoma,805035.0,0.958875853203234,0.8099885829,2,5,5,2.0,1.0,1.0,1.0,1.0,1.0,0.0,1.0
2002522971.0,40,Oklahoma,4025327,40143,Tulsa,679125.0,0.873133792528026,0.767280849,2,2,5,2.0,1.0,1.0,1.0,1.0,0.0,1.0,1.0
2043268815.0,40,Oklahoma,4025327,40143,Tulsa,679125.0,0.842401979078001,1.2910193135,1,2,1,2.0,0.0,1.0,1.0,0.0,1.0,1.0,1.0
2010291117.0,40,Oklahoma,4025327,40109,Oklahoma,805035.0,1.12116576288044,1.6348245884,1,2,1,2.0,0.0,0.0,0.0,0.0,0.0,0.0,0.0
2011397973.0,40,Oklahoma,4025327,40017,Canadian,169473.0,1.58983477057389,1.1835763581,2,2,1,2.0,0.0,0.0,0.0,0.0,0.0,1.0,0.0
2037948821.0,40,Oklahoma,4025327,40143,Tulsa,679125.0,1.04589160177565,1.1397244842,1,3,1,2.0,0.0,0.0,0.0,0.0,0.0,1.0,0.0
2030916769.0,40,Oklahoma,4025327,40145,Wagoner,86766.0,0.993530876765198,0.9491210464000001,1,5,1,2.0,0.0,0.0,0.0,0.0,0.0,1.0,0.0
2011108773.0,40,Oklahoma,4025327,40087,McClain,45423.0,2.57289201361232,1.6478052783,2,5,1,2.0,0.0,1.0,0.0,0.0,0.0,1.0,1.0
2013412315.0,16,Idaho,1942951,16001,Ada,520365.0,0.652714798455635,1.0365913454,2,6,1,2.0,1.0,1.0,1.0,1.0,1.0,0.0,1.0
2029083619.0,16,Idaho,1942951,16065,Madison,55251.0,0.798817462094916,,2,2,1,2.0,0.0,0.0,0.0,0.0,0.0,1.0,0.0
2039699921.0,16,Idaho,1942951,16045,Gem,20627.0,0.949454905202004,0.9697021261000001,1,3,1,2.0,0.0,0.0,0.0,0.0,0.0,1.0,0.0
2012191471.0,16,Idaho,1942951,16055,Kootenai,183512.0,2.83256690336697,2.2232127328,2,2,1,2.0,0.0,1.0,1.0,0.0,1.0,1.0,0.0
2013809281.0,16,Idaho,1942951,16083,Twin Falls,93890.0,1.59065251671284,0.9697291979,1,3,1,2.0,0.0,0.0,0.0,0.0,0.0,1.0,0.0
2029579453.0,16,Idaho,1942951,16005,Bannock,89855.0,3.13394002133215,,2,1,5,1.0,1.0,0.0,0.0,1.0,1.0,1.0,0.0
2034551623.0,19,Iowa,3201890,19085,Harrison,14621.0,0.234769862095733,,2,1,1,2.0,1.0,1.0,1.0,0.0,1.0,0.0,1.0
2033539895.0,19,Iowa,3201890,19163,Scott,173859.0,5.10837373694272,,2,5,4,2.0,1.0,1.0,1.0,1.0,1.0,0.0,1.0
2019964951.0,19,Iowa,3201890,19115,Louisa,10641.0,4.62173795265686,,1,2,1,2.0,1.0,1.0,0.0,1.0,1.0,0.0,1.0
1998468683.0,19,Iowa,3201890,19155,Pottawattamie,93162.0,1.32425397850511,,1,4,1,2.0,0.0,0.0,0.0,0.0,0.0,0.0,0.0
2039663903.0,19,Iowa,3201890,19163,Scott,173859.0,4.56839070693348,,1,3,1,2.0,1.0,1.0,1.0,1.0,1.0,0.0,1.0
2038525727.0,19,Iowa,3201890,19181,Warren,54357.0,0.850375713470385,0.9197512522,2,3,1,2.0,1.0,0.0,0.0,0.0,0.0,1.0,0.0
2036557837.0,19,Iowa,3201890,19139,Muscatine,42501.0,4.56839070693348,,1,3,1,2.0,1.0,1.0,1.0,1.0,1.0,1.0,1.0
1998661873.0,19,Iowa,3201890,19163,Scott,173859.0,0.66392766648954,1.0702067141,2,3,1,2.0,1.0,1.0,0.0,1.0,1.0,1.0,0.0
2010218519.0,19,Iowa,3201890,19013,Black Hawk,129963.0,0.473086945724748,1.37801736,1,2,1,2.0,1.0,1.0,1.0,1.0,1.0,0.0,1.0
2034748491.0,19,Iowa,3201890,19155,Pottawattamie,93162.0,0.99388236942691,,1,4,1,1.0,1.0,1.0,1.0,0.0,1.0,1.0,1.0
1993713335.0,17,Illinois,12609577,17191,Wayne,15868.0,1.02754452264392,1.0270566537,2,2,1,2.0,0.0,0.0,0.0,0.0,0.0,1.0,0.0
2044046315.0,17,Illinois,12609577,17031,Cook,5127866.0,1.74189414952577,1.5535536562,2,3,1,2.0,0.0,0.0,0.0,0.0,1.0,1.0,0.0
2014681495.0,17,Illinois,12609577,17031,Cook,5127866.0,2.62132245622125,2.5490863059,2,5,4,2.0,0.0,1.0,1.0,1.0,1.0,1.0,1.0
2034293461.0,17,Illinois,12609577,17031,Cook,5127866.0,0.678690433077382,,2,3,2,2.0,1.0,1.0,0.0,0.0,0.0,1.0,1.0
2039694597.0,17,Illinois,12609577,17031,Cook,5127866.0,3.89423286617837,0.652336789,1,2,2,2.0,1.0,1.0,1.0,1.0,1.0,0.0,1.0
2014997385.0,17,Illinois,12609577,17043,DuPage,924178.0,1.27334058924633,1.3727024234,2,4,1,2.0,0.0,0.0,1.0,0.0,0.0,1.0,1.0
2013222713.0,17,Illinois,12609577,17125,Mason,12710.0,0.89110410379618,,2,2,1,2.0,0.0,1.0,1.0,0.0,0.0,1.0,0.0
2028370103.0,17,Illinois,12609577,17031,Cook,5127866.0,0.415014150310052,0.4497408483,2,3,3,,1.0,1.0,1.0,0.0,1.0,1.0,1.0
2025238789.0,17,Illinois,12609577,17031,Cook,5127866.0,1.82918131145958,1.4164034681,2,2,2,2.0,1.0,1.0,0.0,0.0,1.0,1.0,1.0
2015259519.0,17,Illinois,12609577,17097,Lake,712412.0,1.48035152660615,1.8824980546,1,4,1,2.0,1.0,0.0,1.0,0.0,0.0,1.0,0.0
2026744117.0,17,Illinois,12609577,17031,Cook,5127866.0,0.595672899639394,1.1163419424,1,5,2,2.0,1.0,0.0,1.0,0.0,0.0,1.0,1.0
2042331009.0,17,Illinois,12609577,17031,Cook,5127866.0,4.39424200122725,,2,3,1,2.0,1.0,1.0,1.0,1.0,1.0,1.0,1.0
2017135523.0,17,Illinois,12609577,17167,Sangamon,194221.0,3.03772801402148,,2,6,1,2.0,0.0,0.0,0.0,0.0,1.0,1.0,0.0
2010399357.0,17,Illinois,12609577,17165,Saline,23148.0,1.27334058924633,1.3727024234,2,4,1,2.0,0.0,1.0,0.0,0.0,0.0,1.0,0.0
2014638027.0,17,Illinois,12609577,17103,Lee,33394.0,1.61829799834905,1.5803428536,2,5,1,2.0,1.0,0.0,1.0,0.0,1.0,1.0,1.0
2000066063.0,17,Illinois,12609577,17031,Cook,5127866.0,0.678690433077382,0.5505661067000001,2,4,2,2.0,1.0,1.0,1.0,1.0,1.0,1.0,1.0
2003293361.0,17,Illinois,12609577,17031,Cook,5127866.0,2.68337247578167,1.1781211066,1,3,2,1.0,1.0,1.0,1.0,0.0,1.0,1.0,1.0
2031279327.0,17,Illinois,12609577,17197,Will,699112.0,1.37992518121419,0.6626354745,2,3,1,2.0,1.0,1.0,1.0,1.0,0.0,1.0,0.0
2014246055.0,17,Illinois,12609577,17031,Cook,5127866.0,0.248956361778984,2.390687997,1,2,3,1.0,1.0,1.0,1.0,1.0,1.0,0.0,1.0
2041446479.0,17,Illinois,12609577,17031,Cook,5127866.0,2.96961205789876,,2,5,4,2.0,0.0,1.0,0.0,0.0,1.0,1.0,1.0
2011730275.0,17,Illinois,12609577,17063,Grundy,53145.0,0.730442798579743,0.7721306205,2,3,1,2.0,1.0,1.0,1.0,1.0,1.0,0.0,1.0
1998948071.0,17,Illinois,12609577,17197,Will,699112.0,0.544218221932302,,1,2,1,2.0,0.0,0.0,0.0,0.0,1.0,1.0,0.0
2034815587.0,17,Illinois,12609577,17093,Kendall,137557.0,1.61829799834905,1.5803428536,2,5,1,2.0,1.0,1.0,0.0,1.0,0.0,1.0,1.0
2039280009.0,17,Illinois,12609577,17063,Grundy,53145.0,0.956740446359704,1.0714906723,2,3,1,2.0,1.0,0.0,1.0,1.0,0.0,1.0,0.0
2012514841.0,17,Illinois,12609577,17141,Ogle,51441.0,5.75652928614891,,2,1,1,2.0,1.0,1.0,1.0,1.0,1.0,1.0,1.0
2010563897.0,17,Illinois,12609577,17031,Cook,5127866.0,0.742872493790122,0.9458700999,1,5,2,2.0,1.0,1.0,1.0,1.0,1.0,1.0,1.0
2009907279.0,17,Illinois,12609577,17089,Kane,515285.0,1.03067182884513,1.1259214102,1,2,1,2.0,0.0,0.0,0.0,0.0,1.0,1.0,0.0
2021891621.0,17,Illinois,12609577,17113,McLean,171054.0,3.78506004515867,1.2524946013,1,2,1,2.0,1.0,1.0,1.0,1.0,1.0,1.0,0.0
2016745159.0,17,Illinois,12609577,17031,Cook,5127866.0,1.68902330700427,1.603463422,1,5,1,2.0,1.0,1.0,1.0,0.0,0.0,1.0,0.0
2012053401.0,17,Illinois,12609577,17201,Winnebago,281767.0,6.28117558542315,,2,2,1,2.0,0.0,0.0,1.0,0.0,0.0,1.0,0.0
1995725255.0,17,Illinois,12609577,17031,Cook,5127866.0,1.01926531382811,0.7408190669,2,5,1,2.0,1.0,1.0,1.0,1.0,1.0,0.0,1.0
2016417921.0,17,Illinois,12609577,17099,LaSalle,107798.0,1.71025787336969,,1,1,1,2.0,1.0,0.0,1.0,1.0,1.0,0.0,1.0
2043152911.0,17,Illinois,12609577,17037,DeKalb,100185.0,3.83420839848917,2.5607046019,1,3,1,2.0,0.0,0.0,0.0,1.0,1.0,0.0,0.0
2030610681.0,17,Illinois,12609577,17095,Knox,48662.0,4.6728851653827,,1,3,1,2.0,0.0,1.0,1.0,1.0,1.0,1.0,1.0
2018790911.0,17,Illinois,12609577,17105,Livingston,35542.0,1.58164033769961,,2,2,1,2.0,0.0,1.0,0.0,0.0,1.0,1.0,0.0
1998258141.0,17,Illinois,12609577,17031,Cook,5127866.0,5.89186182022844,1.5140420882,2,5,1,2.0,1.0,1.0,0.0,1.0,1.0,1.0,1.0
2011956771.0,17,Illinois,12609577,17031,Cook,5127866.0,1.02754452264392,1.0270566537,2,2,1,2.0,0.0,1.0,1.0,0.0,1.0,1.0,1.0
2013186445.0,17,Illinois,12609577,17197,Will,699112.0,0.893087259000947,0.8158190024,1,2,1,2.0,0.0,1.0,1.0,0.0,1.0,1.0,1.0
2034744271.0,34,New Jersey,9298402,34021,Mercer,387024.0,2.60987761073024,,2,6,1,2.0,1.0,1.0,1.0,1.0,1.0,0.0,1.0
2039882743.0,34,New Jersey,9298402,34013,Essex,855294.0,1.15305238861846,1.3706373418,2,5,2,2.0,0.0,1.0,1.0,1.0,1.0,1.0,1.0
2040351353.0,34,New Jersey,9298402,34037,Sussex,145668.0,2.46916350664596,,2,4,1,2.0,1.0,1.0,1.0,1.0,1.0,0.0,1.0
2045005451.0,34,New Jersey,9298402,34031,Passaic,516941.0,1.36872078781385,0.6685224984,2,2,3,,1.0,0.0,1.0,1.0,1.0,1.0,1.0
2042356541.0,34,New Jersey,9298402,34037,Sussex,145668.0,0.936867306851441,1.0910433497,1,2,1,2.0,0.0,0.0,0.0,0.0,0.0,1.0,0.0
2042361025.0,34,New Jersey,9298402,34023,Middlesex,864552.0,0.148809076013121,1.2471229157,2,6,4,2.0,1.0,1.0,0.0,1.0,1.0,1.0,1.0
1998439083.0,34,New Jersey,9298402,34013,Essex,855294.0,2.91765634423997,,1,2,2,2.0,0.0,0.0,0.0,0.0,0.0,0.0,0.0
2003094405.0,34,New Jersey,9298402,34007,Camden,525833.0,2.39324685694697,0.6357028474,2,5,1,2.0,0.0,0.0,0.0,0.0,1.0,1.0,0.0
2011546099.0,34,New Jersey,9298402,34003,Bergen,956251.0,0.970607467464088,0.8334057069,2,3,1,2.0,1.0,1.0,1.0,1.0,1.0,0.0,1.0
2021771105.0,34,New Jersey,9298402,34001,Atlantic,275872.0,4.58484706451495,,2,3,2,2.0,1.0,1.0,0.0,1.0,1.0,0.0,1.0
1998235947.0,34,New Jersey,9298402,34023,Middlesex,864552.0,1.81054158850782,1.9579709834,2,5,1,2.0,0.0,1.0,0.0,0.0,0.0,1.0,0.0
2038750823.0,34,New Jersey,9298402,34039,Union,574934.0,1.46195687061427,1.6124436132,2,5,3,,1.0,1.0,1.0,1.0,0.0,0.0,1.0
2026784165.0,34,New Jersey,9298402,34003,Bergen,956251.0,0.660197654161759,0.6833103913,1,4,1,2.0,0.0,0.0,0.0,0.0,0.0,1.0,0.0
2021063547.0,34,New Jersey,9298402,34035,Somerset,347621.0,0.375542561863994,,2,2,4,2.0,0.0,0.0,0.0,0.0,1.0,0.0,1.0
2009872931.0,34,New Jersey,9298402,34017,Hudson,707743.0,0.855309581546855,0.8829368846000001,2,3,1,2.0,0.0,1.0,1.0,1.0,0.0,1.0,1.0
2012510437.0,34,New Jersey,9298402,34025,Monmouth,645026.0,0.587508109578231,0.6618877161000001,2,6,1,2.0,1.0,1.0,0.0,0.0,1.0,0.0,1.0
2009279659.0,34,New Jersey,9298402,34003,Bergen,956251.0,0.898847221345065,,1,6,1,2.0,1.0,1.0,1.0,1.0,1.0,0.0,1.0
2038915487.0,34,New Jersey,9298402,34009,Cape May,95165.0,1.81054158850782,1.9579709834,2,5,1,2.0,0.0,0.0,0.0,0.0,0.0,1.0,0.0
2022998801.0,34,New Jersey,9298402,34007,Camden,525833.0,0.410903053026556,0.7231807210000001,2,3,3,,1.0,1.0,1.0,1.0,0.0,0.0,1.0
2033231007.0,34,New Jersey,9298402,34025,Monmouth,645026.0,1.61189872051789,,1,1,7,2.0,1.0,1.0,1.0,1.0,1.0,1.0,1.0
2013112421.0,34,New Jersey,9298402,34029,Ocean,656066.0,1.34649776225112,,1,2,1,2.0,1.0,1.0,1.0,1.0,1.0,0.0,1.0
2013724013.0,34,New Jersey,9298402,34023,Middlesex,864552.0,1.77265770410498,2.2196872512,1,6,4,2.0,0.0,1.0,1.0,1.0,1.0,1.0,1.0
2014681081.0,34,New Jersey,9298402,34029,Ocean,656066.0,0.51236801462887,0.6219933159000001,2,4,1,2.0,1.0,1.0,1.0,1.0,1.0,0.0,1.0
2032126927.0,34,New Jersey,9298402,34035,Somerset,347621.0,0.454870355700628,0.4224209196,1,5,1,2.0,1.0,1.0,1.0,1.0,1.0,1.0,1.0
2034129269.0,34,New Jersey,9298402,34003,Bergen,956251.0,0.587508109578231,0.6618877161000001,2,6,1,2.0,1.0,1.0,1.0,1.0,1.0,1.0,1.0
2010923669.0,34,New Jersey,9298402,34013,Essex,855294.0,0.747344179840117,0.6498795853,2,5,2,2.0,1.0,1.0,1.0,1.0,1.0,1.0,1.0
2042373703.0,34,New Jersey,9298402,34027,Morris,511860.0,5.05327457201926,4.0915234265,1,5,1,2.0,1.0,1.0,1.0,1.0,1.0,0.0,0.0
2001182537.0,34,New Jersey,9298402,34003,Bergen,956251.0,0.700275804289288,0.6175542653,1,5,1,2.0,1.0,1.0,1.0,1.0,1.0,1.0,1.0
2038626231.0,35,New Mexico,2112859,35013,DoÃ±a Ana,,1.27456836426575,,1,5,2,2.0,1.0,1.0,1.0,1.0,1.0,0.0,0.0
1992832603.0,35,New Mexico,2112859,35025,Lea,72260.0,1.17988015275716,,1,5,1,2.0,0.0,0.0,0.0,0.0,0.0,1.0,0.0
2014365639.0,35,New Mexico,2112859,35001,Bernalillo,672636.0,1.07010290315106,1.0313403499,1,4,3,1.0,1.0,1.0,1.0,1.0,1.0,1.0,1.0
2038693659.0,35,New Mexico,2112859,35029,Luna,25645.0,1.28513891445037,,1,2,1,2.0,1.0,0.0,1.0,0.0,1.0,0.0,1.0
2010790429.0,35,New Mexico,2112859,35013,DoÃ±a Ana,,3.02355285842097,,2,3,1,2.0,1.0,1.0,1.0,1.0,1.0,0.0,1.0
2020368877.0,35,New Mexico,2112859,35061,Valencia,78236.0,8.77934878864631,,1,1,3,1.0,1.0,0.0,0.0,0.0,0.0,0.0,0.0
2015929209.0,29,Missouri,6179285,29097,Jasper,123971.0,4.57620539332798,,2,2,4,2.0,1.0,1.0,1.0,1.0,1.0,0.0,1.0
2011864119.0,29,Missouri,6179285,29095,Jackson,717037.0,0.731667370368817,0.658117849,2,5,1,2.0,1.0,1.0,1.0,1.0,1.0,0.0,1.0
2032879731.0,29,Missouri,6179285,29063,DeKalb,11299.0,1.86617368638228,2.8824514658,2,3,1,2.0,0.0,0.0,0.0,0.0,1.0,1.0,0.0
2038630391.0,29,Missouri,6179285,29189,St. Louis,991719.0,1.37832886669571,,2,3,2,2.0,1.0,0.0,1.0,1.0,1.0,1.0,1.0
2039594599.0,29,Missouri,6179285,29047,Clay,257034.0,0.625192150086336,,1,3,1,2.0,0.0,1.0,0.0,0.0,1.0,1.0,0.0
2013458637.0,29,Missouri,6179285,29077,Greene,303279.0,0.504712222741742,0.6384564986,1,3,1,2.0,0.0,1.0,1.0,1.0,1.0,1.0,0.0
2020209265.0,29,Missouri,6179285,29095,Jackson,717037.0,0.55879880542934,1.1451911922,1,4,1,2.0,1.0,1.0,1.0,1.0,1.0,0.0,1.0
2011898425.0,29,Missouri,6179285,29510,St. Louis city,286509.0,0.599694734755932,0.6463796582,2,2,1,2.0,1.0,1.0,1.0,1.0,1.0,0.0,1.0
2011794677.0,29,Missouri,6179285,29083,Henry,22389.0,1.31941776059617,1.1579996489,1,2,1,2.0,1.0,1.0,1.0,1.0,1.0,0.0,1.0
2007966713.0,29,Missouri,6179285,29095,Jackson,717037.0,0.70318096465432,0.6764271699000001,1,5,1,2.0,0.0,0.0,1.0,1.0,0.0,1.0,0.0
2042331147.0,29,Missouri,6179285,29161,Phelps,45196.0,1.4534973691653,1.2036851502,2,3,1,2.0,0.0,0.0,0.0,0.0,1.0,1.0,0.0
2039824295.0,29,Missouri,6179285,29071,Franklin,105854.0,4.99346748921532,,1,3,1,2.0,0.0,0.0,0.0,0.0,0.0,1.0,0.0
2034817073.0,29,Missouri,6179285,29099,Jefferson,229270.0,2.2887547584408,1.7083878576,2,2,1,2.0,1.0,1.0,1.0,1.0,1.0,1.0,1.0
2018487863.0,29,Missouri,6179285,29189,St. Louis,991719.0,0.706160780579119,1.1189725186,2,2,1,2.0,0.0,0.0,1.0,0.0,0.0,1.0,0.0
2017034251.0,29,Missouri,6179285,29019,Boone,187514.0,0.845817938593868,0.8067438707,2,3,1,2.0,1.0,1.0,1.0,1.0,1.0,0.0,1.0
2018953543.0,29,Missouri,6179285,29085,Hickory,8611.0,1.25120173910635,1.2652611997,2,2,1,2.0,0.0,0.0,0.0,0.0,0.0,1.0,0.0
2020676059.0,29,Missouri,6179285,29077,Greene,303279.0,2.18255574942186,10.467411974200001,1,1,2,2.0,1.0,1.0,1.0,1.0,1.0,1.0,0.0
2015368493.0,29,Missouri,6179285,29071,Franklin,105854.0,0.966625703891065,1.0894319482,2,2,1,2.0,1.0,1.0,1.0,1.0,0.0,1.0,1.0
2000303161.0,28,Mississippi,2941237,28029,Copiah,27820.0,1.23978901252066,0.7311224040000001,2,5,1,2.0,0.0,0.0,0.0,0.0,0.0,1.0,0.0
2001291735.0,28,Mississippi,2941237,28151,Washington,42500.0,1.28668182807292,,1,3,2,1.0,0.0,1.0,1.0,1.0,1.0,0.0,0.0
2043919563.0,28,Mississippi,2941237,28141,Tishomingo,18624.0,8.36545205186033,,1,1,1,2.0,0.0,0.0,1.0,1.0,1.0,1.0,0.0
2018670447.0,28,Mississippi,2941237,28151,Washington,42500.0,0.974914630096174,2.525013144,1,1,1,2.0,1.0,1.0,1.0,1.0,1.0,1.0,0.0
2010115199.0,28,Mississippi,2941237,28151,Washington,42500.0,5.80629203846738,,2,1,1,2.0,1.0,1.0,1.0,0.0,0.0,0.0,0.0
2024672193.0,28,Mississippi,2941237,28089,Madison,111692.0,0.581561408497426,0.5446671715,2,4,2,2.0,1.0,1.0,1.0,1.0,1.0,1.0,0.0
2010606697.0,28,Mississippi,2941237,28073,Lamar,65812.0,1.30443840897693,0.9919857432,1,3,1,2.0,0.0,0.0,0.0,0.0,1.0,1.0,0.0
2012395803.0,28,Mississippi,2941237,28079,Leake,21260.0,3.59387625552887,,1,2,1,2.0,1.0,1.0,0.0,1.0,1.0,0.0,1.0
1985038623.0,28,Mississippi,2941237,28149,Warren,42694.0,6.97754680363825,,1,3,2,2.0,1.0,1.0,0.0,1.0,1.0,1.0,
1999672983.0,44,Rhode Island,1098275,44007,Providence,661306.0,0.358096601274674,0.6609430940000001,2,5,7,2.0,1.0,1.0,0.0,0.0,0.0,1.0,1.0
2038246261.0,44,Rhode Island,1098275,44007,Providence,661306.0,0.413316071144409,0.5047470566,1,3,1,2.0,1.0,1.0,1.0,1.0,1.0,0.0,1.0
2014553965.0,44,Rhode Island,1098275,44005,Newport,84770.0,0.837039715447491,0.9977053013,2,5,1,2.0,1.0,1.0,1.0,1.0,1.0,0.0,1.0
2029570403.0,32,Nevada,3177672,32003,Clark,2323145.0,1.17572572660653,,1,3,1,1.0,1.0,1.0,1.0,1.0,0.0,1.0,1.0
2019267535.0,32,Nevada,3177672,32003,Clark,2323145.0,0.760082851647744,0.6817013307,1,2,1,2.0,1.0,1.0,1.0,1.0,0.0,1.0,1.0
2014465531.0,32,Nevada,3177672,32031,Washoe,496521.0,0.790588281740216,,1,3,1,2.0,1.0,0.0,0.0,0.0,0.0,1.0,0.0
2023727955.0,32,Nevada,3177672,32003,Clark,2323145.0,0.909303521298811,,1,2,6,1.0,0.0,0.0,0.0,0.0,1.0,1.0,0.0
2011107255.0,32,Nevada,3177672,32510,Carson City,58223.0,0.465304999208404,0.266804317,1,1,1,2.0,1.0,1.0,1.0,1.0,1.0,0.0,1.0
2043494247.0,32,Nevada,3177672,32003,Clark,2323145.0,3.7238373388393,2.248020506,2,2,7,2.0,0.0,0.0,0.0,0.0,0.0,1.0,0.0
2036915041.0,32,Nevada,3177672,32003,Clark,2323145.0,1.76756023133118,1.277362707,1,6,3,1.0,0.0,0.0,0.0,0.0,0.0,1.0,0.0
2036407237.0,32,Nevada,3177672,32031,Washoe,496521.0,10.1172115267956,,1,2,1,1.0,1.0,1.0,0.0,1.0,1.0,1.0,1.0
2018101169.0,32,Nevada,3177672,32003,Clark,2323145.0,3.23594107591313,0.9342215912,1,2,1,2.0,1.0,1.0,1.0,1.0,1.0,0.0,1.0
2007910773.0,32,Nevada,3177672,32510,Carson City,58223.0,1.71469875246123,,2,2,1,2.0,1.0,1.0,1.0,1.0,1.0,1.0,0.0
2038228807.0,11,District of Columbia,674501,11001,District of Columbia,674501.0,0.877644041553171,1.0006315331,2,6,1,2.0,1.0,1.0,1.0,1.0,1.0,0.0,1.0
2013300769.0,11,District of Columbia,674501,11001,District of Columbia,674501.0,3.04769870993338,,1,6,4,2.0,1.0,1.0,1.0,1.0,1.0,0.0,1.0
1994807209.0,02,Alaska,733659,02090,Fairbanks North Star Borough,95954.0,1.01392129584098,0.7203063108000001,2,5,1,2.0,0.0,0.0,1.0,0.0,0.0,1.0,0.0
2013160955.0,02,Alaska,733659,02020,Anchorage Municipality,286992.0,15.0614388091749,,2,3,1,2.0,1.0,1.0,1.0,1.0,1.0,0.0,1.0
2036172329.0,01,Alabama,5076868,01061,Geneva,26782.0,4.27856572200663,,1,1,2,2.0,1.0,1.0,1.0,1.0,1.0,0.0,1.0
2027421287.0,01,Alabama,5076868,01015,Calhoun,115738.0,0.609601851636658,,1,1,1,2.0,0.0,0.0,0.0,0.0,0.0,1.0,0.0
2034607319.0,01,Alabama,5076868,01117,Shelby,230157.0,1.2259233062147,,2,1,1,2.0,0.0,1.0,1.0,0.0,1.0,0.0,0.0
2010639921.0,01,Alabama,5076868,01095,Marshall,99681.0,0.279408361128717,0.6959697922,2,3,1,2.0,1.0,0.0,0.0,0.0,1.0,1.0,0.0
2042329207.0,01,Alabama,5076868,01073,Jefferson,665691.0,1.01312918683044,1.2115236764,1,5,1,2.0,0.0,0.0,0.0,0.0,0.0,1.0,0.0
2017034675.0,01,Alabama,5076868,01089,Madison,404070.0,0.618230415093611,0.6017618989,2,4,1,2.0,1.0,1.0,1.0,1.0,1.0,1.0,1.0
2029089495.0,01,Alabama,5076868,01001,Autauga,59755.0,1.3194808778199,1.4331214454,1,2,1,2.0,0.0,1.0,0.0,0.0,0.0,1.0,0.0
1983972859.0,01,Alabama,5076868,01117,Shelby,230157.0,1.95206217825682,,2,2,2,2.0,0.0,1.0,0.0,0.0,1.0,1.0,0.0
2042328097.0,01,Alabama,5076868,01073,Jefferson,665691.0,0.247491379244578,0.6580109659000001,1,6,1,2.0,1.0,1.0,1.0,1.0,1.0,0.0,1.0
2011306703.0,01,Alabama,5076868,01103,Morgan,124190.0,0.580194775040328,0.7574348432,1,5,1,2.0,1.0,0.0,0.0,0.0,0.0,1.0,0.0
1996933361.0,01,Alabama,5076868,01015,Calhoun,115738.0,0.889903759670805,1.1649682321000001,2,4,1,2.0,0.0,1.0,0.0,1.0,1.0,1.0,0.0
2017051121.0,01,Alabama,5076868,01115,St. Clair,93914.0,1.04189343845372,,1,3,1,2.0,0.0,0.0,0.0,0.0,0.0,1.0,0.0
1999218063.0,01,Alabama,5076868,01089,Madison,404070.0,15.0614388091749,2.0143801107,2,6,1,2.0,0.0,0.0,1.0,1.0,1.0,1.0,1.0
1999529459.0,01,Alabama,5076868,01127,Walker,64437.0,2.22958868247662,,2,3,1,2.0,1.0,1.0,1.0,1.0,1.0,1.0,1.0
2029080023.0,01,Alabama,5076868,01077,Lauderdale,95916.0,1.47500151485654,0.6520384417,2,3,2,2.0,0.0,1.0,0.0,0.0,0.0,1.0,0.0
2016934505.0,15,Hawaii,1437812,15009,Maui,164195.0,0.867798666647889,0.6898745331,1,5,1,2.0,0.0,0.0,0.0,0.0,0.0,1.0,0.0
2042720327.0,15,Hawaii,1437812,15003,Honolulu,993798.0,6.45624804755658,,2,3,6,1.0,0.0,0.0,0.0,0.0,1.0,0.0,1.0
2014159745.0,15,Hawaii,1437812,15001,Hawaii,206031.0,5.19840091406095,,2,3,1,2.0,0.0,1.0,1.0,1.0,0.0,1.0,1.0
2036932291.0,15,Hawaii,1437812,15003,Honolulu,993798.0,1.8434126397735,3.9934777482,2,4,4,2.0,1.0,1.0,1.0,1.0,1.0,0.0,1.0
2016016279.0,38,North Dakota,780191,38101,Ward,68752.0,1.95137532642987,,2,2,2,1.0,0.0,0.0,1.0,0.0,1.0,0.0,0.0
2029043073.0,38,North Dakota,780191,38015,Burleigh,100302.0,15.0614388091749,2.701072972,1,4,1,2.0,1.0,1.0,0.0,0.0,1.0,1.0,1.0
2031067099.0,10,Delaware,1020279,10003,New Castle,575913.0,4.80536569343542,,1,2,2,2.0,1.0,1.0,1.0,0.0,1.0,1.0,0.0
2020290319.0,10,Delaware,1020279,10001,Kent,187830.0,3.37035546231192,,2,2,1,2.0,0.0,1.0,0.0,0.0,0.0,0.0,1.0
2043306401.0,10,Delaware,1020279,10003,New Castle,575913.0,4.31523675227982,1.1254988673,2,1,3,1.0,0.0,1.0,1.0,1.0,1.0,1.0,1.0
2013472597.0,56,Wyoming,581742,56025,Natrona,79585.0,0.779658475948118,1.4456373423,1,2,1,2.0,0.0,1.0,0.0,0.0,1.0,1.0,0.0
2010043139.0,56,Wyoming,581742,56001,Albany,38253.0,0.602135224532734,0.1430129583,1,6,1,2.0,1.0,1.0,1.0,1.0,1.0,1.0,1.0
2029084269.0,50,Vermont,647614,50007,Chittenden,169727.0,2.26269175663769,,2,2,1,2.0,0.0,1.0,1.0,0.0,0.0,0.0,0.0
2038468301.0,50,Vermont,647614,50021,Rutland,60393.0,1.18101801447744,,2,4,1,2.0,1.0,1.0,1.0,1.0,1.0,0.0,1.0
