caseid,state_fips,state_name,state_pop,county_fips,county_name,county_pop,commonweight,vvweight,gender4,educ,race,hispanic,climate_problem,regulate_carbon,renewable_fuel,clean_air_water,fuel_efficiency,fossil_fuel,paris_agreement,gender,educ_category,race4
2036974471.0,26,Michigan,10043906,26049,Genesee,401952.0,6.3957375379163,3.717917597,1,1,1,2.0,0.0,0.0,0.0,0.0,0.0,1.0,1.0,Male,1,White
2015249863.0,26,Michigan,10043906,26099,Macomb,875065.0,1.25591240776057,1.1863570006,1,6,1,2.0,0.0,0.0,0.0,0.0,0.0,1.0,1.0,Male,4,White
2039538027.0,26,Michigan,10043906,26115,Monroe,155376.0,0.654889560970575,0.7082088894,1,2,1,2.0,1.0,1.0,1.0,1.0,0.0,1.0,1.0,Male,2,White
2032986953.0,26,Michigan,10043906,26163,Wayne,1761595.0,7.1518323576671,,2,5,4,2.0,1.0,1.0,1.0,1.0,1.0,1.0,1.0,Female,4,Other
1998812579.0,26,Michigan,10043906,26109,Menominee,23295.0,1.04794250409084,1.2165353465,2,3,1,2.0,1.0,1.0,0.0,0.0,1.0,1.0,1.0,Female,3,White
2044920335.0,26,Michigan,10043906,26125,Oakland,1272787.0,2.93236322537903,,1,2,1,2.0,1.0,0.0,1.0,0.0,0.0,1.0,1.0,Male,2,White
2036163879.0,26,Michigan,10043906,26125,Oakland,1272787.0,1.5086588616347,0.8428932269,2,5,2,2.0,1.0,1.0,1.0,1.0,1.0,0.0,1.0,Female,4,Black
2037316777.0,26,Michigan,10043906,26147,St. Clair,159886.0,0.142724543541814,,1,3,1,2.0,0.0,0.0,0.0,1.0,0.0,1.0,0.0,Male,3,White
1999783887.0,26,Michigan,10043906,26065,Ingham,284388.0,0.779168250147768,0.7984580842000001,1,6,1,2.0,1.0,1.0,1.0,1.0,1.0,1.0,1.0,Male,4,White
2015478053.0,26,Michigan,10043906,26163,Wayne,1761595.0,1.21839660029986,,1,2,2,2.0,1.0,1.0,1.0,1.0,1.0,1.0,1.0,Male,2,Black
2014394805.0,26,Michigan,10043906,26159,Van Buren,75681.0,3.37516722213168,,2,1,2,2.0,0.0,0.0,1.0,1.0,1.0,0.0,1.0,Female,1,Black
2042740317.0,26,Michigan,10043906,26115,Monroe,155376.0,5.38782539006574,,1,2,2,2.0,0.0,0.0,0.0,0.0,0.0,0.0,0.0,Male,2,Black
2030648313.0,26,Michigan,10043906,26025,Calhoun,133439.0,2.79385403597126,0.2553667658,2,1,1,2.0,1.0,0.0,0.0,0.0,0.0,0.0,0.0,Female,1,White
2038586931.0,26,Michigan,10043906,26125,Oakland,1272787.0,0.778198854942588,0.4894826779,2,2,2,2.0,1.0,1.0,1.0,0.0,1.0,1.0,1.0,Female,2,Black
2006126501.0,26,Michigan,10043906,26081,Kent,659818.0,1.01949030568443,1.464880621,2,4,1,2.0,1.0,1.0,0.0,1.0,1.0,1.0,1.0,Female,3,White
2011404803.0,26,Michigan,10043906,26139,Ottawa,300837.0,4.06825938388148,1.4273355733,2,5,1,2.0,0.0,0.0,0.0,0.0,0.0,1.0,0.0,Female,4,White
2021915381.0,26,Michigan,10043906,26025,Calhoun,133439.0,0.610754146276672,0.6027293703000001,1,3,1,2.0,0.0,0.0,1.0,0.0,1.0,1.0,0.0,Male,3,White
1998424307.0,26,Michigan,10043906,26163,Wayne,1761595.0,1.16639406214446,0.9215177962,2,4,1,2.0,0.0,0.0,0.0,0.0,0.0,1.0,0.0,Female,3,White
2038533627.0,26,Michigan,10043906,26149,St. Joseph,60777.0,0.950067561597391,0.983291227,2,6,1,2.0,1.0,1.0,1.0,1.0,1.0,0.0,1.0,Female,4,White
2029581119.0,26,Michigan,10043906,26099,Macomb,875065.0,3.49806653299445,,2,2,1,2.0,1.0,1.0,1.0,1.0,1.0,1.0,1.0,Female,2,White
1519431277.0,26,Michigan,10043906,26163,Wayne,1761595.0,0.319842326741983,,2,1,2,2.0,1.0,1.0,0.0,1.0,0.0,1.0,1.0,Female,1,Black
2013191327.0,26,Michigan,10043906,26027,Cass,51422.0,0.257804380801769,0.7263033572,2,2,5,2.0,0.0,0.0,0.0,0.0,1.0,1.0,0.0,Female,2,Other
2044137447.0,26,Michigan,10043906,26163,Wayne,1761595.0,0.378911965901696,,1,3,1,2.0,1.0,1.0,1.0,1.0,1.0,0.0,1.0,Male,3,White
2041090191.0,26,Michigan,10043906,26161,Washtenaw,367307.0,1.36358802526644,0.9906595066,1,5,1,2.0,1.0,1.0,1.0,1.0,1.0,0.0,1.0,Male,4,White
2037088155.0,26,Michigan,10043906,26125,Oakland,1272787.0,3.05977640349708,0.8644207329,1,3,1,2.0,1.0,1.0,1.0,1.0,1.0,0.0,1.0,Male,3,White
2009824341.0,26,Michigan,10043906,26139,Ottawa,300837.0,0.802206795230088,0.8976913786,1,5,1,2.0,0.0,0.0,0.0,0.0,0.0,0.0,0.0,Male,4,White
2015400929.0,26,Michigan,10043906,26125,Oakland,1272787.0,1.29125037850835,0.1907079711,1,5,2,2.0,1.0,1.0,1.0,1.0,1.0,0.0,0.0,Male,4,Black
1996384897.0,26,Michigan,10043906,26065,Ingham,284388.0,1.79362322793923,1.0994052641,1,5,1,2.0,1.0,0.0,0.0,1.0,1.0,1.0,1.0,Male,4,White
2007699863.0,26,Michigan,10043906,26145,Saginaw,188392.0,0.584709484738144,0.3820756158,2,2,2,2.0,1.0,0.0,0.0,1.0,1.0,0.0,0.0,Female,2,Black
2032667525.0,26,Michigan,10043906,26093,Livingston,196097.0,0.766006847152525,1.143442231,2,4,1,2.0,1.0,1.0,0.0,0.0,1.0,0.0,1.0,Female,3,White
2028041305.0,26,Michigan,10043906,26163,Wayne,1761595.0,1.395332629968,1.3877430164,1,6,1,2.0,0.0,0.0,0.0,0.0,0.0,1.0,0.0,Male,4,White
2043854005.0,26,Michigan,10043906,26081,Kent,659818.0,3.30582186122468,,3,3,3,,1.0,1.0,1.0,1.0,1.0,1.0,1.0,,3,Hispanic
2012622831.0,26,Michigan,10043906,26087,Lapeer,88705.0,0.950067561597391,,2,6,1,2.0,1.0,1.0,1.0,1.0,1.0,0.0,1.0,Female,4,White
2015486069.0,26,Michigan,10043906,26081,Kent,659818.0,0.584709484738144,0.3820756158,2,2,2,2.0,1.0,1.0,1.0,1.0,1.0,1.0,1.0,Female,2,Black
2010334809.0,26,Michigan,10043906,26161,Washtenaw,367307.0,1.11656373113983,1.2519272213,2,2,1,2.0,0.0,0.0,0.0,0.0,0.0,1.0,0.0,Female,2,White
1998437161.0,26,Michigan,10043906,26081,Kent,659818.0,0.934517280696156,,2,6,1,2.0,1.0,1.0,1.0,0.0,0.0,1.0,1.0,Female,4,White
2016820419.0,26,Michigan,10043906,26161,Washtenaw,367307.0,2.13172603492465,,2,2,1,2.0,1.0,1.0,1.0,1.0,1.0,0.0,1.0,Female,2,White
2031423339.0,26,Michigan,10043906,26075,Jackson,159780.0,1.41433059658563,0.6349431226000001,2,3,1,2.0,1.0,1.0,1.0,1.0,0.0,1.0,1.0,Female,3,White
2015184803.0,26,Michigan,10043906,26079,Kalkaska,18214.0,0.893810197487008,0.9002082708,2,6,1,2.0,1.0,1.0,1.0,1.0,0.0,1.0,1.0,Female,4,White
2038445581.0,26,Michigan,10043906,26103,Marquette,67062.0,0.651326573223394,0.7390620576,3,3,1,2.0,1.0,1.0,1.0,1.0,1.0,0.0,1.0,,3,White
2011200435.0,26,Michigan,10043906,26049,Genesee,401952.0,4.65077007424083,,2,2,1,2.0,0.0,1.0,0.0,0.0,1.0,1.0,1.0,Female,2,White
2038641287.0,26,Michigan,10043906,26163,Wayne,1761595.0,0.50948793430853,1.0515980084,2,3,2,2.0,1.0,0.0,0.0,1.0,1.0,0.0,1.0,Female,3,Black
2038097661.0,26,Michigan,10043906,26093,Livingston,196097.0,4.81551617401181,2.2640485517,1,3,1,2.0,0.0,0.0,0.0,0.0,0.0,1.0,0.0,Male,3,White
2014528535.0,26,Michigan,10043906,26075,Jackson,159780.0,1.60063315377037,1.5267517698000002,2,6,1,2.0,0.0,0.0,0.0,0.0,0.0,1.0,0.0,Female,4,White
2012512315.0,26,Michigan,10043906,26033,Chippewa,36204.0,1.55237181414827,1.4919025056000002,2,3,1,2.0,0.0,0.0,0.0,0.0,0.0,1.0,0.0,Female,3,White
2031771423.0,26,Michigan,10043906,26125,Oakland,1272787.0,1.12320059939848,0.916212489,1,2,1,2.0,1.0,1.0,1.0,1.0,1.0,0.0,0.0,Male,2,White
2002140661.0,26,Michigan,10043906,26009,Antrim,24285.0,0.911510947516346,0.9467713113,2,5,1,2.0,1.0,1.0,1.0,1.0,1.0,0.0,1.0,Female,4,White
2010996657.0,26,Michigan,10043906,26063,Huron,31153.0,12.0831577054865,1.6061855141,2,3,1,2.0,0.0,0.0,0.0,0.0,1.0,1.0,0.0,Female,3,White
1984389417.0,26,Michigan,10043906,26021,Berrien,152991.0,1.15782363918616,1.1234664186,1,4,1,2.0,0.0,0.0,0.0,0.0,0.0,1.0,0.0,Male,3,White
2037330875.0,26,Michigan,10043906,26149,St. Joseph,60777.0,2.24015868993054,0.4131585578,2,1,1,2.0,0.0,0.0,0.0,0.0,0.0,0.0,0.0,Female,1,White
2031165773.0,26,Michigan,10043906,26049,Genesee,401952.0,2.70771540568321,,1,5,1,2.0,0.0,1.0,0.0,0.0,1.0,1.0,0.0,Male,4,White
2033226821.0,26,Michigan,10043906,26163,Wayne,1761595.0,0.450049498932732,0.606198737,2,1,1,1.0,0.0,1.0,1.0,1.0,1.0,1.0,1.0,Female,1,Hispanic
2036915521.0,26,Michigan,10043906,26077,Kalamazoo,261121.0,0.579740705294741,0.4975564651,2,5,3,,1.0,1.0,1.0,1.0,1.0,1.0,1.0,Female,4,Hispanic
2014278153.0,26,Michigan,10043906,26125,Oakland,1272787.0,15.0614388091749,1.0830538219,1,4,1,2.0,0.0,0.0,0.0,0.0,0.0,0.0,0.0,Male,3,White
2021899605.0,26,Michigan,10043906,26081,Kent,659818.0,2.03164336274078,2.0577078313,2,3,1,2.0,0.0,0.0,0.0,0.0,0.0,1.0,0.0,Female,3,White
1997132959.0,26,Michigan,10043906,26163,Wayne,1761595.0,1.45114362979932,1.6266567699,1,2,2,2.0,1.0,1.0,1.0,1.0,1.0,1.0,1.0,Male,2,Black
2031449551.0,26,Michigan,10043906,26075,Jackson,159780.0,0.46647455139153,,2,3,1,2.0,1.0,1.0,1.0,1.0,1.0,0.0,1.0,Female,3,White
2015510345.0,26,Michigan,10043906,26037,Clinton,79692.0,0.911510947516346,0.9467713113,3,5,1,2.0,1.0,1.0,1.0,1.0,1.0,0.0,1.0,,4,White
2022133377.0,26,Michigan,10043906,26161,Washtenaw,367307.0,0.899918582083081,0.9670294841,2,6,1,2.0,1.0,1.0,1.0,1.0,1.0,0.0,1.0,Female,4,White
2036409687.0,26,Michigan,10043906,26049,Genesee,401952.0,5.38782539006574,0.5068993106,1,2,2,2.0,1.0,1.0,1.0,1.0,1.0,1.0,1.0,Male,2,Black
2029545221.0,26,Michigan,10043906,26157,Tuscola,52933.0,0.710270741613572,,1,4,1,2.0,1.0,0.0,1.0,1.0,1.0,0.0,0.0,Male,3,White
2021940551.0,26,Michigan,10043906,26139,Ottawa,300837.0,0.432736023385954,,2,2,1,2.0,1.0,1.0,1.0,1.0,0.0,1.0,1.0,Female,2,White
2021308623.0,26,Michigan,10043906,26099,Macomb,875065.0,1.04372833879328,1.1761433244,2,5,1,2.0,0.0,0.0,0.0,0.0,0.0,1.0,0.0,Female,4,White
2010466475.0,26,Michigan,10043906,26065,Ingham,284388.0,9.89913926744683,6.0600778127,1,1,4,2.0,0.0,0.0,0.0,0.0,0.0,0.0,0.0,Male,1,Other
1995034007.0,26,Michigan,10043906,26139,Ottawa,300837.0,0.866860563589315,0.946823247,2,3,1,2.0,1.0,1.0,1.0,1.0,1.0,0.0,1.0,Female,3,White
2014658101.0,26,Michigan,10043906,26089,Leelanau,22893.0,0.893810197487008,0.9002082708,2,6,1,2.0,1.0,1.0,1.0,1.0,1.0,0.0,1.0,Female,4,White
2011240123.0,26,Michigan,10043906,26147,St. Clair,159886.0,0.838944184722854,0.9772171428,2,2,1,2.0,0.0,0.0,0.0,0.0,0.0,1.0,0.0,Female,2,White
2015060449.0,26,Michigan,10043906,26161,Washtenaw,367307.0,0.646540759922664,0.6957561755,1,3,1,2.0,1.0,1.0,1.0,1.0,1.0,0.0,1.0,Male,3,White
2039395585.0,26,Michigan,10043906,26121,Muskegon,175458.0,0.651326573223394,0.7390620576,2,4,1,2.0,1.0,1.0,1.0,0.0,1.0,0.0,1.0,Female,3,White
2011532507.0,26,Michigan,10043906,26085,Lake,12684.0,6.08280662606265,,1,2,1,2.0,1.0,1.0,1.0,1.0,1.0,1.0,1.0,Male,2,White
1997209081.0,26,Michigan,10043906,26149,St. Joseph,60777.0,1.1758053301051,1.1668012381,1,5,1,2.0,0.0,0.0,0.0,0.0,0.0,1.0,0.0,Male,4,White
2011308099.0,26,Michigan,10043906,26017,Bay,102736.0,0.497689218637962,0.7635060633,1,5,1,2.0,1.0,1.0,0.0,0.0,1.0,1.0,0.0,Male,4,White
2010243175.0,26,Michigan,10043906,26005,Allegan,121299.0,0.779168250147768,0.7984580842000001,1,6,1,2.0,1.0,1.0,1.0,1.0,1.0,0.0,1.0,Male,4,White
2031218751.0,26,Michigan,10043906,26125,Oakland,1272787.0,1.52650076038402,1.6061855141,2,3,1,2.0,0.0,0.0,0.0,0.0,1.0,0.0,0.0,Female,3,White
2021030933.0,26,Michigan,10043906,26065,Ingham,284388.0,1.16639406214446,1.1645347101,2,3,1,2.0,0.0,0.0,0.0,0.0,0.0,1.0,0.0,Female,3,White
2037292823.0,26,Michigan,10043906,26163,Wayne,1761595.0,7.01467825826171,0.7112344727000001,1,3,4,2.0,1.0,1.0,1.0,0.0,1.0,1.0,1.0,Male,3,Other
2015050847.0,26,Michigan,10043906,26057,Gratiot,41130.0,0.838944184722854,0.9772171428,2,2,1,2.0,0.0,0.0,0.0,0.0,1.0,1.0,0.0,Female,2,White
2038251089.0,26,Michigan,10043906,26061,Houghton,37728.0,5.405570110886,,1,2,1,2.0,0.0,1.0,1.0,1.0,1.0,0.0,1.0,Male,2,White
2009279813.0,26,Michigan,10043906,26045,Eaton,108864.0,1.25540998469898,1.2505556367,1,3,1,2.0,0.0,0.0,0.0,0.0,0.0,1.0,0.0,Male,3,White
1993773079.0,26,Michigan,10043906,26063,Huron,31153.0,1.5291311485087,1.5456590262,1,6,1,2.0,0.0,0.0,0.0,0.0,0.0,1.0,0.0,Male,4,White
1998744003.0,26,Michigan,10043906,26125,Oakland,1272787.0,10.9956610253874,1.6219471641,2,5,1,2.0,0.0,1.0,0.0,0.0,1.0,1.0,0.0,Female,4,White
2034471163.0,26,Michigan,10043906,26163,Wayne,1761595.0,1.21314395291967,1.2129226198,2,5,1,2.0,1.0,1.0,1.0,1.0,1.0,0.0,1.0,Female,4,White
2008974963.0,26,Michigan,10043906,26163,Wayne,1761595.0,0.982780796939089,0.7896347810000001,2,3,2,2.0,0.0,1.0,0.0,0.0,1.0,1.0,1.0,Female,3,Black
2017190063.0,26,Michigan,10043906,26163,Wayne,1761595.0,1.15782363918616,1.1234664186,1,3,1,2.0,0.0,0.0,0.0,0.0,0.0,1.0,0.0,Male,3,White
2005523053.0,26,Michigan,10043906,26115,Monroe,155376.0,1.54096530628991,1.4392893147,1,3,1,2.0,0.0,0.0,0.0,0.0,0.0,1.0,0.0,Male,3,White
2033042075.0,26,Michigan,10043906,26139,Ottawa,300837.0,0.718313963099557,0.7561306115,1,3,1,2.0,1.0,1.0,1.0,1.0,1.0,0.0,1.0,Male,3,White
2015396163.0,26,Michigan,10043906,26099,Macomb,875065.0,1.12895760406684,1.4068743856,2,2,2,2.0,1.0,1.0,1.0,0.0,0.0,0.0,0.0,Female,2,Black
2013251891.0,26,Michigan,10043906,26075,Jackson,159780.0,1.14893189608655,1.2064954508,1,6,1,2.0,0.0,0.0,0.0,0.0,0.0,1.0,0.0,Male,4,White
2029581887.0,26,Michigan,10043906,26163,Wayne,1761595.0,3.37516722213168,,2,1,2,2.0,1.0,0.0,0.0,0.0,0.0,0.0,0.0,Female,1,Black
2014281297.0,26,Michigan,10043906,26121,Muskegon,175458.0,0.208617408294694,0.3421144948,2,2,1,1.0,1.0,1.0,1.0,1.0,1.0,0.0,1.0,Female,2,Hispanic
1998791631.0,26,Michigan,10043906,26163,Wayne,1761595.0,0.866860563589315,0.946823247,2,4,1,2.0,1.0,1.0,0.0,1.0,1.0,0.0,1.0,Female,3,White
2043796579.0,26,Michigan,10043906,26163,Wayne,1761595.0,3.31768747840701,,3,3,2,2.0,1.0,1.0,1.0,1.0,1.0,0.0,1.0,,3,Black
2039697867.0,26,Michigan,10043906,26043,Dickinson,25959.0,9.77728325850723,,1,1,1,2.0,0.0,0.0,1.0,1.0,1.0,1.0,1.0,Male,1,White
2012113657.0,26,Michigan,10043906,26065,Ingham,284388.0,0.470277610789733,0.5212577156,2,4,2,2.0,1.0,1.0,1.0,1.0,1.0,1.0,1.0,Female,3,Black
2044084399.0,26,Michigan,10043906,26055,Grand Traverse,96330.0,1.50800069506534,0.6271745608,2,3,1,2.0,1.0,1.0,1.0,1.0,1.0,0.0,1.0,Female,3,White
2034243055.0,26,Michigan,10043906,26149,St. Joseph,60777.0,1.31613080759801,0.333429181,2,2,1,2.0,0.0,0.0,0.0,0.0,0.0,1.0,0.0,Female,2,White
2015137043.0,26,Michigan,10043906,26025,Calhoun,133439.0,1.54096530628991,1.4392893147,1,3,1,2.0,0.0,0.0,0.0,0.0,0.0,1.0,0.0,Male,3,White
2011455825.0,26,Michigan,10043906,26049,Genesee,401952.0,0.686027255989543,0.7593497766,2,4,1,2.0,1.0,1.0,1.0,1.0,1.0,0.0,1.0,Female,3,White
1998473909.0,26,Michigan,10043906,26163,Wayne,1761595.0,1.67866250652328,2.0392054131,2,5,1,2.0,0.0,1.0,0.0,0.0,1.0,1.0,0.0,Female,4,White
2042101437.0,26,Michigan,10043906,26151,Sanilac,40506.0,1.23469803034962,,2,3,1,2.0,0.0,0.0,0.0,0.0,0.0,1.0,0.0,Female,3,White
2015155451.0,26,Michigan,10043906,26119,Montmorency,9562.0,1.4049039065766,1.3480706529,1,2,1,2.0,0.0,0.0,1.0,0.0,0.0,1.0,0.0,Male,2,White
2012480861.0,26,Michigan,10043906,26121,Muskegon,175458.0,1.71985607648338,1.6415814428000002,2,2,1,2.0,0.0,0.0,0.0,0.0,0.0,1.0,0.0,Female,2,White
2023208147.0,26,Michigan,10043906,26081,Kent,659818.0,0.991083097505614,,2,2,1,2.0,0.0,0.0,0.0,0.0,0.0,0.0,0.0,Female,2,White
2009707555.0,26,Michigan,10043906,26163,Wayne,1761595.0,1.71985607648338,1.6415814428000002,2,2,1,2.0,0.0,1.0,0.0,0.0,1.0,1.0,0.0,Female,2,White
2039493141.0,26,Michigan,10043906,26099,Macomb,875065.0,1.36358802526644,0.9906595066,1,5,1,2.0,1.0,1.0,1.0,1.0,1.0,0.0,1.0,Male,4,White
2035285167.0,26,Michigan,10043906,26163,Wayne,1761595.0,1.99970741914297,,1,2,8,2.0,0.0,0.0,1.0,1.0,0.0,1.0,0.0,Male,2,Other
2034272547.0,26,Michigan,10043906,26011,Arenac,15100.0,1.50719073350592,0.4132273718,2,1,1,2.0,1.0,1.0,1.0,1.0,1.0,1.0,1.0,Female,1,White
2015108139.0,26,Michigan,10043906,26155,Shiawassee,67955.0,0.934143399413068,0.9353604817,2,5,1,2.0,1.0,1.0,1.0,0.0,0.0,1.0,1.0,Female,4,White
2029564583.0,26,Michigan,10043906,26147,St. Clair,159886.0,0.608329729938753,,1,2,1,2.0,1.0,1.0,1.0,1.0,1.0,0.0,1.0,Male,2,White
2024346403.0,26,Michigan,10043906,26159,Van Buren,75681.0,0.432736023385954,,2,2,1,2.0,0.0,0.0,1.0,0.0,1.0,1.0,1.0,Female,2,White
2030652333.0,26,Michigan,10043906,26077,Kalamazoo,261121.0,0.555461682279144,,1,2,1,2.0,0.0,0.0,1.0,1.0,1.0,1.0,0.0,Male,2,White
1998437101.0,26,Michigan,10043906,26111,Midland,83721.0,1.52650076038402,1.6061855141,2,3,1,2.0,0.0,0.0,0.0,0.0,0.0,1.0,0.0,Female,3,White
2015122293.0,26,Michigan,10043906,26091,Lenawee,98296.0,1.11656373113983,1.2519272213,2,2,1,2.0,1.0,1.0,1.0,1.0,1.0,1.0,1.0,Female,2,White
1995725291.0,26,Michigan,10043906,26163,Wayne,1761595.0,0.721597721965829,0.7557471704000001,2,2,1,2.0,1.0,1.0,1.0,1.0,1.0,1.0,1.0,Female,2,White
2016027661.0,26,Michigan,10043906,26099,Macomb,875065.0,0.71761511050602,0.4289149479,1,3,7,2.0,0.0,0.0,0.0,0.0,0.0,1.0,0.0,Male,3,Other
2013385817.0,26,Michigan,10043906,26099,Macomb,875065.0,0.668985174728016,2.0729011098,1,1,1,2.0,1.0,1.0,1.0,1.0,1.0,1.0,1.0,Male,1,White
2004106081.0,26,Michigan,10043906,26161,Washtenaw,367307.0,0.950067561597391,0.983291227,2,6,1,2.0,1.0,1.0,1.0,1.0,1.0,0.0,1.0,Female,4,White
1999083761.0,26,Michigan,10043906,26035,Clare,31307.0,2.30180855869688,2.2890902182,2,5,1,2.0,0.0,0.0,0.0,0.0,0.0,1.0,0.0,Female,4,White
2024794229.0,26,Michigan,10043906,26011,Arenac,15100.0,0.838944184722854,0.9772171428,2,2,1,2.0,0.0,0.0,0.0,0.0,0.0,1.0,0.0,Female,2,White
2009861727.0,26,Michigan,10043906,26077,Kalamazoo,261121.0,0.934143399413068,0.9353604817,2,5,1,2.0,1.0,1.0,1.0,1.0,0.0,0.0,1.0,Female,4,White
2021310795.0,26,Michigan,10043906,26015,Barry,63366.0,3.69242237956174,,2,3,1,2.0,1.0,1.0,1.0,1.0,1.0,1.0,1.0,Female,3,White
2013591227.0,26,Michigan,10043906,26049,Genesee,401952.0,1.05559219742313,1.0522638451,1,2,1,2.0,0.0,0.0,0.0,0.0,0.0,1.0,0.0,Male,2,White
2025238303.0,26,Michigan,10043906,26075,Jackson,159780.0,1.11656373113983,1.2519272213,2,2,1,2.0,0.0,0.0,0.0,0.0,0.0,1.0,0.0,Female,2,White
1993774571.0,26,Michigan,10043906,26163,Wayne,1761595.0,2.51121952906424,,1,5,1,2.0,1.0,0.0,0.0,1.0,1.0,1.0,1.0,Male,4,White
2042374943.0,26,Michigan,10043906,26163,Wayne,1761595.0,2.33029800845682,0.3080218253,2,2,2,2.0,0.0,0.0,0.0,1.0,1.0,0.0,0.0,Female,2,Black
2016809227.0,26,Michigan,10043906,26163,Wayne,1761595.0,0.734595626746823,0.8885835396,1,4,1,2.0,1.0,0.0,0.0,0.0,0.0,1.0,0.0,Male,3,White
1997971619.0,26,Michigan,10043906,26125,Oakland,1272787.0,0.437811608917077,0.2867940899,2,3,1,1.0,1.0,1.0,1.0,1.0,1.0,0.0,1.0,Female,3,Hispanic
2016568707.0,26,Michigan,10043906,26161,Washtenaw,367307.0,0.899918582083081,0.9670294841,2,6,1,2.0,1.0,1.0,1.0,1.0,1.0,0.0,1.0,Female,4,White
2016591289.0,26,Michigan,10043906,26159,Van Buren,75681.0,0.582828757746351,0.6334537961000001,2,5,1,2.0,1.0,1.0,1.0,1.0,0.0,1.0,1.0,Female,4,White
2042750723.0,26,Michigan,10043906,26055,Grand Traverse,96330.0,3.6359536768656,,2,3,1,2.0,1.0,1.0,1.0,1.0,1.0,1.0,1.0,Female,3,White
2022262131.0,26,Michigan,10043906,26125,Oakland,1272787.0,1.04372833879328,1.1761433244,2,5,1,2.0,0.0,1.0,0.0,1.0,1.0,1.0,1.0,Female,4,White
2016123959.0,26,Michigan,10043906,26005,Allegan,121299.0,1.00732339101444,0.414523252,2,1,1,2.0,1.0,1.0,0.0,1.0,0.0,0.0,0.0,Female,1,White
2012289301.0,26,Michigan,10043906,26071,Iron,11705.0,1.16639406214446,,2,3,1,2.0,0.0,0.0,0.0,0.0,0.0,1.0,0.0,Female,3,White
2013307165.0,26,Michigan,10043906,26149,St. Joseph,60777.0,0.5773911764252,0.6307432899000001,1,2,1,2.0,0.0,0.0,0.0,0.0,1.0,1.0,0.0,Male,2,White
2019076601.0,26,Michigan,10043906,26123,Newaygo,50752.0,1.04874262093508,1.0614235344,2,3,1,2.0,1.0,0.0,1.0,1.0,0.0,0.0,1.0,Female,3,White
1993703795.0,26,Michigan,10043906,26081,Kent,659818.0,0.651326573223394,0.7390620576,2,3,1,2.0,1.0,1.0,1.0,1.0,1.0,0.0,1.0,Female,3,White
2038712695.0,26,Michigan,10043906,26065,Ingham,284388.0,0.89552725578918,1.4728142942,3,4,6,2.0,1.0,1.0,1.0,1.0,1.0,0.0,1.0,,3,Other
2036915827.0,26,Michigan,10043906,26121,Muskegon,175458.0,0.66817274671323,0.6179139634,1,5,2,2.0,1.0,1.0,1.0,1.0,1.0,0.0,1.0,Male,4,Black
2001282693.0,26,Michigan,10043906,26163,Wayne,1761595.0,0.838944184722854,0.9772171428,2,2,1,2.0,0.0,0.0,0.0,0.0,0.0,1.0,0.0,Female,2,White
2021434307.0,26,Michigan,10043906,26005,Allegan,121299.0,0.744662734460003,0.7858527964,2,2,1,2.0,0.0,1.0,1.0,1.0,0.0,1.0,0.0,Female,2,White
1998569087.0,26,Michigan,10043906,26085,Lake,12684.0,0.61851538984822,1.313896662,2,1,1,2.0,1.0,1.0,1.0,1.0,1.0,1.0,1.0,Female,1,White
2030643297.0,26,Michigan,10043906,26099,Macomb,875065.0,0.934143399413068,0.9353604817,2,5,1,2.0,1.0,1.0,1.0,1.0,0.0,0.0,1.0,Female,4,White
2012653419.0,26,Michigan,10043906,26163,Wayne,1761595.0,0.401851596022818,0.7488463040000001,1,2,2,2.0,1.0,1.0,1.0,1.0,0.0,1.0,1.0,Male,2,Black
2030908929.0,26,Michigan,10043906,26163,Wayne,1761595.0,3.9369688588341,0.7036502044,2,4,1,2.0,1.0,1.0,1.0,1.0,1.0,1.0,0.0,Female,3,White
2034471533.0,26,Michigan,10043906,26161,Washtenaw,367307.0,0.911510947516346,,2,5,1,2.0,1.0,1.0,1.0,1.0,0.0,0.0,1.0,Female,4,White
2036028401.0,26,Michigan,10043906,26145,Saginaw,188392.0,2.10991334466983,1.2643680263,1,2,3,,1.0,1.0,1.0,1.0,1.0,1.0,1.0,Male,2,Hispanic
1998291275.0,26,Michigan,10043906,26081,Kent,659818.0,0.447960616323014,,1,5,1,2.0,1.0,1.0,1.0,1.0,1.0,0.0,1.0,Male,4,White
2042328639.0,26,Michigan,10043906,26155,Shiawassee,67955.0,1.14893189608655,1.2064954508,1,6,1,2.0,0.0,0.0,0.0,0.0,0.0,1.0,0.0,Male,4,White
2010973467.0,26,Michigan,10043906,26163,Wayne,1761595.0,0.934143399413068,0.9353604817,2,5,1,2.0,1.0,1.0,1.0,1.0,1.0,0.0,1.0,Female,4,White
1995809663.0,26,Michigan,10043906,26163,Wayne,1761595.0,2.81768098301945,3.8875953963,1,2,2,2.0,0.0,0.0,0.0,0.0,1.0,1.0,0.0,Male,2,Black
2020095949.0,25,Massachusetts,7025465,25005,Bristol,581598.0,2.69914564956072,,2,2,1,2.0,1.0,0.0,0.0,0.0,0.0,1.0,1.0,Female,2,White
2013512663.0,25,Massachusetts,7025465,25017,Middlesex,1630890.0,7.43480613022619,2.208740289,1,3,1,2.0,0.0,0.0,0.0,0.0,1.0,1.0,0.0,Male,3,White
2038872939.0,25,Massachusetts,7025465,25013,Hampden,461294.0,2.32089452865117,,2,2,3,,1.0,1.0,1.0,1.0,0.0,0.0,1.0,Female,2,Hispanic
2038228627.0,25,Massachusetts,7025465,25017,Middlesex,1630890.0,1.20148844805274,1.0806284792,3,5,4,2.0,1.0,1.0,1.0,1.0,1.0,0.0,1.0,,4,Other
2012077083.0,25,Massachusetts,7025465,25009,Essex,810054.0,0.60210026860182,1.0599399175,2,3,1,2.0,1.0,1.0,1.0,0.0,1.0,1.0,0.0,Female,3,White
2044268379.0,25,Massachusetts,7025465,25017,Middlesex,1630890.0,2.56227939368082,,1,2,4,2.0,0.0,0.0,0.0,0.0,1.0,1.0,0.0,Male,2,Other
2012231335.0,25,Massachusetts,7025465,25025,Suffolk,778090.0,0.751689562189438,0.9541051513,2,6,1,2.0,1.0,1.0,1.0,1.0,1.0,0.0,1.0,Female,4,White
2017411663.0,25,Massachusetts,7025465,25017,Middlesex,1630890.0,0.785307602632436,0.8720198239,1,4,1,2.0,0.0,1.0,1.0,1.0,1.0,1.0,0.0,Male,3,White
2011540927.0,25,Massachusetts,7025465,25027,Worcester,866439.0,0.988576993940865,1.0113689202,2,2,1,2.0,1.0,1.0,1.0,1.0,1.0,0.0,1.0,Female,2,White
2043493069.0,25,Massachusetts,7025465,25017,Middlesex,1630890.0,1.05080829969113,1.2163795392,2,4,6,1.0,0.0,0.0,0.0,0.0,1.0,1.0,1.0,Female,3,Hispanic
2002394895.0,25,Massachusetts,7025465,25017,Middlesex,1630890.0,0.737626473079636,0.6546903129,2,3,1,2.0,1.0,1.0,1.0,1.0,1.0,0.0,1.0,Female,3,White
1995853219.0,25,Massachusetts,7025465,25021,Norfolk,727727.0,1.28758909286235,1.1291491511,2,5,1,2.0,1.0,1.0,1.0,1.0,1.0,0.0,1.0,Female,4,White
2015139311.0,25,Massachusetts,7025465,25013,Hampden,461294.0,0.988576993940865,,2,2,1,2.0,1.0,0.0,1.0,0.0,1.0,1.0,1.0,Female,2,White
2040052049.0,25,Massachusetts,7025465,25021,Norfolk,727727.0,1.42613191151668,,2,4,3,,0.0,1.0,1.0,1.0,1.0,1.0,1.0,Female,3,Hispanic
2040819031.0,25,Massachusetts,7025465,25017,Middlesex,1630890.0,3.03231034310809,,2,3,1,2.0,1.0,1.0,1.0,1.0,1.0,0.0,1.0,Female,3,White
2026267731.0,25,Massachusetts,7025465,25017,Middlesex,1630890.0,0.896895786747495,1.0106242682,1,5,1,2.0,0.0,0.0,0.0,0.0,0.0,1.0,0.0,Male,4,White
2041095347.0,25,Massachusetts,7025465,25013,Hampden,461294.0,1.61758776152085,1.7244918949,2,2,1,2.0,1.0,1.0,0.0,0.0,1.0,1.0,0.0,Female,2,White
2017544747.0,25,Massachusetts,7025465,25003,Berkshire,129592.0,1.28758909286235,1.1291491511,2,5,1,2.0,1.0,1.0,1.0,1.0,1.0,0.0,1.0,Female,4,White
2013084275.0,25,Massachusetts,7025465,25015,Hampshire,165193.0,0.731546816974442,0.6569574672,1,5,1,2.0,1.0,1.0,1.0,1.0,1.0,0.0,1.0,Male,4,White
2036386285.0,25,Massachusetts,7025465,25005,Bristol,581598.0,1.98109793310533,,1,3,1,2.0,1.0,1.0,1.0,1.0,1.0,0.0,1.0,Male,3,White
2026743307.0,25,Massachusetts,7025465,25027,Worcester,866439.0,0.574308466706391,0.3519297646,2,5,2,2.0,1.0,1.0,1.0,1.0,1.0,0.0,1.0,Female,4,Black
1998363655.0,25,Massachusetts,7025465,25019,Nantucket,14502.0,1.1706751128062,1.1366318734,2,6,1,2.0,0.0,0.0,0.0,0.0,0.0,1.0,0.0,Female,4,White
2034768563.0,25,Massachusetts,7025465,25025,Suffolk,778090.0,1.1706751128062,1.1366318734,2,6,1,2.0,1.0,0.0,0.0,0.0,0.0,1.0,0.0,Female,4,White
2011712167.0,25,Massachusetts,7025465,25017,Middlesex,1630890.0,2.27401176443707,1.8595642624,2,2,1,2.0,1.0,1.0,1.0,1.0,1.0,0.0,1.0,Female,2,White
2011276831.0,25,Massachusetts,7025465,25005,Bristol,581598.0,1.43310087659057,1.4402033976,2,6,1,2.0,1.0,1.0,1.0,1.0,1.0,0.0,1.0,Female,4,White
1999801935.0,25,Massachusetts,7025465,25005,Bristol,581598.0,2.07643411998648,,2,3,1,2.0,1.0,1.0,1.0,0.0,1.0,0.0,1.0,Female,3,White
2038247051.0,25,Massachusetts,7025465,25001,Barnstable,232970.0,1.08138560639738,1.0519091784,1,6,1,2.0,1.0,1.0,1.0,1.0,1.0,0.0,1.0,Male,4,White
2002135811.0,25,Massachusetts,7025465,25021,Norfolk,727727.0,1.10569657109605,1.1710630037,1,5,1,2.0,1.0,0.0,0.0,0.0,0.0,0.0,0.0,Male,4,White
2006447871.0,25,Massachusetts,7025465,25003,Berkshire,129592.0,3.28626375710231,,2,6,2,2.0,1.0,1.0,1.0,1.0,1.0,1.0,1.0,Female,4,Black
2022469119.0,25,Massachusetts,7025465,25021,Norfolk,727727.0,1.40105477208313,1.3810002936,1,5,1,2.0,1.0,1.0,1.0,1.0,1.0,0.0,1.0,Male,4,White
2039128953.0,25,Massachusetts,7025465,25027,Worcester,866439.0,0.826598924903144,1.3152407366,2,3,1,2.0,1.0,1.0,1.0,1.0,1.0,1.0,1.0,Female,3,White
2008840129.0,25,Massachusetts,7025465,25017,Middlesex,1630890.0,0.621075485263825,1.0266377892,2,3,1,2.0,1.0,1.0,1.0,1.0,1.0,0.0,1.0,Female,3,White
2012918949.0,25,Massachusetts,7025465,25021,Norfolk,727727.0,0.879164342522838,1.3469961177,1,6,1,2.0,1.0,1.0,1.0,1.0,1.0,0.0,1.0,Male,4,White
2036748373.0,25,Massachusetts,7025465,25009,Essex,810054.0,1.10199388183021,,1,2,1,2.0,1.0,1.0,1.0,1.0,1.0,0.0,0.0,Male,2,White
2045124569.0,25,Massachusetts,7025465,25013,Hampden,461294.0,2.86917023644421,,1,2,1,2.0,0.0,0.0,0.0,0.0,0.0,0.0,0.0,Male,2,White
2016845703.0,25,Massachusetts,7025465,25017,Middlesex,1630890.0,0.545433692766277,,1,6,1,2.0,1.0,1.0,1.0,1.0,1.0,1.0,1.0,Male,4,White
2000544143.0,25,Massachusetts,7025465,25021,Norfolk,727727.0,0.545433692766277,,1,6,1,2.0,1.0,1.0,1.0,1.0,1.0,0.0,1.0,Male,4,White
1984282189.0,25,Massachusetts,7025465,25027,Worcester,866439.0,0.502621098917301,,1,2,1,2.0,1.0,1.0,0.0,1.0,1.0,0.0,1.0,Male,2,White
2010585237.0,25,Massachusetts,7025465,25025,Suffolk,778090.0,0.751689562189438,,2,6,1,2.0,1.0,1.0,1.0,1.0,1.0,0.0,1.0,Female,4,White
1999679607.0,25,Massachusetts,7025465,25017,Middlesex,1630890.0,0.792252299732404,0.7127193879,1,3,1,2.0,0.0,0.0,0.0,0.0,1.0,1.0,0.0,Male,3,White
2029973739.0,25,Massachusetts,7025465,25005,Bristol,581598.0,0.737626473079636,0.6546903129,2,4,1,2.0,1.0,1.0,0.0,1.0,1.0,1.0,1.0,Female,3,White
1999845415.0,25,Massachusetts,7025465,25003,Berkshire,129592.0,0.663369871922692,0.6701602638,2,5,1,2.0,1.0,1.0,1.0,1.0,1.0,0.0,1.0,Female,4,White
2017224851.0,25,Massachusetts,7025465,25011,Franklin,71058.0,2.7524903556888,2.0670322752,1,3,1,2.0,1.0,1.0,1.0,1.0,1.0,0.0,1.0,Male,3,White
2032728591.0,25,Massachusetts,7025465,25017,Middlesex,1630890.0,1.45899293341491,,1,1,3,,0.0,0.0,1.0,1.0,0.0,1.0,0.0,Male,1,Hispanic
2021662701.0,25,Massachusetts,7025465,25017,Middlesex,1630890.0,1.5580695303815,1.456155772,2,6,1,2.0,0.0,1.0,0.0,0.0,1.0,1.0,0.0,Female,4,White
2008807303.0,25,Massachusetts,7025465,25005,Bristol,581598.0,0.73454419188001,0.8163123834,2,2,1,2.0,1.0,1.0,1.0,1.0,1.0,0.0,1.0,Female,2,White
2037580841.0,25,Massachusetts,7025465,25025,Suffolk,778090.0,1.43310087659057,1.4402033976,2,6,1,2.0,1.0,1.0,1.0,1.0,1.0,1.0,1.0,Female,4,White
2033794613.0,25,Massachusetts,7025465,25017,Middlesex,1630890.0,0.907327469848242,0.7335130856000001,1,5,1,2.0,1.0,1.0,1.0,1.0,1.0,1.0,1.0,Male,4,White
2034078647.0,25,Massachusetts,7025465,25013,Hampden,461294.0,1.08138560639738,1.0519091784,1,6,1,2.0,1.0,1.0,1.0,1.0,1.0,1.0,1.0,Male,4,White
2000082131.0,25,Massachusetts,7025465,25001,Barnstable,232970.0,0.816499951634286,2.0243723972,2,3,6,1.0,1.0,1.0,1.0,1.0,1.0,0.0,1.0,Female,3,Hispanic
2043333831.0,25,Massachusetts,7025465,25017,Middlesex,1630890.0,4.48552207195761,,1,2,4,2.0,1.0,1.0,1.0,1.0,0.0,1.0,1.0,Male,2,Other
2014371079.0,25,Massachusetts,7025465,25005,Bristol,581598.0,1.40105477208313,1.3810002936,1,5,1,2.0,1.0,1.0,0.0,1.0,1.0,0.0,1.0,Male,4,White
2012239341.0,25,Massachusetts,7025465,25027,Worcester,866439.0,0.99362282583917,1.1032296155,1,2,1,2.0,0.0,0.0,0.0,0.0,0.0,1.0,0.0,Male,2,White
2016975437.0,25,Massachusetts,7025465,25017,Middlesex,1630890.0,1.64264115318713,1.5466747235,2,5,1,2.0,0.0,0.0,0.0,0.0,1.0,1.0,0.0,Female,4,White
2030543085.0,25,Massachusetts,7025465,25021,Norfolk,727727.0,0.785307602632436,0.8720198239,1,3,1,2.0,0.0,0.0,1.0,0.0,0.0,1.0,0.0,Male,3,White
2044046647.0,25,Massachusetts,7025465,25017,Middlesex,1630890.0,2.19346568533455,,2,3,1,2.0,1.0,1.0,1.0,1.0,1.0,0.0,1.0,Female,3,White
2012105113.0,25,Massachusetts,7025465,25025,Suffolk,778090.0,0.652355509948805,,2,5,4,2.0,1.0,1.0,1.0,1.0,1.0,1.0,1.0,Female,4,Other
1993386903.0,25,Massachusetts,7025465,25025,Suffolk,778090.0,1.72581752212632,1.822505313,1,6,1,2.0,1.0,1.0,1.0,1.0,1.0,0.0,1.0,Male,4,White
2026562957.0,25,Massachusetts,7025465,25017,Middlesex,1630890.0,2.11684731064686,,1,2,2,2.0,1.0,1.0,1.0,1.0,1.0,1.0,1.0,Male,2,Black
1998209451.0,25,Massachusetts,7025465,25025,Suffolk,778090.0,2.17172871802099,,2,5,3,1.0,1.0,1.0,1.0,1.0,1.0,0.0,1.0,Female,4,Hispanic
2000537475.0,25,Massachusetts,7025465,25013,Hampden,461294.0,5.98339032441385,,1,5,1,2.0,0.0,1.0,1.0,1.0,1.0,1.0,1.0,Male,4,White
2014798935.0,25,Massachusetts,7025465,25017,Middlesex,1630890.0,0.976672158510868,0.7871912851,2,5,1,2.0,1.0,1.0,1.0,1.0,1.0,0.0,1.0,Female,4,White
2045058345.0,25,Massachusetts,7025465,25025,Suffolk,778090.0,2.7524903556888,,1,4,1,2.0,1.0,1.0,1.0,1.0,1.0,0.0,1.0,Male,3,White
2020000203.0,25,Massachusetts,7025465,25005,Bristol,581598.0,0.592305487881906,0.4224528875,2,3,2,2.0,1.0,1.0,0.0,0.0,1.0,1.0,0.0,Female,3,Black
2039664853.0,25,Massachusetts,7025465,25017,Middlesex,1630890.0,2.27401176443707,1.8595642624,2,2,1,2.0,1.0,1.0,1.0,1.0,1.0,0.0,1.0,Female,2,White
2015691697.0,25,Massachusetts,7025465,25025,Suffolk,778090.0,0.487638946048511,0.9685728423,1,5,1,2.0,1.0,1.0,1.0,1.0,1.0,0.0,1.0,Male,4,White
2037226525.0,25,Massachusetts,7025465,25017,Middlesex,1630890.0,0.912441335090791,,2,2,3,,1.0,0.0,0.0,0.0,0.0,0.0,0.0,Female,2,Hispanic
1984706807.0,25,Massachusetts,7025465,25013,Hampden,461294.0,4.40124365990434,,4,3,2,2.0,1.0,1.0,1.0,1.0,1.0,0.0,1.0,,3,Black
1998265367.0,25,Massachusetts,7025465,25025,Suffolk,778090.0,0.57526885754064,0.6445822402,2,4,1,2.0,1.0,1.0,1.0,1.0,1.0,0.0,1.0,Female,3,White
2036220335.0,25,Massachusetts,7025465,25023,Plymouth,534977.0,1.08679807684859,0.8891754745,2,5,1,2.0,1.0,1.0,1.0,1.0,1.0,0.0,1.0,Female,4,White
2010606207.0,25,Massachusetts,7025465,25005,Bristol,581598.0,2.76355813735577,,2,4,1,2.0,0.0,0.0,0.0,0.0,0.0,0.0,0.0,Female,3,White
2012890483.0,25,Massachusetts,7025465,25017,Middlesex,1630890.0,5.2223084814365,,2,6,4,2.0,1.0,1.0,1.0,1.0,1.0,0.0,1.0,Female,4,Other
2020749483.0,25,Massachusetts,7025465,25027,Worcester,866439.0,5.28547872407958,,1,1,4,2.0,1.0,1.0,0.0,0.0,1.0,1.0,1.0,Male,1,Other
2039057473.0,25,Massachusetts,7025465,25009,Essex,810054.0,1.64264115318713,1.5466747235,2,5,1,2.0,0.0,0.0,0.0,0.0,0.0,1.0,0.0,Female,4,White
2022279015.0,25,Massachusetts,7025465,25025,Suffolk,778090.0,2.37461389211096,,1,6,1,2.0,1.0,1.0,1.0,1.0,1.0,0.0,1.0,Male,4,White
2014628481.0,25,Massachusetts,7025465,25001,Barnstable,232970.0,1.20696269763565,1.0374354914,2,4,1,2.0,0.0,0.0,0.0,0.0,1.0,1.0,1.0,Female,3,White
2014753517.0,25,Massachusetts,7025465,25009,Essex,810054.0,0.663369871922692,0.6701602638,2,5,1,2.0,1.0,1.0,1.0,1.0,1.0,0.0,1.0,Female,4,White
2029033817.0,25,Massachusetts,7025465,25001,Barnstable,232970.0,3.81073234231194,,2,2,1,2.0,1.0,1.0,1.0,1.0,0.0,1.0,1.0,Female,2,White
2015317099.0,25,Massachusetts,7025465,25025,Suffolk,778090.0,0.640906964068135,,1,3,6,2.0,1.0,1.0,1.0,1.0,1.0,0.0,1.0,Male,3,Other
2011261017.0,25,Massachusetts,7025465,25025,Suffolk,778090.0,0.859800727730094,0.8334861899,1,5,1,2.0,1.0,1.0,1.0,1.0,1.0,0.0,1.0,Male,4,White
2010687459.0,25,Massachusetts,7025465,25027,Worcester,866439.0,2.67852543663057,,2,6,4,2.0,1.0,1.0,0.0,1.0,1.0,1.0,1.0,Female,4,Other
2038246805.0,25,Massachusetts,7025465,25013,Hampden,461294.0,0.663369871922692,0.6701602638,2,5,1,2.0,1.0,1.0,1.0,1.0,1.0,0.0,1.0,Female,4,White
1998259397.0,25,Massachusetts,7025465,25017,Middlesex,1630890.0,0.785307602632436,0.8720198239,1,3,1,2.0,0.0,0.0,0.0,0.0,0.0,1.0,0.0,Male,3,White
2022038885.0,25,Massachusetts,7025465,25001,Barnstable,232970.0,1.08679807684859,0.8891754745,2,5,1,2.0,1.0,1.0,1.0,1.0,1.0,1.0,1.0,Female,4,White
2000832689.0,25,Massachusetts,7025465,25001,Barnstable,232970.0,1.43310087659057,1.4402033976,2,6,1,2.0,1.0,1.0,1.0,1.0,0.0,1.0,1.0,Female,4,White
2038779879.0,25,Massachusetts,7025465,25025,Suffolk,778090.0,5.13284555832146,,1,1,3,,1.0,1.0,0.0,0.0,1.0,1.0,1.0,Male,1,Hispanic
2042761635.0,25,Massachusetts,7025465,25025,Suffolk,778090.0,0.701011245528134,,1,1,2,1.0,1.0,1.0,0.0,1.0,0.0,0.0,1.0,Male,1,Black
2002169379.0,25,Massachusetts,7025465,25025,Suffolk,778090.0,0.731546816974442,,1,5,1,2.0,1.0,1.0,1.0,1.0,1.0,1.0,1.0,Male,4,White
2012087215.0,25,Massachusetts,7025465,25027,Worcester,866439.0,4.8540162372466,,1,1,3,1.0,1.0,1.0,1.0,1.0,1.0,0.0,1.0,Male,1,Hispanic
2002170715.0,25,Massachusetts,7025465,25011,Franklin,71058.0,0.711655888041941,0.6838496007,2,5,1,2.0,1.0,1.0,1.0,1.0,1.0,1.0,1.0,Female,4,White
1999742907.0,25,Massachusetts,7025465,25027,Worcester,866439.0,1.94849441772013,,2,4,1,2.0,0.0,1.0,1.0,1.0,1.0,1.0,0.0,Female,3,White
1993289641.0,25,Massachusetts,7025465,25023,Plymouth,534977.0,0.32212603481662,0.6273491830000001,2,5,1,2.0,1.0,1.0,1.0,1.0,1.0,1.0,1.0,Female,4,White
1996362117.0,25,Massachusetts,7025465,25017,Middlesex,1630890.0,0.715449579571026,0.6664088278,2,6,1,2.0,1.0,1.0,1.0,1.0,1.0,0.0,1.0,Female,4,White
2007873193.0,25,Massachusetts,7025465,25009,Essex,810054.0,0.976672158510868,0.7871912851,2,5,1,2.0,1.0,1.0,1.0,1.0,1.0,0.0,1.0,Female,4,White
1996107851.0,25,Massachusetts,7025465,25009,Essex,810054.0,1.72581752212632,,1,6,1,2.0,1.0,1.0,1.0,1.0,1.0,0.0,1.0,Male,4,White
2022075769.0,25,Massachusetts,7025465,25009,Essex,810054.0,2.15287245485408,1.7657914464000002,2,2,1,2.0,1.0,0.0,0.0,0.0,1.0,1.0,0.0,Female,2,White
2029714133.0,25,Massachusetts,7025465,25023,Plymouth,534977.0,0.737626473079636,0.6546903129,2,4,1,2.0,1.0,1.0,1.0,1.0,1.0,1.0,1.0,Female,3,White
2014401919.0,25,Massachusetts,7025465,25009,Essex,810054.0,1.64264115318713,1.5466747235,2,5,1,2.0,0.0,0.0,0.0,0.0,0.0,1.0,0.0,Female,4,White
2013112273.0,25,Massachusetts,7025465,25017,Middlesex,1630890.0,1.86753364981429,1.5610994804,1,5,4,2.0,0.0,0.0,0.0,0.0,0.0,1.0,0.0,Male,4,Other
2017065505.0,25,Massachusetts,7025465,25009,Essex,810054.0,1.08679807684859,0.8891754745,2,5,1,2.0,1.0,1.0,1.0,1.0,1.0,1.0,1.0,Female,4,White
2040029915.0,25,Massachusetts,7025465,25025,Suffolk,778090.0,1.43310087659057,1.4402033976,2,6,1,2.0,1.0,1.0,1.0,1.0,1.0,0.0,1.0,Female,4,White
2039631757.0,25,Massachusetts,7025465,25017,Middlesex,1630890.0,0.487638946048511,,1,5,1,2.0,1.0,1.0,1.0,1.0,1.0,0.0,1.0,Male,4,White
1995754747.0,25,Massachusetts,7025465,25005,Bristol,581598.0,1.0854581815688,1.2513466456,2,5,1,2.0,0.0,0.0,0.0,0.0,0.0,1.0,0.0,Female,4,White
2008105107.0,25,Massachusetts,7025465,25017,Middlesex,1630890.0,4.49569547854619,,1,5,1,2.0,1.0,0.0,0.0,1.0,1.0,1.0,0.0,Male,4,White
2010551993.0,25,Massachusetts,7025465,25017,Middlesex,1630890.0,3.59233449881885,0.3770391673,2,2,1,2.0,1.0,1.0,1.0,1.0,0.0,1.0,1.0,Female,2,White
2011699653.0,42,Pennsylvania,12984655,42051,Fayette,125569.0,9.59406478130857,,2,1,1,2.0,1.0,1.0,0.0,1.0,1.0,1.0,1.0,Female,1,White
2020258431.0,42,Pennsylvania,12984655,42107,Schuylkill,143114.0,9.59406478130857,,2,1,1,2.0,0.0,1.0,1.0,0.0,1.0,1.0,0.0,Female,1,White
2014892801.0,42,Pennsylvania,12984655,42091,Montgomery,865483.0,1.68156934096289,1.4833334272,2,6,1,2.0,0.0,0.0,0.0,0.0,0.0,1.0,1.0,Female,4,White
1997177941.0,42,Pennsylvania,12984655,42073,Lawrence,84771.0,0.89889162743875,0.9654075213,1,5,1,2.0,0.0,0.0,0.0,0.0,1.0,1.0,0.0,Male,4,White
2014401781.0,42,Pennsylvania,12984655,42129,Westmoreland,351924.0,0.840257626111938,0.76906818,2,4,1,2.0,0.0,0.0,0.0,0.0,0.0,0.0,0.0,Female,3,White
2018472975.0,42,Pennsylvania,12984655,42017,Bucks,646351.0,0.71433938908036,0.6278508495,1,2,1,2.0,1.0,1.0,0.0,0.0,0.0,0.0,1.0,Male,2,White
1999109561.0,42,Pennsylvania,12984655,42021,Cambria,131399.0,1.11831181050522,0.9852645307,2,3,1,2.0,0.0,0.0,0.0,0.0,0.0,1.0,0.0,Female,3,White
2037010657.0,42,Pennsylvania,12984655,42077,Lehigh,376746.0,2.04590614358545,1.843583668,1,5,8,2.0,1.0,0.0,0.0,0.0,0.0,1.0,0.0,Male,4,Other
1997492577.0,42,Pennsylvania,12984655,39041,Delaware,226809.0,1.45079115896308,1.0984500576,2,5,1,2.0,1.0,1.0,1.0,0.0,1.0,0.0,1.0,Female,4,White
2042327903.0,42,Pennsylvania,12984655,42101,Philadelphia,1572341.0,0.549582821801101,0.5943600797,1,5,1,2.0,1.0,1.0,1.0,1.0,1.0,0.0,1.0,Male,4,White
1999057893.0,42,Pennsylvania,12984655,42061,Huntingdon,43261.0,9.17094522033521,2.9363548898,1,2,1,2.0,1.0,1.0,1.0,1.0,1.0,1.0,0.0,Male,2,White
2038246173.0,42,Pennsylvania,12984655,42071,Lancaster,557092.0,2.55385277510886,1.4081429596,1,6,1,2.0,0.0,0.0,0.0,0.0,0.0,1.0,0.0,Male,4,White
2040472007.0,42,Pennsylvania,12984655,42041,Cumberland,268588.0,2.01701970642083,,1,3,1,2.0,1.0,1.0,1.0,1.0,1.0,0.0,1.0,Male,3,White
2045016613.0,42,Pennsylvania,12984655,42091,Montgomery,865483.0,0.674737752070847,0.7788055859,2,5,1,2.0,1.0,1.0,1.0,1.0,1.0,1.0,1.0,Female,4,White
2036249607.0,42,Pennsylvania,12984655,42055,Franklin,157038.0,2.90916996517301,1.0238007251,1,3,1,2.0,1.0,0.0,1.0,1.0,1.0,1.0,1.0,Male,3,White
2034135475.0,42,Pennsylvania,12984655,42101,Philadelphia,1572341.0,2.28187436153889,,1,5,4,2.0,0.0,0.0,0.0,0.0,1.0,1.0,0.0,Male,4,Other
2027720425.0,42,Pennsylvania,12984655,42133,York,461464.0,2.53611427444894,,1,2,1,2.0,1.0,1.0,1.0,1.0,1.0,0.0,1.0,Male,2,White
1998208203.0,42,Pennsylvania,12984655,42065,Jefferson,43731.0,4.97454369175642,0.8136729450000001,2,6,1,2.0,1.0,1.0,1.0,1.0,1.0,0.0,1.0,Female,4,White
2019302727.0,42,Pennsylvania,12984655,42003,Allegheny,1233325.0,0.963682760354372,,2,2,1,2.0,0.0,1.0,0.0,0.0,0.0,1.0,0.0,Female,2,White
2017673735.0,42,Pennsylvania,12984655,42005,Armstrong,64724.0,4.38190077266601,,2,2,1,2.0,0.0,0.0,0.0,0.0,1.0,1.0,0.0,Female,2,White
2039050625.0,42,Pennsylvania,12984655,42043,Dauphin,288943.0,0.528140024041577,0.9706465911,1,3,1,2.0,1.0,1.0,1.0,1.0,1.0,1.0,0.0,Male,3,White
2015358559.0,42,Pennsylvania,12984655,42125,Washington,209981.0,1.28258022181996,1.4343151991,2,2,1,2.0,0.0,1.0,0.0,0.0,0.0,1.0,0.0,Female,2,White
2014587367.0,42,Pennsylvania,12984655,42041,Cumberland,268588.0,0.891554991040227,0.8699040432,2,5,1,2.0,1.0,1.0,1.0,1.0,1.0,0.0,1.0,Female,4,White
2015737553.0,42,Pennsylvania,12984655,42049,Erie,268923.0,6.27641687639854,,1,1,1,2.0,0.0,0.0,1.0,1.0,1.0,0.0,0.0,Male,1,White
2012014409.0,42,Pennsylvania,12984655,42041,Cumberland,268588.0,1.35673843748553,1.4731913723,2,5,1,2.0,0.0,0.0,0.0,0.0,0.0,1.0,0.0,Female,4,White
2001330443.0,42,Pennsylvania,12984655,42071,Lancaster,557092.0,1.26545232074484,1.0979216082,1,3,1,2.0,0.0,1.0,1.0,1.0,1.0,1.0,1.0,Male,3,White
2011366065.0,42,Pennsylvania,12984655,42091,Montgomery,865483.0,0.160450857177837,0.6042097436,2,3,2,2.0,1.0,1.0,1.0,0.0,1.0,0.0,1.0,Female,3,Black
2014845273.0,42,Pennsylvania,12984655,42027,Centre,157977.0,0.733521054510448,0.5721452799,1,5,1,2.0,1.0,0.0,1.0,1.0,0.0,1.0,1.0,Male,4,White
2011242999.0,42,Pennsylvania,12984655,42133,York,461464.0,1.28258022181996,1.4343151991,2,2,1,2.0,0.0,0.0,0.0,0.0,0.0,1.0,0.0,Female,2,White
2014459257.0,42,Pennsylvania,12984655,42115,Susquehanna,38157.0,0.747451268204205,0.8118468355,2,2,1,2.0,1.0,0.0,1.0,1.0,1.0,0.0,0.0,Female,2,White
2014458693.0,42,Pennsylvania,12984655,42029,Chester,547131.0,0.891554991040227,0.8699040432,2,5,1,2.0,1.0,1.0,1.0,1.0,1.0,0.0,1.0,Female,4,White
2012879185.0,42,Pennsylvania,12984655,42007,Beaver,165703.0,0.931545062940375,1.0217874413,1,3,1,2.0,0.0,0.0,1.0,0.0,1.0,1.0,0.0,Male,3,White
2014554975.0,42,Pennsylvania,12984655,42061,Huntingdon,43261.0,1.28258022181996,1.4343151991,2,2,1,2.0,0.0,0.0,0.0,0.0,0.0,1.0,0.0,Female,2,White
2030831507.0,42,Pennsylvania,12984655,42101,Philadelphia,1572341.0,3.09807560156975,1.5868517054,1,6,2,2.0,1.0,1.0,1.0,1.0,1.0,1.0,1.0,Male,4,Black
2012852695.0,42,Pennsylvania,12984655,42055,Franklin,157038.0,1.5761492777814,1.4059183948,2,6,1,2.0,0.0,0.0,0.0,0.0,0.0,1.0,0.0,Female,4,White
2043486883.0,42,Pennsylvania,12984655,42133,York,461464.0,0.784170233627109,0.9909744468,2,2,1,2.0,1.0,1.0,1.0,1.0,1.0,1.0,,Female,2,White
2041599549.0,42,Pennsylvania,12984655,42091,Montgomery,865483.0,1.14984645478707,,2,5,1,2.0,1.0,1.0,1.0,1.0,1.0,1.0,1.0,Female,4,White
2014892829.0,42,Pennsylvania,12984655,42049,Erie,268923.0,1.4370644276585,1.0227886816,2,5,1,2.0,1.0,1.0,0.0,0.0,1.0,0.0,1.0,Female,4,White
2011550635.0,42,Pennsylvania,12984655,42077,Lehigh,376746.0,1.04165376844269,0.8914364019000001,1,5,1,2.0,1.0,1.0,1.0,1.0,1.0,0.0,1.0,Male,4,White
2019133079.0,42,Pennsylvania,12984655,42077,Lehigh,376746.0,0.260764139623371,,1,2,1,2.0,1.0,1.0,1.0,0.0,0.0,0.0,1.0,Male,2,White
2038694659.0,42,Pennsylvania,12984655,42129,Westmoreland,351924.0,0.970434337469396,1.2786273627,2,5,1,2.0,1.0,1.0,1.0,1.0,1.0,0.0,1.0,Female,4,White
2028985453.0,42,Pennsylvania,12984655,42037,Columbia,65358.0,6.27641687639854,,1,1,1,2.0,1.0,1.0,1.0,0.0,1.0,1.0,1.0,Male,1,White
2036677093.0,42,Pennsylvania,12984655,42043,Dauphin,288943.0,2.72431354469797,2.0113637213,1,3,1,2.0,1.0,1.0,1.0,1.0,1.0,0.0,1.0,Male,3,White
2018865991.0,42,Pennsylvania,12984655,42019,Butler,197374.0,0.443176266403669,,1,2,1,2.0,1.0,1.0,1.0,1.0,1.0,1.0,1.0,Male,2,White
2027058021.0,42,Pennsylvania,12984655,42019,Butler,197374.0,0.768672863060242,0.8034774304000001,1,3,1,2.0,0.0,0.0,0.0,0.0,1.0,1.0,0.0,Male,3,White
2012623743.0,42,Pennsylvania,12984655,42045,Delaware,576666.0,2.63739352828296,3.9240198833,1,2,2,2.0,1.0,1.0,0.0,1.0,1.0,0.0,1.0,Male,2,Black
2033279907.0,42,Pennsylvania,12984655,42089,Monroe,167459.0,2.33425398984626,,2,2,1,2.0,1.0,0.0,1.0,1.0,1.0,0.0,0.0,Female,2,White
2010563115.0,42,Pennsylvania,12984655,42101,Philadelphia,1572341.0,3.82132618843888,1.1785604595,1,5,2,2.0,1.0,0.0,1.0,0.0,1.0,0.0,1.0,Male,4,Black
2031021263.0,42,Pennsylvania,12984655,42003,Allegheny,1233325.0,0.344372050344486,,2,4,1,2.0,0.0,1.0,1.0,1.0,1.0,1.0,1.0,Female,3,White
2038957057.0,42,Pennsylvania,12984655,42003,Allegheny,1233325.0,12.9628652923027,,2,2,1,2.0,1.0,1.0,1.0,1.0,1.0,0.0,1.0,Female,2,White
1999164663.0,42,Pennsylvania,12984655,42003,Allegheny,1233325.0,0.900071057244166,0.9342556909,2,5,1,2.0,1.0,1.0,1.0,1.0,1.0,1.0,1.0,Female,4,White
2005644313.0,42,Pennsylvania,12984655,42101,Philadelphia,1572341.0,1.47476055545572,0.8274490118000001,1,5,2,2.0,1.0,1.0,1.0,1.0,1.0,1.0,1.0,Male,4,Black
1999013085.0,42,Pennsylvania,12984655,42003,Allegheny,1233325.0,3.22943953828911,,1,3,2,2.0,1.0,1.0,0.0,1.0,1.0,0.0,1.0,Male,3,Black
2033081335.0,42,Pennsylvania,12984655,42077,Lehigh,376746.0,3.3753535317861,,1,2,1,2.0,1.0,1.0,1.0,1.0,1.0,1.0,1.0,Male,2,White
1998771623.0,42,Pennsylvania,12984655,42011,Berks,432214.0,0.470586322315028,0.8656105995000001,1,5,1,2.0,1.0,1.0,0.0,0.0,0.0,1.0,0.0,Male,4,White
2041059647.0,42,Pennsylvania,12984655,42017,Bucks,646351.0,0.494734518224297,0.6021149427,2,2,1,2.0,1.0,1.0,1.0,1.0,1.0,0.0,1.0,Female,2,White
2000885717.0,42,Pennsylvania,12984655,42003,Allegheny,1233325.0,0.556162614905363,0.613757078,2,4,1,2.0,1.0,1.0,1.0,1.0,1.0,1.0,1.0,Female,3,White
2043888717.0,42,Pennsylvania,12984655,42071,Lancaster,557092.0,0.747451268204205,0.8118468355,2,2,1,2.0,0.0,0.0,0.0,0.0,1.0,1.0,0.0,Female,2,White
2036173293.0,42,Pennsylvania,12984655,42009,Bedford,47373.0,1.87656241925025,,1,2,1,2.0,0.0,0.0,0.0,0.0,1.0,1.0,1.0,Male,2,White
2021477401.0,42,Pennsylvania,12984655,42091,Montgomery,865483.0,0.76611735484357,0.8342007191,1,6,1,2.0,1.0,1.0,1.0,1.0,1.0,0.0,1.0,Male,4,White
2034816319.0,42,Pennsylvania,12984655,42045,Delaware,576666.0,1.91886936192054,1.0833878149,1,6,1,2.0,0.0,0.0,0.0,0.0,0.0,1.0,0.0,Male,4,White
2034534495.0,42,Pennsylvania,12984655,42007,Beaver,165703.0,2.2399041256552,2.0661981806,2,3,1,2.0,0.0,0.0,1.0,0.0,0.0,1.0,0.0,Female,3,White
2043485433.0,42,Pennsylvania,12984655,42085,Mercer,109142.0,0.964719659369508,1.0147138012,1,2,1,2.0,0.0,0.0,0.0,0.0,1.0,1.0,0.0,Male,2,White
2011757827.0,42,Pennsylvania,12984655,42003,Allegheny,1233325.0,0.740205386398096,0.7862931989,2,4,1,2.0,1.0,1.0,1.0,1.0,1.0,1.0,1.0,Female,3,White
2021282175.0,42,Pennsylvania,12984655,42089,Monroe,167459.0,1.93088028864714,1.3410307582,2,5,1,2.0,1.0,1.0,1.0,1.0,1.0,1.0,1.0,Female,4,White
2024758629.0,42,Pennsylvania,12984655,42069,Lackawanna,215714.0,1.58811613388042,,2,2,1,2.0,1.0,1.0,1.0,1.0,1.0,1.0,1.0,Female,2,White
2009817419.0,42,Pennsylvania,12984655,42017,Bucks,646351.0,1.099968321347,1.1349465508,1,2,1,2.0,0.0,0.0,0.0,0.0,0.0,1.0,0.0,Male,2,White
2020865233.0,42,Pennsylvania,12984655,42079,Luzerne,326627.0,0.747451268204205,,2,2,1,2.0,0.0,1.0,0.0,0.0,1.0,1.0,0.0,Female,2,White
2020765835.0,42,Pennsylvania,12984655,42003,Allegheny,1233325.0,0.963682760354372,1.119583772,2,2,1,2.0,0.0,0.0,0.0,0.0,1.0,1.0,0.0,Female,2,White
2014840975.0,42,Pennsylvania,12984655,42089,Monroe,167459.0,0.724854234061187,0.7920554044,1,2,1,2.0,0.0,0.0,0.0,0.0,0.0,1.0,0.0,Male,2,White
2018441233.0,42,Pennsylvania,12984655,42051,Fayette,125569.0,2.39421121302776,,1,1,1,2.0,1.0,1.0,0.0,0.0,1.0,1.0,0.0,Male,1,White
2034672377.0,42,Pennsylvania,12984655,42027,Centre,157977.0,4.62735402987109,,2,5,1,2.0,1.0,0.0,0.0,0.0,0.0,0.0,0.0,Female,4,White
2035046357.0,42,Pennsylvania,12984655,42003,Allegheny,1233325.0,1.04412111219831,1.3764719985,3,4,1,2.0,1.0,1.0,1.0,1.0,1.0,0.0,1.0,,3,White
2014887959.0,42,Pennsylvania,12984655,42033,Clearfield,77846.0,1.43198442115676,1.4413155825,2,3,1,2.0,1.0,0.0,1.0,0.0,1.0,1.0,1.0,Female,3,White
2022098203.0,42,Pennsylvania,12984655,42017,Bucks,646351.0,1.3460223685282,1.1008417814,1,5,1,2.0,1.0,1.0,1.0,1.0,1.0,0.0,1.0,Male,4,White
2042330481.0,42,Pennsylvania,12984655,42011,Berks,432214.0,1.9593022225654,1.897069792,2,5,1,2.0,0.0,0.0,0.0,0.0,1.0,1.0,1.0,Female,4,White
1999458263.0,42,Pennsylvania,12984655,42115,Susquehanna,38157.0,3.10669457133406,,2,2,1,2.0,1.0,0.0,1.0,0.0,0.0,0.0,0.0,Female,2,White
1998083857.0,42,Pennsylvania,12984655,42073,Lawrence,84771.0,1.0759394822155,0.926374863,2,4,1,2.0,1.0,0.0,0.0,0.0,1.0,1.0,1.0,Female,3,White
1998321013.0,42,Pennsylvania,12984655,42045,Delaware,576666.0,0.383877424349572,0.5406788281,2,2,1,2.0,1.0,1.0,1.0,1.0,1.0,0.0,1.0,Female,2,White
2020504597.0,42,Pennsylvania,12984655,42101,Philadelphia,1572341.0,1.73623619678828,0.9866014897,1,3,2,2.0,0.0,0.0,1.0,0.0,1.0,1.0,0.0,Male,3,Black
2014106285.0,42,Pennsylvania,12984655,42129,Westmoreland,351924.0,2.82256472392188,,2,3,1,2.0,1.0,1.0,1.0,0.0,1.0,1.0,1.0,Female,3,White
2034544665.0,42,Pennsylvania,12984655,42039,Crawford,82350.0,2.79815711179479,2.1955184442,1,5,1,2.0,0.0,0.0,0.0,0.0,0.0,1.0,0.0,Male,4,White
2029640031.0,42,Pennsylvania,12984655,42065,Jefferson,43731.0,0.577552011079875,,1,3,1,2.0,0.0,0.0,0.0,1.0,1.0,1.0,0.0,Male,3,White
2012102093.0,42,Pennsylvania,12984655,42071,Lancaster,557092.0,1.26397491943751,1.3680644176,2,2,1,2.0,1.0,1.0,0.0,0.0,1.0,1.0,1.0,Female,2,White
2040157631.0,42,Pennsylvania,12984655,42051,Fayette,125569.0,1.58811613388042,,2,2,1,2.0,1.0,0.0,0.0,0.0,0.0,0.0,1.0,Female,2,White
2012105495.0,42,Pennsylvania,12984655,39041,Delaware,226809.0,1.01940246720759,1.1499293561,2,5,1,2.0,0.0,0.0,0.0,0.0,0.0,1.0,0.0,Female,4,White
2014104931.0,42,Pennsylvania,12984655,42013,Blair,120774.0,3.6883983680771,,2,5,1,2.0,1.0,0.0,0.0,0.0,0.0,1.0,0.0,Female,4,White
2009793787.0,42,Pennsylvania,12984655,42069,Lackawanna,215714.0,0.599600438888987,0.7500403753,2,2,1,2.0,0.0,0.0,0.0,0.0,1.0,1.0,0.0,Female,2,White
2003687377.0,42,Pennsylvania,12984655,42017,Bucks,646351.0,0.994794399995737,1.040068894,2,2,1,2.0,0.0,1.0,0.0,1.0,1.0,1.0,0.0,Female,2,White
2002504649.0,42,Pennsylvania,12984655,42045,Delaware,576666.0,7.10536550637763,,1,1,1,2.0,0.0,1.0,0.0,0.0,1.0,1.0,0.0,Male,1,White
2042329001.0,42,Pennsylvania,12984655,42101,Philadelphia,1572341.0,0.76611735484357,0.8342007191,1,6,1,2.0,1.0,1.0,1.0,1.0,1.0,0.0,1.0,Male,4,White
2014565605.0,42,Pennsylvania,12984655,42015,Bradford,59825.0,0.220159160174263,0.6314393554000001,2,4,1,2.0,1.0,1.0,1.0,0.0,1.0,1.0,1.0,Female,3,White
2012400985.0,42,Pennsylvania,12984655,42101,Philadelphia,1572341.0,3.22293465607052,,2,5,4,2.0,1.0,1.0,1.0,1.0,1.0,0.0,1.0,Female,4,Other
2033081205.0,42,Pennsylvania,12984655,42013,Blair,120774.0,5.69021237362231,,2,2,1,2.0,1.0,1.0,1.0,1.0,1.0,1.0,0.0,Female,2,White
2020143505.0,42,Pennsylvania,12984655,42103,Pike,60722.0,0.494734518224297,,2,2,1,2.0,1.0,1.0,1.0,1.0,1.0,0.0,1.0,Female,2,White
2033555823.0,42,Pennsylvania,12984655,42003,Allegheny,1233325.0,0.783855893837054,0.8136729450000001,2,6,1,2.0,1.0,1.0,1.0,1.0,1.0,0.0,1.0,Female,4,White
2016339863.0,42,Pennsylvania,12984655,42101,Philadelphia,1572341.0,5.67009327722253,0.7226815509000001,2,2,2,2.0,1.0,0.0,0.0,0.0,0.0,0.0,0.0,Female,2,Black
2014410427.0,42,Pennsylvania,12984655,42051,Fayette,125569.0,1.9593022225654,1.897069792,2,5,1,2.0,0.0,0.0,0.0,0.0,0.0,1.0,0.0,Female,4,White
2045031029.0,42,Pennsylvania,12984655,42101,Philadelphia,1572341.0,3.6883983680771,,2,5,1,2.0,1.0,1.0,1.0,1.0,1.0,0.0,1.0,Female,4,White
2032667531.0,42,Pennsylvania,12984655,42013,Blair,120774.0,3.43514761701796,,1,2,1,2.0,0.0,0.0,0.0,0.0,0.0,0.0,0.0,Male,2,White
2043473059.0,42,Pennsylvania,12984655,42037,Columbia,65358.0,4.27541254256506,,2,2,1,2.0,1.0,1.0,1.0,1.0,1.0,1.0,0.0,Female,2,White
1999666885.0,42,Pennsylvania,12984655,42029,Chester,547131.0,1.47214633602491,,2,5,1,2.0,0.0,0.0,0.0,0.0,0.0,1.0,0.0,Female,4,White
2038704575.0,42,Pennsylvania,12984655,42077,Lehigh,376746.0,1.01940246720759,1.0996122119,2,5,1,2.0,1.0,1.0,1.0,0.0,1.0,1.0,1.0,Female,4,White
2027422895.0,42,Pennsylvania,12984655,42007,Beaver,165703.0,1.21889444411442,1.4934362158,2,4,1,2.0,0.0,1.0,1.0,0.0,0.0,1.0,0.0,Female,3,White
1999458791.0,42,Pennsylvania,12984655,42021,Cambria,131399.0,0.322020096032087,0.9194092041,1,5,1,2.0,1.0,0.0,0.0,0.0,0.0,1.0,1.0,Male,4,White
2021805923.0,42,Pennsylvania,12984655,42091,Montgomery,865483.0,0.674737752070847,0.7788055859,2,5,1,2.0,1.0,1.0,1.0,1.0,1.0,0.0,1.0,Female,4,White
2029466093.0,42,Pennsylvania,12984655,42003,Allegheny,1233325.0,1.22981926020282,1.1331334887,3,5,1,2.0,1.0,1.0,1.0,1.0,1.0,0.0,1.0,,4,White
1984616673.0,42,Pennsylvania,12984655,42107,Schuylkill,143114.0,0.688840184897475,0.7185679639,2,3,1,2.0,1.0,1.0,1.0,1.0,0.0,1.0,1.0,Female,3,White
2010573557.0,42,Pennsylvania,12984655,42039,Crawford,82350.0,0.747451268204205,0.8118468355,2,2,1,2.0,1.0,1.0,1.0,1.0,1.0,1.0,1.0,Female,2,White
2037443259.0,42,Pennsylvania,12984655,42077,Lehigh,376746.0,3.71553423946825,,1,6,1,2.0,0.0,0.0,0.0,0.0,0.0,1.0,0.0,Male,4,White
2012833025.0,42,Pennsylvania,12984655,42003,Allegheny,1233325.0,1.04165376844269,0.8914364019000001,1,5,1,2.0,1.0,1.0,1.0,1.0,1.0,0.0,1.0,Male,4,White
2015106443.0,42,Pennsylvania,12984655,42089,Monroe,167459.0,1.57374390015615,1.3488509516,1,5,1,2.0,0.0,0.0,0.0,0.0,0.0,1.0,0.0,Male,4,White
2015150051.0,42,Pennsylvania,12984655,42011,Berks,432214.0,1.3460223685282,1.1008417814,1,5,1,2.0,1.0,1.0,1.0,1.0,1.0,0.0,1.0,Male,4,White
2013017021.0,42,Pennsylvania,12984655,42003,Allegheny,1233325.0,0.499846564634168,1.5238625403,1,3,1,2.0,1.0,1.0,0.0,1.0,0.0,0.0,1.0,Male,3,White
2017772935.0,42,Pennsylvania,12984655,42107,Schuylkill,143114.0,3.98023984907716,,2,1,1,2.0,0.0,1.0,0.0,1.0,0.0,1.0,1.0,Female,1,White
2034903011.0,42,Pennsylvania,12984655,42091,Montgomery,865483.0,4.39121997433477,2.3567157307,1,3,1,2.0,0.0,0.0,1.0,0.0,0.0,1.0,0.0,Male,3,White
1999217583.0,42,Pennsylvania,12984655,42071,Lancaster,557092.0,1.22981926020282,1.1331334887,2,5,1,2.0,1.0,1.0,1.0,1.0,1.0,0.0,1.0,Female,4,White
2046005953.0,42,Pennsylvania,12984655,42039,Crawford,82350.0,6.19903008350813,,1,2,1,2.0,0.0,1.0,1.0,0.0,1.0,0.0,1.0,Male,2,White
2039374345.0,42,Pennsylvania,12984655,42029,Chester,547131.0,0.509261690923788,,2,2,1,1.0,0.0,0.0,0.0,0.0,0.0,1.0,0.0,Female,2,Hispanic
2012580401.0,42,Pennsylvania,12984655,42003,Allegheny,1233325.0,0.840257626111938,0.76906818,2,3,1,2.0,0.0,0.0,0.0,0.0,0.0,1.0,0.0,Female,3,White
2038131361.0,42,Pennsylvania,12984655,42125,Washington,209981.0,1.30588375813129,,1,3,1,2.0,1.0,0.0,0.0,0.0,1.0,1.0,0.0,Male,3,White
1999119779.0,42,Pennsylvania,12984655,42003,Allegheny,1233325.0,0.732409568872911,0.7118849227,2,4,1,2.0,0.0,0.0,0.0,0.0,0.0,1.0,0.0,Female,3,White
1568254893.0,42,Pennsylvania,12984655,42011,Berks,432214.0,3.89207163431629,,1,1,1,2.0,1.0,0.0,0.0,0.0,0.0,0.0,0.0,Male,1,White
2029460511.0,42,Pennsylvania,12984655,42097,Northumberland,90075.0,4.27541254256506,,2,2,1,2.0,1.0,0.0,1.0,0.0,0.0,1.0,0.0,Female,2,White
2028879133.0,42,Pennsylvania,12984655,42087,Mifflin,45993.0,5.29736249162412,1.9459115934,2,1,1,2.0,1.0,1.0,0.0,1.0,0.0,0.0,1.0,Female,1,White
1998332497.0,42,Pennsylvania,12984655,42003,Allegheny,1233325.0,4.61049636338919,,1,5,1,2.0,0.0,0.0,0.0,0.0,0.0,1.0,0.0,Male,4,White
2040053693.0,42,Pennsylvania,12984655,42087,Mifflin,45993.0,0.950813496735346,0.8570049430000001,1,3,1,2.0,0.0,0.0,0.0,0.0,0.0,1.0,0.0,Male,3,White
1995141237.0,42,Pennsylvania,12984655,42129,Westmoreland,351924.0,1.28951271483403,1.8969119626,1,5,1,2.0,1.0,1.0,1.0,1.0,0.0,0.0,0.0,Male,4,White
2011496855.0,42,Pennsylvania,12984655,42045,Delaware,576666.0,3.89207163431629,1.8916788739,1,1,1,2.0,0.0,1.0,0.0,0.0,0.0,1.0,0.0,Male,1,White
1998985073.0,42,Pennsylvania,12984655,42063,Indiana,82893.0,2.33425398984626,,2,2,1,2.0,0.0,1.0,1.0,1.0,1.0,1.0,,Female,2,White
2034789155.0,42,Pennsylvania,12984655,42073,Lawrence,84771.0,1.65501980259547,1.7741546673,1,5,1,2.0,1.0,1.0,1.0,1.0,1.0,0.0,1.0,Male,4,White
2010326623.0,42,Pennsylvania,12984655,42101,Philadelphia,1572341.0,1.07457539799385,1.3172283018,2,2,2,2.0,0.0,0.0,1.0,1.0,0.0,1.0,0.0,Female,2,Black
2041060517.0,42,Pennsylvania,12984655,42089,Monroe,167459.0,1.10091955884834,,2,2,6,1.0,1.0,1.0,1.0,1.0,0.0,1.0,0.0,Female,2,Hispanic
2029087787.0,42,Pennsylvania,12984655,42037,Columbia,65358.0,3.83670210024567,,1,1,2,2.0,0.0,0.0,0.0,1.0,1.0,0.0,1.0,Male,1,Black
1995752811.0,42,Pennsylvania,12984655,42073,Lawrence,84771.0,3.43514761701796,,1,2,1,2.0,1.0,1.0,1.0,1.0,1.0,0.0,1.0,Male,2,White
1984172055.0,42,Pennsylvania,12984655,42041,Cumberland,268588.0,4.27541254256506,,2,2,1,2.0,1.0,1.0,1.0,1.0,1.0,1.0,0.0,Female,2,White
1995646589.0,42,Pennsylvania,12984655,42041,Cumberland,268588.0,1.9593022225654,1.897069792,2,5,1,2.0,0.0,0.0,0.0,0.0,0.0,1.0,0.0,Female,4,White
2023098663.0,42,Pennsylvania,12984655,42033,Clearfield,77846.0,0.509261690923788,,2,2,3,,1.0,1.0,1.0,0.0,1.0,0.0,1.0,Female,2,Hispanic
2036212559.0,42,Pennsylvania,12984655,42079,Luzerne,326627.0,1.26545232074484,1.0979216082,1,3,1,2.0,0.0,0.0,0.0,0.0,1.0,1.0,0.0,Male,3,White
2011060651.0,42,Pennsylvania,12984655,42081,Lycoming,113195.0,0.964719659369508,1.0147138012,1,2,1,2.0,0.0,0.0,0.0,0.0,0.0,1.0,0.0,Male,2,White
2038715883.0,42,Pennsylvania,12984655,42029,Chester,547131.0,3.62583083792115,,1,3,1,2.0,0.0,0.0,0.0,1.0,0.0,1.0,1.0,Male,3,White
1997962241.0,42,Pennsylvania,12984655,42003,Allegheny,1233325.0,1.48505820251219,1.6709151304,1,6,1,2.0,1.0,1.0,1.0,1.0,1.0,1.0,1.0,Male,4,White
2042331125.0,42,Pennsylvania,12984655,42049,Erie,268923.0,0.900071057244166,0.9342556909,2,5,1,2.0,1.0,1.0,1.0,1.0,0.0,0.0,1.0,Female,4,White
2034613615.0,42,Pennsylvania,12984655,42017,Bucks,646351.0,1.57374390015615,1.3488509516,1,5,1,2.0,0.0,0.0,0.0,0.0,0.0,1.0,0.0,Male,4,White
2030982619.0,42,Pennsylvania,12984655,42035,Clinton,37890.0,4.27541254256506,,2,2,1,2.0,0.0,0.0,1.0,1.0,1.0,0.0,1.0,Female,2,White
2038227987.0,42,Pennsylvania,12984655,42003,Allegheny,1233325.0,1.22981926020282,1.1331334887,2,5,1,2.0,1.0,1.0,1.0,1.0,1.0,0.0,1.0,Female,4,White
1994918679.0,42,Pennsylvania,12984655,42003,Allegheny,1233325.0,0.674737752070847,0.7788055859,2,5,1,2.0,1.0,1.0,1.0,0.0,1.0,1.0,1.0,Female,4,White
2009796517.0,42,Pennsylvania,12984655,42107,Schuylkill,143114.0,1.85339485959894,1.6929808281,2,5,1,2.0,0.0,0.0,0.0,0.0,0.0,0.0,0.0,Female,4,White
1999600629.0,42,Pennsylvania,12984655,42003,Allegheny,1233325.0,0.900071057244166,0.9342556909,2,5,1,2.0,1.0,1.0,1.0,1.0,1.0,0.0,1.0,Female,4,White
2016972447.0,42,Pennsylvania,12984655,42017,Bucks,646351.0,1.18233538589204,0.7898605273,1,5,1,2.0,1.0,1.0,1.0,1.0,0.0,1.0,1.0,Male,4,White
2034273019.0,42,Pennsylvania,12984655,42043,Dauphin,288943.0,1.099968321347,1.3984099949,1,2,1,2.0,0.0,1.0,0.0,1.0,0.0,1.0,1.0,Male,2,White
2026743571.0,42,Pennsylvania,12984655,42091,Montgomery,865483.0,0.431996919821698,0.4793573158,2,4,2,2.0,1.0,1.0,1.0,0.0,1.0,0.0,1.0,Female,3,Black
2038750849.0,42,Pennsylvania,12984655,42003,Allegheny,1233325.0,1.23469950709058,,1,3,1,2.0,0.0,0.0,0.0,0.0,1.0,1.0,1.0,Male,3,White
2003971235.0,42,Pennsylvania,12984655,42077,Lehigh,376746.0,2.48621004154275,2.1147607477,1,2,2,2.0,1.0,1.0,1.0,1.0,0.0,1.0,1.0,Male,2,Black
2010342915.0,42,Pennsylvania,12984655,42101,Philadelphia,1572341.0,1.3460223685282,1.1008417814,1,5,1,2.0,1.0,1.0,1.0,1.0,1.0,1.0,1.0,Male,4,White
2031459557.0,42,Pennsylvania,12984655,42101,Philadelphia,1572341.0,1.79144189252352,1.41030456,1,5,1,2.0,1.0,1.0,1.0,1.0,1.0,1.0,1.0,Male,4,White
2045134141.0,42,Pennsylvania,12984655,42049,Erie,268923.0,0.333054790763359,,2,2,1,2.0,1.0,1.0,0.0,1.0,1.0,0.0,0.0,Female,2,White
2023433969.0,42,Pennsylvania,12984655,42029,Chester,547131.0,2.17994415818176,1.7335190106,1,5,1,2.0,1.0,1.0,1.0,1.0,1.0,0.0,1.0,Male,4,White
1997698725.0,42,Pennsylvania,12984655,42097,Northumberland,90075.0,0.556162614905363,0.613757078,2,4,1,2.0,1.0,1.0,0.0,0.0,1.0,1.0,1.0,Female,3,White
1996258173.0,42,Pennsylvania,12984655,42107,Schuylkill,143114.0,0.783855893837054,0.8136729450000001,2,6,1,2.0,1.0,1.0,1.0,1.0,1.0,0.0,1.0,Female,4,White
2039494133.0,42,Pennsylvania,12984655,42033,Clearfield,77846.0,1.35673843748553,1.4731913723,2,5,1,2.0,0.0,0.0,0.0,0.0,0.0,1.0,0.0,Female,4,White
2009388411.0,42,Pennsylvania,12984655,42049,Erie,268923.0,1.85339485959894,1.6929808281,2,5,1,2.0,0.0,0.0,0.0,0.0,1.0,1.0,0.0,Female,4,White
2010063239.0,42,Pennsylvania,12984655,42027,Centre,157977.0,0.454387008714849,0.6075656426,2,4,1,2.0,1.0,1.0,1.0,0.0,1.0,0.0,1.0,Female,3,White
2045146873.0,42,Pennsylvania,12984655,42041,Cumberland,268588.0,1.5761492777814,1.4059183948,2,6,1,2.0,0.0,0.0,0.0,0.0,1.0,1.0,0.0,Female,4,White
2035116793.0,42,Pennsylvania,12984655,42027,Centre,157977.0,0.756461273880298,,1,5,1,1.0,0.0,1.0,1.0,1.0,1.0,1.0,1.0,Male,4,Hispanic
2026744141.0,42,Pennsylvania,12984655,42101,Philadelphia,1572341.0,1.86804514438473,1.6507193232,1,2,2,2.0,0.0,1.0,0.0,1.0,0.0,1.0,0.0,Male,2,Black
2001651631.0,42,Pennsylvania,12984655,42061,Huntingdon,43261.0,0.36574042684817,0.4092103985,2,3,1,2.0,1.0,1.0,1.0,1.0,1.0,1.0,1.0,Female,3,White
2012682871.0,42,Pennsylvania,12984655,42131,Wyoming,26039.0,2.31959863623325,,1,6,1,2.0,0.0,0.0,0.0,0.0,1.0,1.0,0.0,Male,4,White
2021159523.0,42,Pennsylvania,12984655,42045,Delaware,576666.0,1.22981926020282,1.1331334887,2,5,1,2.0,1.0,1.0,1.0,1.0,1.0,0.0,1.0,Female,4,White
2030967213.0,42,Pennsylvania,12984655,42021,Cambria,131399.0,1.62224538076464,,2,4,1,2.0,0.0,1.0,0.0,1.0,0.0,1.0,0.0,Female,3,White
2041643419.0,42,Pennsylvania,12984655,42043,Dauphin,288943.0,1.0759394822155,0.926374863,2,4,1,2.0,0.0,0.0,0.0,0.0,1.0,1.0,0.0,Female,3,White
2017123155.0,42,Pennsylvania,12984655,42095,Northampton,318123.0,0.724854234061187,0.7920554044,1,2,1,2.0,0.0,0.0,0.0,0.0,0.0,1.0,0.0,Male,2,White
2014956957.0,42,Pennsylvania,12984655,42055,Franklin,157038.0,1.28258022181996,,2,2,1,2.0,0.0,0.0,0.0,0.0,0.0,1.0,0.0,Female,2,White
2015845017.0,42,Pennsylvania,12984655,42101,Philadelphia,1572341.0,0.454864769883415,,1,2,2,2.0,1.0,1.0,1.0,1.0,1.0,1.0,1.0,Male,2,Black
2012238233.0,42,Pennsylvania,12984655,42085,Mercer,109142.0,2.79344792585791,,1,2,1,2.0,0.0,1.0,0.0,0.0,0.0,1.0,0.0,Male,2,White
2012596437.0,42,Pennsylvania,12984655,42129,Westmoreland,351924.0,1.099968321347,1.1349465508,1,2,1,2.0,1.0,1.0,0.0,1.0,1.0,1.0,0.0,Male,2,White
2015179317.0,42,Pennsylvania,12984655,42041,Cumberland,268588.0,0.724854234061187,0.7920554044,1,2,1,2.0,1.0,1.0,0.0,1.0,1.0,1.0,1.0,Male,2,White
2022421269.0,42,Pennsylvania,12984655,42045,Delaware,576666.0,0.963682760354372,1.119583772,2,2,1,2.0,0.0,1.0,0.0,0.0,1.0,1.0,1.0,Female,2,White
2025510775.0,42,Pennsylvania,12984655,42011,Berks,432214.0,3.31331857741736,7.8628033975,2,1,1,2.0,0.0,0.0,0.0,0.0,1.0,1.0,0.0,Female,1,White
2014985935.0,42,Pennsylvania,12984655,42001,Adams,105994.0,3.07913574409401,1.3045960576,2,1,1,2.0,0.0,0.0,1.0,0.0,1.0,0.0,0.0,Female,1,White
2013410799.0,42,Pennsylvania,12984655,42091,Montgomery,865483.0,1.17577414270675,,2,2,6,1.0,1.0,1.0,0.0,0.0,1.0,0.0,0.0,Female,2,Hispanic
2011043279.0,42,Pennsylvania,12984655,42129,Westmoreland,351924.0,3.71384684202549,,2,2,1,2.0,0.0,1.0,0.0,0.0,1.0,1.0,0.0,Female,2,White
2021301187.0,42,Pennsylvania,12984655,42073,Lawrence,84771.0,1.28258022181996,1.4343151991,2,2,1,2.0,0.0,1.0,1.0,1.0,1.0,1.0,0.0,Female,2,White
2012238815.0,42,Pennsylvania,12984655,42091,Montgomery,865483.0,12.9628652923027,1.6852774934,2,2,1,2.0,1.0,1.0,1.0,1.0,1.0,0.0,1.0,Female,2,White
1995760275.0,42,Pennsylvania,12984655,42067,Juniata,23296.0,0.199458878966964,0.6216453438,2,4,1,2.0,0.0,1.0,0.0,0.0,0.0,1.0,0.0,Female,3,White
2014969851.0,42,Pennsylvania,12984655,42071,Lancaster,557092.0,0.89889162743875,0.9654075213,1,5,1,2.0,0.0,0.0,0.0,0.0,0.0,1.0,0.0,Male,4,White
2014126095.0,42,Pennsylvania,12984655,42045,Delaware,576666.0,0.589196155120176,0.7735251706,2,2,1,2.0,1.0,1.0,1.0,1.0,1.0,0.0,1.0,Female,2,White
2010818773.0,42,Pennsylvania,12984655,42017,Bucks,646351.0,2.37711184936174,0.9728722271,1,5,2,2.0,1.0,1.0,1.0,1.0,1.0,0.0,1.0,Male,4,Black
2019808581.0,42,Pennsylvania,12984655,42003,Allegheny,1233325.0,3.43514761701796,,1,2,1,2.0,1.0,1.0,1.0,1.0,1.0,1.0,0.0,Male,2,White
2020143959.0,42,Pennsylvania,12984655,42101,Philadelphia,1572341.0,1.22981926020282,1.1331334887,2,5,1,2.0,1.0,1.0,1.0,1.0,1.0,1.0,1.0,Female,4,White
2030986445.0,42,Pennsylvania,12984655,42101,Philadelphia,1572341.0,2.72431354469797,2.0113637213,1,3,1,2.0,1.0,1.0,1.0,1.0,1.0,0.0,1.0,Male,3,White
2027105223.0,42,Pennsylvania,12984655,42101,Philadelphia,1572341.0,3.43514761701796,,1,2,1,2.0,0.0,1.0,0.0,1.0,0.0,0.0,1.0,Male,2,White
2027486591.0,42,Pennsylvania,12984655,42003,Allegheny,1233325.0,2.17994415818176,1.7335190106,1,5,1,2.0,1.0,1.0,1.0,1.0,1.0,0.0,1.0,Male,4,White
2035455839.0,42,Pennsylvania,12984655,42129,Westmoreland,351924.0,2.50846164540454,,2,6,1,2.0,1.0,1.0,1.0,1.0,1.0,1.0,1.0,Female,4,White
2020219721.0,09,Connecticut,3618707,09007,Middlesex,,4.73397698042242,3.9525731062,2,5,4,2.0,1.0,1.0,1.0,1.0,1.0,1.0,1.0,Female,4,Other
2015456457.0,09,Connecticut,3618707,09003,Hartford,,5.18613553688424,,1,5,2,2.0,1.0,1.0,1.0,0.0,1.0,1.0,1.0,Male,4,Black
2028996285.0,09,Connecticut,3618707,09009,New Haven,,7.92952858620287,,1,1,2,2.0,1.0,1.0,1.0,1.0,0.0,1.0,1.0,Male,1,Black
2013661165.0,09,Connecticut,3618707,09009,New Haven,,0.650151330525984,0.8615825174,1,2,1,2.0,0.0,0.0,0.0,0.0,0.0,1.0,0.0,Male,2,White
2021500069.0,09,Connecticut,3618707,09013,Tolland,,1.17116691054693,0.8560813879,2,6,1,2.0,1.0,1.0,1.0,1.0,1.0,0.0,1.0,Female,4,White
2034713161.0,09,Connecticut,3618707,09015,Windham,,1.09337852024446,,2,2,1,2.0,1.0,1.0,1.0,1.0,1.0,1.0,1.0,Female,2,White
2039934115.0,09,Connecticut,3618707,09009,New Haven,,0.490949735122311,4.7949990583,1,3,5,1.0,1.0,1.0,1.0,1.0,1.0,0.0,1.0,Male,3,Hispanic
2042329901.0,09,Connecticut,3618707,09013,Tolland,,0.60788568296955,0.5648538581,1,5,1,2.0,1.0,1.0,1.0,1.0,1.0,0.0,1.0,Male,4,White
2020938543.0,09,Connecticut,3618707,09009,New Haven,,3.1879905770946,,1,2,1,2.0,1.0,1.0,1.0,1.0,1.0,1.0,1.0,Male,2,White
2021860041.0,09,Connecticut,3618707,09003,Hartford,,0.706757449319293,,2,6,3,1.0,0.0,0.0,0.0,0.0,0.0,1.0,0.0,Female,4,Hispanic
2038219283.0,09,Connecticut,3618707,09009,New Haven,,4.36444070809405,,1,1,1,1.0,1.0,1.0,1.0,1.0,1.0,1.0,1.0,Male,1,Hispanic
2013080433.0,09,Connecticut,3618707,09005,Litchfield,,1.80357338562242,1.2148590355,1,6,3,1.0,0.0,0.0,0.0,0.0,0.0,1.0,0.0,Male,4,Hispanic
2038238685.0,09,Connecticut,3618707,09001,Fairfield,,0.761164881802834,0.7963929606,1,3,1,2.0,0.0,0.0,0.0,0.0,1.0,1.0,0.0,Male,3,White
2018038169.0,09,Connecticut,3618707,09001,Fairfield,,0.950070552828767,0.7144800605,2,2,1,2.0,1.0,1.0,0.0,0.0,0.0,1.0,1.0,Female,2,White
1999557713.0,09,Connecticut,3618707,09003,Hartford,,0.799415616385717,0.6693327799000001,1,5,1,2.0,1.0,1.0,1.0,1.0,1.0,0.0,1.0,Male,4,White
1998406865.0,09,Connecticut,3618707,09009,New Haven,,2.91543387045576,,1,4,5,2.0,1.0,1.0,1.0,1.0,1.0,1.0,0.0,Male,3,Other
2038834957.0,09,Connecticut,3618707,09003,Hartford,,2.57615074487982,,2,3,6,1.0,1.0,1.0,1.0,1.0,1.0,0.0,1.0,Female,3,Hispanic
1995078259.0,09,Connecticut,3618707,09001,Fairfield,,1.80144773344672,1.2557743846,2,6,1,2.0,0.0,1.0,0.0,0.0,1.0,1.0,0.0,Female,4,White
2012513449.0,09,Connecticut,3618707,09009,New Haven,,1.34083762752593,3.477160921,2,2,1,1.0,1.0,1.0,1.0,1.0,1.0,0.0,1.0,Female,2,Hispanic
2013689053.0,09,Connecticut,3618707,09013,Tolland,,0.50777891046696,0.574256608,1,3,1,2.0,1.0,1.0,1.0,1.0,1.0,0.0,1.0,Male,3,White
2005943767.0,09,Connecticut,3618707,09003,Hartford,,0.695488372602602,0.7016701177,2,5,1,2.0,1.0,1.0,0.0,0.0,1.0,0.0,1.0,Female,4,White
2034312321.0,09,Connecticut,3618707,09009,New Haven,,1.75793270288094,3.82549519,1,6,1,2.0,1.0,1.0,1.0,1.0,1.0,0.0,1.0,Male,4,White
1984263307.0,09,Connecticut,3618707,09001,Fairfield,,2.87965547465155,1.6072701865,1,5,2,2.0,1.0,1.0,1.0,1.0,1.0,1.0,1.0,Male,4,Black
2038735947.0,09,Connecticut,3618707,09001,Fairfield,,1.82107850831248,1.0877288705,2,5,1,2.0,1.0,1.0,1.0,1.0,1.0,0.0,1.0,Female,4,White
2039225421.0,09,Connecticut,3618707,09013,Tolland,,0.695488372602602,0.7016701177,2,5,1,2.0,1.0,1.0,1.0,1.0,1.0,0.0,1.0,Female,4,White
2014772907.0,09,Connecticut,3618707,09009,New Haven,,0.53191017538773,0.470316033,1,3,1,2.0,0.0,0.0,0.0,0.0,0.0,1.0,0.0,Male,3,White
2004374949.0,09,Connecticut,3618707,09005,Litchfield,,1.57516793838217,,2,4,1,2.0,0.0,1.0,0.0,0.0,0.0,0.0,0.0,Female,3,White
2028415729.0,09,Connecticut,3618707,09007,Middlesex,,0.877606926652683,,1,2,1,2.0,1.0,1.0,0.0,0.0,1.0,1.0,1.0,Male,2,White
2000062735.0,09,Connecticut,3618707,09003,Hartford,,0.0913621129927516,,1,5,7,2.0,1.0,1.0,1.0,0.0,1.0,1.0,1.0,Male,4,Other
2013891225.0,09,Connecticut,3618707,09003,Hartford,,1.45464407680971,1.4824094676,1,4,1,2.0,1.0,1.0,1.0,1.0,1.0,0.0,1.0,Male,3,White
2039697363.0,09,Connecticut,3618707,09003,Hartford,,2.44728888358485,1.2718281702,1,2,1,2.0,1.0,1.0,1.0,1.0,1.0,0.0,1.0,Male,2,White
2045338355.0,09,Connecticut,3618707,09001,Fairfield,,1.02619701133808,,2,5,2,2.0,1.0,1.0,1.0,1.0,1.0,1.0,1.0,Female,4,Black
2037330417.0,09,Connecticut,3618707,09003,Hartford,,1.60730181519598,,2,2,2,2.0,0.0,1.0,1.0,1.0,1.0,1.0,1.0,Female,2,Black
2012376169.0,09,Connecticut,3618707,09009,New Haven,,0.850658802434483,1.0476166321,1,4,1,2.0,0.0,0.0,0.0,0.0,0.0,1.0,0.0,Male,3,White
2031646663.0,09,Connecticut,3618707,09001,Fairfield,,7.26458854513184,1.1792916797,2,5,1,2.0,1.0,1.0,1.0,1.0,1.0,0.0,1.0,Female,4,White
2033127003.0,09,Connecticut,3618707,09009,New Haven,,1.80023695134743,,1,3,2,2.0,1.0,1.0,1.0,1.0,1.0,0.0,1.0,Male,3,Black
2014048969.0,09,Connecticut,3618707,09009,New Haven,,1.60324584247982,1.9453125369,2,2,1,2.0,0.0,0.0,0.0,0.0,0.0,0.0,0.0,Female,2,White
2027822673.0,09,Connecticut,3618707,09001,Fairfield,,1.6701445063131,1.38155338,2,3,1,2.0,1.0,1.0,1.0,1.0,1.0,0.0,1.0,Female,3,White
1984207581.0,09,Connecticut,3618707,09003,Hartford,,1.30508076581503,0.7925293254,1,2,3,2.0,1.0,1.0,1.0,0.0,0.0,1.0,1.0,Male,2,Hispanic
2010189771.0,09,Connecticut,3618707,09003,Hartford,,0.698936917508136,0.9592004287,2,3,1,2.0,1.0,1.0,1.0,1.0,1.0,1.0,1.0,Female,3,White
2022049267.0,09,Connecticut,3618707,09009,New Haven,,0.635640456055639,0.5608680065,2,6,1,2.0,0.0,0.0,1.0,1.0,1.0,1.0,1.0,Female,4,White
2006132009.0,09,Connecticut,3618707,09015,Windham,,3.16200861116249,2.6835691979,1,6,2,2.0,0.0,0.0,0.0,0.0,0.0,1.0,0.0,Male,4,Black
2006979037.0,09,Connecticut,3618707,09001,Fairfield,,0.632923444359551,0.53836965,2,5,1,2.0,1.0,1.0,1.0,1.0,1.0,1.0,1.0,Female,4,White
2038411507.0,09,Connecticut,3618707,09001,Fairfield,,1.29288065998386,,1,5,1,2.0,0.0,1.0,1.0,1.0,0.0,1.0,1.0,Male,4,White
1974072491.0,09,Connecticut,3618707,09001,Fairfield,,1.78456257597218,,2,4,1,2.0,1.0,1.0,1.0,1.0,1.0,0.0,1.0,Female,3,White
2023206311.0,09,Connecticut,3618707,09009,New Haven,,2.34788177243897,,1,3,3,,1.0,1.0,1.0,1.0,1.0,1.0,1.0,Male,3,Hispanic
2038802439.0,09,Connecticut,3618707,09009,New Haven,,0.885692907693716,0.7914237292,2,3,1,2.0,1.0,0.0,1.0,1.0,0.0,1.0,1.0,Female,3,White
2001079551.0,09,Connecticut,3618707,09005,Litchfield,,4.29003703376425,,2,2,1,2.0,0.0,0.0,0.0,0.0,1.0,0.0,0.0,Female,2,White
2016460171.0,09,Connecticut,3618707,09009,New Haven,,0.875427461404283,1.148903727,2,5,1,2.0,1.0,0.0,0.0,0.0,1.0,1.0,0.0,Female,4,White
2015105735.0,09,Connecticut,3618707,09001,Fairfield,,0.632923444359551,0.53836965,2,5,1,2.0,1.0,1.0,1.0,1.0,1.0,0.0,1.0,Female,4,White
1998529339.0,09,Connecticut,3618707,09005,Litchfield,,0.433620570681004,0.5737513578,2,3,1,2.0,1.0,1.0,1.0,1.0,1.0,1.0,1.0,Female,3,White
2035267187.0,09,Connecticut,3618707,09009,New Haven,,1.12979738549892,0.9251370879,2,5,1,2.0,1.0,1.0,1.0,1.0,1.0,0.0,1.0,Female,4,White
2014154633.0,09,Connecticut,3618707,09013,Tolland,,1.10359831753329,,2,6,1,2.0,1.0,1.0,1.0,1.0,1.0,0.0,1.0,Female,4,White
2017231075.0,09,Connecticut,3618707,09003,Hartford,,0.433620570681004,0.5737513578,2,4,1,2.0,1.0,1.0,1.0,1.0,1.0,0.0,1.0,Female,3,White
2002356029.0,24,Maryland,6183257,24510,Baltimore city,570475.0,8.71688084241255,,1,6,4,2.0,1.0,0.0,1.0,1.0,1.0,1.0,1.0,Male,4,Other
2009863419.0,24,Maryland,6183257,24043,Washington,154503.0,0.489568062995591,0.5089422115,2,3,2,2.0,1.0,1.0,1.0,1.0,1.0,1.0,1.0,Female,3,Black
2042328137.0,24,Maryland,6183257,24043,Washington,154503.0,1.33456034059155,1.1121814604,2,5,1,2.0,0.0,0.0,0.0,0.0,0.0,1.0,0.0,Female,4,White
1995791587.0,24,Maryland,6183257,24003,Anne Arundel,598102.0,1.11628028328601,1.0964132023,2,3,1,2.0,1.0,1.0,0.0,0.0,0.0,1.0,0.0,Female,3,White
2011668747.0,24,Maryland,6183257,24510,Baltimore city,570475.0,0.719654078448761,1.0914714847,2,2,1,2.0,1.0,1.0,1.0,1.0,1.0,1.0,0.0,Female,2,White
2012685881.0,24,Maryland,6183257,24021,Frederick,287899.0,7.38285462702979,,2,5,4,2.0,0.0,0.0,0.0,0.0,0.0,1.0,0.0,Female,4,Other
2017118831.0,24,Maryland,6183257,24021,Frederick,287899.0,0.929971614676567,0.6522806647,1,3,1,2.0,0.0,0.0,0.0,0.0,0.0,1.0,0.0,Male,3,White
2022707763.0,24,Maryland,6183257,24005,Baltimore,847672.0,6.58989775895037,,2,2,7,2.0,1.0,1.0,0.0,1.0,0.0,1.0,1.0,Female,2,Other
2017275661.0,24,Maryland,6183257,24031,Montgomery,1058546.0,1.66485191479267,1.799576022,1,3,1,2.0,1.0,1.0,1.0,1.0,1.0,0.0,1.0,Male,3,White
1998570515.0,24,Maryland,6183257,24001,Allegany,67013.0,2.42619870588822,1.1787503874,1,3,1,2.0,1.0,1.0,1.0,1.0,1.0,0.0,1.0,Male,3,White
2011925885.0,24,Maryland,6183257,24510,Baltimore city,570475.0,0.560892633856092,,1,6,1,2.0,1.0,1.0,1.0,1.0,1.0,0.0,1.0,Male,4,White
2038444879.0,24,Maryland,6183257,24031,Montgomery,1058546.0,1.01141012572112,0.9498112342,1,5,1,2.0,1.0,1.0,1.0,1.0,1.0,1.0,,Male,4,White
2028835719.0,24,Maryland,6183257,24033,Prince George's,952326.0,3.4005008220965,,1,2,3,,1.0,1.0,1.0,1.0,1.0,1.0,0.0,Male,2,Hispanic
2029083505.0,24,Maryland,6183257,24043,Washington,154503.0,3.18886178579579,,1,3,2,2.0,0.0,1.0,1.0,1.0,1.0,1.0,0.0,Male,3,Black
2030976903.0,24,Maryland,6183257,24005,Baltimore,847672.0,4.19674159509787,,2,3,1,2.0,1.0,1.0,1.0,1.0,1.0,1.0,1.0,Female,3,White
2035455097.0,24,Maryland,6183257,24031,Montgomery,1058546.0,3.55290533095775,,1,4,2,2.0,0.0,1.0,0.0,1.0,0.0,1.0,0.0,Male,3,Black
1996030257.0,24,Maryland,6183257,24043,Washington,154503.0,12.1317712154388,,2,1,1,2.0,0.0,1.0,1.0,0.0,1.0,1.0,0.0,Female,1,White
2013781947.0,24,Maryland,6183257,24031,Montgomery,1058546.0,1.10741435072968,0.9264408369,1,5,1,2.0,0.0,0.0,0.0,0.0,0.0,1.0,0.0,Male,4,White
2019965239.0,24,Maryland,6183257,24009,Calvert,94655.0,2.35932158800899,2.2426385121,1,2,2,2.0,0.0,1.0,1.0,1.0,1.0,1.0,0.0,Male,2,Black
2012659467.0,24,Maryland,6183257,24009,Calvert,94655.0,3.1400574236489,2.8730771064,1,2,2,2.0,1.0,1.0,1.0,1.0,1.0,0.0,1.0,Male,2,Black
2038246851.0,24,Maryland,6183257,24017,Charles,170246.0,0.783582709963123,0.7672749082,1,3,1,2.0,0.0,0.0,0.0,0.0,0.0,1.0,0.0,Male,3,White
2017008957.0,24,Maryland,6183257,24003,Anne Arundel,598102.0,0.783582709963123,0.7672749082,1,3,1,2.0,0.0,0.0,1.0,0.0,1.0,1.0,0.0,Male,3,White
2035497961.0,24,Maryland,6183257,24510,Baltimore city,570475.0,0.651573672026628,0.6520133354000001,2,3,2,2.0,1.0,1.0,1.0,0.0,0.0,0.0,0.0,Female,3,Black
2036926347.0,24,Maryland,6183257,24510,Baltimore city,570475.0,2.8279754406233,,1,3,4,2.0,1.0,1.0,1.0,1.0,1.0,1.0,1.0,Male,3,Other
2017158409.0,24,Maryland,6183257,24033,Prince George's,952326.0,2.32068153384735,2.0997847151,1,5,2,2.0,1.0,1.0,1.0,1.0,1.0,1.0,1.0,Male,4,Black
2042327753.0,24,Maryland,6183257,24005,Baltimore,847672.0,0.783582709963123,0.7672749082,1,3,1,2.0,1.0,0.0,0.0,0.0,1.0,1.0,0.0,Male,3,White
2038723413.0,24,Maryland,6183257,24003,Anne Arundel,598102.0,1.08683492792382,,2,5,2,2.0,1.0,1.0,1.0,1.0,1.0,1.0,1.0,Female,4,Black
2014044991.0,24,Maryland,6183257,24510,Baltimore city,570475.0,4.0269586459521,1.4559712407,2,3,6,2.0,1.0,1.0,1.0,1.0,1.0,0.0,1.0,Female,3,Other
2017127805.0,24,Maryland,6183257,24510,Baltimore city,570475.0,2.6033587528667,4.439220591,1,1,2,2.0,1.0,1.0,0.0,0.0,1.0,1.0,1.0,Male,1,Black
2018033253.0,24,Maryland,6183257,24005,Baltimore,847672.0,3.68803918410874,5.5966279806,2,1,2,2.0,1.0,1.0,1.0,0.0,1.0,1.0,1.0,Female,1,Black
1998446497.0,24,Maryland,6183257,24027,Howard,335900.0,0.560892633856092,0.6848140316,1,6,1,2.0,1.0,1.0,1.0,1.0,1.0,0.0,1.0,Male,4,White
2014897221.0,24,Maryland,6183257,24037,St. Mary's,114841.0,0.95025788233205,,1,6,1,2.0,1.0,1.0,1.0,1.0,1.0,0.0,1.0,Male,4,White
2042443943.0,24,Maryland,6183257,24005,Baltimore,847672.0,2.73238341187386,,1,2,2,2.0,1.0,1.0,1.0,1.0,0.0,0.0,1.0,Male,2,Black
2026743461.0,24,Maryland,6183257,24033,Prince George's,952326.0,0.30319830838404,0.2009181464,2,6,2,2.0,1.0,1.0,1.0,1.0,1.0,0.0,1.0,Female,4,Black
2009599597.0,24,Maryland,6183257,24033,Prince George's,952326.0,0.95025788233205,,1,6,1,2.0,1.0,1.0,1.0,1.0,1.0,0.0,1.0,Male,4,White
2009667731.0,24,Maryland,6183257,24003,Anne Arundel,598102.0,2.01953787953737,1.9754227632,1,3,1,2.0,0.0,0.0,0.0,0.0,0.0,1.0,0.0,Male,3,White
1984422959.0,24,Maryland,6183257,24031,Montgomery,1058546.0,1.29007345107051,0.8278904316,2,3,1,2.0,1.0,1.0,1.0,1.0,1.0,1.0,1.0,Female,3,White
2042329487.0,24,Maryland,6183257,24043,Washington,154503.0,1.08940366253424,0.9403168491,2,6,1,2.0,0.0,0.0,0.0,0.0,0.0,1.0,0.0,Female,4,White
2014370923.0,24,Maryland,6183257,24003,Anne Arundel,598102.0,2.47650882116337,3.1218256033,2,5,1,2.0,0.0,0.0,0.0,0.0,0.0,1.0,1.0,Female,4,White
2013356021.0,24,Maryland,6183257,24510,Baltimore city,570475.0,6.13905659292359,,2,6,2,2.0,1.0,0.0,1.0,0.0,1.0,1.0,1.0,Female,4,Black
2020931817.0,24,Maryland,6183257,24003,Anne Arundel,598102.0,5.31676893117595,0.7361012284,2,2,3,1.0,1.0,1.0,0.0,1.0,1.0,1.0,1.0,Female,2,Hispanic
1983323331.0,24,Maryland,6183257,24015,Cecil,104908.0,1.06245656106443,1.2744944097,1,6,1,2.0,0.0,0.0,0.0,0.0,0.0,1.0,0.0,Male,4,White
2012423293.0,24,Maryland,6183257,24025,Harford,263749.0,0.598028453994379,0.7880686284,1,2,1,2.0,0.0,0.0,0.0,0.0,0.0,1.0,0.0,Male,2,White
2031627629.0,24,Maryland,6183257,24003,Anne Arundel,598102.0,0.876172771662877,,2,4,2,2.0,1.0,1.0,1.0,1.0,1.0,0.0,1.0,Female,3,Black
2026744057.0,24,Maryland,6183257,24510,Baltimore city,570475.0,1.22318169287312,,1,5,2,2.0,1.0,1.0,1.0,1.0,1.0,1.0,1.0,Male,4,Black
2041447541.0,24,Maryland,6183257,24027,Howard,335900.0,2.15225171464137,0.5212673039,1,3,4,2.0,1.0,1.0,1.0,1.0,1.0,0.0,1.0,Male,3,Other
2026743859.0,24,Maryland,6183257,24031,Montgomery,1058546.0,3.42636690338796,,2,5,2,2.0,1.0,1.0,1.0,1.0,1.0,0.0,1.0,Female,4,Black
2017041065.0,24,Maryland,6183257,24033,Prince George's,952326.0,1.27349031160783,1.1303861546,2,6,1,2.0,1.0,1.0,1.0,1.0,1.0,0.0,1.0,Female,4,White
2039665455.0,24,Maryland,6183257,24003,Anne Arundel,598102.0,9.77802846044716,3.9240892244,2,2,1,2.0,0.0,1.0,1.0,1.0,1.0,1.0,0.0,Female,2,White
2032972389.0,24,Maryland,6183257,24033,Prince George's,952326.0,0.651573672026628,0.6520133354000001,2,3,2,2.0,1.0,0.0,1.0,0.0,1.0,1.0,1.0,Female,3,Black
2043935371.0,24,Maryland,6183257,24510,Baltimore city,570475.0,11.0259259084447,,1,2,2,2.0,1.0,1.0,0.0,1.0,1.0,1.0,0.0,Male,2,Black
2034369849.0,24,Maryland,6183257,24033,Prince George's,952326.0,3.57418219060835,,1,1,6,2.0,1.0,0.0,1.0,0.0,1.0,0.0,1.0,Male,1,Other
2039781477.0,24,Maryland,6183257,24510,Baltimore city,570475.0,0.0618759395300535,,2,6,1,2.0,1.0,1.0,1.0,1.0,1.0,0.0,1.0,Female,4,White
1998012461.0,24,Maryland,6183257,24037,St. Mary's,114841.0,0.343955404506544,,2,3,1,2.0,0.0,1.0,1.0,1.0,0.0,1.0,1.0,Female,3,White
2034418519.0,24,Maryland,6183257,24510,Baltimore city,570475.0,2.35537092497219,,1,1,2,2.0,1.0,1.0,1.0,1.0,1.0,1.0,1.0,Male,1,Black
2014085747.0,24,Maryland,6183257,24021,Frederick,287899.0,0.795925276173569,1.009606284,1,2,1,2.0,0.0,0.0,0.0,0.0,1.0,1.0,0.0,Male,2,White
2020483773.0,24,Maryland,6183257,24043,Washington,154503.0,1.16414981935948,1.8181102249,2,5,1,2.0,1.0,1.0,1.0,1.0,1.0,1.0,1.0,Female,4,White
2029104557.0,24,Maryland,6183257,24510,Baltimore city,570475.0,0.634151442878562,,2,2,2,2.0,1.0,1.0,1.0,1.0,1.0,1.0,0.0,Female,2,Black
2042019181.0,24,Maryland,6183257,24001,Allegany,67013.0,1.11628028328601,1.0964132023,2,3,1,2.0,1.0,1.0,1.0,1.0,1.0,1.0,0.0,Female,3,White
2045014359.0,24,Maryland,6183257,24011,Caroline,33528.0,0.795925276173569,1.009606284,1,2,1,2.0,0.0,0.0,0.0,0.0,1.0,1.0,0.0,Male,2,White
2034711509.0,24,Maryland,6183257,24033,Prince George's,952326.0,0.929971614676567,0.6522806647,1,3,1,2.0,1.0,1.0,1.0,1.0,1.0,1.0,1.0,Male,3,White
2014081311.0,24,Maryland,6183257,24510,Baltimore city,570475.0,2.32068153384735,2.0997847151,1,5,2,2.0,1.0,1.0,1.0,1.0,1.0,0.0,1.0,Male,4,Black
1999058607.0,24,Maryland,6183257,24033,Prince George's,952326.0,2.71878662736568,0.6421038870000001,2,1,2,2.0,1.0,1.0,1.0,1.0,1.0,1.0,1.0,Female,1,Black
1994780683.0,24,Maryland,6183257,24031,Montgomery,1058546.0,0.703656571274035,0.6912722653000001,1,6,1,2.0,1.0,1.0,1.0,1.0,1.0,0.0,1.0,Male,4,White
2034745015.0,24,Maryland,6183257,24033,Prince George's,952326.0,10.2993683958987,,2,5,4,2.0,1.0,1.0,1.0,1.0,1.0,0.0,1.0,Female,4,Other
2017211411.0,24,Maryland,6183257,24043,Washington,154503.0,0.666780319962019,0.4583169131,1,3,1,2.0,0.0,0.0,1.0,0.0,1.0,1.0,1.0,Male,3,White
2045067839.0,24,Maryland,6183257,24045,Wicomico,105131.0,4.70062834447671,,1,2,1,2.0,1.0,1.0,1.0,1.0,0.0,0.0,1.0,Male,2,White
2014159165.0,24,Maryland,6183257,24043,Washington,154503.0,0.716758910407759,1.2698333854,2,4,1,2.0,1.0,1.0,1.0,0.0,1.0,1.0,1.0,Female,3,White
2042353433.0,24,Maryland,6183257,24033,Prince George's,952326.0,4.69866191848078,1.0140757559,2,5,2,2.0,1.0,0.0,1.0,1.0,0.0,0.0,1.0,Female,4,Black
2014680859.0,24,Maryland,6183257,24031,Montgomery,1058546.0,0.664105888334885,0.4941847027,2,5,1,2.0,1.0,1.0,0.0,1.0,1.0,1.0,1.0,Female,4,White
2037188139.0,24,Maryland,6183257,24510,Baltimore city,570475.0,3.77165066119676,,1,2,1,2.0,1.0,0.0,1.0,1.0,1.0,1.0,1.0,Male,2,White
1998582413.0,24,Maryland,6183257,24005,Baltimore,847672.0,0.410450366743728,0.7198763328000001,2,3,7,2.0,1.0,1.0,1.0,1.0,1.0,1.0,1.0,Female,3,Other
2021539515.0,24,Maryland,6183257,24003,Anne Arundel,598102.0,3.77165066119676,,1,2,1,2.0,1.0,1.0,0.0,1.0,1.0,1.0,1.0,Male,2,White
2037801529.0,24,Maryland,6183257,24009,Calvert,94655.0,2.05269180720315,1.1854992006,2,6,1,2.0,1.0,1.0,1.0,0.0,1.0,1.0,1.0,Female,4,White
2042804787.0,24,Maryland,6183257,24510,Baltimore city,570475.0,2.57709834711913,,1,2,1,2.0,1.0,1.0,1.0,0.0,1.0,1.0,0.0,Male,2,White
2038675039.0,24,Maryland,6183257,24003,Anne Arundel,598102.0,0.279826276372948,0.8007137279000001,3,3,1,2.0,1.0,1.0,1.0,1.0,1.0,0.0,1.0,,3,White
1990991303.0,24,Maryland,6183257,24033,Prince George's,952326.0,0.892770224923871,0.9593022722,2,5,1,2.0,1.0,1.0,1.0,1.0,0.0,0.0,1.0,Female,4,White
2014334393.0,24,Maryland,6183257,24041,Talbot,37901.0,1.06245656106443,1.4679334523,1,6,1,2.0,0.0,0.0,0.0,0.0,0.0,1.0,0.0,Male,4,White
1995126679.0,24,Maryland,6183257,24021,Frederick,287899.0,1.10741435072968,0.9264408369,1,5,1,2.0,1.0,0.0,0.0,0.0,0.0,1.0,0.0,Male,4,White
1999157009.0,24,Maryland,6183257,24009,Calvert,94655.0,1.1287132272468,2.0521330899,1,2,1,2.0,0.0,0.0,0.0,0.0,0.0,1.0,0.0,Male,2,White
2030902075.0,24,Maryland,6183257,24045,Wicomico,105131.0,4.32672388776309,,2,5,1,2.0,0.0,0.0,1.0,0.0,0.0,0.0,1.0,Female,4,White
2029255259.0,24,Maryland,6183257,24031,Montgomery,1058546.0,0.559169667724179,0.8381542085,2,5,3,1.0,1.0,1.0,1.0,1.0,1.0,0.0,1.0,Female,4,Hispanic
2039784343.0,24,Maryland,6183257,24031,Montgomery,1058546.0,2.99286590720424,1.7949730388,2,1,1,2.0,1.0,1.0,1.0,1.0,1.0,0.0,1.0,Female,1,White
2034606421.0,24,Maryland,6183257,24003,Anne Arundel,598102.0,2.61279196161887,,4,1,3,,1.0,1.0,1.0,1.0,1.0,0.0,0.0,,1,Hispanic
1995445169.0,24,Maryland,6183257,24025,Harford,263749.0,0.719654078448761,0.973581395,2,2,1,2.0,1.0,0.0,0.0,0.0,1.0,1.0,0.0,Female,2,White
2011165533.0,24,Maryland,6183257,24045,Wicomico,105131.0,1.9227196550306,1.864470678,2,2,2,2.0,0.0,1.0,1.0,1.0,0.0,0.0,0.0,Female,2,Black
2023100243.0,24,Maryland,6183257,24011,Caroline,33528.0,2.58305986571563,,2,2,1,2.0,0.0,1.0,1.0,1.0,1.0,0.0,0.0,Female,2,White
2038841995.0,24,Maryland,6183257,24037,St. Mary's,114841.0,1.15477566575149,3.1627718253,1,2,2,2.0,1.0,1.0,1.0,1.0,0.0,1.0,0.0,Male,2,Black
1983242877.0,24,Maryland,6183257,24031,Montgomery,1058546.0,5.30566242173078,2.9493903257,2,6,4,2.0,1.0,1.0,1.0,1.0,1.0,0.0,1.0,Female,4,Other
2017068527.0,24,Maryland,6183257,24031,Montgomery,1058546.0,1.27349031160783,1.1303861546,2,6,1,2.0,1.0,1.0,1.0,1.0,1.0,0.0,1.0,Female,4,White
2029148045.0,24,Maryland,6183257,24031,Montgomery,1058546.0,4.0738327109528,0.8878443715000001,1,2,2,2.0,0.0,1.0,1.0,1.0,1.0,1.0,0.0,Male,2,Black
1984442211.0,24,Maryland,6183257,24510,Baltimore city,570475.0,0.786780872241928,1.1425439274,1,3,2,2.0,0.0,0.0,1.0,0.0,1.0,1.0,0.0,Male,3,Black
2014500137.0,24,Maryland,6183257,24510,Baltimore city,570475.0,2.90840689957571,1.4236130063,1,6,2,2.0,1.0,1.0,1.0,1.0,1.0,0.0,1.0,Male,4,Black
2041001107.0,33,New Hampshire,1396647,33011,Hillsborough,426329.0,1.13594313228685,,2,5,1,2.0,1.0,0.0,1.0,0.0,1.0,1.0,1.0,Female,4,White
2033194557.0,33,New Hampshire,1396647,33011,Hillsborough,426329.0,0.794153864662324,,1,3,1,2.0,0.0,1.0,1.0,1.0,1.0,1.0,0.0,Male,3,White
2013163421.0,33,New Hampshire,1396647,33011,Hillsborough,426329.0,1.11671918033488,0.9825518492,1,2,1,2.0,0.0,0.0,0.0,0.0,1.0,0.0,0.0,Male,2,White
2039700031.0,33,New Hampshire,1396647,33015,Rockingham,319262.0,1.2176655708273,1.024601312,2,6,1,2.0,1.0,1.0,1.0,1.0,0.0,0.0,1.0,Female,4,White
2014727059.0,33,New Hampshire,1396647,33015,Rockingham,319262.0,0.455291835286526,0.3253323946,1,3,1,2.0,1.0,1.0,1.0,0.0,1.0,1.0,1.0,Male,3,White
2014240069.0,33,New Hampshire,1396647,33009,Grafton,92918.0,0.0587252190229072,0.1510849991,2,3,1,1.0,1.0,0.0,0.0,0.0,0.0,1.0,0.0,Female,3,Hispanic
2030897509.0,33,New Hampshire,1396647,33005,Cheshire,77380.0,2.28092452005112,,2,3,1,2.0,1.0,1.0,1.0,0.0,1.0,1.0,0.0,Female,3,White
2016562135.0,33,New Hampshire,1396647,33005,Cheshire,77380.0,1.13594313228685,1.1681323811,2,5,1,2.0,1.0,1.0,1.0,1.0,1.0,0.0,1.0,Female,4,White
2013591107.0,33,New Hampshire,1396647,33015,Rockingham,319262.0,0.565010141363837,0.7089619778,2,2,1,2.0,1.0,1.0,1.0,1.0,1.0,0.0,1.0,Female,2,White
2041336273.0,33,New Hampshire,1396647,33013,Merrimack,156220.0,0.968931106436893,,2,3,1,2.0,0.0,1.0,1.0,1.0,1.0,1.0,1.0,Female,3,White
2012137475.0,33,New Hampshire,1396647,33013,Merrimack,156220.0,1.24939546648023,1.0034598417,2,5,1,2.0,0.0,0.0,0.0,0.0,1.0,1.0,0.0,Female,4,White
1998684629.0,33,New Hampshire,1396647,33017,Strafford,132469.0,7.7227856515872,,1,2,1,2.0,1.0,1.0,1.0,1.0,1.0,1.0,1.0,Male,2,White
2014944729.0,33,New Hampshire,1396647,33011,Hillsborough,426329.0,0.802773245963416,0.6586157661,1,5,1,2.0,1.0,1.0,1.0,1.0,0.0,1.0,1.0,Male,4,White
2034580283.0,33,New Hampshire,1396647,33001,Belknap,64643.0,6.91566416128671,,2,3,1,2.0,1.0,1.0,1.0,1.0,1.0,0.0,1.0,Female,3,White
2039186299.0,33,New Hampshire,1396647,33011,Hillsborough,426329.0,0.895176149263253,0.5275459083,2,3,1,2.0,0.0,0.0,0.0,0.0,0.0,1.0,0.0,Female,3,White
2045655843.0,33,New Hampshire,1396647,33011,Hillsborough,426329.0,0.961482279004267,2.0488628324,1,2,1,2.0,0.0,1.0,1.0,1.0,1.0,1.0,1.0,Male,2,White
2014465255.0,33,New Hampshire,1396647,33011,Hillsborough,426329.0,1.00976465331982,0.8646365907,2,5,1,2.0,1.0,1.0,1.0,1.0,1.0,0.0,1.0,Female,4,White
2017170163.0,33,New Hampshire,1396647,33011,Hillsborough,426329.0,1.2176655708273,1.024601312,2,6,1,2.0,1.0,1.0,1.0,1.0,1.0,0.0,1.0,Female,4,White
1999629641.0,33,New Hampshire,1396647,33011,Hillsborough,426329.0,1.85976125841395,0.798870894,1,5,1,2.0,0.0,0.0,0.0,0.0,0.0,1.0,0.0,Male,4,White
2029532591.0,33,New Hampshire,1396647,33005,Cheshire,77380.0,1.0731506575237,,2,1,1,2.0,1.0,1.0,1.0,1.0,1.0,0.0,1.0,Female,1,White
2045138859.0,33,New Hampshire,1396647,33009,Grafton,92918.0,1.36610961562226,1.0753850859,1,6,1,2.0,1.0,1.0,1.0,1.0,1.0,0.0,1.0,Male,4,White
2031621453.0,13,Georgia,10929992,13039,Camden,57026.0,0.794853621239668,1.872638297,2,4,1,2.0,1.0,1.0,0.0,1.0,1.0,1.0,1.0,Female,3,White
2024380139.0,13,Georgia,10929992,13151,Henry,248841.0,0.934905154490734,1.0401707911,2,3,2,2.0,1.0,1.0,1.0,0.0,1.0,1.0,1.0,Female,3,Black
2015274345.0,13,Georgia,10929992,13017,Ben Hill,17063.0,0.187811783093441,,2,4,3,,0.0,1.0,1.0,1.0,1.0,0.0,1.0,Female,3,Hispanic
2041599905.0,13,Georgia,10929992,13121,Fulton,1076385.0,2.01423427398431,,1,2,2,2.0,0.0,1.0,1.0,1.0,1.0,0.0,0.0,Male,2,Black
2018726803.0,13,Georgia,10929992,13021,Bibb,156302.0,1.22725946345513,1.2892927409,2,2,1,2.0,1.0,1.0,0.0,0.0,1.0,1.0,1.0,Female,2,White
2001018295.0,13,Georgia,10929992,13067,Cobb,774481.0,0.922116813664291,1.0063835556,2,2,1,2.0,0.0,0.0,0.0,0.0,0.0,1.0,0.0,Female,2,White
2014661199.0,13,Georgia,10929992,13033,Burke,24375.0,0.594106581525437,0.5460254281,2,2,2,2.0,1.0,0.0,0.0,0.0,0.0,0.0,0.0,Female,2,Black
1998124593.0,13,Georgia,10929992,13293,Upson,28082.0,2.56220590862127,,1,6,1,2.0,1.0,1.0,1.0,1.0,1.0,0.0,1.0,Male,4,White
2011277541.0,13,Georgia,10929992,13095,Dougherty,83021.0,1.39345011764757,1.2764705993,2,3,1,2.0,0.0,0.0,0.0,0.0,0.0,1.0,0.0,Female,3,White
1984568053.0,13,Georgia,10929992,13117,Forsyth,267623.0,1.31100691535847,1.4964657367,1,3,1,2.0,1.0,1.0,1.0,1.0,1.0,0.0,1.0,Male,3,White
2017086105.0,13,Georgia,10929992,13033,Burke,24375.0,0.222796312707076,,2,2,2,2.0,0.0,1.0,1.0,1.0,1.0,1.0,1.0,Female,2,Black
2028031295.0,13,Georgia,10929992,13027,Brooks,16272.0,1.84219048546972,1.9512932054,1,3,1,2.0,0.0,0.0,0.0,0.0,0.0,1.0,0.0,Male,3,White
2013901641.0,13,Georgia,10929992,13051,Chatham,301720.0,0.427469263685944,0.3806495353,1,4,1,2.0,1.0,1.0,1.0,1.0,1.0,0.0,1.0,Male,3,White
2015615067.0,13,Georgia,10929992,13063,Clayton,298010.0,8.9391225589275,,2,2,4,2.0,1.0,1.0,1.0,1.0,0.0,1.0,1.0,Female,2,Other
2043854311.0,13,Georgia,10929992,13185,Lowndes,119517.0,2.33621069976338,,2,3,3,,1.0,1.0,1.0,1.0,1.0,0.0,1.0,Female,3,Hispanic
2034608339.0,13,Georgia,10929992,13275,Thomas,45592.0,2.34180849241567,,2,3,4,2.0,1.0,0.0,0.0,0.0,0.0,0.0,0.0,Female,3,Other
2020957977.0,13,Georgia,10929992,13129,Gordon,58885.0,1.3402088136728,1.3981137513,1,2,1,1.0,1.0,1.0,1.0,1.0,1.0,0.0,1.0,Male,2,Hispanic
2013240023.0,13,Georgia,10929992,13245,Richmond,206837.0,3.2547614992644,,2,3,1,2.0,1.0,0.0,1.0,0.0,1.0,0.0,0.0,Female,3,White
1980103139.0,13,Georgia,10929992,13063,Clayton,298010.0,8.85502654618109,,1,2,3,1.0,1.0,1.0,1.0,1.0,0.0,1.0,1.0,Male,2,Hispanic
2008843527.0,13,Georgia,10929992,13121,Fulton,1076385.0,1.15179896151359,1.0256442231,2,2,2,2.0,1.0,1.0,1.0,0.0,1.0,1.0,1.0,Female,2,Black
2013886325.0,13,Georgia,10929992,13121,Fulton,1076385.0,0.627088350623858,0.5601399607,2,2,1,2.0,1.0,1.0,1.0,1.0,1.0,0.0,1.0,Female,2,White
2039683133.0,13,Georgia,10929992,13097,Douglas,147617.0,1.90589747690198,,2,3,1,2.0,0.0,0.0,0.0,0.0,0.0,1.0,0.0,Female,3,White
2018687503.0,13,Georgia,10929992,13135,Gwinnett,979814.0,1.22725946345513,1.2892927409,2,2,1,2.0,0.0,0.0,0.0,0.0,0.0,0.0,0.0,Female,2,White
2034445831.0,13,Georgia,10929992,13077,Coweta,152950.0,0.907888440393352,1.5360994303000002,2,2,1,2.0,0.0,0.0,0.0,0.0,1.0,0.0,0.0,Female,2,White
2022123655.0,13,Georgia,10929992,13123,Gilmer,32382.0,2.32981934844736,0.3822817576,2,4,1,2.0,0.0,1.0,0.0,0.0,1.0,1.0,1.0,Female,3,White
2029582733.0,13,Georgia,10929992,13015,Bartow,112751.0,3.9049483800996,,2,2,1,2.0,0.0,1.0,0.0,1.0,0.0,1.0,1.0,Female,2,White
2013611089.0,13,Georgia,10929992,13121,Fulton,1076385.0,4.23076007709062,,1,5,1,2.0,1.0,1.0,0.0,1.0,0.0,1.0,1.0,Male,4,White
2011339371.0,13,Georgia,10929992,13135,Gwinnett,979814.0,4.51472847647169,,2,2,1,2.0,1.0,1.0,1.0,1.0,1.0,1.0,1.0,Female,2,White
2013884815.0,13,Georgia,10929992,13133,Greene,20118.0,5.86448919920995,,2,5,1,2.0,1.0,1.0,1.0,1.0,1.0,1.0,1.0,Female,4,White
2009252453.0,13,Georgia,10929992,13075,Cook,17398.0,2.98467951072852,,2,1,2,2.0,1.0,0.0,0.0,0.0,0.0,0.0,0.0,Female,1,Black
2039474919.0,13,Georgia,10929992,13215,Muscogee,202697.0,2.23348390565879,,2,2,2,2.0,1.0,1.0,0.0,0.0,1.0,1.0,1.0,Female,2,Black
2012971299.0,13,Georgia,10929992,13311,White,28778.0,1.08390198053129,0.9579687842,1,2,1,2.0,0.0,0.0,0.0,0.0,0.0,1.0,0.0,Male,2,White
2021830739.0,13,Georgia,10929992,13057,Cherokee,281158.0,0.54402154978082,0.5999930045,1,6,1,2.0,0.0,0.0,0.0,0.0,0.0,1.0,0.0,Male,4,White
2036104567.0,13,Georgia,10929992,13097,Douglas,147617.0,1.33936134227607,,2,6,2,2.0,1.0,1.0,0.0,0.0,1.0,1.0,0.0,Female,4,Black
2034918653.0,13,Georgia,10929992,13089,DeKalb,764752.0,3.33630841775207,4.2600553384,1,5,1,2.0,1.0,0.0,0.0,0.0,1.0,0.0,0.0,Male,4,White
2011377149.0,13,Georgia,10929992,13089,DeKalb,764752.0,1.19455566758359,,2,6,4,2.0,1.0,0.0,1.0,1.0,0.0,0.0,1.0,Female,4,Other
2017136755.0,13,Georgia,10929992,13057,Cherokee,281158.0,1.11190870510295,1.0494799227,2,5,1,2.0,1.0,1.0,1.0,1.0,1.0,0.0,1.0,Female,4,White
2045583689.0,13,Georgia,10929992,13045,Carroll,124002.0,0.54235282824314,,1,2,2,2.0,0.0,1.0,1.0,1.0,0.0,0.0,0.0,Male,2,Black
2031019579.0,13,Georgia,10929992,13095,Dougherty,83021.0,0.791394750650222,2.3092027276,2,2,2,2.0,0.0,0.0,0.0,0.0,1.0,0.0,1.0,Female,2,Black
2037424865.0,13,Georgia,10929992,13299,Ware,35660.0,6.04575888097534,,1,2,1,2.0,1.0,1.0,0.0,1.0,1.0,1.0,1.0,Male,2,White
2040819175.0,13,Georgia,10929992,13089,DeKalb,764752.0,2.12169299547267,,1,3,2,2.0,1.0,1.0,1.0,1.0,1.0,1.0,1.0,Male,3,Black
2035188461.0,13,Georgia,10929992,13089,DeKalb,764752.0,2.79543483312809,2.5953931866,2,6,2,2.0,1.0,1.0,1.0,1.0,1.0,1.0,1.0,Female,4,Black
2010539751.0,13,Georgia,10929992,13067,Cobb,774481.0,1.13776562759222,0.4391204993,1,6,1,2.0,0.0,0.0,0.0,0.0,0.0,1.0,0.0,Male,4,White
2021859857.0,13,Georgia,10929992,13127,Glynn,85268.0,1.21382233894585,0.5899654896000001,1,3,7,2.0,0.0,1.0,0.0,0.0,1.0,0.0,0.0,Male,3,Other
1999013211.0,13,Georgia,10929992,13085,Dawson,30237.0,1.14493109786785,,1,2,1,2.0,1.0,1.0,1.0,1.0,0.0,1.0,1.0,Male,2,White
2040055301.0,13,Georgia,10929992,13003,Atkinson,8220.0,5.13069740259108,5.1393157799,1,2,1,2.0,0.0,0.0,1.0,1.0,1.0,1.0,0.0,Male,2,White
2019739685.0,13,Georgia,10929992,13121,Fulton,1076385.0,4.9407874739041,2.2258620371,1,2,2,2.0,1.0,1.0,1.0,1.0,1.0,1.0,1.0,Male,2,Black
2016016433.0,13,Georgia,10929992,13095,Dougherty,83021.0,0.965793938084962,,1,2,2,2.0,1.0,0.0,0.0,1.0,0.0,1.0,0.0,Male,2,Black
1995754577.0,13,Georgia,10929992,13121,Fulton,1076385.0,1.01341742129994,,1,6,1,2.0,1.0,1.0,1.0,1.0,1.0,1.0,1.0,Male,4,White
2042327949.0,13,Georgia,10929992,13051,Chatham,301720.0,1.04086176936196,1.0063113494,1,5,1,2.0,0.0,0.0,0.0,0.0,0.0,1.0,0.0,Male,4,White
1999239461.0,13,Georgia,10929992,13067,Cobb,774481.0,1.63642006365957,1.2816805466,2,5,2,2.0,0.0,1.0,1.0,1.0,0.0,1.0,1.0,Female,4,Black
1995641791.0,13,Georgia,10929992,13135,Gwinnett,979814.0,1.11234045855681,1.1579183749,2,6,1,2.0,0.0,0.0,0.0,0.0,0.0,1.0,0.0,Female,4,White
2012214765.0,13,Georgia,10929992,13139,Hall,213142.0,1.22725946345513,1.2892927409,2,2,1,2.0,0.0,0.0,0.0,0.0,0.0,1.0,0.0,Female,2,White
1998007071.0,13,Georgia,10929992,13135,Gwinnett,979814.0,0.920423399343805,0.9134486644,2,3,1,2.0,1.0,1.0,0.0,0.0,1.0,1.0,0.0,Female,3,White
2017089049.0,13,Georgia,10929992,13121,Fulton,1076385.0,1.13776562759222,1.143879302,1,6,1,2.0,0.0,0.0,0.0,0.0,0.0,1.0,0.0,Male,4,White
2019877423.0,13,Georgia,10929992,13089,DeKalb,764752.0,2.8900137048636,0.2692909234,2,2,2,2.0,1.0,1.0,1.0,0.0,1.0,1.0,1.0,Female,2,Black
2013495657.0,13,Georgia,10929992,13135,Gwinnett,979814.0,1.73956885916098,0.3639570447,2,2,1,2.0,1.0,0.0,1.0,0.0,1.0,1.0,1.0,Female,2,White
1997060203.0,13,Georgia,10929992,13051,Chatham,301720.0,0.427469263685944,0.3806495353,1,3,1,2.0,1.0,0.0,1.0,1.0,1.0,0.0,1.0,Male,3,White
1998791641.0,13,Georgia,10929992,13121,Fulton,1076385.0,1.27911945705292,,1,5,1,2.0,1.0,1.0,1.0,1.0,1.0,0.0,1.0,Male,4,White
2015055823.0,13,Georgia,10929992,13199,Meriwether,20829.0,0.677632080584773,0.5872607633,2,4,1,2.0,1.0,1.0,1.0,1.0,1.0,0.0,1.0,Female,3,White
1997060165.0,13,Georgia,10929992,13135,Gwinnett,979814.0,0.327521084932701,0.4728929393,1,6,1,2.0,0.0,0.0,0.0,0.0,0.0,1.0,0.0,Male,4,White
2031501179.0,13,Georgia,10929992,13027,Brooks,16272.0,0.635685865216144,,1,3,2,2.0,0.0,0.0,1.0,1.0,0.0,0.0,0.0,Male,3,Black
2011027719.0,13,Georgia,10929992,13089,DeKalb,764752.0,0.636749293543095,,1,3,1,2.0,0.0,0.0,0.0,0.0,0.0,1.0,0.0,Male,3,White
2013732425.0,13,Georgia,10929992,13205,Mitchell,21198.0,0.311801870129256,0.7642441350000001,1,2,1,2.0,1.0,1.0,1.0,0.0,1.0,0.0,1.0,Male,2,White
2015262395.0,13,Georgia,10929992,13021,Bibb,156302.0,0.865418617659401,0.8005873665000001,2,2,2,2.0,1.0,1.0,1.0,1.0,0.0,1.0,0.0,Female,2,Black
2014937349.0,13,Georgia,10929992,13051,Chatham,301720.0,1.15179896151359,1.0256442231,2,2,2,2.0,1.0,1.0,1.0,1.0,1.0,1.0,1.0,Female,2,Black
1983055489.0,13,Georgia,10929992,13151,Henry,248841.0,2.33621069976338,,2,3,5,1.0,1.0,0.0,1.0,1.0,1.0,0.0,1.0,Female,3,Hispanic
1998402433.0,13,Georgia,10929992,13143,Haralson,31340.0,1.23596231852717,1.2981877754,1,5,1,2.0,0.0,0.0,0.0,0.0,1.0,1.0,0.0,Male,4,White
2039392219.0,13,Georgia,10929992,13139,Hall,213142.0,0.81440336813379,,1,2,1,2.0,0.0,0.0,0.0,0.0,0.0,1.0,1.0,Male,2,White
1982537071.0,13,Georgia,10929992,13287,Turner,8836.0,0.907888440393352,1.5360994303000002,2,2,1,2.0,0.0,0.0,1.0,0.0,1.0,1.0,1.0,Female,2,White
2018220001.0,13,Georgia,10929992,13031,Bulloch,83011.0,3.1007924388242,,2,3,1,2.0,0.0,0.0,0.0,0.0,0.0,0.0,0.0,Female,3,White
2018385455.0,13,Georgia,10929992,13073,Columbia,162441.0,4.9407874739041,2.2258620371,1,2,2,2.0,1.0,1.0,1.0,1.0,1.0,1.0,1.0,Male,2,Black
2014085985.0,13,Georgia,10929992,13067,Cobb,774481.0,0.379298918967417,0.149923136,2,4,3,1.0,1.0,1.0,1.0,1.0,1.0,0.0,1.0,Female,3,Hispanic
2015793939.0,13,Georgia,10929992,13147,Hart,26813.0,1.52380642456644,1.5511067947,1,2,1,2.0,0.0,0.0,0.0,0.0,0.0,1.0,0.0,Male,2,White
2035576691.0,13,Georgia,10929992,13157,Jackson,84157.0,0.469323764504639,1.3965240703,1,3,2,2.0,1.0,1.0,0.0,0.0,1.0,0.0,0.0,Male,3,Black
2038338903.0,13,Georgia,10929992,13139,Hall,213142.0,0.837307429772288,,1,5,1,2.0,0.0,1.0,1.0,1.0,0.0,1.0,1.0,Male,4,White
2011323167.0,13,Georgia,10929992,13089,DeKalb,764752.0,3.47547113110857,,2,3,2,2.0,0.0,1.0,1.0,1.0,1.0,0.0,0.0,Female,3,Black
2017509189.0,13,Georgia,10929992,13121,Fulton,1076385.0,5.44718474251426,,2,5,3,,0.0,1.0,1.0,1.0,1.0,1.0,1.0,Female,4,Hispanic
2031103931.0,13,Georgia,10929992,13215,Muscogee,202697.0,4.01592125595,,1,3,2,2.0,1.0,1.0,1.0,1.0,1.0,1.0,0.0,Male,3,Black
2012030643.0,13,Georgia,10929992,13083,Dade,16105.0,6.00872163436922,,2,2,1,2.0,1.0,1.0,1.0,0.0,1.0,1.0,1.0,Female,2,White
2013697309.0,13,Georgia,10929992,13215,Muscogee,202697.0,0.707774715450865,0.5600220641,2,3,2,2.0,1.0,1.0,1.0,1.0,1.0,1.0,1.0,Female,3,Black
2042330889.0,13,Georgia,10929992,13073,Columbia,162441.0,0.297753722416243,0.4032129191,1,5,1,2.0,0.0,0.0,0.0,0.0,0.0,1.0,0.0,Male,4,White
1997123583.0,13,Georgia,10929992,13193,Macon,11767.0,2.26678382280532,,1,2,2,2.0,0.0,1.0,1.0,1.0,0.0,0.0,0.0,Male,2,Black
2017118495.0,13,Georgia,10929992,13115,Floyd,99425.0,0.696012352659978,0.5495211635,2,5,1,2.0,1.0,1.0,1.0,1.0,1.0,0.0,1.0,Female,4,White
2032712459.0,13,Georgia,10929992,13021,Bibb,156302.0,0.308350440545877,,2,3,2,2.0,0.0,0.0,1.0,1.0,0.0,0.0,0.0,Female,3,Black
2007921811.0,13,Georgia,10929992,13297,Walton,103235.0,1.64439023916912,2.4155555252,1,2,2,2.0,1.0,1.0,1.0,1.0,1.0,1.0,1.0,Male,2,Black
1996930719.0,13,Georgia,10929992,13137,Habersham,47446.0,1.04086176936196,1.0063113494,1,5,1,2.0,0.0,0.0,0.0,0.0,0.0,1.0,0.0,Male,4,White
2001766917.0,13,Georgia,10929992,13225,Peach,28590.0,0.836589770281745,0.8344213581000001,1,3,1,2.0,0.0,0.0,0.0,0.0,1.0,1.0,0.0,Male,3,White
2041446437.0,13,Georgia,10929992,13089,DeKalb,764752.0,4.77383452659006,0.9019012023,1,5,4,2.0,1.0,1.0,0.0,1.0,1.0,1.0,1.0,Male,4,Other
1984266269.0,13,Georgia,10929992,13067,Cobb,774481.0,1.64439023916912,2.4155555252,1,2,2,2.0,1.0,1.0,1.0,1.0,1.0,0.0,1.0,Male,2,Black
2010620019.0,13,Georgia,10929992,13031,Bulloch,83011.0,1.3841529612993,,1,3,1,2.0,0.0,0.0,0.0,0.0,0.0,1.0,0.0,Male,3,White
1995159033.0,13,Georgia,10929992,13067,Cobb,774481.0,1.97133722493523,1.6659990532000002,1,6,4,2.0,0.0,0.0,1.0,0.0,1.0,1.0,0.0,Male,4,Other
1999552483.0,13,Georgia,10929992,13151,Henry,248841.0,4.00519943170055,3.0161950157,1,5,2,2.0,1.0,1.0,1.0,0.0,1.0,0.0,0.0,Male,4,Black
2026740315.0,13,Georgia,10929992,13067,Cobb,774481.0,0.74100769473727,,1,3,1,2.0,0.0,0.0,0.0,0.0,1.0,1.0,0.0,Male,3,White
2022098253.0,13,Georgia,10929992,13057,Cherokee,281158.0,0.928655813140586,1.013326755,1,5,1,2.0,0.0,0.0,0.0,0.0,0.0,1.0,0.0,Male,4,White
2021631409.0,13,Georgia,10929992,13121,Fulton,1076385.0,1.04844334618708,2.3045026994,1,5,1,2.0,1.0,1.0,1.0,1.0,1.0,0.0,1.0,Male,4,White
2037606267.0,13,Georgia,10929992,13135,Gwinnett,979814.0,1.22500567226559,1.170232488,2,4,1,2.0,0.0,0.0,0.0,0.0,0.0,1.0,0.0,Female,3,White
1983889871.0,13,Georgia,10929992,13121,Fulton,1076385.0,1.6795031747261,0.8028882180000001,1,6,1,2.0,1.0,1.0,1.0,1.0,1.0,1.0,1.0,Male,4,White
2020150951.0,13,Georgia,10929992,13297,Walton,103235.0,1.63642006365957,1.2816805466,2,5,2,2.0,1.0,1.0,1.0,1.0,0.0,1.0,1.0,Female,4,Black
2026743311.0,13,Georgia,10929992,13089,DeKalb,764752.0,0.370625303698378,0.3505045122,1,5,2,2.0,1.0,1.0,1.0,1.0,1.0,0.0,1.0,Male,4,Black
2009617357.0,13,Georgia,10929992,13121,Fulton,1076385.0,6.82125467667791,4.7159854783,1,1,2,2.0,0.0,0.0,1.0,0.0,0.0,1.0,1.0,Male,1,Black
2033949079.0,13,Georgia,10929992,13135,Gwinnett,979814.0,0.712006191007207,0.5967359508,2,3,1,2.0,1.0,1.0,1.0,1.0,1.0,1.0,1.0,Female,3,White
2039392057.0,13,Georgia,10929992,13059,Clarke,130067.0,0.985670353150492,0.9287509912,1,3,1,2.0,1.0,1.0,1.0,1.0,1.0,0.0,1.0,Male,3,White
2012702379.0,13,Georgia,10929992,13151,Henry,248841.0,0.759993706712574,0.9953082109,2,3,1,2.0,1.0,1.0,1.0,0.0,1.0,1.0,0.0,Female,3,White
2016020651.0,13,Georgia,10929992,13039,Camden,57026.0,0.975615651248086,1.0141978604,2,5,1,2.0,0.0,0.0,0.0,0.0,0.0,1.0,0.0,Female,4,White
2024885989.0,13,Georgia,10929992,13183,Long,18363.0,1.18534217471122,,2,2,2,2.0,1.0,1.0,1.0,1.0,1.0,1.0,1.0,Female,2,Black
2045014121.0,13,Georgia,10929992,13215,Muscogee,202697.0,1.75982392221692,0.4249660928,2,6,1,2.0,1.0,1.0,1.0,1.0,0.0,1.0,1.0,Female,4,White
2013227841.0,13,Georgia,10929992,13175,Laurens,49687.0,0.84745943764304,1.0960355008,1,3,1,2.0,0.0,0.0,0.0,0.0,1.0,1.0,0.0,Male,3,White
2037362781.0,13,Georgia,10929992,13021,Bibb,156302.0,1.29846189001935,1.2993037613,2,5,1,2.0,0.0,0.0,0.0,1.0,0.0,1.0,0.0,Female,4,White
2013889815.0,13,Georgia,10929992,13245,Richmond,206837.0,1.28539002076356,,1,2,2,2.0,1.0,1.0,1.0,1.0,1.0,1.0,0.0,Male,2,Black
2036627729.0,13,Georgia,10929992,13089,DeKalb,764752.0,6.82125467667791,4.7159854783,1,1,2,2.0,0.0,1.0,1.0,1.0,0.0,1.0,0.0,Male,1,Black
2024570055.0,13,Georgia,10929992,13185,Lowndes,119517.0,4.54255687693982,,1,2,1,2.0,1.0,1.0,0.0,0.0,1.0,0.0,0.0,Male,2,White
2011699073.0,13,Georgia,10929992,13295,Walker,68963.0,1.22725946345513,1.2892927409,2,2,1,2.0,1.0,0.0,1.0,0.0,0.0,0.0,0.0,Female,2,White
2014126591.0,13,Georgia,10929992,13135,Gwinnett,979814.0,3.1007924388242,0.4897467693,2,3,1,2.0,0.0,0.0,0.0,0.0,0.0,0.0,,Female,3,White
2013438207.0,13,Georgia,10929992,13031,Bulloch,83011.0,0.687194819656651,0.669906383,1,2,1,2.0,1.0,1.0,1.0,1.0,0.0,1.0,1.0,Male,2,White
1998479969.0,13,Georgia,10929992,13045,Carroll,124002.0,0.311801870129256,0.7642441350000001,1,2,1,2.0,0.0,0.0,0.0,0.0,0.0,1.0,0.0,Male,2,White
1995102391.0,13,Georgia,10929992,13057,Cherokee,281158.0,0.901870968314453,0.7523483813,2,3,1,2.0,1.0,1.0,1.0,1.0,1.0,0.0,1.0,Female,3,White
2014580373.0,13,Georgia,10929992,13135,Gwinnett,979814.0,0.483368583415314,0.7957600424,2,5,3,1.0,0.0,0.0,0.0,0.0,0.0,0.0,0.0,Female,4,Hispanic
1984566737.0,13,Georgia,10929992,13121,Fulton,1076385.0,0.696012352659978,0.5495211635,2,5,1,2.0,1.0,1.0,1.0,1.0,1.0,1.0,1.0,Female,4,White
2009856661.0,13,Georgia,10929992,13233,Polk,43742.0,2.70646901858049,,2,2,1,2.0,0.0,0.0,0.0,0.0,1.0,1.0,0.0,Female,2,White
2033225749.0,13,Georgia,10929992,13153,Houston,169679.0,3.38593546014304,,2,1,2,2.0,0.0,0.0,0.0,1.0,0.0,1.0,0.0,Female,1,Black
2032672905.0,13,Georgia,10929992,13121,Fulton,1076385.0,0.459535262155973,,1,3,2,2.0,0.0,1.0,0.0,1.0,0.0,0.0,1.0,Male,3,Black
2034272195.0,13,Georgia,10929992,13107,Emanuel,22926.0,0.350193515910615,0.8928891609,2,2,2,2.0,1.0,1.0,0.0,0.0,0.0,1.0,0.0,Female,2,Black
2013773157.0,13,Georgia,10929992,13185,Lowndes,119517.0,0.707774715450865,0.5600220641,2,3,2,2.0,1.0,1.0,0.0,1.0,1.0,0.0,0.0,Female,3,Black
2040161327.0,13,Georgia,10929992,13121,Fulton,1076385.0,2.93403201605268,0.6161157192,2,2,1,2.0,1.0,1.0,1.0,1.0,1.0,0.0,1.0,Female,2,White
2023934351.0,13,Georgia,10929992,13021,Bibb,156302.0,1.43218189036784,1.7761072815,2,5,1,2.0,0.0,0.0,1.0,1.0,1.0,1.0,0.0,Female,4,White
2000832125.0,13,Georgia,10929992,13313,Whitfield,103279.0,1.39345011764757,,2,3,1,2.0,0.0,0.0,0.0,0.0,0.0,1.0,0.0,Female,3,White
2002924213.0,13,Georgia,10929992,13135,Gwinnett,979814.0,1.73471938326151,0.4324568084,1,3,2,2.0,0.0,0.0,0.0,0.0,0.0,1.0,0.0,Male,3,Black
2031392441.0,13,Georgia,10929992,13067,Cobb,774481.0,0.931584962408796,0.1625544642,2,3,3,,1.0,1.0,1.0,1.0,1.0,0.0,1.0,Female,3,Hispanic
2010022901.0,13,Georgia,10929992,13187,Lumpkin,34709.0,0.510190412354118,0.6413841041,1,1,1,2.0,1.0,1.0,0.0,1.0,1.0,1.0,1.0,Male,1,White
2018275033.0,13,Georgia,10929992,13119,Franklin,24155.0,0.842918642146119,0.7058991717,1,2,1,2.0,1.0,1.0,1.0,1.0,1.0,1.0,1.0,Male,2,White
2045403249.0,13,Georgia,10929992,13001,Appling,18466.0,0.146616129699416,2.6085456848,3,2,1,2.0,1.0,1.0,1.0,1.0,1.0,0.0,1.0,,2,White
1984178069.0,13,Georgia,10929992,13077,Coweta,152950.0,0.921502642802327,2.0712908641,2,3,1,2.0,0.0,0.0,0.0,0.0,0.0,1.0,0.0,Female,3,White
1984441861.0,13,Georgia,10929992,13135,Gwinnett,979814.0,0.928655813140586,1.013326755,1,5,1,2.0,0.0,0.0,0.0,1.0,0.0,0.0,0.0,Male,4,White
2045337533.0,13,Georgia,10929992,13121,Fulton,1076385.0,0.934905154490734,,2,3,2,2.0,1.0,1.0,1.0,1.0,1.0,1.0,1.0,Female,3,Black
2023156147.0,13,Georgia,10929992,13165,Jenkins,8677.0,6.54257997756646,,1,1,2,1.0,1.0,0.0,1.0,1.0,1.0,0.0,0.0,Male,1,Black
2000895925.0,13,Georgia,10929992,13067,Cobb,774481.0,1.36458293378526,1.0701870361,2,5,1,2.0,1.0,1.0,1.0,1.0,1.0,0.0,1.0,Female,4,White
2040018547.0,13,Georgia,10929992,13321,Worth,20362.0,0.396778410452399,0.1865063478,1,2,2,2.0,1.0,1.0,0.0,0.0,1.0,1.0,1.0,Male,2,Black
2020156873.0,13,Georgia,10929992,13225,Peach,28590.0,1.52380642456644,1.5511067947,1,2,1,2.0,0.0,0.0,0.0,0.0,0.0,1.0,0.0,Male,2,White
2026991909.0,13,Georgia,10929992,13157,Jackson,84157.0,4.23453765428963,,2,2,2,2.0,1.0,1.0,1.0,1.0,1.0,1.0,1.0,Female,2,Black
2011546345.0,13,Georgia,10929992,13103,Effingham,69010.0,0.5717003807448,1.7616779788,2,3,1,2.0,0.0,1.0,0.0,0.0,1.0,0.0,0.0,Female,3,White
1996906399.0,13,Georgia,10929992,13177,Lee,33649.0,1.29846189001935,1.2993037613,2,5,1,2.0,0.0,0.0,0.0,0.0,0.0,1.0,0.0,Female,4,White
2023389005.0,13,Georgia,10929992,13067,Cobb,774481.0,0.801339413196645,1.6098111741,1,5,3,1.0,1.0,1.0,1.0,1.0,1.0,0.0,1.0,Male,4,Hispanic
2011200401.0,13,Georgia,10929992,13151,Henry,248841.0,1.03665536489046,0.8639019549,2,5,2,2.0,1.0,1.0,1.0,1.0,1.0,1.0,1.0,Female,4,Black
2030851617.0,13,Georgia,10929992,13067,Cobb,774481.0,1.90611292658078,,2,5,1,2.0,0.0,1.0,1.0,1.0,0.0,1.0,1.0,Female,4,White
2038682699.0,13,Georgia,10929992,13151,Henry,248841.0,0.946803836154574,,2,3,2,2.0,1.0,1.0,1.0,1.0,0.0,1.0,0.0,Female,3,Black
1984496495.0,13,Georgia,10929992,13121,Fulton,1076385.0,0.675508751609465,0.9387151878,2,2,2,2.0,1.0,0.0,0.0,0.0,1.0,1.0,,Female,2,Black
2024432517.0,13,Georgia,10929992,13121,Fulton,1076385.0,0.707774715450865,0.5600220641,2,4,2,2.0,1.0,1.0,1.0,1.0,0.0,1.0,0.0,Female,3,Black
2012022159.0,13,Georgia,10929992,13167,Johnson,9249.0,0.639214476198182,0.3135939765,2,4,1,2.0,1.0,1.0,0.0,0.0,1.0,1.0,0.0,Female,3,White
2012748209.0,13,Georgia,10929992,13013,Barrow,89551.0,2.63108468395557,0.3259539768,1,3,7,2.0,1.0,1.0,1.0,1.0,1.0,0.0,1.0,Male,3,Other
2025928745.0,13,Georgia,10929992,13121,Fulton,1076385.0,0.575482935559534,,1,3,1,2.0,1.0,1.0,1.0,1.0,1.0,1.0,0.0,Male,3,White
2020964115.0,13,Georgia,10929992,13067,Cobb,774481.0,2.79543483312809,,2,6,2,2.0,1.0,1.0,1.0,1.0,1.0,1.0,1.0,Female,4,Black
2014500983.0,13,Georgia,10929992,13123,Gilmer,32382.0,1.52380642456644,1.5511067947,1,2,1,2.0,0.0,0.0,1.0,0.0,1.0,1.0,0.0,Male,2,White
2031082813.0,13,Georgia,10929992,13001,Appling,18466.0,3.2547614992644,,2,3,1,2.0,1.0,1.0,1.0,1.0,0.0,0.0,0.0,Female,3,White
2033231285.0,13,Georgia,10929992,13185,Lowndes,119517.0,2.70646901858049,0.1930879119,2,2,1,2.0,0.0,1.0,0.0,0.0,1.0,1.0,0.0,Female,2,White
2020601097.0,13,Georgia,10929992,13157,Jackson,84157.0,1.25823305065428,1.2903257446,2,5,1,2.0,0.0,0.0,0.0,0.0,0.0,1.0,0.0,Female,4,White
2034685437.0,13,Georgia,10929992,13151,Henry,248841.0,2.68123337614116,,1,3,2,2.0,0.0,0.0,1.0,1.0,1.0,1.0,0.0,Male,3,Black
2039697403.0,13,Georgia,10929992,13121,Fulton,1076385.0,1.3310570970252,0.2704335004,1,1,1,2.0,1.0,1.0,1.0,1.0,1.0,0.0,1.0,Male,1,White
2015055857.0,13,Georgia,10929992,13153,Houston,169679.0,1.26353880586517,,2,6,1,2.0,1.0,1.0,1.0,1.0,1.0,0.0,1.0,Female,4,White
2015517231.0,13,Georgia,10929992,13089,DeKalb,764752.0,0.675839921521286,,2,3,2,2.0,1.0,1.0,1.0,1.0,1.0,1.0,1.0,Female,3,Black
1984131679.0,13,Georgia,10929992,13097,Douglas,147617.0,0.552332917447346,0.4492258311,2,3,2,2.0,1.0,1.0,1.0,1.0,1.0,1.0,1.0,Female,3,Black
2036463827.0,13,Georgia,10929992,13073,Columbia,162441.0,0.762634670405836,0.8190315068,1,3,2,2.0,1.0,1.0,1.0,1.0,1.0,1.0,1.0,Male,3,Black
2020041039.0,13,Georgia,10929992,13313,Whitfield,103279.0,2.34909655231478,,2,1,5,2.0,1.0,0.0,1.0,1.0,1.0,1.0,1.0,Female,1,Other
2015387067.0,13,Georgia,10929992,13317,Wilkes,9587.0,0.41561142404827,2.0342550581,2,3,2,2.0,1.0,1.0,0.0,0.0,0.0,1.0,1.0,Female,3,Black
1999336187.0,48,Texas,30118002,48201,Harris,4809691.0,3.19312551465307,,1,2,1,2.0,0.0,0.0,0.0,0.0,0.0,1.0,0.0,Male,2,White
2041285401.0,48,Texas,30118002,48113,Dallas,2613911.0,4.21568715606714,,1,2,1,2.0,0.0,0.0,1.0,0.0,1.0,1.0,0.0,Male,2,White
2014313301.0,48,Texas,30118002,48491,Williamson,674478.0,5.06818312600466,,2,5,1,2.0,1.0,1.0,0.0,0.0,1.0,1.0,1.0,Female,4,White
2033084093.0,48,Texas,30118002,48439,Tarrant,2160356.0,1.66060823911952,1.7147260887,2,5,1,2.0,1.0,1.0,1.0,0.0,1.0,1.0,1.0,Female,4,White
2009940993.0,48,Texas,30118002,48349,Navarro,54755.0,1.80465897510715,,1,5,1,2.0,1.0,1.0,1.0,0.0,0.0,1.0,1.0,Male,4,White
2044105209.0,48,Texas,30118002,48141,El Paso,868332.0,4.32804425988214,,2,1,1,1.0,0.0,0.0,1.0,0.0,1.0,1.0,0.0,Female,1,Hispanic
2011387257.0,48,Texas,30118002,48121,Denton,980835.0,1.23408057299681,1.7647497251000002,2,4,1,2.0,1.0,1.0,1.0,1.0,1.0,0.0,1.0,Female,3,White
2011793373.0,48,Texas,30118002,48201,Harris,4809691.0,1.81724369509945,3.9543238053,2,2,4,2.0,1.0,1.0,1.0,1.0,1.0,1.0,1.0,Female,2,Other
2039900633.0,48,Texas,30118002,48113,Dallas,2613911.0,1.11394416738175,1.1787979666,2,5,3,,1.0,1.0,1.0,1.0,1.0,0.0,1.0,Female,4,Hispanic
2042351057.0,48,Texas,30118002,48453,Travis,1335984.0,11.101660826,,1,1,3,1.0,0.0,1.0,0.0,0.0,0.0,0.0,0.0,Male,1,Hispanic
2012089697.0,48,Texas,30118002,48085,Collin,1163646.0,3.18554563313286,,2,5,1,2.0,1.0,1.0,1.0,0.0,1.0,0.0,1.0,Female,4,White
2020298315.0,48,Texas,30118002,48201,Harris,4809691.0,0.426390294105722,,1,3,3,,0.0,1.0,1.0,0.0,1.0,0.0,1.0,Male,3,Hispanic
2034763213.0,48,Texas,30118002,48213,Henderson,84610.0,8.03050895289108,,2,5,1,2.0,1.0,1.0,1.0,1.0,1.0,0.0,1.0,Female,4,White
2039859415.0,48,Texas,30118002,48409,San Patricio,70043.0,4.72987878265577,,1,5,1,2.0,1.0,1.0,1.0,1.0,0.0,0.0,0.0,Male,4,White
2015776269.0,48,Texas,30118002,48061,Cameron,425841.0,0.633307158628692,,2,4,3,,1.0,1.0,0.0,0.0,0.0,1.0,0.0,Female,3,Hispanic
2021860363.0,48,Texas,30118002,48363,Palo Pinto,29312.0,1.64231984935675,1.5696436247,2,3,1,2.0,0.0,1.0,1.0,1.0,1.0,1.0,0.0,Female,3,White
2034476887.0,48,Texas,30118002,48227,Howard,30764.0,1.03327569527665,1.2289276878,1,2,1,2.0,0.0,0.0,0.0,0.0,1.0,1.0,0.0,Male,2,White
2032519041.0,48,Texas,30118002,48167,Galveston,357747.0,1.05057569121484,1.0138379978,2,3,1,2.0,0.0,1.0,0.0,0.0,1.0,1.0,0.0,Female,3,White
2036997873.0,48,Texas,30118002,48439,Tarrant,2160356.0,1.02813194003294,,1,3,1,2.0,0.0,0.0,1.0,0.0,0.0,1.0,0.0,Male,3,White
2027171477.0,48,Texas,30118002,48029,Bexar,2065661.0,1.12488993380538,1.0475185935,2,5,3,1.0,0.0,0.0,0.0,0.0,0.0,1.0,0.0,Female,4,Hispanic
1999601329.0,48,Texas,30118002,48095,Concho,3392.0,4.01380197621813,,2,2,1,2.0,0.0,0.0,0.0,0.0,1.0,1.0,0.0,Female,2,White
2042268015.0,48,Texas,30118002,48201,Harris,4809691.0,15.0614388091749,,1,1,3,1.0,1.0,1.0,0.0,1.0,1.0,0.0,1.0,Male,1,Hispanic
2040023079.0,48,Texas,30118002,48201,Harris,4809691.0,0.620455702837901,,1,2,2,2.0,0.0,1.0,1.0,1.0,1.0,1.0,1.0,Male,2,Black
2037600605.0,48,Texas,30118002,48439,Tarrant,2160356.0,2.57008236262664,,2,3,2,2.0,0.0,1.0,1.0,1.0,1.0,1.0,1.0,Female,3,Black
1999709573.0,48,Texas,30118002,48157,Fort Bend,893314.0,6.91204973479136,3.2283633334,1,5,2,2.0,0.0,0.0,0.0,0.0,0.0,0.0,0.0,Male,4,Black
2011260101.0,48,Texas,30118002,48479,Webb,268450.0,0.572058475063555,0.60165321,1,4,1,1.0,1.0,1.0,1.0,1.0,1.0,1.0,1.0,Male,3,Hispanic
2033706859.0,48,Texas,30118002,48381,Randall,146088.0,1.64231984935675,1.5696436247,2,4,1,2.0,1.0,0.0,1.0,0.0,0.0,1.0,0.0,Female,3,White
1993679637.0,48,Texas,30118002,48121,Denton,980835.0,1.01087135035368,1.0326867998,1,6,1,2.0,0.0,0.0,0.0,0.0,1.0,1.0,0.0,Male,4,White
2039686385.0,48,Texas,30118002,48029,Bexar,2065661.0,0.395990226473157,,1,3,3,1.0,1.0,1.0,1.0,1.0,1.0,0.0,1.0,Male,3,Hispanic
2015698789.0,48,Texas,30118002,48113,Dallas,2613911.0,0.891438032695432,1.5196362033000002,2,3,2,2.0,1.0,1.0,1.0,1.0,1.0,1.0,1.0,Female,3,Black
2034607425.0,48,Texas,30118002,48041,Brazos,242285.0,7.29766278514983,,1,5,1,2.0,1.0,1.0,1.0,1.0,0.0,1.0,0.0,Male,4,White
2036916359.0,48,Texas,30118002,48439,Tarrant,2160356.0,1.01529351326009,0.8069294755,2,5,2,2.0,1.0,1.0,0.0,1.0,0.0,1.0,1.0,Female,4,Black
2016572915.0,48,Texas,30118002,48029,Bexar,2065661.0,1.31514984083394,0.7372656154,2,5,3,1.0,1.0,1.0,1.0,1.0,1.0,1.0,1.0,Female,4,Hispanic
2014744911.0,48,Texas,30118002,48479,Webb,268450.0,0.697881887236734,0.8909373718,2,5,3,,1.0,1.0,1.0,1.0,1.0,1.0,0.0,Female,4,Hispanic
2029574261.0,48,Texas,30118002,48201,Harris,4809691.0,4.19138355954246,2.4558089398,1,2,4,2.0,1.0,1.0,0.0,0.0,1.0,1.0,1.0,Male,2,Other
2027719615.0,48,Texas,30118002,48453,Travis,1335984.0,1.61965241072119,1.8922064844,1,3,1,2.0,1.0,1.0,1.0,1.0,1.0,0.0,1.0,Male,3,White
2017080747.0,48,Texas,30118002,48453,Travis,1335984.0,0.53538571808478,0.5211952994,2,4,1,2.0,1.0,1.0,1.0,1.0,1.0,0.0,0.0,Female,3,White
2023914317.0,48,Texas,30118002,48121,Denton,980835.0,0.523816076081132,0.6702210046,1,3,4,2.0,1.0,1.0,1.0,1.0,1.0,1.0,1.0,Male,3,Other
2043494269.0,48,Texas,30118002,48029,Bexar,2065661.0,0.485985956991489,0.5881947036,2,3,7,1.0,1.0,1.0,0.0,0.0,1.0,1.0,0.0,Female,3,Hispanic
2020011841.0,48,Texas,30118002,48469,Victoria,91138.0,2.3367324841017,,1,3,1,2.0,1.0,0.0,0.0,0.0,1.0,1.0,1.0,Male,3,White
2011843609.0,48,Texas,30118002,48113,Dallas,2613911.0,2.09263353529284,3.2443221643,2,3,6,1.0,1.0,1.0,1.0,0.0,1.0,0.0,1.0,Female,3,Hispanic
2016503081.0,48,Texas,30118002,48157,Fort Bend,893314.0,2.43769296626445,,2,6,3,,1.0,1.0,1.0,1.0,1.0,0.0,1.0,Female,4,Hispanic
2007059205.0,48,Texas,30118002,48439,Tarrant,2160356.0,1.29450736016703,1.1178103696,1,5,1,2.0,0.0,0.0,0.0,0.0,0.0,1.0,0.0,Male,4,White
2009739915.0,48,Texas,30118002,48085,Collin,1163646.0,0.46361452038852,0.4174158148,2,3,4,2.0,1.0,1.0,1.0,1.0,1.0,0.0,1.0,Female,3,Other
2033131827.0,48,Texas,30118002,48181,Grayson,143277.0,2.1641483429908,,1,2,1,2.0,0.0,1.0,0.0,1.0,1.0,0.0,1.0,Male,2,White
2014821531.0,48,Texas,30118002,48029,Bexar,2065661.0,1.05057569121484,1.0138379978,2,3,1,2.0,1.0,0.0,0.0,0.0,1.0,1.0,0.0,Female,3,White
2043951933.0,48,Texas,30118002,48439,Tarrant,2160356.0,1.97057014123486,,2,1,1,2.0,1.0,1.0,0.0,1.0,1.0,1.0,0.0,Female,1,White
2013084067.0,48,Texas,30118002,48113,Dallas,2613911.0,0.53538571808478,0.5211952994,2,3,1,2.0,1.0,1.0,1.0,1.0,1.0,0.0,1.0,Female,3,White
1996451223.0,48,Texas,30118002,48245,Jefferson,252341.0,1.3752025303034,1.5743972942000002,1,2,1,2.0,0.0,0.0,1.0,0.0,0.0,1.0,0.0,Male,2,White
2035682561.0,48,Texas,30118002,48355,Nueces,351831.0,4.40881854450704,,1,2,1,1.0,1.0,0.0,1.0,1.0,0.0,0.0,0.0,Male,2,Hispanic
2040494201.0,48,Texas,30118002,48027,Bell,387775.0,5.35306812159804,,1,1,3,,0.0,0.0,1.0,1.0,1.0,0.0,0.0,Male,1,Hispanic
2014183395.0,48,Texas,30118002,48215,Hidalgo,888619.0,13.246881727957,,2,1,3,1.0,0.0,1.0,0.0,0.0,1.0,1.0,1.0,Female,1,Hispanic
2012000063.0,48,Texas,30118002,48491,Williamson,674478.0,0.229324095092706,,2,6,1,2.0,1.0,1.0,1.0,1.0,1.0,0.0,1.0,Female,4,White
2011328213.0,48,Texas,30118002,48453,Travis,1335984.0,0.843383569210275,,1,3,2,2.0,1.0,1.0,1.0,1.0,1.0,1.0,1.0,Male,3,Black
2022668461.0,48,Texas,30118002,48121,Denton,980835.0,0.920457044039226,1.2540505667,1,3,1,2.0,1.0,1.0,1.0,0.0,1.0,0.0,1.0,Male,3,White
2019428323.0,48,Texas,30118002,48251,Johnson,195956.0,0.403781885276343,0.3785405864,1,2,1,2.0,0.0,0.0,1.0,0.0,1.0,0.0,1.0,Male,2,White
2011111123.0,48,Texas,30118002,48291,Liberty,102615.0,4.24977990617651,,1,2,1,2.0,0.0,0.0,0.0,0.0,1.0,1.0,1.0,Male,2,White
1997234675.0,48,Texas,30118002,48201,Harris,4809691.0,0.452060510987993,0.3537212674,1,3,2,2.0,1.0,1.0,1.0,1.0,0.0,1.0,1.0,Male,3,Black
2016555327.0,48,Texas,30118002,48473,Waller,62110.0,7.54148881107655,,1,6,2,2.0,1.0,1.0,1.0,1.0,1.0,0.0,1.0,Male,4,Black
2044044055.0,48,Texas,30118002,48439,Tarrant,2160356.0,5.35306812159804,,1,1,3,,1.0,1.0,0.0,1.0,1.0,1.0,0.0,Male,1,Hispanic
2031376061.0,48,Texas,30118002,48133,Eastland,17895.0,3.4326260283362,,2,2,1,2.0,1.0,0.0,0.0,0.0,0.0,1.0,0.0,Female,2,White
2021542467.0,48,Texas,30118002,48029,Bexar,2065661.0,0.659009827714355,0.5477782507,2,6,3,1.0,1.0,1.0,1.0,1.0,1.0,0.0,1.0,Female,4,Hispanic
2000711907.0,48,Texas,30118002,48201,Harris,4809691.0,0.596293710590048,0.7301817013,1,3,1,2.0,0.0,1.0,0.0,0.0,1.0,1.0,0.0,Male,3,White
2011120085.0,48,Texas,30118002,48167,Galveston,357747.0,2.00843766751957,1.5324931531,1,5,1,2.0,1.0,1.0,1.0,1.0,1.0,0.0,1.0,Male,4,White
2014235925.0,48,Texas,30118002,48113,Dallas,2613911.0,0.309358220332616,0.4414501557,1,5,1,2.0,0.0,0.0,0.0,0.0,0.0,1.0,0.0,Male,4,White
2036324775.0,48,Texas,30118002,48367,Parker,165814.0,4.1645570716471,,1,3,3,,1.0,1.0,1.0,1.0,1.0,0.0,1.0,Male,3,Hispanic
2039228907.0,48,Texas,30118002,48113,Dallas,2613911.0,0.891567298790432,,1,4,1,2.0,1.0,1.0,1.0,1.0,1.0,0.0,1.0,Male,3,White
2041057407.0,48,Texas,30118002,48201,Harris,4809691.0,0.5543307667447,0.7050994188,2,4,3,1.0,1.0,1.0,1.0,1.0,1.0,0.0,1.0,Female,3,Hispanic
2039695977.0,48,Texas,30118002,48121,Denton,980835.0,1.7757361460072,0.5111593131000001,2,2,1,2.0,0.0,0.0,0.0,0.0,1.0,1.0,0.0,Female,2,White
2045013969.0,48,Texas,30118002,48339,Montgomery,681285.0,0.846457449845532,0.9680906669,2,6,1,2.0,0.0,0.0,0.0,0.0,0.0,1.0,0.0,Female,4,White
2039686223.0,48,Texas,30118002,48113,Dallas,2613911.0,0.188676340007919,0.5999459485,1,4,3,1.0,1.0,1.0,1.0,1.0,1.0,1.0,0.0,Male,3,Hispanic
1998327611.0,48,Texas,30118002,48029,Bexar,2065661.0,1.6040144758031,0.6402526835,2,2,1,2.0,1.0,1.0,0.0,0.0,0.0,0.0,0.0,Female,2,White
2008531911.0,48,Texas,30118002,48113,Dallas,2613911.0,0.782454230832193,0.5666607269,1,3,1,2.0,1.0,1.0,1.0,1.0,1.0,1.0,1.0,Male,3,White
2014489165.0,48,Texas,30118002,48113,Dallas,2613911.0,12.1257995973204,15.0172750693,1,1,3,1.0,1.0,0.0,1.0,1.0,1.0,1.0,1.0,Male,1,Hispanic
2025811267.0,48,Texas,30118002,48167,Galveston,357747.0,5.88501067956746,,3,3,1,2.0,1.0,1.0,1.0,1.0,1.0,0.0,1.0,,3,White
1998838753.0,48,Texas,30118002,48113,Dallas,2613911.0,3.19312551465307,0.4807025463,1,2,1,2.0,1.0,1.0,0.0,0.0,1.0,1.0,1.0,Male,2,White
2039173607.0,48,Texas,30118002,48439,Tarrant,2160356.0,0.773096417491207,0.7517017111000001,2,3,1,2.0,1.0,1.0,1.0,1.0,1.0,0.0,1.0,Female,3,White
2030490901.0,48,Texas,30118002,48201,Harris,4809691.0,15.0614388091749,,2,5,3,,1.0,1.0,0.0,1.0,0.0,1.0,1.0,Female,4,Hispanic
2024758529.0,48,Texas,30118002,48201,Harris,4809691.0,4.08037416044185,,1,2,4,2.0,1.0,1.0,1.0,1.0,0.0,1.0,1.0,Male,2,Other
2010585149.0,48,Texas,30118002,48113,Dallas,2613911.0,0.63279481265297,0.6164533931,2,3,2,2.0,1.0,1.0,0.0,0.0,0.0,0.0,0.0,Female,3,Black
2012539935.0,48,Texas,30118002,48029,Bexar,2065661.0,0.827751321364006,0.2325434641,2,2,1,2.0,1.0,1.0,1.0,1.0,1.0,1.0,1.0,Female,2,White
2010436401.0,48,Texas,30118002,48453,Travis,1335984.0,0.695300704521599,0.5436365163,2,6,1,2.0,1.0,1.0,1.0,1.0,1.0,0.0,1.0,Female,4,White
2039633361.0,48,Texas,30118002,48491,Williamson,674478.0,0.866913043081409,,1,4,3,,0.0,1.0,1.0,1.0,0.0,1.0,1.0,Male,3,Hispanic
2028890667.0,48,Texas,30118002,48091,Comal,184600.0,3.70458411868882,0.7947668321,1,3,1,1.0,0.0,1.0,0.0,1.0,1.0,0.0,1.0,Male,3,Hispanic
2034764425.0,48,Texas,30118002,48085,Collin,1163646.0,0.915747715314307,0.4324085835,2,3,2,2.0,1.0,1.0,0.0,1.0,0.0,1.0,1.0,Female,3,Black
2014523299.0,48,Texas,30118002,48339,Montgomery,681285.0,0.972644365570082,0.8725295184,1,5,1,2.0,0.0,0.0,0.0,0.0,0.0,1.0,0.0,Male,4,White
2015591831.0,48,Texas,30118002,48201,Harris,4809691.0,15.0614388091749,15.0172750693,2,1,3,1.0,0.0,0.0,0.0,0.0,0.0,0.0,0.0,Female,1,Hispanic
2015575753.0,48,Texas,30118002,48439,Tarrant,2160356.0,1.027209196956,0.375011502,2,5,8,2.0,1.0,1.0,1.0,1.0,1.0,0.0,1.0,Female,4,Other
2036212049.0,48,Texas,30118002,48339,Montgomery,681285.0,0.620455702837901,,1,2,2,2.0,1.0,1.0,1.0,1.0,1.0,1.0,1.0,Male,2,Black
2036629003.0,48,Texas,30118002,48453,Travis,1335984.0,0.937614915747181,,2,2,3,,1.0,1.0,0.0,0.0,0.0,0.0,1.0,Female,2,Hispanic
2012044549.0,48,Texas,30118002,48221,Hood,66299.0,0.789363242039167,0.7913717783,2,4,1,2.0,0.0,1.0,0.0,0.0,0.0,1.0,0.0,Female,3,White
2041446339.0,48,Texas,30118002,48213,Henderson,84610.0,8.06839806166341,9.6942210761,1,6,4,2.0,1.0,0.0,0.0,0.0,1.0,1.0,0.0,Male,4,Other
2001688153.0,48,Texas,30118002,48201,Harris,4809691.0,0.739821131457671,0.7110947689,1,6,1,2.0,0.0,0.0,0.0,0.0,0.0,1.0,0.0,Male,4,White
2041516539.0,48,Texas,30118002,48375,Potter,115110.0,3.5441550514837,,2,3,3,,1.0,1.0,1.0,1.0,0.0,0.0,1.0,Female,3,Hispanic
2013771173.0,48,Texas,30118002,48251,Johnson,195956.0,1.17822490081623,0.7235661688,1,6,3,1.0,1.0,0.0,0.0,0.0,0.0,1.0,0.0,Male,4,Hispanic
2039413771.0,48,Texas,30118002,48029,Bexar,2065661.0,3.5441550514837,,2,3,3,,0.0,0.0,0.0,0.0,0.0,1.0,0.0,Female,3,Hispanic
1999507869.0,48,Texas,30118002,48027,Bell,387775.0,2.52344844124022,,1,3,2,2.0,1.0,0.0,1.0,0.0,1.0,1.0,1.0,Male,3,Black
2017147587.0,48,Texas,30118002,48303,Lubbock,317940.0,3.20767256518304,2.6523085825,1,6,1,2.0,0.0,0.0,0.0,0.0,0.0,1.0,0.0,Male,4,White
2019269663.0,48,Texas,30118002,48061,Cameron,425841.0,10.2449630605178,,1,2,3,1.0,0.0,1.0,1.0,1.0,1.0,1.0,1.0,Male,2,Hispanic
2013195227.0,48,Texas,30118002,48373,Polk,52834.0,2.58979842477456,2.3313296234,1,5,2,2.0,1.0,1.0,0.0,1.0,0.0,1.0,1.0,Male,4,Black
2034501297.0,48,Texas,30118002,48257,Kaufman,172773.0,14.0325848325693,,1,3,2,2.0,0.0,0.0,0.0,0.0,1.0,0.0,1.0,Male,3,Black
2039601289.0,48,Texas,30118002,48303,Lubbock,317940.0,5.35306812159804,,1,1,3,,1.0,0.0,0.0,0.0,1.0,1.0,1.0,Male,1,Hispanic
2040050831.0,48,Texas,30118002,48469,Victoria,91138.0,4.98835227318463,,2,5,3,2.0,1.0,1.0,0.0,0.0,0.0,0.0,1.0,Female,4,Hispanic
2014778273.0,48,Texas,30118002,48355,Nueces,351831.0,0.932169480222745,0.8871197343,2,2,3,1.0,1.0,1.0,0.0,0.0,0.0,1.0,1.0,Female,2,Hispanic
2023461635.0,48,Texas,30118002,48201,Harris,4809691.0,0.620455702837901,,1,2,2,2.0,1.0,1.0,1.0,1.0,0.0,1.0,0.0,Male,2,Black
2013088879.0,48,Texas,30118002,48121,Denton,980835.0,1.08142777181451,,1,5,1,2.0,0.0,0.0,0.0,0.0,0.0,1.0,0.0,Male,4,White
2013222795.0,48,Texas,30118002,48309,McLennan,266125.0,0.670917955280329,0.9370549142,1,5,1,2.0,1.0,0.0,0.0,0.0,0.0,1.0,0.0,Male,4,White
2010413713.0,48,Texas,30118002,48351,Newton,12086.0,3.64226890832129,0.7899799275,2,4,1,2.0,1.0,1.0,0.0,1.0,0.0,1.0,1.0,Female,3,White
2041081327.0,48,Texas,30118002,48303,Lubbock,317940.0,0.112504202942469,,2,2,3,,0.0,1.0,1.0,0.0,1.0,1.0,0.0,Female,2,Hispanic
2036915033.0,48,Texas,30118002,48453,Travis,1335984.0,1.93369640819446,0.5817189244000001,1,6,3,1.0,1.0,1.0,1.0,1.0,1.0,0.0,1.0,Male,4,Hispanic
2020637379.0,48,Texas,30118002,48085,Collin,1163646.0,0.607842856278036,0.1335709758,1,5,6,2.0,1.0,1.0,1.0,1.0,0.0,1.0,1.0,Male,4,Other
2021476771.0,48,Texas,30118002,48201,Harris,4809691.0,0.900065329573576,,1,5,3,,0.0,0.0,0.0,0.0,1.0,1.0,0.0,Male,4,Hispanic
2023102433.0,48,Texas,30118002,48029,Bexar,2065661.0,0.572058475063555,,1,3,3,,1.0,1.0,1.0,1.0,1.0,1.0,1.0,Male,3,Hispanic
2024413585.0,48,Texas,30118002,48141,El Paso,868332.0,2.91860816903971,,1,1,1,2.0,0.0,1.0,1.0,1.0,0.0,1.0,1.0,Male,1,White
2018441601.0,48,Texas,30118002,48157,Fort Bend,893314.0,3.01582053282331,,2,2,1,2.0,0.0,0.0,0.0,0.0,0.0,0.0,0.0,Female,2,White
2005991207.0,48,Texas,30118002,48055,Caldwell,47995.0,0.759811505096499,0.6471528857000001,2,5,1,2.0,1.0,1.0,1.0,1.0,1.0,0.0,1.0,Female,4,White
2003904883.0,48,Texas,30118002,48491,Williamson,674478.0,0.633307158628692,0.8947964069000001,2,3,3,1.0,1.0,1.0,1.0,0.0,0.0,0.0,0.0,Female,3,Hispanic
2039686415.0,48,Texas,30118002,48497,Wise,74888.0,3.31262119327182,,1,2,3,1.0,0.0,1.0,0.0,1.0,1.0,1.0,0.0,Male,2,Hispanic
2043490111.0,48,Texas,30118002,48113,Dallas,2613911.0,0.632172014848346,,1,2,1,1.0,1.0,1.0,1.0,1.0,1.0,0.0,1.0,Male,2,Hispanic
2010562757.0,48,Texas,30118002,48113,Dallas,2613911.0,1.05057569121484,,2,3,1,2.0,0.0,0.0,0.0,0.0,0.0,1.0,0.0,Female,3,White
2026327277.0,48,Texas,30118002,48439,Tarrant,2160356.0,3.84626625193317,,2,2,1,2.0,1.0,1.0,1.0,1.0,1.0,0.0,1.0,Female,2,White
2012085555.0,48,Texas,30118002,48039,Brazoria,388637.0,0.381533736028751,0.4199423064,2,4,1,2.0,1.0,0.0,0.0,1.0,1.0,1.0,1.0,Female,3,White
1994049835.0,48,Texas,30118002,48439,Tarrant,2160356.0,1.64231984935675,1.5696436247,2,4,1,2.0,0.0,0.0,0.0,0.0,0.0,1.0,0.0,Female,3,White
2002206665.0,48,Texas,30118002,48201,Harris,4809691.0,2.75226084323893,,2,5,4,2.0,1.0,1.0,1.0,1.0,1.0,1.0,0.0,Female,4,Other
2042355843.0,48,Texas,30118002,48441,Taylor,145346.0,3.19312551465307,,1,2,1,2.0,0.0,1.0,1.0,1.0,1.0,1.0,1.0,Male,2,White
2014683977.0,48,Texas,30118002,48141,El Paso,868332.0,0.232408629698656,,1,2,3,1.0,1.0,1.0,0.0,0.0,1.0,0.0,1.0,Male,2,Hispanic
2029596393.0,48,Texas,30118002,48439,Tarrant,2160356.0,0.893726063296355,1.6239447736,2,2,1,1.0,1.0,1.0,1.0,1.0,1.0,1.0,1.0,Female,2,Hispanic
2020065377.0,48,Texas,30118002,48029,Bexar,2065661.0,0.946283447783068,0.5453146839,2,6,3,1.0,1.0,1.0,1.0,1.0,1.0,1.0,1.0,Female,4,Hispanic
2015488709.0,48,Texas,30118002,48201,Harris,4809691.0,1.36293774514409,1.7463719167,2,3,2,2.0,1.0,1.0,1.0,1.0,0.0,0.0,1.0,Female,3,Black
2023558239.0,48,Texas,30118002,48121,Denton,980835.0,1.07625634439504,,2,2,1,2.0,1.0,1.0,0.0,1.0,1.0,1.0,1.0,Female,2,White
2011396389.0,48,Texas,30118002,48203,Harrison,69995.0,2.69189085484505,0.626566142,2,5,2,2.0,1.0,1.0,1.0,1.0,1.0,1.0,1.0,Female,4,Black
2045589695.0,48,Texas,30118002,48113,Dallas,2613911.0,3.5441550514837,,2,4,3,,1.0,1.0,1.0,1.0,1.0,1.0,1.0,Female,3,Hispanic
2038611873.0,48,Texas,30118002,48027,Bell,387775.0,0.590480768287943,0.7108301192,1,4,1,2.0,0.0,1.0,1.0,1.0,1.0,1.0,0.0,Male,3,White
2034125287.0,48,Texas,30118002,48439,Tarrant,2160356.0,1.64231984935675,1.5696436247,2,3,1,2.0,1.0,0.0,1.0,0.0,0.0,1.0,0.0,Female,3,White
2020199533.0,48,Texas,30118002,48085,Collin,1163646.0,2.77533298325407,,1,4,2,2.0,1.0,0.0,0.0,0.0,1.0,1.0,0.0,Male,3,Black
2010214587.0,48,Texas,30118002,48339,Montgomery,681285.0,4.43820322084076,,2,1,3,1.0,1.0,1.0,1.0,1.0,1.0,1.0,1.0,Female,1,Hispanic
2042138775.0,48,Texas,30118002,48215,Hidalgo,888619.0,15.0614388091749,0.9805527115,1,3,3,,1.0,0.0,0.0,1.0,0.0,0.0,0.0,Male,3,Hispanic
2014193695.0,48,Texas,30118002,48321,Matagorda,36107.0,6.26299681641652,,2,3,1,2.0,1.0,1.0,1.0,0.0,1.0,1.0,1.0,Female,3,White
1997832131.0,48,Texas,30118002,48085,Collin,1163646.0,4.55934854624702,,2,4,4,2.0,1.0,1.0,0.0,1.0,1.0,0.0,1.0,Female,3,Other
2013934167.0,48,Texas,30118002,48121,Denton,980835.0,1.37193805723519,1.5437551991,2,5,1,2.0,0.0,0.0,0.0,0.0,0.0,1.0,0.0,Female,4,White
2037482403.0,48,Texas,30118002,48085,Collin,1163646.0,1.50404696028952,,2,2,2,2.0,1.0,1.0,1.0,1.0,1.0,0.0,1.0,Female,2,Black
2030625317.0,48,Texas,30118002,48029,Bexar,2065661.0,1.61853044188319,3.7200967329,1,2,3,,0.0,0.0,0.0,0.0,1.0,1.0,0.0,Male,2,Hispanic
2035498139.0,48,Texas,30118002,48029,Bexar,2065661.0,0.604215941584212,0.4947566743,2,2,6,1.0,1.0,1.0,1.0,1.0,1.0,1.0,1.0,Female,2,Hispanic
2037423889.0,48,Texas,30118002,48389,Reeves,11771.0,1.28205223318849,,2,1,3,,0.0,1.0,1.0,1.0,1.0,1.0,0.0,Female,1,Hispanic
2018529861.0,48,Texas,30118002,48389,Reeves,11771.0,1.05252275390778,,2,2,1,2.0,0.0,0.0,0.0,0.0,1.0,1.0,1.0,Female,2,White
2031062699.0,48,Texas,30118002,48201,Harris,4809691.0,2.3367324841017,,1,3,1,2.0,1.0,0.0,1.0,0.0,1.0,1.0,0.0,Male,3,White
1983479805.0,48,Texas,30118002,48453,Travis,1335984.0,0.55110830091664,,1,5,1,2.0,1.0,1.0,1.0,1.0,1.0,0.0,1.0,Male,4,White
2045771129.0,48,Texas,30118002,48407,San Jacinto,28428.0,3.35991947859787,1.7740105816,1,1,1,2.0,0.0,0.0,0.0,0.0,0.0,1.0,0.0,Male,1,White
2014198233.0,48,Texas,30118002,48221,Hood,66299.0,3.01582053282331,,2,2,1,2.0,1.0,1.0,1.0,1.0,1.0,0.0,1.0,Female,2,White
1998437269.0,48,Texas,30118002,48453,Travis,1335984.0,0.699155756299044,0.6734984263,2,5,1,2.0,1.0,1.0,1.0,1.0,1.0,0.0,1.0,Female,4,White
2019136607.0,48,Texas,30118002,48201,Harris,4809691.0,1.69575605673277,,2,2,1,1.0,0.0,1.0,1.0,1.0,1.0,1.0,1.0,Female,2,Hispanic
2003218243.0,48,Texas,30118002,48167,Galveston,357747.0,1.05057569121484,1.0138379978,4,3,1,2.0,0.0,0.0,0.0,0.0,0.0,1.0,0.0,,3,White
2009833143.0,48,Texas,30118002,48201,Harris,4809691.0,0.334530908043943,0.8329118885,2,5,4,2.0,0.0,0.0,0.0,0.0,0.0,0.0,0.0,Female,4,Other
2030902249.0,48,Texas,30118002,48121,Denton,980835.0,3.19312551465307,,1,2,1,2.0,1.0,1.0,1.0,1.0,1.0,1.0,1.0,Male,2,White
2016470771.0,48,Texas,30118002,48451,Tom Green,118979.0,1.70583631426387,2.3232391463,2,5,3,,0.0,0.0,0.0,0.0,0.0,1.0,0.0,Female,4,Hispanic
2034686749.0,48,Texas,30118002,48027,Bell,387775.0,2.0378473724539,,2,3,6,2.0,1.0,1.0,1.0,1.0,1.0,0.0,1.0,Female,3,Other
2019922233.0,48,Texas,30118002,48497,Wise,74888.0,1.05252275390778,1.2381386908,2,2,1,2.0,0.0,0.0,0.0,0.0,1.0,1.0,0.0,Female,2,White
2031449207.0,48,Texas,30118002,48139,Ellis,212488.0,3.55385383609253,1.2266403146,1,5,1,2.0,1.0,1.0,0.0,1.0,1.0,1.0,1.0,Male,4,White
2028985437.0,48,Texas,30118002,48201,Harris,4809691.0,0.0973672409532295,,2,3,3,,0.0,0.0,1.0,0.0,1.0,1.0,0.0,Female,3,Hispanic
2020829581.0,48,Texas,30118002,48439,Tarrant,2160356.0,0.841367466960194,,1,2,3,,1.0,1.0,1.0,0.0,1.0,0.0,1.0,Male,2,Hispanic
2043903643.0,48,Texas,30118002,48485,Wichita,130106.0,1.47009379503298,,2,2,3,,0.0,1.0,1.0,1.0,1.0,1.0,1.0,Female,2,Hispanic
2014965909.0,48,Texas,30118002,48157,Fort Bend,893314.0,2.16460217159538,2.5853011614,1,5,2,2.0,0.0,0.0,0.0,0.0,0.0,1.0,0.0,Male,4,Black
2008742667.0,48,Texas,30118002,48113,Dallas,2613911.0,1.9337371180357,2.1897354058,2,5,1,2.0,0.0,0.0,0.0,0.0,0.0,1.0,0.0,Female,4,White
2032914539.0,48,Texas,30118002,48423,Smith,242225.0,0.235243518583729,,2,2,2,2.0,1.0,1.0,1.0,1.0,0.0,0.0,1.0,Female,2,Black
2039276921.0,48,Texas,30118002,48201,Harris,4809691.0,0.699155756299044,0.6734984263,2,5,1,2.0,1.0,1.0,1.0,1.0,1.0,0.0,1.0,Female,4,White
1996040811.0,48,Texas,30118002,48141,El Paso,868332.0,1.37193805723519,1.5437551991,2,5,1,2.0,0.0,0.0,0.0,0.0,0.0,1.0,0.0,Female,4,White
2019200753.0,48,Texas,30118002,48141,El Paso,868332.0,0.988154352712583,0.8398187074,2,5,3,1.0,1.0,0.0,1.0,1.0,1.0,1.0,0.0,Female,4,Hispanic
2041461959.0,48,Texas,30118002,48181,Grayson,143277.0,0.811660400006749,,1,2,1,2.0,0.0,0.0,0.0,0.0,1.0,0.0,1.0,Male,2,White
2035328333.0,48,Texas,30118002,48201,Harris,4809691.0,2.56739703307334,2.7635976126,2,6,4,2.0,1.0,1.0,1.0,1.0,1.0,1.0,1.0,Female,4,Other
2045755653.0,48,Texas,30118002,48157,Fort Bend,893314.0,5.61072293724947,,1,2,1,2.0,1.0,1.0,1.0,1.0,1.0,1.0,1.0,Male,2,White
2022038703.0,48,Texas,30118002,48201,Harris,4809691.0,1.79650541067107,2.118030434,1,2,2,2.0,1.0,1.0,1.0,1.0,1.0,1.0,1.0,Male,2,Black
2042772579.0,48,Texas,30118002,48201,Harris,4809691.0,4.04183886993824,2.1897545224,1,2,3,,1.0,0.0,0.0,0.0,0.0,0.0,0.0,Male,2,Hispanic
2014193569.0,48,Texas,30118002,48029,Bexar,2065661.0,3.05923291961696,,2,2,3,1.0,1.0,0.0,0.0,1.0,0.0,1.0,1.0,Female,2,Hispanic
2026740311.0,48,Texas,30118002,48303,Lubbock,317940.0,4.30860727270109,2.3083470969,1,5,1,2.0,1.0,1.0,1.0,0.0,1.0,1.0,1.0,Male,4,White
2017013047.0,48,Texas,30118002,48113,Dallas,2613911.0,0.984639333532489,0.9109939431,1,6,1,2.0,0.0,0.0,0.0,1.0,1.0,1.0,0.0,Male,4,White
2026991977.0,48,Texas,30118002,48141,El Paso,868332.0,9.11087184150419,,1,1,3,,1.0,1.0,1.0,1.0,1.0,1.0,1.0,Male,1,Hispanic
2034608397.0,48,Texas,30118002,48113,Dallas,2613911.0,0.868584665862581,2.1245004908,1,2,1,1.0,1.0,1.0,1.0,0.0,1.0,0.0,1.0,Male,2,Hispanic
2021922037.0,48,Texas,30118002,48201,Harris,4809691.0,0.208708400332842,0.5874671691000001,2,4,2,2.0,1.0,1.0,1.0,1.0,1.0,1.0,1.0,Female,3,Black
2042357899.0,48,Texas,30118002,48039,Brazoria,388637.0,1.69575605673277,,2,2,7,1.0,1.0,1.0,1.0,1.0,0.0,1.0,0.0,Female,2,Hispanic
2016371525.0,48,Texas,30118002,48201,Harris,4809691.0,2.18363007874754,,2,3,3,1.0,0.0,1.0,1.0,1.0,0.0,0.0,1.0,Female,3,Hispanic
2026742575.0,48,Texas,30118002,48001,Anderson,57318.0,3.94577670887536,,2,5,3,1.0,1.0,1.0,1.0,1.0,1.0,1.0,0.0,Female,4,Hispanic
2016970183.0,48,Texas,30118002,48201,Harris,4809691.0,1.37193805723519,1.5437551991,2,5,1,2.0,0.0,1.0,0.0,0.0,1.0,1.0,0.0,Female,4,White
2018613783.0,48,Texas,30118002,48491,Williamson,674478.0,5.2180074193563,,1,1,1,1.0,0.0,1.0,1.0,1.0,1.0,1.0,1.0,Male,1,Hispanic
2003741155.0,48,Texas,30118002,48491,Williamson,674478.0,0.501783775358654,0.42458243,1,6,1,2.0,1.0,1.0,1.0,1.0,1.0,1.0,1.0,Male,4,White
1999218203.0,48,Texas,30118002,48201,Harris,4809691.0,0.665347384270312,0.564788953,1,6,1,2.0,1.0,1.0,1.0,1.0,0.0,1.0,1.0,Male,4,White
2028903395.0,48,Texas,30118002,48041,Brazos,242285.0,15.0614388091749,,1,6,4,2.0,1.0,1.0,0.0,1.0,0.0,1.0,1.0,Male,4,Other
2031437191.0,48,Texas,30118002,48113,Dallas,2613911.0,0.547701849376948,,2,5,1,2.0,1.0,1.0,1.0,1.0,1.0,1.0,1.0,Female,4,White
2031627387.0,48,Texas,30118002,48029,Bexar,2065661.0,1.69575605673277,,2,2,3,,1.0,0.0,0.0,0.0,0.0,0.0,0.0,Female,2,Hispanic
1993021187.0,48,Texas,30118002,48491,Williamson,674478.0,1.21277293874234,1.2429343257,2,5,1,2.0,0.0,1.0,0.0,0.0,1.0,1.0,0.0,Female,4,White
2014471337.0,48,Texas,30118002,48029,Bexar,2065661.0,0.430310067135408,0.4246803376,2,4,2,2.0,1.0,1.0,1.0,0.0,0.0,1.0,1.0,Female,3,Black
2011898361.0,48,Texas,30118002,48113,Dallas,2613911.0,0.946283447783068,0.5453146839,2,6,1,1.0,1.0,1.0,1.0,1.0,0.0,1.0,1.0,Female,4,Hispanic
2036926263.0,48,Texas,30118002,48339,Montgomery,681285.0,15.0614388091749,4.2276924343,1,5,4,2.0,0.0,0.0,0.0,0.0,0.0,1.0,0.0,Male,4,Other
2039912973.0,48,Texas,30118002,48113,Dallas,2613911.0,0.407024484275049,,2,3,1,2.0,0.0,0.0,1.0,1.0,1.0,1.0,0.0,Female,3,White
2012480801.0,48,Texas,30118002,48209,Hays,269554.0,0.751746308486579,0.8903037936,2,2,1,2.0,1.0,0.0,1.0,0.0,0.0,1.0,0.0,Female,2,White
2031793153.0,48,Texas,30118002,48029,Bexar,2065661.0,0.964027148944645,2.1219403876,1,2,5,1.0,1.0,1.0,1.0,1.0,1.0,1.0,1.0,Male,2,Hispanic
2004374875.0,48,Texas,30118002,48439,Tarrant,2160356.0,2.39611019006558,,1,2,2,2.0,1.0,0.0,0.0,0.0,0.0,0.0,0.0,Male,2,Black
2012488623.0,48,Texas,30118002,48029,Bexar,2065661.0,0.418413449497395,1.1336280154,2,5,1,2.0,1.0,1.0,1.0,1.0,1.0,1.0,1.0,Female,4,White
2009419941.0,48,Texas,30118002,48061,Cameron,425841.0,0.508343793066556,0.3413421053,1,5,3,1.0,1.0,1.0,1.0,1.0,1.0,0.0,0.0,Male,4,Hispanic
2014168521.0,48,Texas,30118002,48303,Lubbock,317940.0,5.90687299353035,,2,1,3,1.0,1.0,1.0,1.0,1.0,1.0,0.0,1.0,Female,1,Hispanic
2032774613.0,48,Texas,30118002,48441,Taylor,145346.0,3.31262119327182,,1,2,3,,1.0,1.0,1.0,0.0,1.0,1.0,1.0,Male,2,Hispanic
2042373301.0,48,Texas,30118002,48439,Tarrant,2160356.0,1.23408057299681,1.7647497251000002,2,4,1,2.0,1.0,1.0,1.0,1.0,1.0,0.0,1.0,Female,3,White
2011992393.0,48,Texas,30118002,48061,Cameron,425841.0,1.17822490081623,0.7235661688,1,6,3,,0.0,0.0,0.0,0.0,0.0,1.0,0.0,Male,4,Hispanic
2012772507.0,48,Texas,30118002,48439,Tarrant,2160356.0,0.173242429635856,0.7497341511000001,2,2,1,2.0,1.0,1.0,1.0,1.0,0.0,1.0,1.0,Female,2,White
2034410919.0,48,Texas,30118002,48201,Harris,4809691.0,4.32823973842507,,2,3,2,2.0,1.0,0.0,0.0,1.0,0.0,0.0,0.0,Female,3,Black
2041059675.0,48,Texas,30118002,48203,Harrison,69995.0,0.751746308486579,0.8903037936,2,2,1,2.0,0.0,0.0,0.0,0.0,0.0,1.0,0.0,Female,2,White
2029600487.0,48,Texas,30118002,48005,Angelina,87209.0,4.5685348269896,,2,2,1,2.0,1.0,0.0,1.0,1.0,1.0,1.0,0.0,Female,2,White
2013496615.0,48,Texas,30118002,48085,Collin,1163646.0,10.7751306072003,1.2871639877,1,5,1,2.0,1.0,1.0,1.0,1.0,1.0,0.0,1.0,Male,4,White
2030724445.0,48,Texas,30118002,48037,Bowie,91623.0,0.659363109015274,,1,2,1,2.0,0.0,1.0,0.0,1.0,1.0,1.0,1.0,Male,2,White
2013551487.0,48,Texas,30118002,48201,Harris,4809691.0,1.68070682890857,0.7398897369,2,3,3,1.0,1.0,1.0,1.0,1.0,0.0,1.0,1.0,Female,3,Hispanic
2044834327.0,48,Texas,30118002,48439,Tarrant,2160356.0,7.52046460831804,2.1205498835,1,2,1,1.0,1.0,1.0,1.0,1.0,1.0,1.0,1.0,Male,2,Hispanic
2016882591.0,48,Texas,30118002,48479,Webb,268450.0,0.986700814349264,0.8407240622000001,2,4,3,1.0,1.0,1.0,1.0,1.0,1.0,1.0,1.0,Female,3,Hispanic
2033225949.0,48,Texas,30118002,48225,Houston,21939.0,0.966883321039522,,2,2,2,2.0,0.0,1.0,0.0,1.0,1.0,1.0,0.0,Female,2,Black
2016899761.0,48,Texas,30118002,48339,Montgomery,681285.0,1.66060823911952,1.7147260887,2,5,1,2.0,1.0,1.0,1.0,1.0,1.0,0.0,1.0,Female,4,White
2035071021.0,48,Texas,30118002,48029,Bexar,2065661.0,0.52846504403688,0.7697429013,2,2,3,1.0,1.0,1.0,1.0,1.0,1.0,1.0,1.0,Female,2,Hispanic
2018792757.0,48,Texas,30118002,48085,Collin,1163646.0,0.920457044039226,1.2540505667,1,3,1,2.0,1.0,1.0,1.0,1.0,1.0,0.0,1.0,Male,3,White
2043519959.0,48,Texas,30118002,48039,Brazoria,388637.0,1.87081334547311,,2,3,4,2.0,1.0,1.0,1.0,1.0,1.0,0.0,1.0,Female,3,Other
2039700125.0,48,Texas,30118002,48423,Smith,242225.0,1.36437337340268,1.1382314919,2,6,1,2.0,0.0,0.0,0.0,0.0,0.0,1.0,0.0,Female,4,White
2014750045.0,48,Texas,30118002,48355,Nueces,351831.0,0.344374091394168,0.4237564186,1,6,6,1.0,0.0,0.0,0.0,0.0,0.0,1.0,0.0,Male,4,Hispanic
2025105671.0,48,Texas,30118002,48303,Lubbock,317940.0,1.69429879717067,1.6291431518,2,2,1,1.0,0.0,1.0,0.0,0.0,0.0,1.0,0.0,Female,2,Hispanic
2020410559.0,48,Texas,30118002,48477,Washington,36371.0,0.633307158628692,0.8947964069000001,2,3,3,1.0,0.0,0.0,0.0,0.0,0.0,1.0,0.0,Female,3,Hispanic
2015025663.0,48,Texas,30118002,48029,Bexar,2065661.0,1.32261540473541,,1,5,1,1.0,0.0,0.0,0.0,0.0,1.0,1.0,0.0,Male,4,Hispanic
2013197655.0,48,Texas,30118002,48439,Tarrant,2160356.0,3.34192958009218,,1,5,1,2.0,1.0,1.0,1.0,0.0,1.0,1.0,1.0,Male,4,White
2036916711.0,48,Texas,30118002,48419,Shelby,24165.0,0.558051619784018,1.3156746581,2,1,1,2.0,0.0,0.0,0.0,0.0,1.0,1.0,0.0,Female,1,White
2039431221.0,48,Texas,30118002,48245,Jefferson,252341.0,2.74159828372576,,2,2,2,2.0,1.0,1.0,0.0,0.0,1.0,0.0,0.0,Female,2,Black
2041058153.0,48,Texas,30118002,48201,Harris,4809691.0,4.04183886993824,2.1897545224,1,2,3,1.0,1.0,1.0,1.0,1.0,1.0,1.0,1.0,Male,2,Hispanic
2035014035.0,48,Texas,30118002,48201,Harris,4809691.0,0.423822173673503,1.7040718504,2,2,3,,1.0,0.0,0.0,0.0,1.0,1.0,1.0,Female,2,Hispanic
2036212949.0,48,Texas,30118002,48141,El Paso,868332.0,3.31262119327182,,1,2,3,,0.0,0.0,0.0,0.0,1.0,0.0,0.0,Male,2,Hispanic
2036251069.0,48,Texas,30118002,48491,Williamson,674478.0,11.101660826,,1,1,3,,1.0,1.0,1.0,1.0,1.0,1.0,1.0,Male,1,Hispanic
2021126313.0,48,Texas,30118002,48439,Tarrant,2160356.0,3.65680382107814,2.2522906846,1,1,1,2.0,1.0,1.0,1.0,1.0,1.0,1.0,1.0,Male,1,White
2017592349.0,48,Texas,30118002,48201,Harris,4809691.0,2.3367324841017,,1,3,1,2.0,1.0,1.0,1.0,1.0,1.0,1.0,0.0,Male,3,White
2013186631.0,48,Texas,30118002,48121,Denton,980835.0,0.723369539702199,,2,5,1,2.0,1.0,1.0,0.0,0.0,1.0,1.0,0.0,Female,4,White
2031082803.0,48,Texas,30118002,48201,Harris,4809691.0,0.55110830091664,0.4690360933,1,5,1,2.0,1.0,1.0,1.0,1.0,1.0,0.0,1.0,Male,4,White
2014307415.0,48,Texas,30118002,48491,Williamson,674478.0,2.07467453275017,3.2016457556,2,1,1,2.0,0.0,0.0,0.0,0.0,1.0,0.0,0.0,Female,1,White
2013532907.0,48,Texas,30118002,48201,Harris,4809691.0,2.00843766751957,1.5324931531,1,5,1,2.0,1.0,1.0,1.0,1.0,1.0,0.0,1.0,Male,4,White
2028888747.0,48,Texas,30118002,48017,Bailey,6835.0,0.601583082446071,,2,2,1,2.0,1.0,0.0,1.0,1.0,0.0,1.0,0.0,Female,2,White
2016809263.0,48,Texas,30118002,48113,Dallas,2613911.0,0.622352463783349,0.3950887637,1,5,3,1.0,1.0,1.0,1.0,1.0,1.0,0.0,1.0,Male,4,Hispanic
2012540041.0,48,Texas,30118002,48113,Dallas,2613911.0,0.900982925546363,0.9445841482,1,2,1,2.0,0.0,0.0,0.0,0.0,0.0,1.0,0.0,Male,2,White
2038609633.0,48,Texas,30118002,48439,Tarrant,2160356.0,0.382666073483036,,1,2,1,2.0,1.0,1.0,1.0,1.0,1.0,1.0,1.0,Male,2,White
2039907487.0,48,Texas,30118002,48439,Tarrant,2160356.0,3.82513895647633,2.1321025916,2,3,2,2.0,1.0,1.0,1.0,1.0,0.0,0.0,0.0,Female,3,Black
2010478651.0,48,Texas,30118002,48439,Tarrant,2160356.0,0.889561299198305,1.0144877433,1,5,1,2.0,1.0,1.0,1.0,1.0,1.0,0.0,1.0,Male,4,White
1982916673.0,48,Texas,30118002,48291,Liberty,102615.0,1.80584762026458,,2,5,1,2.0,1.0,1.0,1.0,1.0,1.0,1.0,1.0,Female,4,White
2015158513.0,48,Texas,30118002,48013,Atascosa,50916.0,0.785879945068935,0.9106548964,1,4,1,2.0,0.0,0.0,0.0,0.0,0.0,1.0,0.0,Male,3,White
2036915023.0,48,Texas,30118002,48201,Harris,4809691.0,0.392505953130826,1.1402319501,1,5,3,1.0,1.0,1.0,1.0,1.0,1.0,0.0,1.0,Male,4,Hispanic
2039087031.0,48,Texas,30118002,48201,Harris,4809691.0,2.51100076850026,,1,5,1,2.0,1.0,1.0,1.0,1.0,1.0,1.0,1.0,Male,4,White
2009402267.0,48,Texas,30118002,48439,Tarrant,2160356.0,2.61065765769882,2.2247596049,1,3,1,2.0,1.0,1.0,1.0,1.0,1.0,0.0,1.0,Male,3,White
2036856341.0,48,Texas,30118002,48037,Bowie,91623.0,1.27882170754992,,1,1,2,2.0,0.0,0.0,0.0,0.0,0.0,0.0,0.0,Male,1,Black
1999605053.0,48,Texas,30118002,48249,Jim Wells,38747.0,0.0894580417473289,0.3027590397,1,2,7,2.0,0.0,1.0,1.0,0.0,0.0,1.0,0.0,Male,2,Other
2002929701.0,48,Texas,30118002,48339,Montgomery,681285.0,4.19309878694176,,1,2,3,1.0,1.0,1.0,1.0,0.0,1.0,1.0,1.0,Male,2,Hispanic
2043494067.0,48,Texas,30118002,48441,Taylor,145346.0,0.449099800463935,,1,3,2,2.0,1.0,1.0,1.0,1.0,0.0,1.0,0.0,Male,3,Black
2011699161.0,48,Texas,30118002,48113,Dallas,2613911.0,0.586223112510855,,2,5,1,1.0,1.0,1.0,1.0,1.0,1.0,1.0,1.0,Female,4,Hispanic
2007707143.0,48,Texas,30118002,48085,Collin,1163646.0,0.584904973672719,,1,3,1,2.0,1.0,1.0,1.0,1.0,1.0,1.0,1.0,Male,3,White
2016562663.0,48,Texas,30118002,48201,Harris,4809691.0,1.39177681918128,0.8184812453,2,6,2,2.0,1.0,1.0,1.0,1.0,1.0,0.0,1.0,Female,4,Black
2030535519.0,48,Texas,30118002,48209,Hays,269554.0,1.72922001244269,,1,2,1,2.0,1.0,1.0,0.0,1.0,1.0,0.0,1.0,Male,2,White
2036933231.0,48,Texas,30118002,48085,Collin,1163646.0,4.41809596203003,2.3640659131,1,1,4,2.0,1.0,1.0,1.0,1.0,1.0,0.0,1.0,Male,1,Other
2045124465.0,48,Texas,30118002,48113,Dallas,2613911.0,2.86927756647568,2.6894977745,1,2,6,2.0,1.0,1.0,1.0,1.0,1.0,1.0,1.0,Male,2,Other
1998405929.0,48,Texas,30118002,48491,Williamson,674478.0,0.862968384752531,0.6127947758,2,3,1,2.0,1.0,1.0,1.0,1.0,1.0,0.0,1.0,Female,3,White
2037383857.0,48,Texas,30118002,48029,Bexar,2065661.0,5.54267312073827,,1,3,3,,1.0,1.0,1.0,1.0,0.0,0.0,0.0,Male,3,Hispanic
2013416727.0,48,Texas,30118002,48439,Tarrant,2160356.0,1.05252275390778,1.2381386908,2,2,1,2.0,0.0,0.0,0.0,0.0,1.0,1.0,0.0,Female,2,White
2040818843.0,48,Texas,30118002,48439,Tarrant,2160356.0,0.162390116273836,0.5436516407,1,3,1,2.0,1.0,1.0,0.0,0.0,0.0,1.0,1.0,Male,3,White
2031474475.0,48,Texas,30118002,48405,San Augustine,7880.0,0.246607766594907,,2,2,1,2.0,1.0,1.0,1.0,0.0,1.0,1.0,1.0,Female,2,White
1999921213.0,48,Texas,30118002,48307,McCulloch,7505.0,0.785879945068935,0.9106548964,1,3,1,2.0,0.0,0.0,0.0,0.0,0.0,1.0,0.0,Male,3,White
2038881975.0,48,Texas,30118002,48113,Dallas,2613911.0,0.369270029521012,1.3617266838,1,5,1,2.0,0.0,0.0,1.0,0.0,1.0,1.0,0.0,Male,4,White
2011243349.0,48,Texas,30118002,48439,Tarrant,2160356.0,0.790826192050864,0.9664542261,2,2,1,2.0,1.0,0.0,0.0,0.0,1.0,1.0,0.0,Female,2,White
2017281041.0,48,Texas,30118002,48201,Harris,4809691.0,1.27312530414392,,1,6,2,2.0,1.0,1.0,1.0,1.0,0.0,1.0,1.0,Male,4,Black
2021803301.0,48,Texas,30118002,48339,Montgomery,681285.0,0.237057654182728,0.1195112453,2,5,7,2.0,0.0,0.0,0.0,0.0,1.0,1.0,0.0,Female,4,Other
2033202867.0,48,Texas,30118002,48245,Jefferson,252341.0,4.17955108078717,1.5439488553,1,3,2,2.0,0.0,1.0,1.0,1.0,1.0,1.0,1.0,Male,3,Black
2045992799.0,48,Texas,30118002,48091,Comal,184600.0,3.4326260283362,,2,2,1,2.0,0.0,1.0,1.0,1.0,0.0,0.0,1.0,Female,2,White
2020905123.0,48,Texas,30118002,48439,Tarrant,2160356.0,0.507789123059137,,2,4,1,2.0,1.0,1.0,0.0,1.0,1.0,0.0,1.0,Female,3,White
1999344539.0,48,Texas,30118002,48401,Rusk,52569.0,4.43338023466898,,1,1,4,,0.0,1.0,0.0,0.0,1.0,0.0,1.0,Male,1,Other
2034713067.0,48,Texas,30118002,48029,Bexar,2065661.0,0.475458331121015,0.4811851785,2,3,2,2.0,0.0,0.0,1.0,1.0,0.0,1.0,0.0,Female,3,Black
2008040703.0,48,Texas,30118002,48233,Hutchinson,20175.0,0.217418555148781,,2,4,4,1.0,0.0,0.0,1.0,0.0,0.0,1.0,0.0,Female,3,Hispanic
2017655539.0,48,Texas,30118002,48491,Williamson,674478.0,0.564834031683865,,2,2,1,2.0,0.0,1.0,1.0,0.0,0.0,1.0,1.0,Female,2,White
1997744209.0,48,Texas,30118002,48201,Harris,4809691.0,3.35849637937589,,1,3,2,2.0,1.0,1.0,1.0,1.0,1.0,1.0,1.0,Male,3,Black
2029848327.0,48,Texas,30118002,48203,Harrison,69995.0,4.17524806112143,,1,1,2,2.0,1.0,0.0,1.0,0.0,1.0,0.0,0.0,Male,1,Black
2015318327.0,48,Texas,30118002,48167,Galveston,357747.0,1.05057569121484,1.0138379978,2,3,1,2.0,0.0,0.0,0.0,0.0,0.0,1.0,0.0,Female,3,White
2036783505.0,48,Texas,30118002,48113,Dallas,2613911.0,3.08599371747448,,2,1,3,1.0,1.0,0.0,0.0,1.0,0.0,0.0,0.0,Female,1,Hispanic
2038874031.0,48,Texas,30118002,48139,Ellis,212488.0,3.42749085046007,1.6751978645,2,3,1,2.0,0.0,0.0,0.0,0.0,1.0,1.0,0.0,Female,3,White
2037521709.0,48,Texas,30118002,48085,Collin,1163646.0,1.03268898324824,,2,4,1,2.0,1.0,1.0,0.0,0.0,1.0,1.0,1.0,Female,3,White
2017138727.0,48,Texas,30118002,48039,Brazoria,388637.0,1.05057569121484,1.0138379978,2,3,1,2.0,0.0,1.0,0.0,0.0,0.0,0.0,0.0,Female,3,White
2035072445.0,48,Texas,30118002,48201,Harris,4809691.0,1.3752025303034,1.5743972942000002,1,2,1,2.0,0.0,0.0,0.0,0.0,0.0,1.0,0.0,Male,2,White
2037825121.0,48,Texas,30118002,48201,Harris,4809691.0,2.25180203076218,,1,4,1,2.0,0.0,0.0,0.0,0.0,0.0,0.0,0.0,Male,3,White
2021539163.0,48,Texas,30118002,48029,Bexar,2065661.0,9.50083137240926,,1,1,1,1.0,1.0,0.0,0.0,0.0,0.0,1.0,1.0,Male,1,Hispanic
2041469325.0,48,Texas,30118002,48453,Travis,1335984.0,0.699155756299044,0.6734984263,2,5,1,2.0,1.0,1.0,1.0,1.0,1.0,1.0,1.0,Female,4,White
2009709623.0,48,Texas,30118002,48201,Harris,4809691.0,1.80465897510715,,1,5,1,2.0,0.0,0.0,0.0,0.0,0.0,1.0,0.0,Male,4,White
2040251729.0,48,Texas,30118002,48309,McLennan,266125.0,0.136410041112478,,2,2,5,1.0,1.0,1.0,1.0,1.0,0.0,1.0,1.0,Female,2,Hispanic
1999329155.0,48,Texas,30118002,48215,Hidalgo,888619.0,0.572058475063555,0.60165321,1,3,3,1.0,1.0,1.0,1.0,1.0,1.0,1.0,1.0,Male,3,Hispanic
2010215063.0,48,Texas,30118002,48453,Travis,1335984.0,1.66060823911952,1.7147260887,2,5,1,2.0,1.0,1.0,1.0,1.0,1.0,0.0,1.0,Female,4,White
2021604243.0,48,Texas,30118002,48439,Tarrant,2160356.0,1.89182889844912,2.7779931651,2,5,1,2.0,0.0,0.0,0.0,0.0,1.0,1.0,0.0,Female,4,White
1998545529.0,48,Texas,30118002,48061,Cameron,425841.0,1.0112448295637,0.8290770582,2,5,1,2.0,1.0,1.0,1.0,1.0,1.0,0.0,1.0,Female,4,White
1997355257.0,48,Texas,30118002,48303,Lubbock,317940.0,1.9337371180357,2.1897354058,2,5,1,2.0,0.0,1.0,0.0,1.0,1.0,1.0,0.0,Female,4,White
1983209221.0,48,Texas,30118002,48215,Hidalgo,888619.0,0.334082179398555,1.1356022773,3,2,6,1.0,1.0,1.0,1.0,1.0,1.0,1.0,1.0,,2,Hispanic
2018244167.0,48,Texas,30118002,48029,Bexar,2065661.0,0.52846504403688,0.7697429013,2,2,3,1.0,1.0,1.0,1.0,1.0,1.0,1.0,1.0,Female,2,Hispanic
2036885153.0,48,Texas,30118002,48025,Bee,31069.0,4.19309878694176,,1,2,3,,1.0,1.0,0.0,1.0,1.0,0.0,1.0,Male,2,Hispanic
1995708901.0,48,Texas,30118002,48029,Bexar,2065661.0,1.80465897510715,2.4517192036,1,5,1,2.0,0.0,0.0,0.0,0.0,1.0,1.0,0.0,Male,4,White
2038746147.0,48,Texas,30118002,48201,Harris,4809691.0,4.1645570716471,,1,4,3,,0.0,0.0,0.0,0.0,1.0,0.0,1.0,Male,3,Hispanic
2010638851.0,48,Texas,30118002,48113,Dallas,2613911.0,0.335551840117674,0.7625448831,1,5,2,2.0,1.0,1.0,1.0,1.0,1.0,1.0,1.0,Male,4,Black
2009934663.0,48,Texas,30118002,48201,Harris,4809691.0,0.564834031683865,0.6949446538,2,2,1,2.0,0.0,0.0,0.0,0.0,0.0,1.0,0.0,Female,2,White
2039699971.0,48,Texas,30118002,48303,Lubbock,317940.0,0.970316595106135,0.7251446300000001,1,6,1,2.0,1.0,1.0,1.0,1.0,1.0,1.0,1.0,Male,4,White
2023573723.0,48,Texas,30118002,48439,Tarrant,2160356.0,1.57670512651698,,2,2,1,2.0,1.0,1.0,1.0,1.0,1.0,1.0,1.0,Female,2,White
2038711893.0,48,Texas,30118002,48245,Jefferson,252341.0,1.41434633624646,1.7930880868,1,5,2,2.0,0.0,1.0,1.0,1.0,1.0,1.0,1.0,Male,4,Black
1997949645.0,48,Texas,30118002,48113,Dallas,2613911.0,1.13619759565973,,2,2,2,2.0,0.0,1.0,0.0,1.0,0.0,0.0,0.0,Female,2,Black
2015822205.0,48,Texas,30118002,48061,Cameron,425841.0,0.181550223772994,0.7313991826,2,2,3,1.0,0.0,1.0,0.0,1.0,1.0,1.0,1.0,Female,2,Hispanic
2013510943.0,48,Texas,30118002,48363,Palo Pinto,29312.0,4.48403453942263,,2,3,1,2.0,1.0,1.0,1.0,1.0,1.0,0.0,1.0,Female,3,White
2035653659.0,48,Texas,30118002,48215,Hidalgo,888619.0,3.5441550514837,,2,4,3,,1.0,1.0,1.0,1.0,1.0,0.0,1.0,Female,3,Hispanic
2021920829.0,48,Texas,30118002,48459,Upshur,42497.0,0.952557948732081,0.9607449696,1,4,1,2.0,0.0,0.0,0.0,0.0,0.0,1.0,0.0,Male,3,White
2035498361.0,48,Texas,30118002,48141,El Paso,868332.0,0.971359165794939,0.9846938569,1,3,3,,1.0,1.0,1.0,1.0,0.0,1.0,0.0,Male,3,Hispanic
2019895751.0,48,Texas,30118002,48029,Bexar,2065661.0,0.424123639639049,0.4102298602,1,2,1,2.0,1.0,1.0,1.0,1.0,1.0,1.0,1.0,Male,2,White
2015592807.0,48,Texas,30118002,48453,Travis,1335984.0,0.982759042738827,,2,5,3,1.0,1.0,1.0,0.0,1.0,1.0,1.0,1.0,Female,4,Hispanic
2011887901.0,48,Texas,30118002,48309,McLennan,266125.0,0.751746308486579,0.8903037936,2,2,1,2.0,0.0,1.0,1.0,1.0,1.0,1.0,0.0,Female,2,White
2012105041.0,48,Texas,30118002,48085,Collin,1163646.0,3.80804305396127,,2,5,1,2.0,0.0,1.0,1.0,1.0,1.0,1.0,1.0,Female,4,White
2035520763.0,48,Texas,30118002,48245,Jefferson,252341.0,0.900982925546363,0.9445841482,1,2,1,2.0,0.0,0.0,0.0,0.0,0.0,1.0,0.0,Male,2,White
1997578391.0,48,Texas,30118002,48439,Tarrant,2160356.0,0.517289451252632,0.7388156675,2,2,2,2.0,1.0,1.0,1.0,1.0,1.0,1.0,1.0,Female,2,Black
2010949965.0,48,Texas,30118002,48201,Harris,4809691.0,0.676964838496125,0.7373142836000001,1,2,1,2.0,0.0,0.0,0.0,0.0,0.0,1.0,0.0,Male,2,White
2016023023.0,48,Texas,30118002,48201,Harris,4809691.0,2.76121627561382,4.1016753586,2,1,1,2.0,1.0,1.0,0.0,0.0,1.0,1.0,0.0,Female,1,White
2045751579.0,48,Texas,30118002,48085,Collin,1163646.0,4.1645570716471,,1,3,3,,0.0,1.0,0.0,1.0,1.0,1.0,0.0,Male,3,Hispanic
2009258119.0,48,Texas,30118002,48201,Harris,4809691.0,4.04183886993824,2.1897545224,1,2,3,1.0,0.0,0.0,1.0,0.0,0.0,0.0,0.0,Male,2,Hispanic
2031413771.0,48,Texas,30118002,48419,Shelby,24165.0,5.88501067956746,1.2540505667,1,3,1,2.0,1.0,1.0,1.0,1.0,0.0,1.0,0.0,Male,3,White
2018113761.0,48,Texas,30118002,48245,Jefferson,252341.0,2.40494145500748,,1,4,2,2.0,1.0,1.0,1.0,1.0,1.0,0.0,1.0,Male,3,Black
2042348821.0,48,Texas,30118002,48029,Bexar,2065661.0,0.694166185914333,,2,1,3,,0.0,1.0,0.0,1.0,0.0,0.0,0.0,Female,1,Hispanic
2039284465.0,48,Texas,30118002,48339,Montgomery,681285.0,0.667831751673652,0.5439387814000001,1,6,1,2.0,1.0,1.0,1.0,1.0,1.0,1.0,1.0,Male,4,White
2011695837.0,48,Texas,30118002,48029,Bexar,2065661.0,0.699155756299044,0.6734984263,2,5,1,2.0,1.0,1.0,1.0,1.0,1.0,1.0,1.0,Female,4,White
2012701917.0,48,Texas,30118002,48491,Williamson,674478.0,1.27061737959005,,2,6,1,2.0,0.0,0.0,0.0,0.0,0.0,1.0,0.0,Female,4,White
2031460995.0,48,Texas,30118002,48113,Dallas,2613911.0,0.984639333532489,0.6242605908000001,1,6,1,2.0,1.0,1.0,1.0,1.0,1.0,1.0,1.0,Male,4,White
2026580823.0,48,Texas,30118002,48141,El Paso,868332.0,5.58065972902862,,1,2,3,1.0,1.0,1.0,1.0,1.0,1.0,1.0,0.0,Male,2,Hispanic
2024083183.0,48,Texas,30118002,48215,Hidalgo,888619.0,12.6267563151882,,1,3,3,1.0,1.0,1.0,1.0,1.0,1.0,0.0,1.0,Male,3,Hispanic
2038785179.0,48,Texas,30118002,48201,Harris,4809691.0,2.52982266204204,1.2162164119,2,5,1,2.0,0.0,1.0,1.0,1.0,1.0,1.0,1.0,Female,4,White
1995083189.0,48,Texas,30118002,48439,Tarrant,2160356.0,0.168166004599639,0.5433725246000001,2,2,1,2.0,1.0,1.0,1.0,1.0,0.0,1.0,1.0,Female,2,White
1997493657.0,48,Texas,30118002,48201,Harris,4809691.0,0.227070695397093,0.9020019071,2,2,2,2.0,1.0,1.0,0.0,0.0,0.0,0.0,0.0,Female,2,Black
2029365873.0,48,Texas,30118002,48201,Harris,4809691.0,1.02176575592039,,2,3,3,,1.0,1.0,0.0,1.0,0.0,1.0,1.0,Female,3,Hispanic
2021279047.0,48,Texas,30118002,48113,Dallas,2613911.0,1.36685016427456,,2,6,2,2.0,1.0,1.0,1.0,1.0,1.0,1.0,1.0,Female,4,Black
2013536459.0,48,Texas,30118002,48491,Williamson,674478.0,1.80465897510715,2.4517192036,1,5,1,2.0,0.0,0.0,0.0,0.0,0.0,1.0,0.0,Male,4,White
2012324763.0,48,Texas,30118002,48157,Fort Bend,893314.0,1.5625828306135,1.234009907,1,2,2,2.0,1.0,1.0,0.0,0.0,1.0,1.0,1.0,Male,2,Black
2036104427.0,48,Texas,30118002,48201,Harris,4809691.0,1.97036221098385,,1,2,2,2.0,1.0,0.0,0.0,0.0,1.0,1.0,0.0,Male,2,Black
2038782229.0,48,Texas,30118002,48439,Tarrant,2160356.0,5.37934557681581,,1,2,3,,1.0,1.0,0.0,1.0,1.0,1.0,1.0,Male,2,Hispanic
2026742605.0,48,Texas,30118002,48201,Harris,4809691.0,1.01413020619712,0.6546211627,1,5,3,1.0,1.0,1.0,1.0,1.0,1.0,0.0,1.0,Male,4,Hispanic
2014781903.0,48,Texas,30118002,48203,Harrison,69995.0,0.932731288951963,0.9403215819,1,2,1,2.0,1.0,1.0,1.0,1.0,1.0,0.0,1.0,Male,2,White
2013809427.0,48,Texas,30118002,48439,Tarrant,2160356.0,2.18363007874754,,2,3,7,1.0,0.0,0.0,0.0,0.0,0.0,1.0,0.0,Female,3,Hispanic
2026984753.0,48,Texas,30118002,48355,Nueces,351831.0,0.900982925546363,,1,2,1,2.0,0.0,1.0,0.0,1.0,1.0,1.0,0.0,Male,2,White
2032866177.0,48,Texas,30118002,48039,Brazoria,388637.0,3.94503815579032,0.5347575256,2,3,4,2.0,1.0,0.0,1.0,1.0,0.0,0.0,1.0,Female,3,Other
1997909637.0,48,Texas,30118002,48029,Bexar,2065661.0,1.25411099135214,0.7167216128,2,4,3,1.0,0.0,0.0,0.0,0.0,1.0,1.0,0.0,Female,3,Hispanic
1983363895.0,48,Texas,30118002,48029,Bexar,2065661.0,0.504642661179908,0.3640900512,1,6,2,2.0,1.0,1.0,1.0,1.0,1.0,0.0,1.0,Male,4,Black
2036755413.0,48,Texas,30118002,48245,Jefferson,252341.0,5.06818312600466,,2,5,1,2.0,1.0,1.0,1.0,1.0,1.0,1.0,1.0,Female,4,White
2031288833.0,48,Texas,30118002,48141,El Paso,868332.0,1.74550312792485,,2,2,1,2.0,1.0,1.0,1.0,1.0,1.0,1.0,1.0,Female,2,White
2011023675.0,48,Texas,30118002,48113,Dallas,2613911.0,0.53538571808478,0.5211952994,2,3,1,2.0,1.0,1.0,1.0,1.0,1.0,0.0,1.0,Female,3,White
2041381199.0,48,Texas,30118002,48157,Fort Bend,893314.0,5.35306812159804,,1,1,3,,0.0,0.0,0.0,0.0,0.0,0.0,0.0,Male,1,Hispanic
2019956581.0,48,Texas,30118002,48113,Dallas,2613911.0,1.12488993380538,1.0475185935,2,5,3,1.0,1.0,1.0,1.0,1.0,1.0,1.0,1.0,Female,4,Hispanic
2020898391.0,48,Texas,30118002,48453,Travis,1335984.0,0.831183492383324,1.1742421572,2,3,6,1.0,0.0,0.0,0.0,0.0,1.0,1.0,0.0,Female,3,Hispanic
2043492569.0,48,Texas,30118002,48339,Montgomery,681285.0,0.552030074194239,0.2718186052,1,5,7,2.0,0.0,0.0,0.0,0.0,0.0,1.0,0.0,Male,4,Other
1998461557.0,48,Texas,30118002,48029,Bexar,2065661.0,1.62606004171056,,1,2,1,,1.0,0.0,0.0,0.0,1.0,1.0,0.0,Male,2,White
2012095241.0,48,Texas,30118002,48491,Williamson,674478.0,0.796422468587593,0.390525444,2,4,1,2.0,0.0,1.0,1.0,1.0,1.0,0.0,1.0,Female,3,White
2028885833.0,48,Texas,30118002,48201,Harris,4809691.0,0.572706293049119,,2,3,2,2.0,1.0,1.0,1.0,1.0,1.0,0.0,1.0,Female,3,Black
2011807907.0,48,Texas,30118002,48039,Brazoria,388637.0,1.05057569121484,1.0138379978,2,3,1,2.0,1.0,1.0,1.0,1.0,0.0,1.0,0.0,Female,3,White
2032972127.0,48,Texas,30118002,48029,Bexar,2065661.0,0.475458331121015,0.4811851785,2,3,2,2.0,0.0,0.0,1.0,1.0,0.0,0.0,0.0,Female,3,Black
2011283259.0,48,Texas,30118002,48309,McLennan,266125.0,0.633686838598519,0.6803423768,1,4,2,2.0,1.0,1.0,1.0,1.0,1.0,1.0,1.0,Male,3,Black
2012060457.0,48,Texas,30118002,48439,Tarrant,2160356.0,1.05057569121484,1.0138379978,2,3,1,2.0,1.0,1.0,0.0,0.0,0.0,0.0,,Female,3,White
2011358251.0,48,Texas,30118002,48423,Smith,242225.0,0.699155756299044,0.6734984263,2,5,1,2.0,1.0,1.0,1.0,1.0,1.0,1.0,1.0,Female,4,White
2008632089.0,48,Texas,30118002,48085,Collin,1163646.0,0.972644365570082,0.8725295184,1,5,1,2.0,0.0,0.0,0.0,0.0,0.0,1.0,0.0,Male,4,White
2015433809.0,48,Texas,30118002,48251,Johnson,195956.0,1.76028920405741,1.2930314347,1,5,3,1.0,0.0,0.0,0.0,0.0,1.0,1.0,0.0,Male,4,Hispanic
1998088305.0,48,Texas,30118002,48221,Hood,66299.0,1.3752025303034,1.5743972942000002,1,2,1,2.0,0.0,1.0,0.0,0.0,0.0,1.0,0.0,Male,2,White
2015429349.0,48,Texas,30118002,48215,Hidalgo,888619.0,2.43769296626445,,2,6,3,1.0,1.0,0.0,1.0,0.0,0.0,0.0,0.0,Female,4,Hispanic
2013194773.0,48,Texas,30118002,48303,Lubbock,317940.0,2.33462429716844,,2,3,1,1.0,1.0,1.0,1.0,1.0,1.0,0.0,1.0,Female,3,Hispanic
2011647245.0,48,Texas,30118002,48201,Harris,4809691.0,4.82838398695016,2.6974748439000003,1,6,1,2.0,0.0,0.0,0.0,0.0,0.0,1.0,0.0,Male,4,White
2041090533.0,48,Texas,30118002,48041,Brazos,242285.0,0.506452590616101,0.5971913653,1,6,1,2.0,1.0,1.0,1.0,1.0,1.0,0.0,1.0,Male,4,White
2042958363.0,48,Texas,30118002,48113,Dallas,2613911.0,2.61920928989916,,1,1,6,1.0,0.0,0.0,1.0,1.0,0.0,1.0,0.0,Male,1,Hispanic
2000415095.0,48,Texas,30118002,48491,Williamson,674478.0,0.489741062871084,4.0552598902,1,5,4,2.0,1.0,1.0,1.0,1.0,1.0,0.0,1.0,Male,4,Other
2001179301.0,48,Texas,30118002,48277,Lamar,50488.0,1.18393082805452,1.2996751345,1,5,1,2.0,1.0,1.0,1.0,1.0,1.0,0.0,1.0,Male,4,White
2002425563.0,48,Texas,30118002,48049,Brown,38399.0,2.51334154016295,0.4770200514,2,6,3,1.0,1.0,0.0,1.0,0.0,1.0,0.0,0.0,Female,4,Hispanic
2039641925.0,48,Texas,30118002,48041,Brazos,242285.0,2.94368395984349,,1,3,1,2.0,1.0,1.0,1.0,1.0,1.0,0.0,1.0,Male,3,White
2038586461.0,48,Texas,30118002,48029,Bexar,2065661.0,1.78050619117428,,2,5,2,2.0,1.0,1.0,1.0,1.0,1.0,1.0,1.0,Female,4,Black
2022879091.0,48,Texas,30118002,48453,Travis,1335984.0,3.27030925626783,7.1063428731,1,2,3,1.0,1.0,1.0,1.0,1.0,1.0,1.0,1.0,Male,2,Hispanic
2039686405.0,48,Texas,30118002,48201,Harris,4809691.0,1.12488993380538,,2,5,3,1.0,1.0,1.0,1.0,1.0,1.0,1.0,1.0,Female,4,Hispanic
1996960375.0,48,Texas,30118002,48147,Fannin,37219.0,0.369940709386752,0.4255658896,1,3,1,2.0,1.0,1.0,1.0,1.0,1.0,1.0,1.0,Male,3,White
2016883057.0,48,Texas,30118002,48183,Gregg,125614.0,1.9337371180357,2.1897354058,2,5,1,2.0,1.0,1.0,1.0,0.0,1.0,1.0,1.0,Female,4,White
2014841325.0,48,Texas,30118002,48209,Hays,269554.0,0.972644365570082,0.8725295184,1,5,1,2.0,0.0,1.0,1.0,0.0,1.0,1.0,0.0,Male,4,White
2043872287.0,48,Texas,30118002,48309,McLennan,266125.0,1.41736386578942,,2,2,2,2.0,1.0,0.0,1.0,1.0,0.0,0.0,0.0,Female,2,Black
2025723407.0,48,Texas,30118002,48201,Harris,4809691.0,0.891567298790432,,1,4,1,2.0,1.0,1.0,1.0,1.0,1.0,0.0,1.0,Male,3,White
2038131089.0,48,Texas,30118002,48029,Bexar,2065661.0,1.69575605673277,,2,2,3,,1.0,0.0,0.0,0.0,0.0,1.0,1.0,Female,2,Hispanic
2010743835.0,48,Texas,30118002,48007,Aransas,24963.0,1.12488993380538,1.0475185935,2,5,1,1.0,0.0,0.0,0.0,0.0,0.0,1.0,0.0,Female,4,Hispanic
2044273261.0,48,Texas,30118002,48375,Potter,115110.0,1.08142777181451,1.1017412412,1,5,1,2.0,0.0,0.0,0.0,0.0,0.0,1.0,0.0,Male,4,White
2021899197.0,48,Texas,30118002,48085,Collin,1163646.0,9.9789509063458,12.7731321542,2,6,4,2.0,0.0,1.0,0.0,0.0,1.0,1.0,1.0,Female,4,Other
2021521537.0,48,Texas,30118002,48113,Dallas,2613911.0,1.83160958128387,,1,2,6,1.0,1.0,1.0,1.0,1.0,1.0,1.0,1.0,Male,2,Hispanic
2039686677.0,48,Texas,30118002,48355,Nueces,351831.0,5.90687299353035,,2,1,3,1.0,0.0,0.0,0.0,0.0,1.0,0.0,0.0,Female,1,Hispanic
2015676063.0,48,Texas,30118002,48157,Fort Bend,893314.0,1.40699151247141,1.5551437034,2,6,1,2.0,1.0,0.0,0.0,1.0,0.0,1.0,1.0,Female,4,White
2015998451.0,48,Texas,30118002,48029,Bexar,2065661.0,0.124411294419934,0.536345194,2,3,3,1.0,0.0,1.0,1.0,1.0,1.0,1.0,1.0,Female,3,Hispanic
2028888559.0,48,Texas,30118002,48215,Hidalgo,888619.0,2.29859308165542,,2,2,3,,1.0,1.0,1.0,1.0,1.0,1.0,1.0,Female,2,Hispanic
2003169359.0,48,Texas,30118002,48409,San Patricio,70043.0,0.699155756299044,0.6734984263,2,5,1,2.0,1.0,1.0,1.0,1.0,1.0,0.0,1.0,Female,4,White
2014471605.0,48,Texas,30118002,48453,Travis,1335984.0,1.26058764494848,2.0253365299,1,2,2,2.0,1.0,1.0,1.0,1.0,1.0,1.0,1.0,Male,2,Black
2011713951.0,48,Texas,30118002,48029,Bexar,2065661.0,0.429058620719602,0.4064819102,2,5,1,2.0,1.0,1.0,0.0,0.0,0.0,0.0,1.0,Female,4,White
1999559269.0,48,Texas,30118002,48113,Dallas,2613911.0,0.953187126629107,0.9285369934,2,5,1,2.0,1.0,1.0,1.0,1.0,1.0,1.0,1.0,Female,4,White
2036932559.0,48,Texas,30118002,48201,Harris,4809691.0,3.70458411868882,,3,4,4,1.0,1.0,0.0,1.0,1.0,1.0,1.0,0.0,,3,Hispanic
2028972783.0,48,Texas,30118002,48491,Williamson,674478.0,5.58065972902862,,1,2,3,,1.0,0.0,1.0,1.0,1.0,1.0,0.0,Male,2,Hispanic
2015385539.0,48,Texas,30118002,48491,Williamson,674478.0,0.952557948732081,0.9607449696,1,3,1,2.0,0.0,0.0,0.0,0.0,1.0,1.0,0.0,Male,3,White
2016972337.0,48,Texas,30118002,48211,Hemphill,3205.0,1.29450736016703,1.1178103696,1,5,1,2.0,0.0,0.0,0.0,0.0,0.0,1.0,0.0,Male,4,White
2018152563.0,48,Texas,30118002,48029,Bexar,2065661.0,2.52190166699603,0.8192649161000001,1,6,3,1.0,0.0,0.0,0.0,0.0,0.0,1.0,0.0,Male,4,Hispanic
2030939693.0,48,Texas,30118002,48029,Bexar,2065661.0,1.11394416738175,1.1787979666,2,5,3,,1.0,1.0,1.0,1.0,0.0,0.0,0.0,Female,4,Hispanic
2039664521.0,48,Texas,30118002,48339,Montgomery,681285.0,1.11394416738175,1.1787979666,2,5,1,1.0,1.0,1.0,1.0,1.0,1.0,0.0,1.0,Female,4,Hispanic
2015252231.0,48,Texas,30118002,48201,Harris,4809691.0,0.932169480222745,0.8871197343,2,2,3,1.0,1.0,1.0,1.0,1.0,1.0,1.0,1.0,Female,2,Hispanic
2014730563.0,48,Texas,30118002,48339,Montgomery,681285.0,0.715716380008614,0.7499289401,1,3,1,2.0,0.0,0.0,0.0,0.0,0.0,1.0,0.0,Male,3,White
2027076255.0,48,Texas,30118002,48439,Tarrant,2160356.0,4.43820322084076,,2,1,3,,1.0,0.0,0.0,0.0,0.0,1.0,1.0,Female,1,Hispanic
2019541603.0,48,Texas,30118002,48375,Potter,115110.0,5.58065972902862,,1,2,3,1.0,1.0,1.0,1.0,0.0,1.0,1.0,1.0,Male,2,Hispanic
2031501159.0,48,Texas,30118002,48157,Fort Bend,893314.0,5.37523962256283,,1,2,2,2.0,1.0,1.0,1.0,1.0,0.0,1.0,0.0,Male,2,Black
2014892293.0,48,Texas,30118002,48209,Hays,269554.0,0.485434724659928,0.4819572864,1,4,1,2.0,1.0,1.0,1.0,1.0,1.0,0.0,1.0,Male,3,White
2014707605.0,48,Texas,30118002,48121,Denton,980835.0,1.05057569121484,0.6947347041,2,4,1,2.0,1.0,1.0,1.0,1.0,1.0,0.0,1.0,Female,3,White
1998884443.0,48,Texas,30118002,48183,Gregg,125614.0,0.778459034175201,0.9319861151,1,4,1,2.0,1.0,1.0,1.0,0.0,1.0,0.0,1.0,Male,3,White
2009544561.0,48,Texas,30118002,48183,Gregg,125614.0,2.51100076850026,,1,5,1,2.0,0.0,0.0,0.0,0.0,0.0,1.0,0.0,Male,4,White
2034444267.0,48,Texas,30118002,48113,Dallas,2613911.0,2.21177391930114,,1,3,1,2.0,1.0,1.0,1.0,1.0,1.0,0.0,1.0,Male,3,White
2015400199.0,48,Texas,30118002,48355,Nueces,351831.0,0.392223501244386,0.3154818159,2,3,3,1.0,1.0,1.0,0.0,0.0,1.0,0.0,0.0,Female,3,Hispanic
2011843387.0,48,Texas,30118002,48439,Tarrant,2160356.0,1.05057569121484,1.0138379978,2,3,1,2.0,0.0,0.0,0.0,0.0,0.0,1.0,0.0,Female,3,White
2024453879.0,48,Texas,30118002,48113,Dallas,2613911.0,1.23408057299681,1.7647497251000002,2,3,1,2.0,1.0,1.0,1.0,1.0,1.0,0.0,1.0,Female,3,White
2034070417.0,48,Texas,30118002,48491,Williamson,674478.0,1.58114159730237,1.2014895496,1,6,1,2.0,1.0,1.0,1.0,1.0,1.0,0.0,1.0,Male,4,White
2013159861.0,48,Texas,30118002,48085,Collin,1163646.0,1.23397764824963,1.2252171148,2,3,1,2.0,0.0,1.0,0.0,1.0,1.0,0.0,1.0,Female,3,White
2036926609.0,48,Texas,30118002,48157,Fort Bend,893314.0,2.68754625508173,1.9797303739,1,5,4,2.0,1.0,1.0,1.0,1.0,1.0,1.0,1.0,Male,4,Other
2042599033.0,48,Texas,30118002,48201,Harris,4809691.0,5.37934557681581,,1,2,3,1.0,0.0,1.0,0.0,1.0,1.0,0.0,1.0,Male,2,Hispanic
2028061199.0,48,Texas,30118002,48339,Montgomery,681285.0,0.811660400006749,,1,2,1,2.0,0.0,1.0,1.0,1.0,1.0,1.0,0.0,Male,2,White
2031279465.0,48,Texas,30118002,48231,Hunt,108546.0,4.48403453942263,0.9304334809,2,3,1,2.0,1.0,1.0,1.0,1.0,1.0,1.0,1.0,Female,3,White
1996906531.0,48,Texas,30118002,48029,Bexar,2065661.0,1.76309770021692,2.2758610176,1,2,5,1.0,1.0,1.0,1.0,1.0,1.0,1.0,1.0,Male,2,Hispanic
2043493937.0,48,Texas,30118002,48141,El Paso,868332.0,1.01413020619712,0.6546211627,1,5,4,1.0,1.0,1.0,1.0,1.0,1.0,0.0,1.0,Male,4,Hispanic
2014340149.0,48,Texas,30118002,48315,Marion,9673.0,12.6585233930081,8.5927699972,1,1,1,2.0,0.0,0.0,0.0,0.0,0.0,1.0,0.0,Male,1,White
2042331245.0,48,Texas,30118002,48139,Ellis,212488.0,1.01744080234455,,2,6,1,2.0,0.0,0.0,0.0,0.0,0.0,1.0,0.0,Female,4,White
2026624391.0,48,Texas,30118002,48201,Harris,4809691.0,2.43771738967996,,1,2,3,,1.0,1.0,0.0,1.0,1.0,1.0,1.0,Male,2,Hispanic
1983144563.0,48,Texas,30118002,48201,Harris,4809691.0,1.17406623762778,0.9632314203,1,2,2,2.0,1.0,1.0,1.0,1.0,1.0,0.0,1.0,Male,2,Black
1994891025.0,48,Texas,30118002,48355,Nueces,351831.0,0.81254434033552,0.8599864348,1,5,1,2.0,0.0,0.0,0.0,0.0,0.0,1.0,0.0,Male,4,White
2030256945.0,48,Texas,30118002,48029,Bexar,2065661.0,0.501783775358654,0.42458243,1,6,1,2.0,1.0,1.0,1.0,1.0,1.0,0.0,1.0,Male,4,White
1993666633.0,48,Texas,30118002,48453,Travis,1335984.0,0.825718778452226,,1,2,1,2.0,0.0,0.0,0.0,0.0,0.0,1.0,0.0,Male,2,White
2034686507.0,48,Texas,30118002,48029,Bexar,2065661.0,1.50765670994177,,1,2,3,,1.0,1.0,1.0,1.0,0.0,1.0,1.0,Male,2,Hispanic
2039117799.0,48,Texas,30118002,48201,Harris,4809691.0,2.19934354637596,3.770352515,2,5,2,2.0,0.0,1.0,0.0,0.0,0.0,0.0,1.0,Female,4,Black
2020917515.0,48,Texas,30118002,48029,Bexar,2065661.0,2.67931199186711,4.5135602808,2,2,4,2.0,0.0,1.0,1.0,1.0,1.0,1.0,0.0,Female,2,Other
2018184509.0,48,Texas,30118002,48477,Washington,36371.0,0.676964838496125,0.7373142836000001,1,2,1,2.0,0.0,0.0,0.0,0.0,0.0,1.0,0.0,Male,2,White
1982863467.0,48,Texas,30118002,48491,Williamson,674478.0,3.01582053282331,,2,2,1,2.0,0.0,0.0,0.0,0.0,1.0,1.0,1.0,Female,2,White
2036351879.0,48,Texas,30118002,48201,Harris,4809691.0,1.62407104913371,4.5594209059,1,6,4,2.0,1.0,1.0,1.0,1.0,1.0,1.0,1.0,Male,4,Other
2013724331.0,48,Texas,30118002,48473,Waller,62110.0,0.633318618543433,0.5744016947,1,6,1,2.0,1.0,1.0,1.0,1.0,1.0,1.0,1.0,Male,4,White
2039410013.0,48,Texas,30118002,48439,Tarrant,2160356.0,1.28167520310644,1.1892830026,2,6,1,2.0,0.0,0.0,0.0,0.0,1.0,1.0,0.0,Female,4,White
2014795903.0,48,Texas,30118002,48339,Montgomery,681285.0,1.37193805723519,1.5437551991,2,5,1,2.0,0.0,0.0,0.0,0.0,1.0,1.0,0.0,Female,4,White
2024755871.0,48,Texas,30118002,48113,Dallas,2613911.0,1.25476924883493,,1,3,1,2.0,0.0,1.0,1.0,1.0,1.0,1.0,1.0,Male,3,White
2012911065.0,48,Texas,30118002,48453,Travis,1335984.0,0.891720748101041,0.7163294075000001,2,5,5,1.0,1.0,1.0,1.0,1.0,1.0,0.0,1.0,Female,4,Hispanic
2009752597.0,48,Texas,30118002,48201,Harris,4809691.0,0.889561299198305,1.0144877433,1,5,1,2.0,1.0,1.0,1.0,1.0,1.0,0.0,1.0,Male,4,White
2036122203.0,48,Texas,30118002,48165,Gaines,22107.0,1.79911658808779,,1,2,1,2.0,1.0,0.0,1.0,0.0,0.0,1.0,1.0,Male,2,White
2022390813.0,48,Texas,30118002,48201,Harris,4809691.0,5.93905092708002,,2,2,2,2.0,0.0,1.0,0.0,1.0,1.0,1.0,0.0,Female,2,Black
2044260677.0,48,Texas,30118002,48029,Bexar,2065661.0,1.97697247761403,,2,1,3,,0.0,0.0,0.0,0.0,0.0,0.0,0.0,Female,1,Hispanic
2044081887.0,48,Texas,30118002,48113,Dallas,2613911.0,2.44660404713014,,1,2,1,2.0,1.0,1.0,1.0,1.0,1.0,0.0,1.0,Male,2,White
2039084595.0,48,Texas,30118002,48113,Dallas,2613911.0,0.699155756299044,0.6734984263,2,5,1,2.0,1.0,1.0,1.0,1.0,1.0,0.0,1.0,Female,4,White
2010899151.0,48,Texas,30118002,48201,Harris,4809691.0,0.762853534447932,0.6298651415000001,2,5,2,2.0,1.0,1.0,1.0,1.0,1.0,0.0,1.0,Female,4,Black
2027512633.0,48,Texas,30118002,48201,Harris,4809691.0,0.900985967600138,,2,3,2,2.0,0.0,1.0,1.0,1.0,0.0,0.0,1.0,Female,3,Black
2039353059.0,48,Texas,30118002,48439,Tarrant,2160356.0,0.699155756299044,0.6734984263,2,5,1,2.0,1.0,1.0,1.0,1.0,1.0,0.0,1.0,Female,4,White
2015189105.0,48,Texas,30118002,48423,Smith,242225.0,1.05057569121484,1.0138379978,2,3,1,2.0,0.0,1.0,0.0,0.0,0.0,1.0,1.0,Female,3,White
1999135639.0,48,Texas,30118002,48381,Randall,146088.0,1.32177522696847,6.7978042212,1,2,1,2.0,0.0,1.0,1.0,0.0,0.0,0.0,1.0,Male,2,White
2036241309.0,48,Texas,30118002,48201,Harris,4809691.0,1.34824919973156,1.8654466473,1,3,2,2.0,0.0,0.0,0.0,0.0,0.0,1.0,0.0,Male,3,Black
2019602863.0,48,Texas,30118002,48021,Bastrop,106581.0,2.58160956283137,,1,2,1,2.0,0.0,0.0,0.0,0.0,1.0,1.0,0.0,Male,2,White
2024662167.0,48,Texas,30118002,48491,Williamson,674478.0,2.98148303711974,,1,2,3,,1.0,1.0,0.0,0.0,1.0,1.0,1.0,Male,2,Hispanic
2043479843.0,48,Texas,30118002,48157,Fort Bend,893314.0,4.32381709230785,,1,5,3,,1.0,1.0,0.0,1.0,1.0,1.0,1.0,Male,4,Hispanic
2028980681.0,48,Texas,30118002,48453,Travis,1335984.0,2.09846112653212,,2,2,1,2.0,1.0,1.0,1.0,1.0,1.0,1.0,1.0,Female,2,White
2015179347.0,37,North Carolina,10705768,37027,Caldwell,80298.0,1.26841373240736,1.1607572996,2,2,1,2.0,1.0,1.0,1.0,0.0,1.0,1.0,1.0,Female,2,White
2013809683.0,37,North Carolina,10705768,37179,Union,249615.0,0.96764930971294,,1,4,1,2.0,0.0,0.0,0.0,0.0,0.0,1.0,0.0,Male,3,White
2012275415.0,37,North Carolina,10705768,37101,Johnston,234667.0,1.52862101959273,1.3910855703,1,5,1,2.0,1.0,0.0,0.0,0.0,1.0,1.0,0.0,Male,4,White
1999238965.0,37,North Carolina,10705768,37047,Columbus,50037.0,2.75358974399115,,2,4,1,2.0,0.0,0.0,1.0,0.0,1.0,1.0,1.0,Female,3,White
2035419763.0,37,North Carolina,10705768,37063,Durham,331135.0,2.52496162157894,,1,3,1,2.0,1.0,1.0,0.0,1.0,1.0,0.0,1.0,Male,3,White
2037481589.0,37,North Carolina,10705768,37053,Currituck,30994.0,5.2698168315529,,1,3,1,2.0,1.0,1.0,1.0,1.0,0.0,1.0,0.0,Male,3,White
2011105443.0,37,North Carolina,10705768,37119,Mecklenburg,1148324.0,1.78694445423735,,2,5,2,2.0,1.0,1.0,1.0,1.0,1.0,0.0,1.0,Female,4,Black
2012167225.0,37,North Carolina,10705768,37183,Wake,1173034.0,0.986695226784882,0.9281590409,1,2,1,2.0,1.0,1.0,1.0,1.0,0.0,1.0,0.0,Male,2,White
2038842219.0,37,North Carolina,10705768,37161,Rutherford,64856.0,1.01857785530119,2.1200763724,2,2,1,2.0,0.0,0.0,0.0,0.0,1.0,1.0,0.0,Female,2,White
1993693865.0,37,North Carolina,10705768,37045,Cleveland,100773.0,3.7395444411783,,2,3,1,2.0,1.0,1.0,1.0,1.0,1.0,0.0,1.0,Female,3,White
2018780895.0,37,North Carolina,10705768,37025,Cabarrus,236041.0,1.17901001796369,1.1097377918,2,2,2,2.0,1.0,1.0,1.0,1.0,1.0,1.0,1.0,Female,2,Black
2014014251.0,37,North Carolina,10705768,37183,Wake,1173034.0,3.82928458820968,,1,3,2,2.0,1.0,1.0,1.0,1.0,1.0,1.0,1.0,Male,3,Black
2031058075.0,37,North Carolina,10705768,37051,Cumberland,338521.0,6.22040899095229,1.0595128375,1,2,1,2.0,1.0,1.0,0.0,0.0,1.0,1.0,1.0,Male,2,White
2002398359.0,37,North Carolina,10705768,37101,Johnston,234667.0,1.99199265875063,,2,4,1,2.0,0.0,1.0,1.0,1.0,1.0,1.0,0.0,Female,3,White
2030453459.0,37,North Carolina,10705768,37031,Carteret,69335.0,2.58838511487101,2.2514141828,1,3,1,2.0,1.0,0.0,0.0,0.0,1.0,1.0,0.0,Male,3,White
2014291243.0,37,North Carolina,10705768,37099,Jackson,43920.0,0.913239914754482,1.4537171237,2,2,1,2.0,1.0,1.0,1.0,1.0,1.0,1.0,0.0,Female,2,White
2026743705.0,37,North Carolina,10705768,37157,Rockingham,92013.0,3.00559389554312,2.2732710958,2,1,2,2.0,1.0,1.0,1.0,1.0,1.0,1.0,1.0,Female,1,Black
1995872433.0,37,North Carolina,10705768,37013,Beaufort,44358.0,1.17901001796369,1.1097377918,2,2,2,2.0,1.0,1.0,1.0,1.0,1.0,1.0,1.0,Female,2,Black
2015860883.0,37,North Carolina,10705768,37129,New Hanover,236065.0,0.673196244916413,0.7781403519000001,2,2,2,2.0,1.0,1.0,1.0,1.0,0.0,0.0,0.0,Female,2,Black
2018846145.0,37,North Carolina,10705768,37035,Catawba,163274.0,3.40469927555943,,1,2,1,2.0,1.0,1.0,1.0,0.0,1.0,1.0,0.0,Male,2,White
2010695623.0,37,North Carolina,10705768,37063,Durham,331135.0,0.962523066240718,0.7903928406,2,6,1,2.0,1.0,1.0,1.0,1.0,1.0,0.0,1.0,Female,4,White
1999592379.0,37,North Carolina,10705768,37085,Harnett,138514.0,1.01464823111377,1.022353241,2,4,1,2.0,0.0,0.0,0.0,1.0,1.0,1.0,0.0,Female,3,White
2007979135.0,37,North Carolina,10705768,37107,Lenoir,54540.0,0.96764930971294,0.7134961230000001,1,3,1,2.0,1.0,1.0,1.0,1.0,0.0,0.0,1.0,Male,3,White
2013551069.0,37,North Carolina,10705768,37199,Yancey,18772.0,1.66972701660836,1.8290362354,1,2,1,2.0,0.0,0.0,0.0,0.0,0.0,1.0,0.0,Male,2,White
1998860527.0,37,North Carolina,10705768,37175,Transylvania,33637.0,1.23440368756675,1.0085262775,1,6,1,2.0,0.0,0.0,0.0,0.0,0.0,1.0,0.0,Male,4,White
2042330265.0,37,North Carolina,10705768,37183,Wake,1173034.0,1.49812180286049,1.4672221181,2,6,1,2.0,0.0,0.0,0.0,0.0,0.0,1.0,0.0,Female,4,White
2014528765.0,37,North Carolina,10705768,37049,Craven,102413.0,0.467501685521684,0.5027652591,2,6,6,2.0,1.0,1.0,1.0,1.0,1.0,0.0,1.0,Female,4,Other
2036104077.0,37,North Carolina,10705768,37081,Guilford,546589.0,0.517541241196521,,2,2,2,2.0,1.0,1.0,0.0,0.0,1.0,1.0,1.0,Female,2,Black
2036915883.0,37,North Carolina,10705768,37051,Cumberland,338521.0,2.67622591872558,,2,4,2,2.0,1.0,1.0,1.0,1.0,0.0,0.0,0.0,Female,3,Black
1997950007.0,37,North Carolina,10705768,37141,Pender,65638.0,0.177091545073732,0.5694335893,2,3,1,2.0,0.0,0.0,0.0,0.0,0.0,1.0,0.0,Female,3,White
2029271883.0,37,North Carolina,10705768,37081,Guilford,546589.0,3.5641737600032,,1,2,2,2.0,0.0,1.0,0.0,1.0,0.0,0.0,0.0,Male,2,Black
2038674209.0,37,North Carolina,10705768,37081,Guilford,546589.0,0.680280977455904,0.6372515927,2,6,1,2.0,1.0,1.0,1.0,1.0,1.0,0.0,1.0,Female,4,White
2028875199.0,37,North Carolina,10705768,37195,Wilson,79357.0,1.13779252137489,0.9671599243,1,3,1,2.0,0.0,0.0,0.0,0.0,1.0,1.0,0.0,Male,3,White
2014936103.0,37,North Carolina,10705768,37135,Orange,150554.0,0.730277388097717,0.5976246856,1,5,1,2.0,1.0,1.0,1.0,1.0,1.0,0.0,1.0,Male,4,White
2015056043.0,37,North Carolina,10705768,37183,Wake,1173034.0,0.564476343826844,0.5773500677,1,6,1,2.0,1.0,1.0,1.0,1.0,1.0,0.0,1.0,Male,4,White
1995449811.0,37,North Carolina,10705768,37069,Franklin,74294.0,1.5777709424728,1.7535617595000002,1,5,1,2.0,1.0,1.0,1.0,1.0,1.0,0.0,1.0,Male,4,White
2019673951.0,37,North Carolina,10705768,37081,Guilford,546589.0,1.31320786767327,1.1890781671,1,2,1,2.0,1.0,0.0,1.0,0.0,0.0,1.0,1.0,Male,2,White
2045755227.0,37,North Carolina,10705768,37151,Randolph,146192.0,1.5561805400059,,1,1,1,2.0,1.0,0.0,0.0,0.0,0.0,0.0,0.0,Male,1,White
2042374895.0,37,North Carolina,10705768,37119,Mecklenburg,1148324.0,0.280410869413332,0.0326892185,2,5,1,2.0,1.0,1.0,1.0,1.0,1.0,0.0,1.0,Female,4,White
2030917127.0,37,North Carolina,10705768,37005,Alleghany,11200.0,1.50417007055362,1.4595434437,2,5,1,2.0,1.0,0.0,1.0,0.0,1.0,1.0,0.0,Female,4,White
2008633511.0,37,North Carolina,10705768,37119,Mecklenburg,1148324.0,1.52862101959273,1.3910855703,1,5,1,2.0,0.0,0.0,0.0,0.0,1.0,0.0,0.0,Male,4,White
2039484803.0,37,North Carolina,10705768,37161,Rutherford,64856.0,1.18156527683849,,1,6,1,2.0,0.0,0.0,0.0,0.0,0.0,1.0,0.0,Male,4,White
1996073283.0,37,North Carolina,10705768,37119,Mecklenburg,1148324.0,2.28674514039225,1.9859475618,2,3,1,2.0,1.0,1.0,1.0,1.0,1.0,0.0,1.0,Female,3,White
2042329147.0,37,North Carolina,10705768,37125,Moore,105484.0,1.49812180286049,,2,6,1,2.0,0.0,0.0,0.0,0.0,1.0,1.0,0.0,Female,4,White
1999230839.0,37,North Carolina,10705768,37097,Iredell,196005.0,1.23557542452611,1.123750661,2,3,1,2.0,0.0,0.0,0.0,0.0,1.0,1.0,0.0,Female,3,White
1997481425.0,37,North Carolina,10705768,37067,Forsyth,389389.0,1.0307654294503,0.7766607911000001,2,3,3,1.0,0.0,0.0,0.0,0.0,0.0,1.0,0.0,Female,3,Hispanic
2037481125.0,37,North Carolina,10705768,37023,Burke,87801.0,3.22051093966371,,1,2,1,2.0,1.0,1.0,1.0,1.0,1.0,0.0,1.0,Male,2,White
2001224501.0,37,North Carolina,10705768,37129,New Hanover,236065.0,2.71482766945298,,2,5,1,2.0,1.0,0.0,0.0,0.0,0.0,1.0,0.0,Female,4,White
2041227001.0,37,North Carolina,10705768,37127,Nash,96364.0,1.84907743873373,,2,5,2,2.0,1.0,1.0,1.0,1.0,0.0,1.0,1.0,Female,4,Black
2021834743.0,37,North Carolina,10705768,37147,Pitt,177028.0,5.12543730152837,2.7220850757,1,2,2,2.0,0.0,0.0,0.0,0.0,0.0,1.0,0.0,Male,2,Black
2014581565.0,37,North Carolina,10705768,37063,Durham,331135.0,0.379335078022057,,2,3,2,2.0,1.0,1.0,1.0,0.0,1.0,0.0,1.0,Female,3,Black
2015449435.0,37,North Carolina,10705768,37127,Nash,96364.0,1.25457036762983,1.4276912696,1,2,1,2.0,1.0,1.0,0.0,1.0,1.0,0.0,1.0,Male,2,White
1996882813.0,37,North Carolina,10705768,37119,Mecklenburg,1148324.0,1.62370979395698,,2,5,1,2.0,1.0,0.0,1.0,1.0,1.0,1.0,0.0,Female,4,White
2043920607.0,37,North Carolina,10705768,37027,Caldwell,80298.0,4.28622758992656,,1,2,1,2.0,0.0,0.0,0.0,0.0,0.0,0.0,0.0,Male,2,White
2012396339.0,37,North Carolina,10705768,37139,Pasquotank,40954.0,1.02650845462599,0.5307057245,1,3,2,2.0,0.0,1.0,1.0,0.0,0.0,1.0,1.0,Male,3,Black
2009741947.0,37,North Carolina,10705768,37089,Henderson,118337.0,1.1854780162535,1.3687781391,1,5,1,2.0,1.0,1.0,1.0,1.0,1.0,1.0,1.0,Male,4,White
2012369087.0,37,North Carolina,10705768,37081,Guilford,546589.0,3.19167669454516,,2,2,1,2.0,1.0,1.0,1.0,1.0,1.0,0.0,1.0,Female,2,White
2036916743.0,37,North Carolina,10705768,37155,Robeson,116281.0,1.86216503970351,,2,2,1,2.0,1.0,1.0,0.0,0.0,0.0,0.0,0.0,Female,2,White
1998294247.0,37,North Carolina,10705768,37119,Mecklenburg,1148324.0,0.895967246332968,0.9968870233,2,2,2,2.0,0.0,1.0,1.0,1.0,1.0,1.0,1.0,Female,2,Black
2038780113.0,37,North Carolina,10705768,37047,Columbus,50037.0,1.09702357212027,1.7609797769000002,1,3,1,2.0,0.0,0.0,0.0,0.0,0.0,1.0,0.0,Male,3,White
2031560933.0,37,North Carolina,10705768,37129,New Hanover,236065.0,0.564476343826844,0.5773500677,1,6,1,2.0,1.0,1.0,1.0,1.0,0.0,1.0,1.0,Male,4,White
2036807555.0,37,North Carolina,10705768,37081,Guilford,546589.0,2.04739819204189,2.8185864618,2,5,2,2.0,0.0,0.0,1.0,0.0,1.0,1.0,0.0,Female,4,Black
2044065557.0,37,North Carolina,10705768,37147,Pitt,177028.0,1.01464823111377,,2,4,1,2.0,0.0,0.0,0.0,0.0,0.0,1.0,0.0,Female,3,White
2037704349.0,37,North Carolina,10705768,37169,Stokes,45133.0,0.887783912578084,0.9582010918,1,6,1,2.0,0.0,0.0,0.0,0.0,0.0,1.0,0.0,Male,4,White
2042331867.0,37,North Carolina,10705768,37133,Onslow,206682.0,0.856687295632378,0.7755940723,1,5,1,2.0,1.0,0.0,1.0,0.0,0.0,1.0,0.0,Male,4,White
1999530617.0,37,North Carolina,10705768,37179,Union,249615.0,0.232154287706173,0.4331892291,2,5,6,2.0,1.0,1.0,1.0,1.0,0.0,1.0,1.0,Female,4,Other
2035419141.0,37,North Carolina,10705768,37067,Forsyth,389389.0,1.30861279841494,3.4082718015,1,3,3,,1.0,1.0,1.0,1.0,1.0,1.0,1.0,Male,3,Hispanic
2020618877.0,37,North Carolina,10705768,37057,Davidson,172376.0,0.22138122105787,,1,2,1,2.0,1.0,1.0,1.0,1.0,1.0,1.0,1.0,Male,2,White
2019267563.0,37,North Carolina,10705768,37143,Perquimans,13243.0,2.85407660655722,,2,5,2,2.0,0.0,1.0,1.0,0.0,0.0,1.0,0.0,Female,4,Black
2039823319.0,37,North Carolina,10705768,37193,Wilkes,65807.0,1.66972701660836,,1,2,1,2.0,1.0,1.0,1.0,0.0,1.0,1.0,1.0,Male,2,White
2044024585.0,37,North Carolina,10705768,37021,Buncombe,274019.0,2.44284430105967,1.667750145,2,2,1,2.0,0.0,0.0,0.0,0.0,1.0,1.0,0.0,Female,2,White
2031444131.0,37,North Carolina,10705768,37159,Rowan,149498.0,2.55930020893533,4.0140180189,1,4,2,2.0,1.0,1.0,0.0,0.0,1.0,1.0,1.0,Male,3,Black
2009992193.0,37,North Carolina,10705768,37053,Currituck,30994.0,5.03082739902254,,2,3,1,2.0,0.0,1.0,0.0,1.0,0.0,0.0,0.0,Female,3,White
2015071775.0,37,North Carolina,10705768,37087,Haywood,62588.0,0.615256862300136,0.6235282868,1,3,1,2.0,1.0,1.0,1.0,1.0,1.0,1.0,1.0,Male,3,White
2014489755.0,37,North Carolina,10705768,37197,Yadkin,37531.0,1.26841373240736,1.1607572996,2,2,1,2.0,0.0,1.0,0.0,0.0,0.0,1.0,0.0,Female,2,White
2013910781.0,37,North Carolina,10705768,37127,Nash,96364.0,0.96764930971294,0.9614344911,1,3,1,2.0,0.0,0.0,0.0,0.0,0.0,1.0,0.0,Male,3,White
2014365645.0,37,North Carolina,10705768,37097,Iredell,196005.0,1.99787278903504,2.0365019997,2,6,2,2.0,0.0,0.0,0.0,0.0,0.0,1.0,0.0,Female,4,Black
1998687553.0,37,North Carolina,10705768,37183,Wake,1173034.0,0.919767419364351,0.6716918164,1,6,4,2.0,1.0,1.0,1.0,1.0,1.0,0.0,1.0,Male,4,Other
1998424765.0,37,North Carolina,10705768,37031,Carteret,69335.0,0.708400951996808,1.17462684,2,3,1,2.0,1.0,1.0,1.0,0.0,1.0,1.0,1.0,Female,3,White
2034713189.0,37,North Carolina,10705768,37071,Gaston,234245.0,0.775120627748919,,2,4,1,1.0,1.0,1.0,1.0,1.0,1.0,1.0,1.0,Female,3,Hispanic
2015451319.0,37,North Carolina,10705768,37091,Hertford,19492.0,1.17901001796369,1.1097377918,2,2,2,2.0,1.0,1.0,1.0,1.0,1.0,0.0,1.0,Female,2,Black
2042293307.0,37,North Carolina,10705768,37189,Watauga,55363.0,3.72501763817844,2.4380813983,1,5,1,2.0,1.0,1.0,1.0,1.0,1.0,1.0,1.0,Male,4,White
2026743957.0,37,North Carolina,10705768,37119,Mecklenburg,1148324.0,0.636438744361168,0.7344390904,1,5,2,2.0,0.0,1.0,1.0,1.0,1.0,1.0,1.0,Male,4,Black
1995503413.0,37,North Carolina,10705768,37063,Durham,331135.0,0.718596287961104,0.6425740809,2,5,1,2.0,1.0,1.0,1.0,1.0,1.0,0.0,1.0,Female,4,White
2001282247.0,37,North Carolina,10705768,37001,Alamance,176470.0,1.35041095147596,1.3097517391,2,3,1,2.0,0.0,1.0,0.0,0.0,1.0,1.0,0.0,Female,3,White
2010278881.0,37,North Carolina,10705768,37071,Gaston,234245.0,1.35041095147596,1.3097517391,2,4,1,2.0,0.0,0.0,0.0,0.0,0.0,1.0,0.0,Female,3,White
2010417415.0,37,North Carolina,10705768,37063,Durham,331135.0,0.367847747491034,0.9449053457,2,5,1,1.0,1.0,1.0,0.0,0.0,1.0,0.0,1.0,Female,4,Hispanic
2018624795.0,37,North Carolina,10705768,37119,Mecklenburg,1148324.0,0.806607402522068,,1,5,2,2.0,0.0,0.0,1.0,0.0,1.0,0.0,1.0,Male,4,Black
2042327731.0,37,North Carolina,10705768,37089,Henderson,118337.0,0.724990257262142,0.5660858906,1,6,1,2.0,1.0,1.0,1.0,1.0,0.0,0.0,1.0,Male,4,White
2044601697.0,37,North Carolina,10705768,37025,Cabarrus,236041.0,0.809311459191226,0.5362581003,1,4,1,2.0,1.0,1.0,1.0,1.0,1.0,0.0,1.0,Male,3,White
2010947743.0,37,North Carolina,10705768,37183,Wake,1173034.0,1.08718344762301,1.6678475638,2,5,2,2.0,0.0,1.0,1.0,1.0,0.0,1.0,0.0,Female,4,Black
1997244567.0,37,North Carolina,10705768,37183,Wake,1173034.0,0.661106817525266,0.6587709906,2,6,1,2.0,1.0,1.0,1.0,1.0,1.0,1.0,1.0,Female,4,White
2000830705.0,37,North Carolina,10705768,37063,Durham,331135.0,0.892548747118265,,2,5,1,2.0,1.0,1.0,1.0,1.0,1.0,0.0,1.0,Female,4,White
2010056203.0,37,North Carolina,10705768,37175,Transylvania,33637.0,0.928365115473053,0.8771663332,2,3,1,2.0,0.0,0.0,0.0,0.0,0.0,1.0,0.0,Female,3,White
2021422697.0,37,North Carolina,10705768,37151,Randolph,146192.0,1.13779252137489,0.9671599243,1,4,1,2.0,0.0,0.0,0.0,0.0,0.0,1.0,0.0,Male,3,White
2041092699.0,37,North Carolina,10705768,37127,Nash,96364.0,0.284117837596767,,2,2,2,2.0,1.0,1.0,1.0,1.0,1.0,0.0,1.0,Female,2,Black
2019892673.0,37,North Carolina,10705768,37157,Rockingham,92013.0,0.953038590586729,0.9060526143,2,2,1,2.0,0.0,0.0,0.0,0.0,0.0,1.0,0.0,Female,2,White
2028440499.0,37,North Carolina,10705768,37183,Wake,1173034.0,0.705886654541203,0.8225905739,1,3,1,2.0,1.0,1.0,1.0,1.0,1.0,1.0,1.0,Male,3,White
2009751057.0,37,North Carolina,10705768,37051,Cumberland,338521.0,1.25457036762983,1.4276912696,1,2,1,2.0,0.0,0.0,0.0,0.0,0.0,1.0,0.0,Male,2,White
2035419275.0,37,North Carolina,10705768,37195,Wilson,79357.0,3.16528617742735,,2,2,1,2.0,1.0,1.0,0.0,0.0,1.0,1.0,1.0,Female,2,White
2027048939.0,37,North Carolina,10705768,37183,Wake,1173034.0,0.22194580183688,0.6362262084,2,5,1,2.0,0.0,1.0,0.0,1.0,1.0,1.0,0.0,Female,4,White
2036876139.0,37,North Carolina,10705768,37099,Jackson,43920.0,0.385983066189749,0.0407668294,1,5,1,2.0,1.0,1.0,1.0,1.0,1.0,0.0,1.0,Male,4,White
2042640727.0,37,North Carolina,10705768,37119,Mecklenburg,1148324.0,0.892548747118265,,2,5,1,2.0,1.0,1.0,0.0,1.0,0.0,1.0,1.0,Female,4,White
2013024735.0,37,North Carolina,10705768,37081,Guilford,546589.0,4.5396262816785,,1,6,2,2.0,1.0,1.0,1.0,0.0,1.0,0.0,1.0,Male,4,Black
1998573601.0,37,North Carolina,10705768,37145,Person,39402.0,1.09864630831131,1.6739498081000002,2,3,1,2.0,1.0,1.0,1.0,1.0,1.0,0.0,1.0,Female,3,White
2011192269.0,37,North Carolina,10705768,37101,Johnston,234667.0,12.0956269350715,,2,5,4,2.0,0.0,0.0,0.0,0.0,1.0,1.0,0.0,Female,4,Other
2015000811.0,37,North Carolina,10705768,37071,Gaston,234245.0,1.01980183904915,1.1752566666,1,4,2,2.0,1.0,1.0,1.0,1.0,1.0,1.0,1.0,Male,3,Black
2042329249.0,37,North Carolina,10705768,37071,Gaston,234245.0,1.1401783106076,0.9936249472,1,5,1,2.0,0.0,0.0,0.0,0.0,0.0,1.0,0.0,Male,4,White
2014292051.0,37,North Carolina,10705768,37165,Scotland,33448.0,0.502234763306466,,1,2,1,2.0,0.0,0.0,0.0,0.0,1.0,0.0,0.0,Male,2,White
2026760199.0,37,North Carolina,10705768,37081,Guilford,546589.0,0.57950606718956,0.5211287655,1,2,1,2.0,1.0,1.0,1.0,1.0,1.0,0.0,1.0,Male,2,White
2020039881.0,37,North Carolina,10705768,37139,Pasquotank,40954.0,0.880280213453705,0.7136005052000001,2,6,2,2.0,1.0,1.0,1.0,1.0,1.0,0.0,1.0,Female,4,Black
2008975449.0,37,North Carolina,10705768,37055,Dare,38000.0,1.79453223649078,,2,1,1,2.0,1.0,0.0,1.0,1.0,0.0,0.0,0.0,Female,1,White
2013147233.0,37,North Carolina,10705768,37081,Guilford,546589.0,6.17484640168437,4.2607271558,1,6,1,2.0,1.0,1.0,1.0,1.0,1.0,0.0,1.0,Male,4,White
2029385069.0,37,North Carolina,10705768,37057,Davidson,172376.0,0.25665603498731,0.3080043982,2,4,3,,1.0,1.0,1.0,1.0,1.0,1.0,1.0,Female,3,Hispanic
2030539747.0,37,North Carolina,10705768,37159,Rowan,149498.0,1.76149982022251,,2,2,1,2.0,1.0,1.0,1.0,1.0,1.0,0.0,1.0,Female,2,White
2015249903.0,37,North Carolina,10705768,37183,Wake,1173034.0,1.13017707662501,1.1392761892,2,5,1,2.0,0.0,0.0,0.0,0.0,1.0,0.0,0.0,Female,4,White
2011123593.0,37,North Carolina,10705768,37097,Iredell,196005.0,0.96764930971294,0.7134961230000001,1,4,1,2.0,0.0,1.0,0.0,1.0,1.0,1.0,0.0,Male,3,White
2032667695.0,37,North Carolina,10705768,37001,Alamance,176470.0,1.66972701660836,1.8290362354,1,2,1,2.0,0.0,0.0,0.0,0.0,0.0,1.0,0.0,Male,2,White
2002845323.0,37,North Carolina,10705768,37067,Forsyth,389389.0,1.35041095147596,1.3097517391,2,3,1,2.0,0.0,0.0,0.0,0.0,0.0,1.0,0.0,Female,3,White
2042329857.0,37,North Carolina,10705768,37183,Wake,1173034.0,0.503149779208789,0.397657998,1,5,1,2.0,1.0,1.0,1.0,1.0,0.0,1.0,1.0,Male,4,White
2009752691.0,37,North Carolina,10705768,37067,Forsyth,389389.0,1.25457036762983,1.4276912696,1,2,1,2.0,1.0,1.0,1.0,0.0,1.0,1.0,1.0,Male,2,White
1999066713.0,37,North Carolina,10705768,37067,Forsyth,389389.0,6.17484640168437,4.2607271558,1,6,1,2.0,1.0,1.0,1.0,1.0,1.0,0.0,1.0,Male,4,White
2017157831.0,37,North Carolina,10705768,37051,Cumberland,338521.0,1.07208940766446,0.3946558681,1,5,2,2.0,1.0,1.0,1.0,1.0,1.0,0.0,1.0,Male,4,Black
2018766091.0,37,North Carolina,10705768,37151,Randolph,146192.0,1.86216503970351,,2,2,1,2.0,0.0,0.0,0.0,0.0,0.0,0.0,0.0,Female,2,White
2017778627.0,37,North Carolina,10705768,37101,Johnston,234667.0,1.25457036762983,1.4276912696,1,2,1,2.0,0.0,0.0,0.0,0.0,1.0,1.0,0.0,Male,2,White
2015231145.0,37,North Carolina,10705768,37183,Wake,1173034.0,1.20353017948463,0.4549388379,2,5,1,2.0,1.0,1.0,1.0,1.0,1.0,0.0,1.0,Female,4,White
2039693935.0,37,North Carolina,10705768,37147,Pitt,177028.0,1.56916258397293,1.4217013694,2,2,2,2.0,1.0,1.0,0.0,0.0,1.0,1.0,1.0,Female,2,Black
2015374959.0,37,North Carolina,10705768,37179,Union,249615.0,1.31320786767327,1.1890781671,1,2,1,2.0,0.0,0.0,1.0,0.0,0.0,1.0,0.0,Male,2,White
2016604377.0,37,North Carolina,10705768,37051,Cumberland,338521.0,5.0795848581687,,1,1,6,2.0,0.0,1.0,1.0,1.0,1.0,1.0,0.0,Male,1,Other
2014402347.0,37,North Carolina,10705768,37191,Wayne,118206.0,0.718596287961104,0.6425740809,2,5,1,2.0,1.0,1.0,1.0,1.0,1.0,0.0,1.0,Female,4,White
1997691265.0,37,North Carolina,10705768,37067,Forsyth,389389.0,1.64288687164286,1.2920378133,1,6,1,2.0,0.0,0.0,0.0,0.0,0.0,1.0,0.0,Male,4,White
2022935641.0,37,North Carolina,10705768,37157,Rockingham,92013.0,4.88779974611027,,1,2,3,,0.0,0.0,0.0,0.0,1.0,1.0,0.0,Male,2,Hispanic
2010899549.0,37,North Carolina,10705768,37021,Buncombe,274019.0,0.615256862300136,0.6235282868,1,3,1,2.0,1.0,1.0,1.0,1.0,1.0,1.0,1.0,Male,3,White
2028875295.0,37,North Carolina,10705768,37183,Wake,1173034.0,1.40871265341277,,2,2,2,2.0,1.0,0.0,1.0,1.0,0.0,1.0,0.0,Female,2,Black
1997310401.0,37,North Carolina,10705768,37025,Cabarrus,236041.0,14.7814717128949,,1,1,2,2.0,0.0,1.0,0.0,1.0,1.0,1.0,,Male,1,Black
2043492183.0,37,North Carolina,10705768,37097,Iredell,196005.0,0.882121924570566,0.4163114296,1,4,6,2.0,0.0,0.0,0.0,0.0,0.0,1.0,0.0,Male,3,Other
2013513081.0,37,North Carolina,10705768,37069,Franklin,74294.0,0.788005759810425,,1,2,2,2.0,1.0,1.0,1.0,1.0,0.0,1.0,0.0,Male,2,Black
2039699645.0,37,North Carolina,10705768,37119,Mecklenburg,1148324.0,1.52862101959273,1.3910855703,1,5,1,2.0,0.0,0.0,0.0,0.0,0.0,1.0,0.0,Male,4,White
2016872643.0,37,North Carolina,10705768,37183,Wake,1173034.0,0.735963118647873,0.7157507754,2,5,1,2.0,1.0,1.0,1.0,1.0,1.0,0.0,1.0,Female,4,White
1997568257.0,37,North Carolina,10705768,37113,Macon,37964.0,0.953637609071279,0.8103137555000001,2,5,1,2.0,1.0,1.0,1.0,1.0,1.0,0.0,1.0,Female,4,White
2036914829.0,37,North Carolina,10705768,37105,Lee,65613.0,1.86447138961768,1.4083025461,1,3,3,1.0,0.0,0.0,0.0,0.0,0.0,1.0,0.0,Male,3,Hispanic
2029151305.0,37,North Carolina,10705768,37063,Durham,331135.0,0.813799604733461,0.9122695071,2,4,2,2.0,1.0,1.0,1.0,0.0,1.0,1.0,1.0,Female,3,Black
2033595659.0,37,North Carolina,10705768,37097,Iredell,196005.0,2.08296426276016,1.6872037445,2,6,1,2.0,1.0,0.0,1.0,1.0,0.0,1.0,1.0,Female,4,White
2014704135.0,37,North Carolina,10705768,37189,Watauga,55363.0,1.42396823223156,1.3221626385,2,6,1,2.0,0.0,1.0,0.0,0.0,1.0,1.0,0.0,Female,4,White
2038458523.0,37,North Carolina,10705768,37135,Orange,150554.0,0.957659401038966,,1,3,2,2.0,1.0,0.0,0.0,0.0,0.0,0.0,1.0,Male,3,Black
2028582287.0,37,North Carolina,10705768,37133,Onslow,206682.0,8.00807204085991,,1,2,2,2.0,1.0,1.0,0.0,1.0,1.0,0.0,1.0,Male,2,Black
2029583045.0,37,North Carolina,10705768,37119,Mecklenburg,1148324.0,1.45166394262997,1.8395409383,1,4,2,2.0,1.0,1.0,1.0,1.0,1.0,1.0,1.0,Male,3,Black
2026743655.0,37,North Carolina,10705768,37063,Durham,331135.0,0.63753845935628,,2,5,2,2.0,1.0,1.0,1.0,1.0,1.0,1.0,1.0,Female,4,Black
2042328627.0,37,North Carolina,10705768,37189,Watauga,55363.0,1.13779252137489,0.9671599243,1,4,1,2.0,0.0,0.0,0.0,0.0,1.0,1.0,0.0,Male,3,White
2014014289.0,37,North Carolina,10705768,37191,Wayne,118206.0,1.31320786767327,1.1890781671,1,2,1,2.0,0.0,0.0,0.0,0.0,0.0,1.0,0.0,Male,2,White
2036232107.0,37,North Carolina,10705768,37085,Harnett,138514.0,1.88081863783365,,2,3,2,2.0,0.0,1.0,1.0,1.0,0.0,1.0,1.0,Female,3,Black
2017285697.0,37,North Carolina,10705768,37051,Cumberland,338521.0,0.735260821927437,0.0563045249,1,5,1,2.0,1.0,0.0,0.0,0.0,0.0,0.0,0.0,Male,4,White
2033364197.0,37,North Carolina,10705768,37163,Sampson,59194.0,0.864472759116124,,1,2,1,2.0,1.0,1.0,1.0,1.0,1.0,1.0,0.0,Male,2,White
2015544881.0,37,North Carolina,10705768,37119,Mecklenburg,1148324.0,0.977615602030991,,2,2,3,1.0,1.0,1.0,1.0,1.0,1.0,1.0,1.0,Female,2,Hispanic
2010517145.0,37,North Carolina,10705768,37023,Burke,87801.0,1.02650845462599,,1,3,2,2.0,1.0,1.0,1.0,1.0,1.0,0.0,1.0,Male,3,Black
2034241183.0,37,North Carolina,10705768,37051,Cumberland,338521.0,3.51865246197026,,1,4,2,2.0,0.0,1.0,1.0,0.0,0.0,0.0,1.0,Male,3,Black
1999930541.0,37,North Carolina,10705768,37021,Buncombe,274019.0,1.01857785530119,,2,2,1,2.0,0.0,0.0,0.0,0.0,0.0,1.0,0.0,Female,2,White
2005766557.0,37,North Carolina,10705768,37035,Catawba,163274.0,4.08893992242557,3.8806102554,1,5,1,2.0,1.0,1.0,1.0,1.0,1.0,1.0,,Male,4,White
2026743449.0,37,North Carolina,10705768,37093,Hoke,53732.0,0.465962126568771,1.0070973994,2,6,2,2.0,0.0,0.0,0.0,0.0,1.0,1.0,0.0,Female,4,Black
2034243663.0,37,North Carolina,10705768,37057,Davidson,172376.0,1.09702357212027,,1,4,1,2.0,0.0,0.0,0.0,0.0,1.0,1.0,1.0,Male,3,White
2039923853.0,22,Louisiana,4600892,22079,Rapides Parish,127018.0,12.672798869191,,1,2,1,2.0,0.0,0.0,0.0,0.0,0.0,0.0,0.0,Male,2,White
2005737051.0,22,Louisiana,4600892,22055,Lafayette Parish,248406.0,0.973560645623002,1.5456622229,2,2,1,2.0,0.0,1.0,0.0,1.0,1.0,0.0,0.0,Female,2,White
1999558999.0,22,Louisiana,4600892,22051,Jefferson Parish,430086.0,0.731497020135754,,2,2,1,2.0,1.0,1.0,1.0,1.0,1.0,0.0,1.0,Female,2,White
2041090849.0,22,Louisiana,4600892,22017,Caddo Parish,229272.0,8.15408261396986,,2,5,1,2.0,1.0,1.0,1.0,1.0,1.0,0.0,1.0,Female,4,White
2009856629.0,22,Louisiana,4600892,22045,Iberia Parish,68397.0,1.32162958796285,1.2102023735,2,3,1,2.0,0.0,0.0,0.0,0.0,1.0,1.0,0.0,Female,3,White
2010539893.0,22,Louisiana,4600892,22015,Bossier Parish,129355.0,3.04819915202311,2.3672097723,1,1,1,2.0,0.0,1.0,0.0,0.0,0.0,1.0,0.0,Male,1,White
2013849911.0,22,Louisiana,4600892,22015,Bossier Parish,129355.0,6.32908820232426,,1,2,2,2.0,0.0,0.0,0.0,0.0,1.0,1.0,0.0,Male,2,Black
2021386949.0,22,Louisiana,4600892,22055,Lafayette Parish,248406.0,3.13304002925219,4.6183427863,1,6,1,2.0,1.0,1.0,1.0,1.0,1.0,0.0,1.0,Male,4,White
2039700191.0,22,Louisiana,4600892,22003,Allen Parish,22425.0,1.04686900977196,0.7834057831,1,5,1,2.0,0.0,0.0,0.0,0.0,0.0,1.0,0.0,Male,4,White
2034716965.0,22,Louisiana,4600892,22005,Ascension Parish,130638.0,0.203952015460307,,1,5,1,2.0,0.0,0.0,0.0,0.0,0.0,1.0,0.0,Male,4,White
2033317765.0,22,Louisiana,4600892,22113,Vermilion Parish,56975.0,3.7708580633224,,1,2,1,2.0,1.0,1.0,1.0,1.0,1.0,0.0,1.0,Male,2,White
2010287121.0,22,Louisiana,4600892,22001,Acadia Parish,56961.0,7.33607550329102,4.008997357,2,1,1,2.0,1.0,0.0,0.0,1.0,0.0,1.0,1.0,Female,1,White
2013995323.0,22,Louisiana,4600892,22061,Lincoln Parish,48050.0,1.32162958796285,1.2102023735,2,3,1,2.0,0.0,1.0,1.0,1.0,1.0,0.0,,Female,3,White
2020122717.0,22,Louisiana,4600892,22109,Terrebonne Parish,104798.0,1.18599542124386,1.3782762991,2,2,1,2.0,0.0,1.0,0.0,0.0,0.0,0.0,0.0,Female,2,White
2008533421.0,22,Louisiana,4600892,22051,Jefferson Parish,430086.0,0.688499196014866,0.7240034645,1,4,1,2.0,1.0,1.0,1.0,1.0,1.0,0.0,1.0,Male,3,White
2014255551.0,22,Louisiana,4600892,22051,Jefferson Parish,430086.0,0.843558913555574,,2,2,2,2.0,0.0,0.0,0.0,0.0,0.0,0.0,0.0,Female,2,Black
2006883545.0,22,Louisiana,4600892,22119,Webster Parish,35636.0,12.9654072138688,,1,3,1,2.0,0.0,0.0,0.0,0.0,0.0,1.0,0.0,Male,3,White
1882377351.0,22,Louisiana,4600892,22073,Ouachita Parish,157979.0,0.517142781004206,1.1154239703,2,2,2,2.0,0.0,1.0,0.0,0.0,1.0,1.0,0.0,Female,2,Black
2033226641.0,22,Louisiana,4600892,22105,Tangipahoa Parish,136814.0,0.432941038340771,,2,3,6,1.0,0.0,0.0,0.0,1.0,0.0,1.0,0.0,Female,3,Hispanic
1998744661.0,22,Louisiana,4600892,22033,East Baton Rouge Parish,451837.0,3.0034973004537,1.2099724175,2,2,1,2.0,0.0,1.0,1.0,0.0,1.0,1.0,0.0,Female,2,White
2020164523.0,22,Louisiana,4600892,22105,Tangipahoa Parish,136814.0,0.777146945138126,0.4908191181,1,2,1,2.0,0.0,1.0,1.0,0.0,1.0,1.0,1.0,Male,2,White
2035655447.0,22,Louisiana,4600892,22105,Tangipahoa Parish,136814.0,1.35535390751033,,2,2,1,2.0,1.0,1.0,0.0,0.0,1.0,0.0,0.0,Female,2,White
2034660397.0,22,Louisiana,4600892,22079,Rapides Parish,127018.0,0.0993911766322098,,2,2,2,1.0,0.0,1.0,1.0,1.0,1.0,0.0,0.0,Female,2,Black
2036915837.0,22,Louisiana,4600892,22033,East Baton Rouge Parish,451837.0,1.20305096628211,1.0475075074,2,3,2,2.0,0.0,0.0,0.0,0.0,0.0,0.0,0.0,Female,3,Black
2017259447.0,22,Louisiana,4600892,22047,Iberville Parish,29708.0,1.80952579315832,3.0318995244,2,2,2,2.0,0.0,0.0,0.0,0.0,0.0,1.0,0.0,Female,2,Black
2037662603.0,22,Louisiana,4600892,22019,Calcasieu Parish,202821.0,3.93062092365771,,1,2,1,2.0,1.0,1.0,1.0,1.0,1.0,1.0,1.0,Male,2,White
2012194327.0,22,Louisiana,4600892,22071,Orleans Parish,371038.0,0.691809664698088,0.7113711859,2,2,1,2.0,1.0,1.0,1.0,1.0,1.0,0.0,1.0,Female,2,White
2010587913.0,22,Louisiana,4600892,22103,St. Tammany Parish,273650.0,3.60656583935227,2.2663208856,2,6,1,2.0,0.0,1.0,0.0,1.0,0.0,1.0,0.0,Female,4,White
2018440311.0,22,Louisiana,4600892,22103,St. Tammany Parish,273650.0,3.56128272202773,,2,2,1,2.0,1.0,1.0,1.0,1.0,1.0,1.0,1.0,Female,2,White
2013643529.0,22,Louisiana,4600892,22033,East Baton Rouge Parish,451837.0,0.615510423807647,0.7582673052000001,1,3,1,2.0,0.0,0.0,0.0,0.0,0.0,1.0,0.0,Male,3,White
2034662103.0,22,Louisiana,4600892,22061,Lincoln Parish,48050.0,3.7708580633224,,1,2,1,2.0,0.0,0.0,1.0,0.0,0.0,1.0,0.0,Male,2,White
2014358029.0,22,Louisiana,4600892,22065,Madison Parish,9505.0,4.83237735013544,,1,1,1,2.0,1.0,0.0,1.0,1.0,1.0,0.0,1.0,Male,1,White
2015317875.0,22,Louisiana,4600892,22105,Tangipahoa Parish,136814.0,2.33360090487903,,1,2,1,2.0,0.0,0.0,0.0,0.0,0.0,1.0,0.0,Male,2,White
2010750347.0,22,Louisiana,4600892,22071,Orleans Parish,371038.0,2.94136994302145,0.3842951944,2,5,2,2.0,1.0,1.0,1.0,1.0,1.0,1.0,1.0,Female,4,Black
2014587295.0,22,Louisiana,4600892,22079,Rapides Parish,127018.0,2.04998055493057,1.6560194612,2,5,1,2.0,1.0,1.0,1.0,1.0,1.0,0.0,1.0,Female,4,White
2011951659.0,22,Louisiana,4600892,22077,Pointe Coupee Parish,20225.0,2.92194940676684,2.7580440758,2,6,1,2.0,0.0,0.0,0.0,0.0,1.0,0.0,1.0,Female,4,White
2034476589.0,22,Louisiana,4600892,22115,Vernon Parish,46863.0,2.0465288747473,1.1439672708,2,5,7,2.0,0.0,0.0,0.0,0.0,0.0,1.0,0.0,Female,4,Other
2042330327.0,22,Louisiana,4600892,22045,Iberia Parish,68397.0,0.677748073555992,0.5527746259,1,3,1,2.0,0.0,0.0,0.0,0.0,0.0,1.0,0.0,Male,3,White
2020727021.0,22,Louisiana,4600892,22051,Jefferson Parish,430086.0,0.91192998724565,0.9953013853,1,2,1,2.0,0.0,1.0,0.0,1.0,0.0,1.0,0.0,Male,2,White
2030536265.0,22,Louisiana,4600892,22103,St. Tammany Parish,273650.0,0.709309780590353,,1,2,1,2.0,1.0,1.0,1.0,1.0,1.0,0.0,0.0,Male,2,White
2039282875.0,22,Louisiana,4600892,22071,Orleans Parish,371038.0,2.03606066475463,1.1363877598,1,5,1,2.0,1.0,1.0,1.0,1.0,1.0,0.0,1.0,Male,4,White
2042354237.0,22,Louisiana,4600892,22039,Evangeline Parish,32291.0,0.843558913555574,,2,2,2,2.0,0.0,0.0,0.0,0.0,1.0,0.0,0.0,Female,2,Black
2029083863.0,22,Louisiana,4600892,22097,St. Landry Parish,81661.0,1.45700714386048,0.9613548076,2,4,2,2.0,1.0,1.0,0.0,1.0,0.0,0.0,1.0,Female,3,Black
2039697759.0,22,Louisiana,4600892,22017,Caddo Parish,229272.0,0.602988358769338,1.323500452,1,4,1,2.0,1.0,1.0,0.0,0.0,1.0,1.0,1.0,Male,3,White
2040008051.0,22,Louisiana,4600892,22017,Caddo Parish,229272.0,0.677748073555992,0.5527746259,1,3,1,2.0,0.0,1.0,0.0,0.0,0.0,1.0,0.0,Male,3,White
2036171077.0,22,Louisiana,4600892,22033,East Baton Rouge Parish,451837.0,2.95709677667849,,1,2,2,2.0,0.0,1.0,1.0,1.0,0.0,1.0,0.0,Male,2,Black
2017185805.0,22,Louisiana,4600892,22079,Rapides Parish,127018.0,0.654153010004572,0.685492741,2,4,5,2.0,0.0,0.0,0.0,0.0,0.0,1.0,0.0,Female,3,Other
1998376509.0,22,Louisiana,4600892,22071,Orleans Parish,371038.0,1.69879535534266,1.6087626699,1,5,2,2.0,1.0,1.0,1.0,1.0,1.0,1.0,1.0,Male,4,Black
1993406753.0,22,Louisiana,4600892,22089,St. Charles Parish,51089.0,1.54002586768334,0.6273613059,1,6,1,2.0,1.0,1.0,0.0,1.0,1.0,1.0,1.0,Male,4,White
2020043889.0,22,Louisiana,4600892,22017,Caddo Parish,229272.0,5.41952025919097,,1,2,2,2.0,1.0,1.0,1.0,1.0,1.0,0.0,1.0,Male,2,Black
2015246507.0,22,Louisiana,4600892,22051,Jefferson Parish,430086.0,0.891112557224789,1.0758414739,2,2,1,2.0,1.0,1.0,0.0,0.0,0.0,1.0,0.0,Female,2,White
2026704053.0,22,Louisiana,4600892,22089,St. Charles Parish,51089.0,5.01869304949396,,1,2,1,2.0,0.0,1.0,1.0,0.0,1.0,1.0,0.0,Male,2,White
2025022613.0,22,Louisiana,4600892,22033,East Baton Rouge Parish,451837.0,1.29932353883946,,1,3,1,2.0,1.0,1.0,1.0,1.0,1.0,1.0,1.0,Male,3,White
2038245673.0,22,Louisiana,4600892,22105,Tangipahoa Parish,136814.0,0.509234528365413,0.4314794273,1,3,1,2.0,0.0,0.0,0.0,0.0,1.0,1.0,0.0,Male,3,White
2000154013.0,22,Louisiana,4600892,22033,East Baton Rouge Parish,451837.0,1.06558371600529,0.4547470241,1,5,1,2.0,1.0,1.0,1.0,1.0,1.0,0.0,1.0,Male,4,White
2011540195.0,22,Louisiana,4600892,22105,Tangipahoa Parish,136814.0,1.05356157095213,0.4977102482,2,5,1,2.0,1.0,1.0,0.0,1.0,1.0,0.0,1.0,Female,4,White
2038735941.0,22,Louisiana,4600892,22033,East Baton Rouge Parish,451837.0,6.100515348929,,1,3,2,2.0,0.0,1.0,1.0,1.0,1.0,1.0,1.0,Male,3,Black
2045604527.0,22,Louisiana,4600892,22071,Orleans Parish,371038.0,2.03606066475463,1.1363877598,1,5,1,2.0,1.0,1.0,1.0,1.0,1.0,0.0,1.0,Male,4,White
2039508663.0,22,Louisiana,4600892,22071,Orleans Parish,371038.0,1.12818411116882,,1,2,1,2.0,1.0,1.0,0.0,0.0,1.0,1.0,1.0,Male,2,White
2007324395.0,22,Louisiana,4600892,22079,Rapides Parish,127018.0,0.517312519271412,0.5651355645,1,4,1,2.0,1.0,1.0,1.0,1.0,1.0,0.0,1.0,Male,3,White
2013160027.0,22,Louisiana,4600892,22033,East Baton Rouge Parish,451837.0,3.01298024948175,,2,5,4,2.0,1.0,1.0,1.0,1.0,1.0,0.0,1.0,Female,4,Other
2028654179.0,22,Louisiana,4600892,22105,Tangipahoa Parish,136814.0,1.20877322207632,,2,2,2,2.0,0.0,0.0,0.0,0.0,0.0,0.0,0.0,Female,2,Black
2042657027.0,22,Louisiana,4600892,22033,East Baton Rouge Parish,451837.0,4.61278296915869,,1,2,2,2.0,1.0,1.0,1.0,1.0,1.0,0.0,1.0,Male,2,Black
2013861893.0,22,Louisiana,4600892,22073,Ouachita Parish,157979.0,1.32162958796285,1.2102023735,2,3,1,2.0,0.0,0.0,0.0,0.0,1.0,1.0,0.0,Female,3,White
2026093905.0,22,Louisiana,4600892,22073,Ouachita Parish,157979.0,0.830123487690367,1.0123277608,1,1,1,2.0,1.0,0.0,0.0,0.0,1.0,1.0,0.0,Male,1,White
2013863381.0,22,Louisiana,4600892,22055,Lafayette Parish,248406.0,1.23589788287159,0.4697461883,2,5,1,2.0,1.0,1.0,1.0,1.0,1.0,0.0,1.0,Female,4,White
2010190265.0,22,Louisiana,4600892,22119,Webster Parish,35636.0,6.41053931768521,4.1772726811,1,1,2,2.0,0.0,1.0,1.0,1.0,1.0,0.0,1.0,Male,1,Black
2010673417.0,22,Louisiana,4600892,22071,Orleans Parish,371038.0,3.3333605046431,3.4740783103,1,5,1,2.0,0.0,0.0,0.0,0.0,0.0,1.0,0.0,Male,4,White
1995559365.0,22,Louisiana,4600892,22051,Jefferson Parish,430086.0,2.04998055493057,1.6560194612,2,5,1,2.0,1.0,1.0,1.0,1.0,0.0,1.0,1.0,Female,4,White
2042331821.0,45,South Carolina,5288957,45019,Charleston,420325.0,0.994291868783299,0.9081536152,2,5,1,2.0,1.0,1.0,1.0,0.0,1.0,1.0,0.0,Female,4,White
2015349793.0,45,South Carolina,5288957,45077,Pickens,134421.0,2.22296386133645,,1,2,1,2.0,1.0,1.0,1.0,1.0,1.0,0.0,1.0,Male,2,White
2038246713.0,45,South Carolina,5288957,45055,Kershaw,67989.0,0.994291868783299,0.9081536152,2,5,1,2.0,0.0,0.0,0.0,0.0,1.0,0.0,0.0,Female,4,White
2031441803.0,45,South Carolina,5288957,45041,Florence,136895.0,2.1380017989778,1.2639727825,2,3,2,2.0,0.0,1.0,1.0,0.0,0.0,1.0,1.0,Female,3,Black
2010902419.0,45,South Carolina,5288957,45051,Horry,383626.0,5.06063153537436,2.2699055708,1,5,1,2.0,1.0,1.0,1.0,1.0,1.0,1.0,1.0,Male,4,White
2010608409.0,45,South Carolina,5288957,45041,Florence,136895.0,14.0376214727411,,2,2,1,2.0,1.0,1.0,1.0,1.0,0.0,0.0,0.0,Female,2,White
2037339267.0,45,South Carolina,5288957,45079,Richland,421786.0,3.11645205811096,,1,1,2,2.0,1.0,1.0,1.0,1.0,0.0,1.0,0.0,Male,1,Black
2012538571.0,45,South Carolina,5288957,45045,Greenville,548763.0,1.41908283933427,0.5488620861,2,4,2,2.0,0.0,1.0,1.0,0.0,1.0,1.0,1.0,Female,3,Black
2040398405.0,45,South Carolina,5288957,45091,York,293579.0,1.0946753656041,1.3911354221,1,6,1,2.0,1.0,1.0,1.0,1.0,1.0,0.0,1.0,Male,4,White
2009825085.0,45,South Carolina,5288957,45015,Berkeley,245656.0,5.42587908285067,2.9892483016,1,5,1,2.0,0.0,0.0,0.0,0.0,0.0,1.0,0.0,Male,4,White
2031460769.0,45,South Carolina,5288957,45085,Sumter,103890.0,12.1711330156418,,2,1,2,2.0,1.0,1.0,1.0,1.0,0.0,0.0,0.0,Female,1,Black
2037359515.0,45,South Carolina,5288957,45059,Laurens,68150.0,0.279141832673462,1.2565212294,3,2,3,,1.0,1.0,1.0,1.0,0.0,0.0,1.0,,2,Hispanic
2012060279.0,45,South Carolina,5288957,45085,Sumter,103890.0,1.89603578569633,4.5630839992,2,2,2,2.0,1.0,0.0,1.0,1.0,1.0,1.0,1.0,Female,2,Black
2009582719.0,45,South Carolina,5288957,45075,Orangeburg,83183.0,1.47839623592921,,1,3,1,2.0,1.0,1.0,1.0,0.0,1.0,1.0,1.0,Male,3,White
2041447807.0,45,South Carolina,5288957,45091,York,293579.0,2.18465754317163,,2,5,4,2.0,1.0,1.0,0.0,1.0,1.0,1.0,1.0,Female,4,Other
2015690945.0,45,South Carolina,5288957,45079,Richland,421786.0,7.25468919239082,,2,1,2,2.0,1.0,1.0,1.0,1.0,0.0,1.0,0.0,Female,1,Black
2013646121.0,45,South Carolina,5288957,45003,Aiken,173545.0,2.57249467332635,,2,4,2,2.0,0.0,0.0,1.0,0.0,1.0,1.0,0.0,Female,3,Black
2012592049.0,45,South Carolina,5288957,45045,Greenville,548763.0,0.241100292393849,,2,3,1,2.0,1.0,1.0,1.0,1.0,1.0,1.0,1.0,Female,3,White
2034611399.0,45,South Carolina,5288957,45073,Oconee,80280.0,2.71919288801048,,1,6,1,2.0,0.0,1.0,0.0,0.0,0.0,1.0,0.0,Male,4,White
2034606575.0,45,South Carolina,5288957,45031,Darlington,62504.0,1.01429625767239,,2,2,2,2.0,1.0,1.0,1.0,1.0,1.0,1.0,1.0,Female,2,Black
2015150283.0,45,South Carolina,5288957,45013,Beaufort,196266.0,0.393260034502541,0.7328871836,2,2,1,2.0,1.0,1.0,1.0,1.0,1.0,0.0,1.0,Female,2,White
2038246275.0,45,South Carolina,5288957,45035,Dorchester,166125.0,0.847182252623932,0.394672922,2,3,1,2.0,0.0,0.0,0.0,0.0,0.0,1.0,0.0,Female,3,White
2011404261.0,45,South Carolina,5288957,45075,Orangeburg,83183.0,3.41335632029364,1.0821134669,1,5,1,2.0,1.0,0.0,0.0,0.0,0.0,1.0,0.0,Male,4,White
1982094803.0,45,South Carolina,5288957,45051,Horry,383626.0,1.0946753656041,1.3911354221,1,6,1,2.0,1.0,1.0,1.0,1.0,1.0,0.0,1.0,Male,4,White
2021876777.0,45,South Carolina,5288957,45031,Darlington,62504.0,8.1302064161759,7.1859195544,1,1,2,2.0,1.0,1.0,1.0,1.0,1.0,1.0,1.0,Male,1,Black
2045354553.0,45,South Carolina,5288957,45015,Berkeley,245656.0,0.539075669586531,0.5587181012,1,5,1,2.0,1.0,1.0,1.0,1.0,1.0,0.0,1.0,Male,4,White
1998520187.0,45,South Carolina,5288957,45013,Beaufort,196266.0,0.687809423377851,0.547872742,1,5,1,2.0,1.0,1.0,0.0,1.0,1.0,1.0,1.0,Male,4,White
2011348355.0,45,South Carolina,5288957,45053,Jasper,32068.0,0.513520358824671,0.5505342064000001,2,4,1,2.0,1.0,1.0,1.0,1.0,1.0,1.0,1.0,Female,3,White
2020582905.0,45,South Carolina,5288957,45075,Orangeburg,83183.0,1.67478668386551,,1,2,2,2.0,1.0,0.0,1.0,1.0,1.0,1.0,1.0,Male,2,Black
2037312729.0,45,South Carolina,5288957,45079,Richland,421786.0,2.34158540010139,,1,1,2,2.0,1.0,1.0,0.0,1.0,0.0,1.0,1.0,Male,1,Black
2000420375.0,45,South Carolina,5288957,45083,Spartanburg,346466.0,1.51561728672626,1.3805829682,2,5,1,2.0,0.0,0.0,0.0,0.0,0.0,1.0,0.0,Female,4,White
2015298687.0,45,South Carolina,5288957,45035,Dorchester,166125.0,1.01140770700587,,1,2,1,2.0,1.0,1.0,1.0,1.0,1.0,1.0,0.0,Male,2,White
2034560821.0,45,South Carolina,5288957,45025,Chesterfield,43645.0,0.370145255510101,,2,5,1,2.0,1.0,1.0,1.0,1.0,1.0,0.0,1.0,Female,4,White
2015055365.0,45,South Carolina,5288957,45083,Spartanburg,346466.0,0.747073685065367,,2,5,1,2.0,0.0,0.0,0.0,0.0,0.0,1.0,0.0,Female,4,White
2008684141.0,45,South Carolina,5288957,45045,Greenville,548763.0,4.07680240421215,2.3333182908,1,5,1,2.0,0.0,0.0,0.0,0.0,1.0,1.0,0.0,Male,4,White
2015458999.0,45,South Carolina,5288957,45091,York,293579.0,1.07840094962594,0.5800660955,2,5,1,2.0,1.0,1.0,1.0,1.0,0.0,1.0,0.0,Female,4,White
2018130421.0,45,South Carolina,5288957,45051,Horry,383626.0,4.32295367531442,,2,2,1,2.0,1.0,1.0,1.0,1.0,1.0,1.0,1.0,Female,2,White
2038695849.0,45,South Carolina,5288957,45063,Lexington,305297.0,2.41644725528391,,2,6,1,2.0,1.0,1.0,1.0,1.0,1.0,0.0,1.0,Female,4,White
2029126025.0,45,South Carolina,5288957,45073,Oconee,80280.0,2.22296386133645,,1,2,1,2.0,0.0,1.0,1.0,1.0,1.0,1.0,1.0,Male,2,White
2031621521.0,45,South Carolina,5288957,45051,Horry,383626.0,1.43526042602805,1.1719606695,2,5,1,2.0,0.0,1.0,0.0,0.0,1.0,0.0,1.0,Female,4,White
2044082435.0,45,South Carolina,5288957,45021,Cherokee,56235.0,0.802953881692698,2.7093141873,1,2,1,2.0,1.0,1.0,1.0,1.0,1.0,1.0,1.0,Male,2,White
2015587895.0,45,South Carolina,5288957,45085,Sumter,103890.0,1.06176034801461,0.4425902104,2,6,1,2.0,0.0,1.0,0.0,0.0,1.0,1.0,1.0,Female,4,White
2041956433.0,45,South Carolina,5288957,45045,Greenville,548763.0,0.597101100406824,1.3506711871,1,5,1,2.0,0.0,0.0,1.0,0.0,0.0,1.0,0.0,Male,4,White
2012488037.0,45,South Carolina,5288957,45057,Lancaster,104629.0,0.422997086330349,2.0773354611,1,2,2,2.0,1.0,1.0,1.0,1.0,1.0,1.0,1.0,Male,2,Black
2034500077.0,45,South Carolina,5288957,45047,Greenwood,69301.0,3.52462951997997,,1,3,2,2.0,0.0,1.0,1.0,0.0,0.0,1.0,1.0,Male,3,Black
2034634371.0,45,South Carolina,5288957,45063,Lexington,305297.0,0.532909956271855,,1,2,1,2.0,1.0,0.0,1.0,0.0,1.0,1.0,0.0,Male,2,White
1999541551.0,45,South Carolina,5288957,45007,Anderson,210142.0,1.12752790253587,0.8528107880000001,2,4,1,2.0,0.0,0.0,0.0,0.0,0.0,1.0,0.0,Female,3,White
2017370003.0,45,South Carolina,5288957,45051,Horry,383626.0,1.98971499653579,,2,5,1,2.0,0.0,0.0,0.0,0.0,0.0,1.0,0.0,Female,4,White
2011235777.0,45,South Carolina,5288957,45091,York,293579.0,2.54792142852537,1.5903728922,1,2,1,2.0,0.0,0.0,1.0,0.0,1.0,1.0,0.0,Male,2,White
2010790347.0,45,South Carolina,5288957,45079,Richland,421786.0,0.271735214491381,0.4076900017,1,3,1,2.0,1.0,1.0,1.0,1.0,1.0,1.0,1.0,Male,3,White
2017036561.0,45,South Carolina,5288957,45083,Spartanburg,346466.0,0.491960841018217,1.0995126891,2,6,1,2.0,1.0,1.0,1.0,1.0,0.0,0.0,1.0,Female,4,White
2012628563.0,45,South Carolina,5288957,45063,Lexington,305297.0,4.02115904990949,3.1666522123,1,5,1,2.0,0.0,1.0,0.0,0.0,1.0,1.0,0.0,Male,4,White
2035521673.0,45,South Carolina,5288957,45059,Laurens,68150.0,1.01506188679682,,2,4,2,2.0,1.0,1.0,1.0,1.0,0.0,1.0,0.0,Female,3,Black
2040206703.0,45,South Carolina,5288957,45063,Lexington,305297.0,0.332919089184092,2.4416392145,2,3,1,2.0,1.0,1.0,1.0,1.0,1.0,0.0,1.0,Female,3,White
2036689319.0,45,South Carolina,5288957,45045,Greenville,548763.0,1.0311915495267,,1,1,1,2.0,1.0,1.0,1.0,1.0,1.0,1.0,0.0,Male,1,White
2012319603.0,45,South Carolina,5288957,45003,Aiken,173545.0,6.17215356012936,4.3828078725,1,1,1,2.0,0.0,0.0,0.0,0.0,0.0,1.0,0.0,Male,1,White
2013132085.0,45,South Carolina,5288957,45051,Horry,383626.0,2.56083579396618,,1,2,1,2.0,0.0,1.0,0.0,0.0,1.0,1.0,0.0,Male,2,White
2008842685.0,45,South Carolina,5288957,45055,Kershaw,67989.0,1.40740527967975,1.2165963224,2,2,2,2.0,1.0,1.0,1.0,1.0,1.0,1.0,1.0,Female,2,Black
2007853499.0,45,South Carolina,5288957,45079,Richland,421786.0,0.873270829714547,0.5696486174000001,2,5,2,2.0,1.0,1.0,1.0,1.0,1.0,0.0,1.0,Female,4,Black
2040026445.0,45,South Carolina,5288957,45075,Orangeburg,83183.0,4.14655941342103,,2,2,2,2.0,1.0,1.0,1.0,1.0,0.0,1.0,0.0,Female,2,Black
2015314407.0,45,South Carolina,5288957,45045,Greenville,548763.0,1.01911583631878,1.0714206701,2,6,1,2.0,0.0,1.0,0.0,1.0,0.0,1.0,0.0,Female,4,White
2011735527.0,45,South Carolina,5288957,45007,Anderson,210142.0,2.32069151406368,,1,2,1,2.0,1.0,1.0,0.0,1.0,1.0,0.0,1.0,Male,2,White
2037756807.0,45,South Carolina,5288957,45051,Horry,383626.0,0.747073685065367,,2,5,1,2.0,1.0,1.0,0.0,0.0,1.0,1.0,0.0,Female,4,White
2014865469.0,45,South Carolina,5288957,45051,Horry,383626.0,2.4042610452205,2.0161101507,2,6,1,2.0,0.0,0.0,0.0,0.0,0.0,1.0,0.0,Female,4,White
1998198265.0,45,South Carolina,5288957,45013,Beaufort,196266.0,1.80177544046379,,1,3,1,2.0,0.0,0.0,0.0,0.0,0.0,1.0,0.0,Male,3,White
2010340881.0,45,South Carolina,5288957,45055,Kershaw,67989.0,0.477486011319215,1.2774524296,3,1,1,2.0,1.0,1.0,1.0,1.0,1.0,0.0,1.0,,1,White
2028995567.0,45,South Carolina,5288957,45079,Richland,421786.0,1.96762031056633,,1,4,1,2.0,1.0,1.0,1.0,1.0,1.0,1.0,0.0,Male,3,White
2032569121.0,45,South Carolina,5288957,45041,Florence,136895.0,1.17828085624469,,2,3,1,2.0,0.0,0.0,0.0,0.0,0.0,1.0,0.0,Female,3,White
2040518119.0,45,South Carolina,5288957,45039,Fairfield,20455.0,7.5499092235944,1.0959931175,1,6,1,2.0,0.0,1.0,0.0,0.0,1.0,1.0,0.0,Male,4,White
2038149457.0,45,South Carolina,5288957,45035,Dorchester,166125.0,0.539075669586531,0.5587181012,1,5,1,2.0,1.0,1.0,1.0,1.0,1.0,0.0,1.0,Male,4,White
2038794167.0,45,South Carolina,5288957,45045,Greenville,548763.0,1.39186861014818,,1,5,1,2.0,0.0,1.0,0.0,1.0,0.0,0.0,0.0,Male,4,White
2011863613.0,45,South Carolina,5288957,45085,Sumter,103890.0,0.568795047958105,,2,3,1,2.0,1.0,1.0,1.0,1.0,0.0,1.0,0.0,Female,3,White
1998259707.0,45,South Carolina,5288957,45045,Greenville,548763.0,0.41406171224214,0.1525893623,2,6,2,2.0,1.0,1.0,1.0,1.0,1.0,0.0,1.0,Female,4,Black
2038717211.0,45,South Carolina,5288957,45019,Charleston,420325.0,4.46104380062932,,1,5,2,2.0,0.0,0.0,0.0,0.0,0.0,0.0,0.0,Male,4,Black
2012940935.0,45,South Carolina,5288957,45003,Aiken,173545.0,7.24916126602601,2.2140172072,1,3,1,2.0,1.0,1.0,0.0,1.0,1.0,0.0,1.0,Male,3,White
2026743653.0,45,South Carolina,5288957,45017,Calhoun,14197.0,1.3292081075395,,2,4,2,2.0,1.0,1.0,1.0,0.0,0.0,1.0,0.0,Female,3,Black
2034606055.0,45,South Carolina,5288957,45019,Charleston,420325.0,3.12063629212401,,1,1,2,2.0,1.0,0.0,0.0,1.0,1.0,0.0,0.0,Male,1,Black
2003919263.0,45,South Carolina,5288957,45041,Florence,136895.0,0.28802220606541,0.5127089155,2,5,2,2.0,1.0,1.0,1.0,1.0,1.0,1.0,1.0,Female,4,Black
2034202235.0,45,South Carolina,5288957,45045,Greenville,548763.0,1.11099869086713,1.0503936218,1,5,1,2.0,0.0,0.0,0.0,0.0,0.0,1.0,0.0,Male,4,White
2042361193.0,53,Washington,7786828,53033,King,2265822.0,0.421529331510251,1.0566785639,2,5,4,2.0,1.0,1.0,0.0,1.0,1.0,0.0,1.0,Female,4,Other
2033952531.0,53,Washington,7786828,53061,Snohomish,840860.0,1.55021649243276,2.6030411008,1,3,1,2.0,0.0,0.0,0.0,0.0,1.0,1.0,0.0,Male,3,White
2015032221.0,53,Washington,7786828,53033,King,2265822.0,1.17237388023461,0.9466429476,2,6,1,2.0,1.0,1.0,1.0,1.0,1.0,0.0,1.0,Female,4,White
2039636549.0,53,Washington,7786828,53053,Pierce,927456.0,1.62931651156551,1.6538185435,1,3,2,2.0,1.0,1.0,1.0,1.0,1.0,0.0,0.0,Male,3,Black
2016730807.0,53,Washington,7786828,53061,Snohomish,840860.0,8.74487047499574,,1,5,5,2.0,1.0,1.0,1.0,0.0,1.0,1.0,1.0,Male,4,Other
2034580995.0,53,Washington,7786828,53033,King,2265822.0,1.70136453262644,,2,4,1,2.0,1.0,1.0,1.0,1.0,1.0,0.0,1.0,Female,3,White
2037396375.0,53,Washington,7786828,53011,Clark,516807.0,0.544931710861559,,1,5,1,2.0,1.0,1.0,1.0,0.0,1.0,1.0,1.0,Male,4,White
2034614551.0,53,Washington,7786828,53033,King,2265822.0,0.877823457065888,0.6266002663,1,3,4,2.0,1.0,1.0,1.0,1.0,1.0,0.0,1.0,Male,3,Other
2010042653.0,53,Washington,7786828,53073,Whatcom,230641.0,0.517875726721326,0.6976660682,1,6,1,2.0,1.0,1.0,1.0,1.0,1.0,0.0,1.0,Male,4,White
1998749933.0,53,Washington,7786828,53063,Spokane,549602.0,5.00524066021151,1.1696836808,2,3,1,2.0,0.0,0.0,0.0,0.0,1.0,1.0,0.0,Female,3,White
2010818775.0,53,Washington,7786828,53063,Spokane,549602.0,0.873141827118927,,2,5,1,2.0,1.0,1.0,1.0,1.0,1.0,0.0,1.0,Female,4,White
2016973883.0,53,Washington,7786828,53033,King,2265822.0,0.889087377677069,0.9467995319,1,6,1,2.0,0.0,0.0,0.0,0.0,1.0,1.0,0.0,Male,4,White
2017116333.0,53,Washington,7786828,53063,Spokane,549602.0,1.96736474923007,2.4248302663,1,5,1,2.0,0.0,0.0,0.0,0.0,0.0,1.0,0.0,Male,4,White
2021587411.0,53,Washington,7786828,53033,King,2265822.0,0.836436741901282,0.8185943424000001,2,3,1,2.0,1.0,1.0,1.0,1.0,1.0,0.0,1.0,Female,3,White
2013829453.0,53,Washington,7786828,53061,Snohomish,840860.0,0.348892855293404,0.3978424193,1,3,1,2.0,1.0,1.0,1.0,1.0,1.0,1.0,1.0,Male,3,White
2034798187.0,53,Washington,7786828,53067,Thurston,298556.0,9.82038315084229,,1,2,1,2.0,1.0,0.0,1.0,0.0,1.0,1.0,0.0,Male,2,White
2041270391.0,53,Washington,7786828,53063,Spokane,549602.0,2.09230745379412,1.7507454197,2,4,1,2.0,0.0,0.0,0.0,0.0,1.0,1.0,0.0,Female,3,White
2011174079.0,53,Washington,7786828,53033,King,2265822.0,0.188554194037438,1.0284331978,1,6,4,2.0,1.0,1.0,1.0,1.0,1.0,1.0,1.0,Male,4,Other
2034500243.0,53,Washington,7786828,53061,Snohomish,840860.0,5.61720963234506,,1,2,1,2.0,1.0,1.0,1.0,1.0,1.0,1.0,1.0,Male,2,White
2031360289.0,53,Washington,7786828,53033,King,2265822.0,1.02418606837111,1.0427318132,1,3,1,2.0,0.0,0.0,0.0,0.0,0.0,0.0,0.0,Male,3,White
2008620043.0,53,Washington,7786828,53033,King,2265822.0,1.23969516327024,,2,6,2,2.0,1.0,0.0,1.0,1.0,1.0,0.0,1.0,Female,4,Black
2036932647.0,53,Washington,7786828,53011,Clark,516807.0,3.68650572326756,,2,4,4,2.0,1.0,1.0,1.0,1.0,1.0,0.0,1.0,Female,3,Other
2043131633.0,53,Washington,7786828,53063,Spokane,549602.0,0.906358753856717,1.0008775161,2,3,1,2.0,1.0,1.0,1.0,1.0,1.0,0.0,1.0,Female,3,White
2033317573.0,53,Washington,7786828,53063,Spokane,549602.0,2.02257574790521,,2,4,1,2.0,1.0,1.0,1.0,1.0,1.0,1.0,1.0,Female,3,White
2039869839.0,53,Washington,7786828,53035,Kitsap,277805.0,2.43674595653875,2.278648387,2,5,1,2.0,0.0,0.0,0.0,1.0,0.0,1.0,0.0,Female,4,White
2045071717.0,53,Washington,7786828,53067,Thurston,298556.0,1.40481103909407,1.3803545041,1,6,1,2.0,0.0,1.0,0.0,0.0,1.0,1.0,0.0,Male,4,White
2013689379.0,53,Washington,7786828,53033,King,2265822.0,0.509488835424696,0.2439658123,1,5,3,1.0,1.0,1.0,1.0,1.0,1.0,0.0,1.0,Male,4,Hispanic
2028874937.0,53,Washington,7786828,53035,Kitsap,277805.0,1.620927324118,1.1015216518,2,2,1,2.0,1.0,0.0,0.0,0.0,0.0,1.0,1.0,Female,2,White
2015318573.0,53,Washington,7786828,53045,Mason,68244.0,7.93146422841223,8.6777600007,1,1,1,2.0,0.0,0.0,0.0,0.0,0.0,1.0,0.0,Male,1,White
2045134745.0,53,Washington,7786828,53061,Snohomish,840860.0,1.15035926815553,1.3778010753,1,5,1,2.0,1.0,1.0,1.0,1.0,1.0,1.0,1.0,Male,4,White
1998844623.0,53,Washington,7786828,53033,King,2265822.0,0.6641329018176,0.6071391071000001,1,5,1,2.0,1.0,1.0,1.0,1.0,1.0,0.0,1.0,Male,4,White
2014370161.0,53,Washington,7786828,53055,San Juan,18668.0,0.913093057347443,0.7865619319,1,6,1,2.0,1.0,1.0,1.0,1.0,0.0,0.0,1.0,Male,4,White
2039662153.0,53,Washington,7786828,53033,King,2265822.0,0.791522642616801,,2,4,4,2.0,1.0,1.0,1.0,1.0,1.0,1.0,1.0,Female,3,Other
2012304831.0,53,Washington,7786828,53035,Kitsap,277805.0,1.02181478619345,0.8589397021,2,3,1,2.0,1.0,1.0,1.0,1.0,1.0,0.0,1.0,Female,3,White
2014523547.0,53,Washington,7786828,53029,Island,86738.0,0.889087377677069,0.9467995319,1,6,1,2.0,0.0,0.0,0.0,0.0,0.0,1.0,0.0,Male,4,White
2045033067.0,53,Washington,7786828,53073,Whatcom,230641.0,0.925874098652876,,1,2,1,2.0,1.0,1.0,1.0,1.0,1.0,0.0,1.0,Male,2,White
2040024397.0,53,Washington,7786828,53033,King,2265822.0,1.84561759122992,,2,2,1,2.0,1.0,1.0,1.0,0.0,1.0,1.0,0.0,Female,2,White
2012986461.0,53,Washington,7786828,53033,King,2265822.0,3.60425309576401,4.5779826676,2,2,6,2.0,1.0,1.0,0.0,0.0,1.0,1.0,0.0,Female,2,Other
2034815933.0,53,Washington,7786828,53033,King,2265822.0,1.15035926815553,1.3778010753,1,5,1,2.0,1.0,1.0,1.0,1.0,1.0,0.0,1.0,Male,4,White
2013300749.0,53,Washington,7786828,53077,Yakima,256550.0,1.8308796827909,1.7786451386,2,5,1,2.0,0.0,0.0,0.0,0.0,1.0,1.0,0.0,Female,4,White
2022964407.0,53,Washington,7786828,53053,Pierce,927456.0,10.4536738777332,,1,1,4,2.0,1.0,1.0,1.0,1.0,1.0,0.0,1.0,Male,1,Other
2030626229.0,53,Washington,7786828,53061,Snohomish,840860.0,0.120205491677275,,2,4,1,1.0,1.0,0.0,0.0,1.0,1.0,0.0,1.0,Female,3,Hispanic
2037588453.0,53,Washington,7786828,53063,Spokane,549602.0,1.217901248632,,2,6,1,2.0,0.0,0.0,0.0,0.0,0.0,1.0,0.0,Female,4,White
1992990929.0,53,Washington,7786828,53063,Spokane,549602.0,0.837519988256285,0.8775202740000001,2,2,1,2.0,1.0,1.0,1.0,1.0,1.0,1.0,1.0,Female,2,White
2010598085.0,53,Washington,7786828,53061,Snohomish,840860.0,1.64702536091554,1.0098973701,2,3,1,2.0,1.0,1.0,1.0,1.0,1.0,0.0,1.0,Female,3,White
2033159511.0,53,Washington,7786828,53011,Clark,516807.0,3.01389319346819,,2,2,1,2.0,1.0,1.0,0.0,0.0,0.0,1.0,1.0,Female,2,White
2020166817.0,53,Washington,7786828,53025,Grant,101277.0,1.39495939630019,,2,2,1,2.0,0.0,0.0,0.0,0.0,0.0,1.0,1.0,Female,2,White
2016935731.0,53,Washington,7786828,53035,Kitsap,277805.0,1.15035926815553,1.3778010753,1,5,1,2.0,1.0,1.0,1.0,1.0,1.0,0.0,1.0,Male,4,White
1997626193.0,53,Washington,7786828,53035,Kitsap,277805.0,1.20676744533238,0.5310247174,1,3,6,2.0,0.0,0.0,1.0,1.0,1.0,1.0,0.0,Male,3,Other
2012596823.0,53,Washington,7786828,53027,Grays Harbor,77108.0,1.620927324118,,2,2,1,2.0,1.0,1.0,1.0,1.0,0.0,1.0,1.0,Female,2,White
2039216555.0,53,Washington,7786828,53033,King,2265822.0,4.79437658445688,,1,2,1,2.0,0.0,0.0,0.0,0.0,1.0,1.0,0.0,Male,2,White
1992897663.0,53,Washington,7786828,53033,King,2265822.0,0.53379937228701,0.5025888781,1,6,1,2.0,1.0,1.0,1.0,1.0,1.0,0.0,1.0,Male,4,White
2014496171.0,53,Washington,7786828,53061,Snohomish,840860.0,0.526666283726789,0.9156237192,2,4,7,2.0,0.0,0.0,0.0,0.0,1.0,1.0,0.0,Female,3,Other
2042804801.0,53,Washington,7786828,53033,King,2265822.0,2.90222237896739,,1,3,1,2.0,0.0,1.0,1.0,0.0,1.0,1.0,1.0,Male,3,White
1997099319.0,53,Washington,7786828,53005,Benton,212818.0,0.813019656511816,0.8322280240000001,2,5,1,2.0,1.0,1.0,1.0,1.0,0.0,1.0,1.0,Female,4,White
2011324031.0,53,Washington,7786828,53029,Island,86738.0,1.20628681905915,1.2822388728,2,3,1,2.0,1.0,1.0,1.0,1.0,1.0,0.0,1.0,Female,3,White
2034606529.0,53,Washington,7786828,53053,Pierce,927456.0,4.82053430583052,4.4113045724,1,3,1,2.0,1.0,1.0,1.0,1.0,1.0,0.0,1.0,Male,3,White
2039913137.0,53,Washington,7786828,53061,Snohomish,840860.0,1.15106072382776,0.9221310338,2,5,1,2.0,1.0,1.0,1.0,1.0,1.0,0.0,1.0,Female,4,White
2010436061.0,53,Washington,7786828,53033,King,2265822.0,2.19854910246014,,2,3,1,2.0,1.0,1.0,1.0,1.0,1.0,0.0,1.0,Female,3,White
2017654693.0,53,Washington,7786828,53075,Whitman,47507.0,4.82053430583052,4.4113045724,1,4,1,2.0,1.0,1.0,1.0,1.0,1.0,0.0,1.0,Male,3,White
2034797609.0,53,Washington,7786828,53073,Whatcom,230641.0,1.670621830759,,2,5,4,2.0,1.0,0.0,1.0,1.0,0.0,0.0,1.0,Female,4,Other
2011469845.0,53,Washington,7786828,53063,Spokane,549602.0,1.15106072382776,0.9221310338,2,5,1,2.0,1.0,1.0,1.0,1.0,1.0,1.0,1.0,Female,4,White
2009462267.0,53,Washington,7786828,53035,Kitsap,277805.0,1.14460047854634,0.7075813729,1,2,7,2.0,0.0,0.0,0.0,0.0,1.0,1.0,0.0,Male,2,Other
1993675099.0,53,Washington,7786828,53053,Pierce,927456.0,0.938161496396468,0.7990068738,2,6,1,2.0,1.0,1.0,1.0,1.0,1.0,0.0,1.0,Female,4,White
2040026407.0,53,Washington,7786828,53049,Pacific,24091.0,2.15731713012777,1.411175552,2,2,1,2.0,0.0,0.0,0.0,0.0,0.0,1.0,0.0,Female,2,White
2033135127.0,53,Washington,7786828,53011,Clark,516807.0,3.14532111914651,,1,4,1,2.0,0.0,0.0,0.0,0.0,1.0,0.0,0.0,Male,3,White
2021837579.0,53,Washington,7786828,53061,Snohomish,840860.0,0.732285330393659,1.2112634917,1,3,1,2.0,1.0,1.0,1.0,1.0,1.0,0.0,1.0,Male,3,White
2015185917.0,53,Washington,7786828,53033,King,2265822.0,0.830927011679077,0.6945004113000001,2,5,1,2.0,1.0,1.0,1.0,1.0,1.0,0.0,1.0,Female,4,White
2028892691.0,53,Washington,7786828,53033,King,2265822.0,1.62931651156551,1.6538185435,1,3,2,2.0,1.0,1.0,1.0,1.0,1.0,0.0,1.0,Male,3,Black
2009990665.0,53,Washington,7786828,53075,Whitman,47507.0,0.830927011679077,0.6945004113000001,2,5,1,2.0,1.0,1.0,1.0,1.0,1.0,0.0,1.0,Female,4,White
2040087161.0,53,Washington,7786828,53053,Pierce,927456.0,0.913093057347443,0.7865619319,1,6,1,2.0,1.0,1.0,1.0,1.0,1.0,0.0,1.0,Male,4,White
2037064981.0,53,Washington,7786828,53033,King,2265822.0,3.34995094055479,,1,2,1,2.0,0.0,0.0,0.0,0.0,1.0,1.0,0.0,Male,2,White
2013086727.0,53,Washington,7786828,53061,Snohomish,840860.0,1.8308796827909,1.7786451386,2,5,1,2.0,0.0,0.0,0.0,0.0,0.0,0.0,0.0,Female,4,White
2021784403.0,53,Washington,7786828,53061,Snohomish,840860.0,2.54470467272556,2.5132509704,1,2,1,2.0,1.0,0.0,0.0,0.0,1.0,1.0,0.0,Male,2,White
2000360575.0,53,Washington,7786828,53033,King,2265822.0,3.36691559417683,1.8448113857,2,5,4,2.0,1.0,1.0,1.0,1.0,1.0,1.0,1.0,Female,4,Other
2043935781.0,53,Washington,7786828,53053,Pierce,927456.0,2.95881934658808,,1,1,1,2.0,1.0,0.0,1.0,1.0,0.0,0.0,1.0,Male,1,White
2040053765.0,53,Washington,7786828,53035,Kitsap,277805.0,0.292240174958976,0.437791367,1,2,6,2.0,1.0,1.0,1.0,1.0,1.0,0.0,1.0,Male,2,Other
2041773767.0,53,Washington,7786828,53033,King,2265822.0,0.960796840327492,0.9851803792,1,5,1,2.0,1.0,1.0,1.0,1.0,1.0,1.0,1.0,Male,4,White
2013175121.0,53,Washington,7786828,53033,King,2265822.0,1.91872242959471,2.0989004298,2,3,1,2.0,0.0,0.0,0.0,0.0,0.0,1.0,0.0,Female,3,White
2002603673.0,53,Washington,7786828,53011,Clark,516807.0,1.35994902996187,1.1004002565,3,4,1,2.0,1.0,1.0,1.0,1.0,1.0,1.0,1.0,,3,White
2009940823.0,53,Washington,7786828,53033,King,2265822.0,1.15106072382776,0.9221310338,3,5,1,2.0,1.0,1.0,1.0,1.0,1.0,0.0,1.0,,4,White
1997059489.0,53,Washington,7786828,53033,King,2265822.0,1.02181478619345,0.8589397021,2,4,1,2.0,1.0,1.0,1.0,1.0,1.0,0.0,1.0,Female,3,White
1998357223.0,53,Washington,7786828,53061,Snohomish,840860.0,1.02181478619345,0.8589397021,2,4,1,2.0,1.0,1.0,1.0,1.0,0.0,0.0,1.0,Female,3,White
2045256315.0,53,Washington,7786828,53007,Chelan,80011.0,1.70143826805601,1.6680405448,2,5,1,2.0,0.0,0.0,0.0,0.0,0.0,1.0,0.0,Female,4,White
1998562421.0,53,Washington,7786828,53011,Clark,516807.0,1.53103085996995,,1,5,1,2.0,1.0,1.0,1.0,1.0,1.0,0.0,1.0,Male,4,White
1999990555.0,53,Washington,7786828,53075,Whitman,47507.0,0.894403726589087,1.3934431881,2,3,1,2.0,0.0,0.0,1.0,0.0,0.0,1.0,0.0,Female,3,White
2037481813.0,53,Washington,7786828,53063,Spokane,549602.0,1.65399623508348,1.4325364483,1,2,1,2.0,1.0,1.0,0.0,0.0,1.0,0.0,1.0,Male,2,White
2021942833.0,53,Washington,7786828,53061,Snohomish,840860.0,0.836436741901282,0.8185943424000001,2,3,1,2.0,1.0,1.0,1.0,1.0,1.0,0.0,1.0,Female,3,White
2035626239.0,53,Washington,7786828,53053,Pierce,927456.0,1.91423362138278,,1,4,4,2.0,1.0,0.0,0.0,1.0,0.0,1.0,0.0,Male,3,Other
2027110413.0,53,Washington,7786828,53041,Lewis,85293.0,1.92628947596997,,1,3,1,1.0,1.0,1.0,0.0,0.0,1.0,0.0,0.0,Male,3,Hispanic
2038370171.0,53,Washington,7786828,53033,King,2265822.0,0.836436741901282,0.8185943424000001,2,3,1,2.0,1.0,1.0,1.0,1.0,1.0,0.0,1.0,Female,3,White
2017437271.0,53,Washington,7786828,53033,King,2265822.0,2.17813922065808,3.2460072422,1,5,1,2.0,0.0,0.0,0.0,0.0,0.0,1.0,0.0,Male,4,White
2013146185.0,53,Washington,7786828,53033,King,2265822.0,5.47564740428928,,2,1,1,1.0,1.0,1.0,1.0,1.0,1.0,1.0,1.0,Female,1,Hispanic
2013553721.0,53,Washington,7786828,53035,Kitsap,277805.0,2.09073432171945,,2,1,1,2.0,1.0,1.0,1.0,1.0,1.0,1.0,1.0,Female,1,White
2015135683.0,53,Washington,7786828,53063,Spokane,549602.0,2.44972855545312,,2,1,1,2.0,0.0,1.0,0.0,0.0,0.0,0.0,0.0,Female,1,White
2011786865.0,53,Washington,7786828,53005,Benton,212818.0,0.988688979280013,1.0165221344,1,6,1,2.0,1.0,1.0,1.0,1.0,1.0,0.0,1.0,Male,4,White
2000910379.0,53,Washington,7786828,53033,King,2265822.0,3.14532111914651,,1,4,1,2.0,1.0,1.0,1.0,1.0,1.0,0.0,1.0,Male,3,White
2038247005.0,53,Washington,7786828,53077,Yakima,256550.0,1.96736474923007,2.4248302663,1,5,1,2.0,0.0,0.0,0.0,0.0,0.0,1.0,0.0,Male,4,White
2013236077.0,53,Washington,7786828,53033,King,2265822.0,10.6554628194177,3.1761966023,1,3,1,2.0,1.0,0.0,0.0,0.0,0.0,1.0,0.0,Male,3,White
2031452513.0,53,Washington,7786828,53029,Island,86738.0,0.913093057347443,0.7865619319,1,6,1,2.0,1.0,1.0,1.0,1.0,1.0,0.0,1.0,Male,4,White
2038853035.0,53,Washington,7786828,53065,Stevens,48282.0,1.8297639458779,2.7234203962,1,5,1,2.0,1.0,0.0,0.0,0.0,0.0,1.0,0.0,Male,4,White
1998319727.0,53,Washington,7786828,53077,Yakima,256550.0,0.382547012147998,0.7996301391,1,3,1,1.0,1.0,1.0,1.0,1.0,1.0,0.0,1.0,Male,3,Hispanic
2034107635.0,53,Washington,7786828,53041,Lewis,85293.0,1.85417164917235,1.7910862832,2,4,1,2.0,0.0,0.0,0.0,0.0,0.0,1.0,0.0,Female,3,White
2012906875.0,53,Washington,7786828,53035,Kitsap,277805.0,1.20971144962013,1.641078925,1,2,1,2.0,1.0,1.0,1.0,1.0,1.0,0.0,1.0,Male,2,White
2009785753.0,53,Washington,7786828,53053,Pierce,927456.0,1.83332396718145,,2,3,4,2.0,1.0,1.0,1.0,1.0,1.0,1.0,1.0,Female,3,Other
2031246317.0,53,Washington,7786828,53011,Clark,516807.0,4.44245859961488,,2,5,1,2.0,1.0,1.0,1.0,1.0,1.0,1.0,1.0,Female,4,White
2041316323.0,53,Washington,7786828,53077,Yakima,256550.0,2.02257574790521,,2,4,1,2.0,0.0,0.0,1.0,0.0,0.0,1.0,1.0,Female,3,White
2011886733.0,53,Washington,7786828,53033,King,2265822.0,1.02181478619345,0.8589397021,2,4,1,2.0,1.0,1.0,1.0,1.0,1.0,0.0,1.0,Female,3,White
2019922641.0,53,Washington,7786828,53061,Snohomish,840860.0,1.07477955718157,0.9614681619,2,2,1,2.0,1.0,1.0,0.0,1.0,1.0,0.0,1.0,Female,2,White
2011982353.0,53,Washington,7786828,53015,Cowlitz,112021.0,0.837519988256285,0.8775202740000001,2,2,1,2.0,1.0,1.0,1.0,1.0,1.0,0.0,1.0,Female,2,White
2016808389.0,53,Washington,7786828,53069,Wahkiakum,4693.0,0.887445603994487,0.8694900914,2,2,1,2.0,1.0,1.0,1.0,1.0,1.0,1.0,1.0,Female,2,White
2024126955.0,53,Washington,7786828,53077,Yakima,256550.0,0.424296452482549,3.2220975245,1,1,1,2.0,0.0,1.0,1.0,0.0,0.0,0.0,1.0,Male,1,White
2021904021.0,53,Washington,7786828,53033,King,2265822.0,0.572081362540116,1.0757231439,1,5,1,2.0,1.0,0.0,0.0,0.0,0.0,1.0,0.0,Male,4,White
2023577689.0,53,Washington,7786828,53017,Douglas,44116.0,1.91199582028411,1.9617689355,1,2,1,2.0,0.0,1.0,1.0,0.0,1.0,1.0,0.0,Male,2,White
1999274047.0,53,Washington,7786828,53053,Pierce,927456.0,1.85417164917235,1.7910862832,2,4,1,2.0,0.0,1.0,1.0,1.0,1.0,1.0,1.0,Female,3,White
2030143005.0,53,Washington,7786828,53053,Pierce,927456.0,1.02181478619345,0.8589397021,2,4,1,2.0,1.0,1.0,1.0,1.0,1.0,1.0,1.0,Female,3,White
2030714327.0,53,Washington,7786828,53057,Skagit,131116.0,1.91199582028411,1.9617689355,1,2,1,2.0,0.0,0.0,0.0,1.0,0.0,1.0,0.0,Male,2,White
2029617551.0,23,Maine,1391585,23019,Penobscot,154948.0,0.177017666273129,,2,3,2,2.0,0.0,0.0,1.0,0.0,0.0,1.0,1.0,Female,3,Black
1997690553.0,23,Maine,1391585,23011,Kennebec,127182.0,4.3025146410458,,2,2,1,2.0,1.0,1.0,1.0,1.0,1.0,0.0,1.0,Female,2,White
2014586903.0,23,Maine,1391585,23031,York,217376.0,1.38356579865027,0.9478222415,2,6,1,2.0,1.0,1.0,1.0,1.0,1.0,1.0,1.0,Female,4,White
2014561943.0,23,Maine,1391585,23005,Cumberland,309532.0,1.38356579865027,0.9478222415,2,6,1,2.0,1.0,1.0,1.0,1.0,1.0,0.0,1.0,Female,4,White
1998285401.0,23,Maine,1391585,23001,Androscoggin,113437.0,0.886971696137152,0.7738440726,2,2,1,2.0,0.0,0.0,0.0,0.0,1.0,1.0,0.0,Female,2,White
2010414637.0,23,Maine,1391585,23009,Hancock,56636.0,0.302070274381177,0.4548637979,1,2,1,2.0,1.0,1.0,0.0,1.0,0.0,0.0,1.0,Male,2,White
2015088389.0,23,Maine,1391585,23005,Cumberland,309532.0,0.763177384048506,1.0078247504,1,5,1,2.0,1.0,1.0,1.0,1.0,1.0,0.0,1.0,Male,4,White
2033131929.0,23,Maine,1391585,23011,Kennebec,127182.0,3.93850128107352,3.707004209,2,3,1,2.0,1.0,1.0,1.0,1.0,1.0,0.0,1.0,Female,3,White
2011348489.0,23,Maine,1391585,23001,Androscoggin,113437.0,0.630352498187872,0.6505146958,1,3,1,2.0,1.0,1.0,1.0,1.0,1.0,1.0,1.0,Male,3,White
2038246557.0,23,Maine,1391585,23017,Oxford,59534.0,1.18880679499265,1.0099609999,2,6,1,2.0,1.0,1.0,1.0,1.0,1.0,0.0,1.0,Female,4,White
2016424037.0,23,Maine,1391585,23023,Sagadahoc,37423.0,0.630352498187872,0.6505146958,1,3,1,2.0,1.0,1.0,1.0,1.0,1.0,0.0,1.0,Male,3,White
2033317439.0,23,Maine,1391585,23011,Kennebec,127182.0,5.12379965988991,,1,2,1,2.0,0.0,1.0,1.0,0.0,1.0,0.0,0.0,Male,2,White
2014017897.0,23,Maine,1391585,23009,Hancock,56636.0,3.22746470524157,1.3846073307,1,5,1,2.0,0.0,0.0,0.0,1.0,1.0,1.0,1.0,Male,4,White
2013977463.0,23,Maine,1391585,23005,Cumberland,309532.0,2.61269719984275,,1,5,4,2.0,1.0,1.0,1.0,1.0,1.0,0.0,1.0,Male,4,Other
2022174831.0,23,Maine,1391585,23027,Waldo,40196.0,0.634002459969606,0.8115895157,2,2,1,2.0,0.0,0.0,0.0,0.0,0.0,0.0,1.0,Female,2,White
2042328789.0,23,Maine,1391585,23031,York,217376.0,1.90851010079964,1.1728852634,2,3,1,2.0,0.0,0.0,0.0,0.0,0.0,1.0,0.0,Female,3,White
2014946035.0,23,Maine,1391585,23001,Androscoggin,113437.0,1.90851010079964,1.1728852634,2,4,1,2.0,0.0,1.0,0.0,0.0,0.0,1.0,0.0,Female,3,White
2016118811.0,23,Maine,1391585,23019,Penobscot,154948.0,1.27845842685333,1.4027402867,2,2,1,2.0,1.0,1.0,1.0,1.0,0.0,0.0,0.0,Female,2,White
2020178699.0,23,Maine,1391585,23031,York,217376.0,5.90421256229115,2.4172231252,1,1,1,2.0,1.0,1.0,1.0,1.0,1.0,0.0,1.0,Male,1,White
2032898413.0,23,Maine,1391585,23031,York,217376.0,0.584565074649263,,2,3,1,2.0,1.0,1.0,1.0,1.0,1.0,1.0,1.0,Female,3,White
2015394419.0,23,Maine,1391585,23017,Oxford,59534.0,1.23117360586886,1.496419371,1,1,1,2.0,1.0,0.0,0.0,1.0,1.0,1.0,1.0,Male,1,White
2017191325.0,51,Virginia,8681038,51127,New Kent,24972.0,0.708898433983986,0.531835493,1,5,2,2.0,1.0,1.0,1.0,1.0,0.0,0.0,1.0,Male,4,Black
2040153249.0,51,Virginia,8681038,51037,Charlotte,11422.0,1.60415615989341,,2,2,1,2.0,1.0,1.0,0.0,1.0,0.0,1.0,1.0,Female,2,White
2014820815.0,51,Virginia,8681038,51683,Manassas city,42734.0,2.16178660695808,2.3326826286,1,1,1,2.0,1.0,1.0,1.0,1.0,0.0,0.0,1.0,Male,1,White
2016209891.0,51,Virginia,8681038,51069,Frederick,94855.0,3.1559517643644,0.5700846803,2,5,1,2.0,0.0,1.0,0.0,0.0,1.0,1.0,1.0,Female,4,White
2042373297.0,51,Virginia,8681038,51059,Fairfax,1138853.0,3.38649289664853,,2,4,1,2.0,1.0,1.0,1.0,1.0,1.0,0.0,1.0,Female,3,White
2015934035.0,51,Virginia,8681038,51800,Suffolk city,98626.0,0.384489173604585,0.4931866874,2,1,1,2.0,1.0,1.0,1.0,1.0,1.0,1.0,1.0,Female,1,White
2010107453.0,51,Virginia,8681038,51013,Arlington,233476.0,0.799723206168628,0.7313636131,2,5,1,2.0,1.0,1.0,1.0,1.0,1.0,0.0,1.0,Female,4,White
2011469737.0,51,Virginia,8681038,51550,Chesapeake city,252431.0,2.76929774895357,,2,4,2,2.0,1.0,1.0,1.0,1.0,0.0,0.0,1.0,Female,3,Black
1998930411.0,51,Virginia,8681038,51770,Roanoke city,97922.0,2.49347293857222,,1,3,6,2.0,0.0,0.0,1.0,0.0,1.0,1.0,0.0,Male,3,Other
1983190653.0,51,Virginia,8681038,51710,Norfolk city,232960.0,1.46660519382008,1.5573663024000002,2,3,2,2.0,1.0,1.0,1.0,1.0,1.0,1.0,1.0,Female,3,Black
2014235491.0,51,Virginia,8681038,51059,Fairfax,1138853.0,3.36791915319419,3.6188634207,1,6,4,2.0,1.0,1.0,1.0,1.0,1.0,0.0,1.0,Male,4,Other
2032287523.0,51,Virginia,8681038,51013,Arlington,233476.0,1.09674726547293,1.0319998233,1,5,1,2.0,0.0,0.0,0.0,0.0,0.0,1.0,0.0,Male,4,White
2033285219.0,51,Virginia,8681038,51191,Washington,53863.0,2.31679365862946,3.6470104506,2,1,1,2.0,0.0,1.0,1.0,1.0,1.0,0.0,1.0,Female,1,White
1993415935.0,51,Virginia,8681038,51810,Virginia Beach city,454721.0,0.474406363609328,0.4695982061,1,3,1,2.0,0.0,0.0,1.0,1.0,0.0,1.0,0.0,Male,3,White
2024762769.0,51,Virginia,8681038,51650,Hampton city,137889.0,1.10348172073724,0.8651334439,2,2,2,2.0,1.0,1.0,0.0,1.0,1.0,1.0,0.0,Female,2,Black
2005633069.0,51,Virginia,8681038,51087,Henrico,335033.0,15.0614388091749,,1,1,2,2.0,1.0,0.0,0.0,1.0,1.0,1.0,0.0,Male,1,Black
2039694367.0,51,Virginia,8681038,51107,Loudoun,432672.0,0.971069324197137,0.7846142122,2,6,2,2.0,1.0,1.0,1.0,1.0,1.0,1.0,1.0,Female,4,Black
2009146289.0,51,Virginia,8681038,51107,Loudoun,432672.0,1.29012038790015,,2,1,1,2.0,1.0,1.0,1.0,1.0,1.0,0.0,1.0,Female,1,White
2028888481.0,51,Virginia,8681038,51670,Hopewell city,22857.0,12.719452079418,,2,2,1,2.0,1.0,1.0,0.0,1.0,1.0,1.0,1.0,Female,2,White
2013513105.0,51,Virginia,8681038,51191,Washington,53863.0,3.08345634771278,4.6722386047,2,1,1,2.0,0.0,1.0,0.0,0.0,0.0,1.0,0.0,Female,1,White
2029413377.0,51,Virginia,8681038,51650,Hampton city,137889.0,0.605141201803031,,1,2,2,2.0,0.0,0.0,1.0,0.0,1.0,0.0,0.0,Male,2,Black
2014772881.0,51,Virginia,8681038,51087,Henrico,335033.0,0.799723206168628,0.7313636131,2,5,1,2.0,1.0,1.0,1.0,1.0,1.0,0.0,1.0,Female,4,White
2034764559.0,51,Virginia,8681038,51059,Fairfax,1138853.0,1.58716356816932,,1,1,3,,0.0,0.0,0.0,0.0,1.0,0.0,0.0,Male,1,Hispanic
2011950511.0,51,Virginia,8681038,51059,Fairfax,1138853.0,0.641352268549326,0.437958006,2,5,1,2.0,0.0,0.0,0.0,0.0,0.0,1.0,0.0,Female,4,White
2041446277.0,51,Virginia,8681038,51059,Fairfax,1138853.0,5.12180490696147,1.5570601972,1,5,4,2.0,1.0,1.0,0.0,1.0,1.0,1.0,1.0,Male,4,Other
2019414935.0,51,Virginia,8681038,51085,Hanover,112955.0,0.892639300652005,,2,2,1,2.0,1.0,0.0,0.0,0.0,0.0,1.0,0.0,Female,2,White
2034476579.0,51,Virginia,8681038,51045,Craig,4855.0,3.81121876508501,,1,5,1,2.0,1.0,1.0,1.0,1.0,1.0,1.0,1.0,Male,4,White
2039082543.0,51,Virginia,8681038,51590,Danville city,42068.0,2.08361289424719,,1,2,2,2.0,0.0,1.0,1.0,1.0,1.0,0.0,0.0,Male,2,Black
2045755147.0,51,Virginia,8681038,51041,Chesterfield,378739.0,1.18802738757562,1.0912741802,2,2,1,2.0,1.0,1.0,1.0,1.0,1.0,1.0,1.0,Female,2,White
2011698745.0,51,Virginia,8681038,51041,Chesterfield,378739.0,1.47156427303914,,2,5,1,2.0,0.0,0.0,0.0,0.0,0.0,1.0,0.0,Female,4,White
2012937003.0,51,Virginia,8681038,51550,Chesapeake city,252431.0,5.41922384455239,,1,1,1,2.0,1.0,1.0,1.0,1.0,1.0,1.0,1.0,Male,1,White
2012580601.0,51,Virginia,8681038,51710,Norfolk city,232960.0,1.63523161505222,1.4411080511,1,2,2,2.0,1.0,1.0,0.0,0.0,1.0,1.0,1.0,Male,2,Black
2012731047.0,51,Virginia,8681038,51650,Hampton city,137889.0,2.61273177752163,,2,2,1,2.0,1.0,0.0,1.0,1.0,0.0,0.0,0.0,Female,2,White
2025200365.0,51,Virginia,8681038,51181,Surry,6503.0,8.36933248309713,13.9186247751,2,1,2,2.0,0.0,1.0,1.0,0.0,0.0,1.0,1.0,Female,1,Black
2042355363.0,51,Virginia,8681038,51015,Augusta,77931.0,1.32278898538867,1.7476689742,1,2,1,2.0,0.0,0.0,0.0,0.0,1.0,1.0,0.0,Male,2,White
2036913699.0,51,Virginia,8681038,51630,Fredericksburg city,28708.0,1.47822292361566,1.0410502697,2,5,1,2.0,1.0,1.0,1.0,1.0,1.0,0.0,1.0,Female,4,White
2022008039.0,51,Virginia,8681038,51800,Suffolk city,98626.0,1.04958139044137,0.8792656355,1,6,1,2.0,1.0,0.0,1.0,0.0,0.0,1.0,0.0,Male,4,White
2023869837.0,51,Virginia,8681038,51053,Dinwiddie,28137.0,2.04881378547975,6.0959832965,1,1,1,2.0,0.0,0.0,0.0,0.0,0.0,1.0,0.0,Male,1,White
2039373459.0,51,Virginia,8681038,51710,Norfolk city,232960.0,0.617914406121863,0.7557621117000001,2,3,1,2.0,1.0,1.0,1.0,1.0,1.0,0.0,1.0,Female,3,White
2039694113.0,51,Virginia,8681038,51800,Suffolk city,98626.0,1.00791778537337,0.6568997334000001,2,5,2,2.0,1.0,1.0,1.0,1.0,1.0,1.0,0.0,Female,4,Black
2010687135.0,51,Virginia,8681038,51191,Washington,53863.0,0.646955120349118,0.5777281806,2,3,1,2.0,1.0,1.0,1.0,1.0,1.0,1.0,1.0,Female,3,White
2022095151.0,51,Virginia,8681038,51087,Henrico,335033.0,0.773842426822086,0.6785185418,2,6,1,2.0,1.0,1.0,1.0,1.0,1.0,0.0,1.0,Female,4,White
2037678697.0,51,Virginia,8681038,51195,Wise,35341.0,1.83740505340592,,2,2,3,1.0,1.0,1.0,0.0,0.0,1.0,0.0,0.0,Female,2,Hispanic
2012394029.0,51,Virginia,8681038,51165,Rockingham,85494.0,2.5744531313597,,2,2,1,2.0,0.0,0.0,1.0,0.0,0.0,0.0,0.0,Female,2,White
2015510095.0,51,Virginia,8681038,51740,Portsmouth city,97076.0,0.737634783060591,0.4997779611,2,3,2,2.0,0.0,1.0,1.0,0.0,1.0,1.0,0.0,Female,3,Black
2036916753.0,51,Virginia,8681038,51730,Petersburg city,33484.0,2.73293585750367,,2,2,1,2.0,1.0,1.0,1.0,1.0,1.0,1.0,1.0,Female,2,White
2037095431.0,51,Virginia,8681038,51029,Buckingham,16979.0,1.12523869012328,,1,3,1,2.0,1.0,1.0,1.0,1.0,1.0,1.0,1.0,Male,3,White
2012451265.0,51,Virginia,8681038,51041,Chesterfield,378739.0,1.18802738757562,1.0912741802,2,2,1,2.0,1.0,1.0,0.0,1.0,1.0,1.0,0.0,Female,2,White
2012973291.0,51,Virginia,8681038,51059,Fairfax,1138853.0,3.73864777362473,4.0828325511,2,6,4,2.0,1.0,1.0,1.0,1.0,1.0,0.0,1.0,Female,4,Other
2021908335.0,51,Virginia,8681038,51107,Loudoun,432672.0,0.702867749258102,0.9685547291,2,6,1,2.0,1.0,1.0,1.0,1.0,1.0,0.0,1.0,Female,4,White
2023411913.0,51,Virginia,8681038,51059,Fairfax,1138853.0,0.59590684550742,0.5224405080000001,1,2,1,2.0,0.0,0.0,1.0,0.0,0.0,1.0,0.0,Male,2,White
2019596715.0,51,Virginia,8681038,51059,Fairfax,1138853.0,0.410118651959044,,1,5,3,,1.0,1.0,1.0,1.0,0.0,0.0,1.0,Male,4,Hispanic
2029095333.0,51,Virginia,8681038,51085,Hanover,112955.0,1.42623997746208,0.1842118889,2,2,1,2.0,1.0,1.0,1.0,1.0,1.0,1.0,1.0,Female,2,White
2015160121.0,51,Virginia,8681038,51810,Virginia Beach city,454721.0,1.15000679258054,0.8621378813,2,3,1,2.0,0.0,0.0,0.0,0.0,1.0,1.0,0.0,Female,3,White
2034553367.0,51,Virginia,8681038,51177,Spotsylvania,146798.0,1.18818583776745,,1,3,1,2.0,1.0,1.0,1.0,1.0,1.0,0.0,1.0,Male,3,White
2013774109.0,51,Virginia,8681038,51059,Fairfax,1138853.0,1.77807269191329,,1,6,2,2.0,1.0,1.0,0.0,0.0,0.0,1.0,1.0,Male,4,Black
2013393061.0,51,Virginia,8681038,51059,Fairfax,1138853.0,4.2615439222522,3.8312492178,1,5,4,2.0,0.0,0.0,0.0,0.0,0.0,1.0,0.0,Male,4,Other
2000286911.0,51,Virginia,8681038,51683,Manassas city,42734.0,2.61273177752163,,2,2,1,2.0,0.0,1.0,0.0,0.0,0.0,0.0,0.0,Female,2,White
2010363435.0,51,Virginia,8681038,51510,Alexandria city,154880.0,2.03160965290528,2.5887645724,1,5,1,2.0,1.0,0.0,0.0,0.0,1.0,1.0,1.0,Male,4,White
2032007039.0,51,Virginia,8681038,51510,Alexandria city,154880.0,0.989160065345968,1.0590852719,1,4,2,2.0,1.0,1.0,1.0,1.0,1.0,1.0,1.0,Male,3,Black
2015128773.0,51,Virginia,8681038,51179,Stafford,163226.0,6.78119416144958,,2,1,1,2.0,0.0,0.0,0.0,0.0,1.0,1.0,0.0,Female,1,White
2011815663.0,51,Virginia,8681038,51059,Fairfax,1138853.0,2.65015699934214,2.0387176268,1,6,1,2.0,0.0,0.0,0.0,0.0,0.0,1.0,0.0,Male,4,White
2034492853.0,51,Virginia,8681038,51810,Virginia Beach city,454721.0,0.646955120349118,0.5777281806,2,3,1,2.0,1.0,1.0,1.0,0.0,1.0,1.0,1.0,Female,3,White
2021520845.0,51,Virginia,8681038,51810,Virginia Beach city,454721.0,1.32382485529928,1.8025889918,1,5,4,2.0,1.0,1.0,1.0,1.0,1.0,0.0,1.0,Male,4,Other
1983803445.0,51,Virginia,8681038,51650,Hampton city,137889.0,1.30591074025578,1.0691494474,2,6,1,2.0,1.0,1.0,1.0,1.0,1.0,0.0,1.0,Female,4,White
2013553391.0,51,Virginia,8681038,51041,Chesterfield,378739.0,1.72540601653298,,2,5,3,1.0,1.0,0.0,0.0,0.0,1.0,1.0,1.0,Female,4,Hispanic
2009936861.0,51,Virginia,8681038,51155,Pulaski,33650.0,0.343132154946315,0.3569272433,1,3,1,2.0,1.0,1.0,1.0,1.0,1.0,0.0,1.0,Male,3,White
2030669585.0,51,Virginia,8681038,51135,Nottoway,15558.0,0.631394732896442,,1,3,1,2.0,0.0,1.0,0.0,0.0,0.0,1.0,0.0,Male,3,White
2012853841.0,51,Virginia,8681038,51059,Fairfax,1138853.0,1.02964508420677,,2,5,2,2.0,1.0,1.0,1.0,1.0,1.0,1.0,1.0,Female,4,Black
1996670803.0,51,Virginia,8681038,51095,James City,81458.0,0.427098856670451,,3,3,1,2.0,1.0,1.0,0.0,1.0,1.0,0.0,1.0,,3,White
1995779507.0,51,Virginia,8681038,51177,Spotsylvania,146798.0,1.09674726547293,1.0319998233,1,5,1,2.0,0.0,0.0,0.0,0.0,0.0,1.0,0.0,Male,4,White
2026974335.0,51,Virginia,8681038,51087,Henrico,335033.0,11.9458986541316,,1,3,4,2.0,1.0,1.0,1.0,0.0,1.0,1.0,0.0,Male,3,Other
2015844735.0,51,Virginia,8681038,51810,Virginia Beach city,454721.0,1.79717104877015,,2,3,2,2.0,0.0,1.0,1.0,0.0,1.0,0.0,0.0,Female,3,Black
2015812001.0,51,Virginia,8681038,51117,Mecklenburg,30494.0,1.10348172073724,,2,2,2,2.0,1.0,1.0,0.0,1.0,1.0,1.0,1.0,Female,2,Black
1998130669.0,51,Virginia,8681038,51810,Virginia Beach city,454721.0,0.992099530495513,0.945420634,1,3,1,1.0,0.0,0.0,0.0,0.0,0.0,1.0,0.0,Male,3,Hispanic
2037111665.0,51,Virginia,8681038,51107,Loudoun,432672.0,2.97504534903033,,1,2,3,,1.0,1.0,1.0,1.0,1.0,0.0,1.0,Male,2,Hispanic
2039700103.0,51,Virginia,8681038,51065,Fluvanna,28126.0,0.799723206168628,0.7313636131,2,5,1,2.0,1.0,1.0,1.0,1.0,1.0,0.0,1.0,Female,4,White
1983803589.0,51,Virginia,8681038,51003,Albemarle,114871.0,1.30210214548865,1.503093258,1,5,1,2.0,0.0,0.0,0.0,0.0,0.0,1.0,0.0,Male,4,White
2009266063.0,51,Virginia,8681038,51770,Roanoke city,97922.0,0.763865817913099,0.8278350184000001,1,3,1,2.0,1.0,1.0,1.0,1.0,1.0,0.0,1.0,Male,3,White
2041515331.0,51,Virginia,8681038,51171,Shenandoah,44892.0,0.88323466976538,0.9982766987,2,4,1,2.0,1.0,1.0,0.0,1.0,1.0,0.0,1.0,Female,3,White
2009594079.0,51,Virginia,8681038,51179,Stafford,163226.0,0.864072049019839,0.6729591806,2,3,1,2.0,0.0,0.0,0.0,0.0,0.0,0.0,0.0,Female,3,White
2010673931.0,51,Virginia,8681038,51045,Craig,4855.0,1.28877530778376,1.0200330469,2,3,1,2.0,0.0,0.0,0.0,0.0,1.0,1.0,1.0,Female,3,White
2030536191.0,51,Virginia,8681038,51185,Tazewell,39638.0,2.73293585750367,,2,2,1,2.0,1.0,1.0,0.0,1.0,0.0,1.0,0.0,Female,2,White
2033184901.0,51,Virginia,8681038,51097,King and Queen,6712.0,1.53350690917194,,2,2,1,2.0,1.0,1.0,1.0,0.0,1.0,0.0,1.0,Female,2,White
1455458991.0,51,Virginia,8681038,51019,Bedford,80832.0,4.19512999083543,,2,2,1,2.0,1.0,1.0,1.0,1.0,0.0,1.0,0.0,Female,2,White
2043481223.0,51,Virginia,8681038,51820,Waynesboro city,22748.0,3.15206361429545,,2,2,1,2.0,1.0,1.0,1.0,1.0,1.0,1.0,1.0,Female,2,White
2016697375.0,51,Virginia,8681038,51153,Prince William,487524.0,0.892639300652005,0.8518161584,2,2,1,2.0,0.0,0.0,1.0,0.0,0.0,1.0,0.0,Female,2,White
2013059113.0,51,Virginia,8681038,51059,Fairfax,1138853.0,0.16861842442035,0.6831922639,1,5,1,2.0,0.0,1.0,1.0,1.0,1.0,1.0,1.0,Male,4,White
2017088331.0,51,Virginia,8681038,51199,York,71206.0,0.646955120349118,0.5777281806,2,3,1,2.0,1.0,1.0,1.0,1.0,0.0,1.0,1.0,Female,3,White
2013862107.0,51,Virginia,8681038,51790,Staunton city,25924.0,0.765041976493461,,1,3,1,2.0,0.0,0.0,1.0,1.0,1.0,1.0,1.0,Male,3,White
1995092789.0,51,Virginia,8681038,51630,Fredericksburg city,28708.0,0.799723206168628,,2,5,1,2.0,1.0,1.0,1.0,1.0,1.0,1.0,1.0,Female,4,White
2014357171.0,51,Virginia,8681038,51710,Norfolk city,232960.0,2.17635493114918,1.8462246712,1,2,2,2.0,1.0,1.0,0.0,1.0,1.0,1.0,1.0,Male,2,Black
2032978599.0,51,Virginia,8681038,51810,Virginia Beach city,454721.0,12.7474068367393,0.4140391009,1,2,1,2.0,1.0,1.0,1.0,1.0,1.0,1.0,1.0,Male,2,White
1984360779.0,51,Virginia,8681038,51153,Prince William,487524.0,0.981729488791598,0.6402728797,2,4,2,2.0,1.0,1.0,1.0,1.0,1.0,1.0,1.0,Female,3,Black
2013930551.0,51,Virginia,8681038,51650,Hampton city,137889.0,0.793731925902716,0.7358763201,2,2,1,2.0,1.0,1.0,1.0,1.0,1.0,0.0,1.0,Female,2,White
2029609333.0,51,Virginia,8681038,51117,Mecklenburg,30494.0,2.73715341002313,,1,1,2,2.0,,0.0,0.0,0.0,1.0,1.0,1.0,Male,1,Black
2035444091.0,51,Virginia,8681038,51700,Newport News city,183976.0,0.312348003495904,,1,5,1,2.0,1.0,1.0,1.0,1.0,0.0,1.0,1.0,Male,4,White
2037539471.0,51,Virginia,8681038,51770,Roanoke city,97922.0,4.19361289542547,,1,2,2,2.0,0.0,1.0,1.0,1.0,1.0,1.0,1.0,Male,2,Black
1999135891.0,51,Virginia,8681038,51121,Montgomery,98746.0,0.799723206168628,0.7313636131,2,5,1,2.0,1.0,1.0,1.0,1.0,1.0,0.0,1.0,Female,4,White
2015763531.0,51,Virginia,8681038,51059,Fairfax,1138853.0,0.753474027428581,0.8312204527,1,6,1,2.0,1.0,1.0,1.0,1.0,0.0,1.0,1.0,Male,4,White
2011298309.0,51,Virginia,8681038,51041,Chesterfield,378739.0,3.63730640677626,0.5490963953,2,2,1,2.0,1.0,1.0,0.0,0.0,1.0,1.0,1.0,Female,2,White
1993731411.0,51,Virginia,8681038,51171,Shenandoah,44892.0,0.799723206168628,0.7313636131,2,5,1,2.0,1.0,1.0,1.0,1.0,1.0,0.0,1.0,Female,4,White
2011638243.0,51,Virginia,8681038,51185,Tazewell,39638.0,0.350529156054222,0.4503319337,2,5,1,2.0,1.0,1.0,1.0,1.0,0.0,0.0,1.0,Female,4,White
2015945845.0,51,Virginia,8681038,51195,Wise,35341.0,6.42481825387232,,2,5,4,2.0,1.0,1.0,1.0,1.0,1.0,1.0,0.0,Female,4,Other
2014891451.0,51,Virginia,8681038,51177,Spotsylvania,146798.0,0.176806762635523,0.5707422788000001,2,4,1,2.0,1.0,1.0,1.0,1.0,1.0,1.0,1.0,Female,3,White
2009974753.0,51,Virginia,8681038,51029,Buckingham,16979.0,1.105678301096,1.1064259677,2,5,1,2.0,0.0,0.0,0.0,0.0,0.0,1.0,0.0,Female,4,White
2038246193.0,51,Virginia,8681038,51095,James City,81458.0,1.07823030288473,1.0857161331,2,5,1,2.0,0.0,0.0,0.0,0.0,0.0,1.0,0.0,Female,4,White
2042360711.0,51,Virginia,8681038,51009,Amherst,31525.0,1.52586403637165,0.4360805774,2,2,2,2.0,0.0,1.0,0.0,0.0,1.0,1.0,0.0,Female,2,Black
2009707491.0,51,Virginia,8681038,51131,Northampton,11969.0,1.46864081042292,1.10833515,2,2,2,2.0,1.0,1.0,1.0,1.0,1.0,0.0,1.0,Female,2,Black
2042328699.0,51,Virginia,8681038,51177,Spotsylvania,146798.0,0.765041976493461,0.6580552948,1,3,1,2.0,0.0,0.0,0.0,0.0,0.0,1.0,0.0,Male,3,White
1984437109.0,51,Virginia,8681038,51107,Loudoun,432672.0,2.09741908667533,,2,5,1,2.0,1.0,1.0,1.0,1.0,1.0,1.0,1.0,Female,4,White
2042329495.0,51,Virginia,8681038,51630,Fredericksburg city,28708.0,0.701234893352704,0.5784049731,1,6,1,2.0,1.0,1.0,1.0,1.0,1.0,0.0,1.0,Male,4,White
2036915737.0,51,Virginia,8681038,51087,Henrico,335033.0,0.757311688652578,0.5127563884,2,5,2,2.0,1.0,1.0,1.0,1.0,1.0,1.0,1.0,Female,4,Black
1984211491.0,51,Virginia,8681038,51069,Frederick,94855.0,1.84117672630916,3.3140088356,2,4,1,2.0,0.0,0.0,0.0,0.0,0.0,1.0,0.0,Female,3,White
2034785009.0,51,Virginia,8681038,51059,Fairfax,1138853.0,1.05141645176307,,1,5,1,2.0,1.0,1.0,1.0,1.0,1.0,0.0,1.0,Male,4,White
2042360899.0,51,Virginia,8681038,51013,Arlington,233476.0,1.08809378315216,2.533289199,1,5,4,2.0,1.0,1.0,1.0,1.0,1.0,0.0,1.0,Male,4,Other
2043755213.0,51,Virginia,8681038,51029,Buckingham,16979.0,0.363950367680878,0.8626785264,2,2,2,2.0,1.0,1.0,1.0,1.0,1.0,1.0,0.0,Female,2,Black
2021292265.0,51,Virginia,8681038,51127,New Kent,24972.0,1.6250863504171,,2,3,6,2.0,1.0,0.0,1.0,1.0,1.0,1.0,1.0,Female,3,Other
1998322391.0,51,Virginia,8681038,51550,Chesapeake city,252431.0,0.631394732896442,0.6016091527,1,3,1,2.0,0.0,0.0,0.0,0.0,0.0,1.0,0.0,Male,3,White
2039307821.0,51,Virginia,8681038,51141,Patrick,17559.0,5.54815959322068,,1,3,1,2.0,0.0,1.0,1.0,1.0,0.0,1.0,0.0,Male,3,White
2027467423.0,51,Virginia,8681038,51670,Hopewell city,22857.0,0.708995315881353,0.9692121409,2,2,1,2.0,0.0,1.0,1.0,0.0,0.0,1.0,1.0,Female,2,White
2027244725.0,51,Virginia,8681038,51710,Norfolk city,232960.0,2.8425695272893,,1,3,2,2.0,1.0,0.0,0.0,1.0,1.0,0.0,1.0,Male,3,Black
2015122287.0,51,Virginia,8681038,51770,Roanoke city,97922.0,0.456679867597478,0.457264729,1,4,1,2.0,1.0,1.0,1.0,1.0,1.0,1.0,1.0,Male,3,White
2024302617.0,51,Virginia,8681038,51680,Lynchburg city,79278.0,0.811408984536702,0.7262587184,1,5,3,,1.0,1.0,1.0,1.0,1.0,0.0,1.0,Male,4,Hispanic
2003684257.0,51,Virginia,8681038,51550,Chesapeake city,252431.0,0.531585594843029,0.6813228422000001,2,1,1,2.0,1.0,1.0,0.0,0.0,1.0,1.0,1.0,Female,1,White
2034542127.0,51,Virginia,8681038,51650,Hampton city,137889.0,0.348451445548799,3.6210866692,1,3,1,2.0,0.0,0.0,0.0,0.0,1.0,1.0,0.0,Male,3,White
1998012429.0,51,Virginia,8681038,51069,Frederick,94855.0,0.833385999207464,1.4403070998,2,2,1,2.0,1.0,1.0,1.0,1.0,1.0,0.0,1.0,Female,2,White
2034158025.0,51,Virginia,8681038,51119,Middlesex,10953.0,7.52320893958617,5.6105371182,1,1,1,2.0,1.0,1.0,0.0,0.0,1.0,1.0,0.0,Male,1,White
2016945993.0,51,Virginia,8681038,51107,Loudoun,432672.0,0.773842426822086,0.6785185418,2,6,1,2.0,1.0,1.0,1.0,1.0,1.0,1.0,1.0,Female,4,White
2019487605.0,51,Virginia,8681038,51730,Petersburg city,33484.0,2.11095990836622,1.8719718096,2,2,2,2.0,1.0,1.0,0.0,0.0,1.0,1.0,1.0,Female,2,Black
2013804373.0,18,Indiana,6841491,18097,Marion,974293.0,0.928561725669125,1.0867639475,1,2,1,2.0,0.0,0.0,0.0,0.0,1.0,1.0,0.0,Male,2,White
2043491331.0,18,Indiana,6841491,18127,Porter,174767.0,7.84636720012864,,1,3,1,2.0,1.0,1.0,0.0,1.0,1.0,0.0,1.0,Male,3,White
2033519045.0,18,Indiana,6841491,18097,Marion,974293.0,4.50368329655963,,2,2,1,2.0,0.0,1.0,1.0,0.0,1.0,1.0,0.0,Female,2,White
2014402009.0,18,Indiana,6841491,18095,Madison,130977.0,0.616158642824271,0.7238304109,1,3,1,2.0,1.0,1.0,1.0,1.0,1.0,1.0,1.0,Male,3,White
2008727257.0,18,Indiana,6841491,18097,Marion,974293.0,0.60513653512867,0.5119733036,2,5,1,2.0,1.0,1.0,1.0,1.0,1.0,1.0,1.0,Female,4,White
2011123195.0,18,Indiana,6841491,18141,St. Joseph,272478.0,1.09154899462712,0.6513205138,2,4,4,2.0,0.0,0.0,0.0,0.0,1.0,1.0,0.0,Female,3,Other
2018440583.0,18,Indiana,6841491,18089,Lake,499630.0,2.89042975855638,,1,1,3,,1.0,1.0,1.0,0.0,1.0,1.0,1.0,Male,1,Hispanic
2042518769.0,18,Indiana,6841491,18085,Kosciusko,80624.0,4.09932321187337,,1,2,1,2.0,1.0,1.0,0.0,0.0,1.0,1.0,1.0,Male,2,White
2034271483.0,18,Indiana,6841491,18097,Marion,974293.0,0.496919069090828,,1,2,2,2.0,1.0,1.0,1.0,1.0,1.0,1.0,1.0,Male,2,Black
2011397553.0,18,Indiana,6841491,18157,Tippecanoe,188836.0,1.05137246517919,0.9376494825,1,5,1,2.0,1.0,1.0,1.0,1.0,1.0,0.0,1.0,Male,4,White
2038691445.0,18,Indiana,6841491,18003,Allen,391751.0,3.22795728260595,,2,2,2,2.0,1.0,1.0,1.0,0.0,1.0,1.0,1.0,Female,2,Black
2014173531.0,18,Indiana,6841491,18057,Hamilton,366036.0,1.06169539692631,1.5547054883,1,2,1,2.0,0.0,0.0,0.0,0.0,0.0,1.0,0.0,Male,2,White
2038231201.0,18,Indiana,6841491,18141,St. Joseph,272478.0,5.71413048105097,1.1209727118,1,2,1,2.0,1.0,1.0,1.0,1.0,1.0,0.0,1.0,Male,2,White
2009542393.0,18,Indiana,6841491,18095,Madison,130977.0,0.564241360940827,0.956438792,2,2,1,2.0,0.0,1.0,1.0,1.0,1.0,1.0,1.0,Female,2,White
2029545271.0,18,Indiana,6841491,18089,Lake,499630.0,4.09932321187337,,1,2,1,2.0,1.0,0.0,0.0,0.0,1.0,1.0,0.0,Male,2,White
2041845377.0,18,Indiana,6841491,18167,Vigo,106014.0,1.29360824305073,2.9394369248,1,5,1,2.0,1.0,0.0,0.0,0.0,0.0,1.0,0.0,Male,4,White
2013028239.0,18,Indiana,6841491,18169,Wabash,30811.0,0.491018664412759,0.8089769817,2,2,1,2.0,1.0,1.0,1.0,0.0,1.0,1.0,1.0,Female,2,White
2032674803.0,18,Indiana,6841491,18093,Lawrence,45230.0,6.83762354849657,,1,1,1,2.0,1.0,0.0,1.0,0.0,1.0,0.0,0.0,Male,1,White
2042373667.0,18,Indiana,6841491,18097,Marion,974293.0,0.579499528606135,0.6638773383000001,2,5,1,2.0,1.0,0.0,0.0,0.0,1.0,1.0,0.0,Female,4,White
2007909127.0,18,Indiana,6841491,18177,Wayne,66238.0,0.841489288021421,0.8062656873,2,6,1,2.0,1.0,1.0,1.0,1.0,1.0,0.0,1.0,Female,4,White
1998039643.0,18,Indiana,6841491,18051,Gibson,32973.0,1.1199510483022,1.0329188032,2,6,1,2.0,1.0,1.0,1.0,1.0,1.0,0.0,1.0,Female,4,White
2031434511.0,18,Indiana,6841491,18167,Vigo,106014.0,0.172236096764481,0.4592934338,2,5,1,2.0,1.0,1.0,1.0,1.0,1.0,0.0,1.0,Female,4,White
2013892411.0,18,Indiana,6841491,18105,Monroe,144456.0,0.609201992708596,0.7038811135,2,5,1,2.0,1.0,1.0,1.0,1.0,1.0,0.0,1.0,Female,4,White
1997970503.0,18,Indiana,6841491,18093,Lawrence,45230.0,0.686988416170541,0.7580946234,2,3,1,2.0,0.0,0.0,0.0,0.0,1.0,1.0,0.0,Female,3,White
2018806411.0,18,Indiana,6841491,18105,Monroe,144456.0,1.23583709606291,1.3922692403,1,2,1,2.0,0.0,0.0,0.0,0.0,0.0,1.0,0.0,Male,2,White
2034527161.0,18,Indiana,6841491,18177,Wayne,66238.0,5.45585237247875,,1,2,1,2.0,0.0,0.0,1.0,0.0,0.0,0.0,0.0,Male,2,White
2013056019.0,18,Indiana,6841491,18089,Lake,499630.0,3.38389901633746,,2,2,1,2.0,0.0,1.0,0.0,0.0,1.0,1.0,1.0,Female,2,White
2014362305.0,18,Indiana,6841491,18157,Tippecanoe,188836.0,3.17086668019368,,2,1,1,2.0,1.0,1.0,1.0,1.0,1.0,0.0,1.0,Female,1,White
2038319073.0,18,Indiana,6841491,18059,Hancock,83016.0,1.41302674875521,,1,2,1,2.0,1.0,0.0,0.0,1.0,1.0,1.0,0.0,Male,2,White
2020660185.0,18,Indiana,6841491,18089,Lake,499630.0,1.6991831836592,1.2590896997,1,2,2,2.0,1.0,1.0,1.0,1.0,1.0,1.0,1.0,Male,2,Black
2038245975.0,18,Indiana,6841491,18057,Hamilton,366036.0,0.841489288021421,0.8062656873,2,6,1,2.0,1.0,1.0,1.0,1.0,1.0,0.0,1.0,Female,4,White
2017253951.0,18,Indiana,6841491,18049,Fulton,20355.0,0.733176750887285,0.5526436882,1,5,1,2.0,1.0,1.0,1.0,1.0,1.0,1.0,1.0,Male,4,White
2043210643.0,18,Indiana,6841491,18095,Madison,130977.0,0.750957513870401,,2,2,1,2.0,0.0,0.0,1.0,1.0,1.0,1.0,0.0,Female,2,White
2030644465.0,18,Indiana,6841491,18055,Greene,31030.0,1.39516640410949,,2,2,1,1.0,1.0,0.0,0.0,1.0,1.0,1.0,1.0,Female,2,Hispanic
2000490117.0,18,Indiana,6841491,18101,Martin,9813.0,5.96755547501133,3.4264730185,1,5,1,2.0,0.0,0.0,0.0,0.0,0.0,0.0,0.0,Male,4,White
2039374269.0,18,Indiana,6841491,18073,Jasper,33297.0,0.997470503457392,,1,3,1,2.0,0.0,0.0,0.0,0.0,0.0,1.0,0.0,Male,3,White
2019609113.0,18,Indiana,6841491,18141,St. Joseph,272478.0,15.0614388091749,,2,1,1,2.0,1.0,1.0,1.0,1.0,0.0,0.0,1.0,Female,1,White
2004102165.0,18,Indiana,6841491,18145,Shelby,45165.0,1.61346726148757,1.124014199,2,2,1,2.0,1.0,0.0,1.0,0.0,1.0,0.0,1.0,Female,2,White
2008625893.0,18,Indiana,6841491,18099,Marshall,46321.0,1.10769181857918,1.1393834956,1,2,1,2.0,1.0,1.0,1.0,1.0,1.0,0.0,1.0,Male,2,White
2032378391.0,18,Indiana,6841491,18127,Porter,174767.0,1.23583709606291,1.3922692403,1,2,1,2.0,1.0,1.0,0.0,0.0,1.0,1.0,1.0,Male,2,White
1995872793.0,18,Indiana,6841491,18093,Lawrence,45230.0,2.71670304606069,1.7082705242,1,6,1,2.0,0.0,0.0,0.0,0.0,0.0,1.0,0.0,Male,4,White
2004028323.0,18,Indiana,6841491,18145,Shelby,45165.0,2.14311192298126,2.313361959,1,3,1,2.0,1.0,1.0,1.0,1.0,1.0,0.0,1.0,Male,3,White
2016329741.0,18,Indiana,6841491,18059,Hancock,83016.0,3.38389901633746,,2,2,1,2.0,1.0,0.0,1.0,0.0,1.0,1.0,1.0,Female,2,White
2015534623.0,18,Indiana,6841491,18089,Lake,499630.0,0.342451583680354,,1,2,6,2.0,0.0,1.0,1.0,1.0,1.0,1.0,0.0,Male,2,Other
2021496879.0,18,Indiana,6841491,18089,Lake,499630.0,0.367784818757292,,2,2,2,2.0,1.0,1.0,1.0,0.0,1.0,1.0,1.0,Female,2,Black
2010016249.0,18,Indiana,6841491,18097,Marion,974293.0,0.882546603695773,0.6570561849000001,2,6,1,2.0,1.0,1.0,1.0,1.0,1.0,1.0,1.0,Female,4,White
1995108091.0,18,Indiana,6841491,18153,Sullivan,20664.0,0.683415730498624,0.9477603317,2,5,1,2.0,1.0,1.0,1.0,1.0,1.0,0.0,1.0,Female,4,White
2029192969.0,18,Indiana,6841491,18163,Vanderburgh,179604.0,2.43833067080344,2.6771286474,1,2,1,2.0,1.0,0.0,0.0,0.0,1.0,1.0,0.0,Male,2,White
2013850843.0,18,Indiana,6841491,18173,Warrick,65252.0,2.34219671475108,,2,2,1,2.0,1.0,0.0,0.0,0.0,0.0,1.0,0.0,Female,2,White
2030669787.0,18,Indiana,6841491,18163,Vanderburgh,179604.0,0.463107542201426,1.0553407783,2,2,1,2.0,0.0,1.0,0.0,1.0,1.0,,0.0,Female,2,White
1999825067.0,18,Indiana,6841491,18177,Wayne,66238.0,2.14268048685425,0.5516913801000001,2,3,1,2.0,1.0,1.0,1.0,1.0,1.0,0.0,1.0,Female,3,White
1984600251.0,18,Indiana,6841491,18127,Porter,174767.0,0.374878961516626,0.7776203272000001,1,2,1,2.0,0.0,0.0,0.0,0.0,0.0,1.0,0.0,Male,2,White
2012242285.0,18,Indiana,6841491,18095,Madison,130977.0,0.247655060232707,0.5902038081000001,2,5,1,2.0,1.0,1.0,1.0,1.0,1.0,0.0,1.0,Female,4,White
2018095069.0,18,Indiana,6841491,18089,Lake,499630.0,0.355257559302319,0.5883271885,2,2,1,1.0,1.0,1.0,1.0,1.0,1.0,0.0,1.0,Female,2,Hispanic
2014891521.0,18,Indiana,6841491,18039,Elkhart,207185.0,1.21264000007286,1.1099513201,1,5,1,2.0,0.0,0.0,0.0,0.0,0.0,1.0,0.0,Male,4,White
2036373879.0,18,Indiana,6841491,18071,Jackson,46298.0,4.09932321187337,,1,2,1,2.0,0.0,0.0,1.0,1.0,1.0,1.0,1.0,Male,2,White
2015032893.0,18,Indiana,6841491,18083,Knox,35854.0,0.862825645679067,0.8994732881,1,5,1,2.0,1.0,1.0,0.0,0.0,0.0,1.0,0.0,Male,4,White
2021906401.0,18,Indiana,6841491,18169,Wabash,30811.0,1.46835042557148,1.6966693821,1,3,1,2.0,0.0,0.0,0.0,0.0,0.0,1.0,0.0,Male,3,White
2027676211.0,18,Indiana,6841491,18097,Marion,974293.0,1.4385603962736,0.2860737625,1,2,7,2.0,0.0,0.0,1.0,0.0,0.0,1.0,0.0,Male,2,Other
1993393815.0,18,Indiana,6841491,18039,Elkhart,207185.0,2.00532958284331,1.9850021545,2,6,1,2.0,1.0,0.0,0.0,0.0,1.0,1.0,0.0,Female,4,White
2021211827.0,18,Indiana,6841491,18001,Adams,36162.0,6.67320710520501,6.896516483,2,1,4,2.0,1.0,1.0,1.0,1.0,1.0,1.0,1.0,Female,1,Other
2014523847.0,18,Indiana,6841491,18089,Lake,499630.0,0.879194010280907,1.5541875613,2,2,1,2.0,1.0,1.0,0.0,0.0,1.0,1.0,0.0,Female,2,White
2013145089.0,18,Indiana,6841491,18089,Lake,499630.0,0.662710913651913,0.6451980396,2,5,2,2.0,1.0,1.0,1.0,1.0,1.0,1.0,1.0,Female,4,Black
1999571425.0,18,Indiana,6841491,18091,LaPorte,111617.0,0.91432345938797,0.9712061464,2,3,1,2.0,1.0,1.0,0.0,1.0,1.0,1.0,0.0,Female,3,White
2034659917.0,18,Indiana,6841491,18049,Fulton,20355.0,4.72244878659455,,2,2,1,2.0,0.0,0.0,0.0,0.0,0.0,0.0,0.0,Female,2,White
2029020649.0,18,Indiana,6841491,18097,Marion,974293.0,2.59185237402255,,1,2,1,2.0,1.0,1.0,1.0,1.0,1.0,0.0,0.0,Male,2,White
2034632013.0,18,Indiana,6841491,18131,Pulaski,12434.0,0.504866829664664,,1,5,1,2.0,1.0,1.0,0.0,0.0,1.0,1.0,1.0,Male,4,White
2034164539.0,18,Indiana,6841491,18035,Delaware,112091.0,2.41062164567202,0.3784217585,2,5,5,1.0,1.0,1.0,0.0,1.0,1.0,1.0,1.0,Female,4,Hispanic
2030235497.0,18,Indiana,6841491,18043,Floyd,80552.0,0.491018664412759,0.8089769817,2,2,1,2.0,1.0,1.0,1.0,1.0,1.0,1.0,1.0,Female,2,White
2041647595.0,18,Indiana,6841491,18053,Grant,65900.0,2.43833067080344,2.6771286474,1,2,1,2.0,0.0,0.0,0.0,0.0,1.0,1.0,0.0,Male,2,White
2044611445.0,18,Indiana,6841491,18067,Howard,83479.0,3.07432648684642,7.0974658234,1,3,1,2.0,1.0,1.0,1.0,1.0,1.0,0.0,1.0,Male,3,White
1994918835.0,18,Indiana,6841491,18057,Hamilton,366036.0,1.11975642494217,0.913287271,1,6,1,2.0,0.0,0.0,0.0,0.0,0.0,1.0,0.0,Male,4,White
2017041381.0,18,Indiana,6841491,18095,Madison,130977.0,2.03933205187638,1.0923104398,2,5,1,2.0,1.0,1.0,1.0,1.0,1.0,1.0,1.0,Female,4,White
2022562343.0,18,Indiana,6841491,18157,Tippecanoe,188836.0,1.52927486704003,,2,3,6,1.0,0.0,0.0,0.0,1.0,0.0,1.0,0.0,Female,3,Hispanic
2006993785.0,18,Indiana,6841491,18097,Marion,974293.0,1.11975642494217,1.055301753,1,6,1,2.0,0.0,0.0,0.0,0.0,0.0,1.0,0.0,Male,4,White
1977965667.0,18,Indiana,6841491,18015,Carroll,20482.0,1.17013284362813,1.991092491,2,2,1,2.0,0.0,0.0,0.0,0.0,0.0,1.0,0.0,Female,2,White
2016937187.0,18,Indiana,6841491,18105,Monroe,144456.0,0.60513653512867,,2,5,1,2.0,1.0,1.0,1.0,1.0,1.0,0.0,1.0,Female,4,White
2014166847.0,18,Indiana,6841491,18097,Marion,974293.0,0.34013420569857,0.4228890352,2,3,2,2.0,1.0,1.0,1.0,1.0,1.0,1.0,1.0,Female,3,Black
2018254429.0,18,Indiana,6841491,18085,Kosciusko,80624.0,1.94523863040586,,2,3,1,2.0,1.0,1.0,1.0,1.0,0.0,1.0,1.0,Female,3,White
2044392665.0,18,Indiana,6841491,18141,St. Joseph,272478.0,0.642662099800664,,2,3,1,2.0,1.0,0.0,0.0,0.0,0.0,0.0,0.0,Female,3,White
2001231245.0,18,Indiana,6841491,18039,Elkhart,207185.0,3.28712370788932,2.7180950661,2,5,1,2.0,1.0,1.0,1.0,1.0,1.0,1.0,1.0,Female,4,White
1994409707.0,18,Indiana,6841491,18143,Scott,24442.0,1.46835042557148,1.6966693821,1,3,1,2.0,0.0,0.0,0.0,0.0,0.0,1.0,0.0,Male,3,White
2042328109.0,18,Indiana,6841491,18057,Hamilton,366036.0,0.609201992708596,0.7038811135,2,5,1,2.0,1.0,1.0,1.0,1.0,1.0,1.0,1.0,Female,4,White
2008520397.0,18,Indiana,6841491,18163,Vanderburgh,179604.0,2.71670304606069,1.7082705242,1,6,1,2.0,0.0,0.0,0.0,0.0,0.0,1.0,0.0,Male,4,White
2020280045.0,18,Indiana,6841491,18039,Elkhart,207185.0,1.23583709606291,1.3922692403,1,2,1,2.0,0.0,0.0,0.0,0.0,0.0,1.0,0.0,Male,2,White
1998807661.0,18,Indiana,6841491,18089,Lake,499630.0,0.537943010923201,0.9924694331,2,2,2,2.0,1.0,1.0,1.0,0.0,0.0,1.0,0.0,Female,2,Black
2015946229.0,18,Indiana,6841491,18127,Porter,174767.0,0.46313964631538,2.3688298219,1,2,3,,1.0,1.0,1.0,0.0,1.0,1.0,0.0,Male,2,Hispanic
2020225961.0,18,Indiana,6841491,18091,LaPorte,111617.0,0.653504299784999,1.0363922822,2,2,1,2.0,1.0,1.0,0.0,1.0,1.0,1.0,1.0,Female,2,White
2012543393.0,18,Indiana,6841491,18003,Allen,391751.0,1.23583709606291,1.3922692403,1,2,1,2.0,0.0,0.0,0.0,0.0,0.0,1.0,0.0,Male,2,White
2017128389.0,18,Indiana,6841491,18039,Elkhart,207185.0,0.276339743375686,1.2407637733,2,2,2,2.0,1.0,1.0,1.0,1.0,1.0,1.0,1.0,Female,2,Black
2012879403.0,18,Indiana,6841491,18103,Miami,34211.0,0.564241360940827,0.956438792,2,2,1,2.0,0.0,1.0,0.0,0.0,1.0,0.0,0.0,Female,2,White
2038585785.0,18,Indiana,6841491,18167,Vigo,106014.0,0.574348494951934,,2,2,4,2.0,1.0,1.0,1.0,1.0,0.0,0.0,1.0,Female,2,Other
2014962155.0,18,Indiana,6841491,18003,Allen,391751.0,1.09080729890616,1.4808599339,2,5,1,2.0,0.0,1.0,0.0,0.0,1.0,1.0,1.0,Female,4,White
2022005219.0,18,Indiana,6841491,18003,Allen,391751.0,1.32678196959918,1.3456065697,2,4,1,2.0,1.0,1.0,1.0,1.0,1.0,1.0,1.0,Female,3,White
2043919229.0,18,Indiana,6841491,18141,St. Joseph,272478.0,1.93778427460299,,2,2,2,2.0,0.0,0.0,0.0,0.0,0.0,0.0,0.0,Female,2,Black
2010486289.0,18,Indiana,6841491,18039,Elkhart,207185.0,0.686988416170541,0.7580946234,2,3,1,2.0,0.0,0.0,0.0,0.0,0.0,1.0,0.0,Female,3,White
2012827833.0,18,Indiana,6841491,18163,Vanderburgh,179604.0,0.978724015297141,1.7459505946,2,4,1,2.0,1.0,1.0,1.0,1.0,1.0,1.0,0.0,Female,3,White
1993781383.0,18,Indiana,6841491,18091,LaPorte,111617.0,0.452689850789703,1.1466171262,2,3,2,2.0,1.0,1.0,0.0,1.0,0.0,0.0,1.0,Female,3,Black
2014965541.0,18,Indiana,6841491,18089,Lake,499630.0,3.83639757930132,4.2046371158,1,6,1,2.0,1.0,1.0,0.0,0.0,0.0,1.0,0.0,Male,4,White
2010650965.0,18,Indiana,6841491,18033,DeKalb,43737.0,3.42567796674953,,2,3,1,2.0,0.0,0.0,1.0,0.0,1.0,1.0,1.0,Female,3,White
2031433789.0,18,Indiana,6841491,18145,Shelby,45165.0,0.275223369446739,0.1914698568,2,3,6,1.0,1.0,1.0,1.0,1.0,0.0,0.0,1.0,Female,3,Hispanic
2010323557.0,18,Indiana,6841491,18067,Howard,83479.0,2.80842625144018,0.7358628283,1,2,1,2.0,0.0,1.0,1.0,0.0,1.0,1.0,0.0,Male,2,White
2032129421.0,06,California,39125347,06075,San Francisco,813266.0,2.0386150877368,,1,5,1,2.0,0.0,1.0,1.0,1.0,1.0,1.0,1.0,Male,4,White
2012999131.0,06,California,39125347,06037,Los Angeles,9748524.0,2.06772893426517,1.269484816,1,6,1,2.0,0.0,0.0,0.0,0.0,0.0,1.0,0.0,Male,4,White
2013141455.0,06,California,39125347,06071,San Bernardino,2196267.0,0.935422581349505,1.0989911595,2,3,1,2.0,0.0,0.0,0.0,0.0,0.0,1.0,0.0,Female,3,White
2014490217.0,06,California,39125347,06019,Fresno,1017870.0,8.24379297708826,,1,2,3,,1.0,0.0,1.0,1.0,0.0,0.0,1.0,Male,2,Hispanic
2034514059.0,06,California,39125347,06065,Riverside,2479339.0,2.1648667013311,,1,3,1,2.0,1.0,0.0,1.0,0.0,1.0,1.0,1.0,Male,3,White
2017088517.0,06,California,39125347,06071,San Bernardino,2196267.0,1.21758129925043,1.086574423,2,5,1,1.0,0.0,0.0,0.0,0.0,0.0,1.0,0.0,Female,4,Hispanic
2014131649.0,06,California,39125347,06013,Contra Costa,1160163.0,0.215339775867917,1.9048479269,1,5,1,2.0,0.0,0.0,0.0,0.0,0.0,1.0,0.0,Male,4,White
2038905063.0,06,California,39125347,06081,San Mateo,732245.0,3.8625658433494,,2,5,4,2.0,1.0,1.0,1.0,1.0,1.0,0.0,1.0,Female,4,Other
2024526835.0,06,California,39125347,06073,San Diego,3279089.0,9.99415213533356,,1,1,3,1.0,1.0,1.0,1.0,1.0,1.0,1.0,1.0,Male,1,Hispanic
2011667759.0,06,California,39125347,06073,San Diego,3279089.0,1.18234667017285,1.0638155634,2,6,1,2.0,1.0,1.0,1.0,1.0,1.0,1.0,1.0,Female,4,White
2036914879.0,06,California,39125347,06037,Los Angeles,9748524.0,1.05702474859938,,2,3,3,1.0,1.0,1.0,1.0,1.0,1.0,1.0,1.0,Female,3,Hispanic
2013934543.0,06,California,39125347,06043,Mariposa,17066.0,15.0614388091749,15.0172750693,2,1,1,1.0,0.0,1.0,0.0,0.0,1.0,1.0,0.0,Female,1,Hispanic
1994377645.0,06,California,39125347,06037,Los Angeles,9748524.0,0.37631174035825,0.3804681844,1,6,1,2.0,1.0,1.0,1.0,1.0,1.0,1.0,1.0,Male,4,White
2018472541.0,06,California,39125347,06095,Solano,449852.0,4.93146316592788,,1,2,2,2.0,1.0,1.0,1.0,1.0,1.0,1.0,0.0,Male,2,Black
1999810425.0,06,California,39125347,06037,Los Angeles,9748524.0,0.493034906579603,0.41591844,2,6,2,2.0,1.0,1.0,1.0,1.0,1.0,0.0,1.0,Female,4,Black
2012160379.0,06,California,39125347,06095,Solano,449852.0,3.51791173287629,1.4987395021,2,5,4,2.0,1.0,1.0,0.0,1.0,1.0,0.0,1.0,Female,4,Other
2035675999.0,06,California,39125347,06037,Los Angeles,9748524.0,2.56658450799426,,2,2,4,2.0,0.0,0.0,0.0,1.0,0.0,0.0,0.0,Female,2,Other
2000832049.0,06,California,39125347,06029,Kern,917074.0,0.339972996096094,0.3272279815,1,3,1,2.0,1.0,1.0,1.0,1.0,1.0,1.0,1.0,Male,3,White
2038641769.0,06,California,39125347,06029,Kern,917074.0,0.93604664271423,0.9808936698,1,3,8,2.0,1.0,1.0,1.0,0.0,1.0,1.0,1.0,Male,3,Other
2040051173.0,06,California,39125347,06037,Los Angeles,9748524.0,4.06142517782715,,2,1,3,1.0,1.0,1.0,0.0,0.0,0.0,0.0,0.0,Female,1,Hispanic
2028893097.0,06,California,39125347,06001,Alameda,1633138.0,0.397160991285507,,2,2,6,1.0,1.0,0.0,0.0,0.0,1.0,1.0,1.0,Female,2,Hispanic
2034502951.0,06,California,39125347,06023,Humboldt,134979.0,5.75068788451091,4.4092222139,1,1,1,2.0,1.0,1.0,0.0,0.0,1.0,0.0,1.0,Male,1,White
2034536457.0,06,California,39125347,06013,Contra Costa,1160163.0,4.39027094833474,,3,3,1,2.0,1.0,1.0,1.0,1.0,1.0,0.0,1.0,,3,White
2038227653.0,06,California,39125347,06065,Riverside,2479339.0,0.707645714104206,1.0675547575,2,5,2,1.0,1.0,1.0,1.0,1.0,1.0,0.0,1.0,Female,4,Black
2008668449.0,06,California,39125347,06037,Los Angeles,9748524.0,3.27287830199111,,1,3,3,1.0,1.0,1.0,1.0,1.0,0.0,0.0,1.0,Male,3,Hispanic
2020264421.0,06,California,39125347,06013,Contra Costa,1160163.0,8.46929201634186,,1,2,3,1.0,1.0,1.0,1.0,1.0,1.0,1.0,1.0,Male,2,Hispanic
2021328519.0,06,California,39125347,06073,San Diego,3279089.0,10.4099558303426,13.8756987858,2,2,4,2.0,1.0,1.0,1.0,1.0,0.0,1.0,1.0,Female,2,Other
2009119233.0,06,California,39125347,06037,Los Angeles,9748524.0,2.13002253907722,,1,3,8,2.0,1.0,1.0,1.0,1.0,1.0,0.0,1.0,Male,3,Other
2028840649.0,06,California,39125347,06037,Los Angeles,9748524.0,1.14268492985795,,2,2,3,,1.0,1.0,1.0,1.0,0.0,1.0,0.0,Female,2,Hispanic
1983007977.0,06,California,39125347,06111,Ventura,834675.0,1.31944946765672,1.6350188386,2,2,1,2.0,1.0,1.0,0.0,1.0,0.0,1.0,0.0,Female,2,White
2042890015.0,06,California,39125347,06071,San Bernardino,2196267.0,0.6282733762355,0.6943205818,1,4,1,2.0,1.0,1.0,1.0,1.0,1.0,0.0,1.0,Male,3,White
2013022145.0,06,California,39125347,06107,Tulare,478037.0,1.3232854023711,1.2522066559,1,5,3,1.0,0.0,0.0,0.0,0.0,0.0,1.0,0.0,Male,4,Hispanic
1995278727.0,06,California,39125347,06037,Los Angeles,9748524.0,2.30373258087859,2.0970977406,2,5,1,2.0,1.0,1.0,1.0,1.0,1.0,0.0,1.0,Female,4,White
1999408419.0,06,California,39125347,06037,Los Angeles,9748524.0,6.19407740490291,,1,2,1,1.0,0.0,0.0,0.0,1.0,0.0,1.0,0.0,Male,2,Hispanic
2011643045.0,06,California,39125347,06089,Shasta,180957.0,1.31944946765672,1.6350188386,2,2,1,2.0,1.0,1.0,0.0,0.0,1.0,1.0,1.0,Female,2,White
2013160651.0,06,California,39125347,06071,San Bernardino,2196267.0,2.30373258087859,,2,5,1,2.0,1.0,1.0,1.0,1.0,1.0,0.0,1.0,Female,4,White
1992864289.0,06,California,39125347,06085,Santa Clara,1880151.0,0.930289226732393,0.874970698,2,6,1,2.0,1.0,1.0,1.0,1.0,1.0,1.0,1.0,Female,4,White
2011121893.0,06,California,39125347,06037,Los Angeles,9748524.0,1.06583150692226,0.9877591904,2,3,1,2.0,0.0,1.0,1.0,0.0,1.0,1.0,0.0,Female,3,White
2010516779.0,06,California,39125347,06037,Los Angeles,9748524.0,0.504784394579432,0.6094318855,2,4,3,1.0,1.0,0.0,1.0,0.0,1.0,1.0,1.0,Female,3,Hispanic
2014684439.0,06,California,39125347,06037,Los Angeles,9748524.0,0.381254035134405,,2,5,3,,1.0,1.0,1.0,1.0,1.0,1.0,1.0,Female,4,Hispanic
2014744625.0,06,California,39125347,06085,Santa Clara,1880151.0,5.03775994265413,,2,6,4,2.0,1.0,1.0,1.0,1.0,1.0,0.0,1.0,Female,4,Other
2014270519.0,06,California,39125347,06071,San Bernardino,2196267.0,3.0811454701405,0.6546966203,2,5,3,1.0,1.0,1.0,1.0,1.0,1.0,1.0,1.0,Female,4,Hispanic
2013850497.0,06,California,39125347,06037,Los Angeles,9748524.0,4.63099955028338,,1,6,2,2.0,1.0,1.0,1.0,1.0,1.0,1.0,1.0,Male,4,Black
1998569115.0,06,California,39125347,06037,Los Angeles,9748524.0,1.07126639608983,1.1854959141,2,2,2,2.0,0.0,1.0,1.0,1.0,0.0,0.0,0.0,Female,2,Black
1993322679.0,06,California,39125347,06073,San Diego,3279089.0,0.816122820714716,0.807610049,1,6,1,2.0,1.0,1.0,1.0,1.0,1.0,0.0,1.0,Male,4,White
2011066443.0,06,California,39125347,06071,San Bernardino,2196267.0,1.29575630414878,1.8456942968,1,5,1,2.0,1.0,1.0,1.0,1.0,1.0,1.0,1.0,Male,4,White
2036211769.0,06,California,39125347,06111,Ventura,834675.0,0.464445991529865,0.5676564601,1,3,1,1.0,0.0,1.0,1.0,1.0,1.0,1.0,0.0,Male,3,Hispanic
2043485789.0,06,California,39125347,06029,Kern,917074.0,1.30086506609889,2.061149539,2,2,1,2.0,0.0,0.0,0.0,0.0,1.0,1.0,1.0,Female,2,White
2042898323.0,06,California,39125347,06019,Fresno,1017870.0,6.19407740490291,,3,2,5,1.0,1.0,1.0,1.0,0.0,1.0,0.0,0.0,,2,Hispanic
2019088791.0,06,California,39125347,06037,Los Angeles,9748524.0,1.0931782499352,0.7479205528,2,3,1,2.0,0.0,0.0,0.0,0.0,0.0,1.0,0.0,Female,3,White
2013945203.0,06,California,39125347,06029,Kern,917074.0,3.75918830134597,2.0751538581,1,2,3,1.0,1.0,1.0,1.0,1.0,1.0,1.0,1.0,Male,2,Hispanic
2037306675.0,06,California,39125347,06065,Riverside,2479339.0,1.37988004080332,,1,2,1,2.0,1.0,0.0,1.0,0.0,0.0,1.0,1.0,Male,2,White
2036884103.0,06,California,39125347,06053,Monterey,435884.0,4.57874856942978,,1,2,1,2.0,1.0,1.0,1.0,0.0,1.0,0.0,0.0,Male,2,White
2039593999.0,06,California,39125347,06037,Los Angeles,9748524.0,1.94665308546612,,2,6,4,2.0,1.0,1.0,1.0,1.0,1.0,0.0,1.0,Female,4,Other
2036917483.0,06,California,39125347,06037,Los Angeles,9748524.0,3.75918830134597,,1,2,1,1.0,0.0,0.0,1.0,1.0,0.0,1.0,0.0,Male,2,Hispanic
2015615451.0,06,California,39125347,06065,Riverside,2479339.0,5.01242169783239,3.301983155,1,2,6,2.0,0.0,0.0,0.0,0.0,0.0,1.0,0.0,Male,2,Other
2033664867.0,06,California,39125347,06037,Los Angeles,9748524.0,4.20676828455326,,1,2,3,1.0,1.0,1.0,1.0,1.0,1.0,1.0,1.0,Male,2,Hispanic
2038637267.0,06,California,39125347,06067,Sacramento,1588707.0,1.88729487633817,,1,2,1,2.0,1.0,1.0,1.0,1.0,1.0,1.0,1.0,Male,2,White
2013736477.0,06,California,39125347,06037,Los Angeles,9748524.0,1.45893944377429,1.1803461598,1,5,4,2.0,1.0,1.0,1.0,1.0,1.0,1.0,1.0,Male,4,Other
2042328475.0,06,California,39125347,06013,Contra Costa,1160163.0,0.613204132789873,0.6303963769,1,6,1,2.0,1.0,1.0,1.0,1.0,1.0,0.0,1.0,Male,4,White
1999083491.0,06,California,39125347,06111,Ventura,834675.0,0.791612534405306,,1,3,1,2.0,0.0,1.0,1.0,1.0,1.0,1.0,1.0,Male,3,White
2045757307.0,06,California,39125347,06071,San Bernardino,2196267.0,13.3013709386323,,1,1,3,,1.0,1.0,1.0,1.0,0.0,1.0,0.0,Male,1,Hispanic
2036913839.0,06,California,39125347,06001,Alameda,1633138.0,1.90780678930817,2.3028705175,1,5,4,2.0,0.0,0.0,0.0,1.0,1.0,1.0,0.0,Male,4,Other
1999056109.0,06,California,39125347,06013,Contra Costa,1160163.0,0.291759660671555,0.4933291443,1,3,1,2.0,1.0,1.0,0.0,0.0,1.0,0.0,1.0,Male,3,White
2031398307.0,06,California,39125347,06019,Fresno,1017870.0,0.474472444421091,,2,1,2,2.0,0.0,1.0,1.0,1.0,1.0,1.0,1.0,Female,1,Black
1995127265.0,06,California,39125347,06085,Santa Clara,1880151.0,6.43689828283477,,2,4,4,2.0,1.0,1.0,1.0,1.0,0.0,1.0,1.0,Female,3,Other
2038227839.0,06,California,39125347,06053,Monterey,435884.0,2.97910557193473,,2,2,1,1.0,1.0,0.0,0.0,1.0,1.0,1.0,1.0,Female,2,Hispanic
2028495025.0,06,California,39125347,06107,Tulare,478037.0,0.729290009114452,,2,2,1,2.0,1.0,1.0,1.0,1.0,1.0,0.0,1.0,Female,2,White
2038910145.0,06,California,39125347,06037,Los Angeles,9748524.0,2.70791699597645,,2,2,3,,0.0,0.0,1.0,1.0,0.0,0.0,0.0,Female,2,Hispanic
1998727921.0,06,California,39125347,06073,San Diego,3279089.0,3.00053083397706,2.7081741581000003,2,3,4,2.0,1.0,1.0,1.0,1.0,1.0,0.0,1.0,Female,3,Other
2011306821.0,06,California,39125347,06029,Kern,917074.0,0.485868487184262,0.2850166577,1,4,6,2.0,0.0,0.0,0.0,0.0,0.0,1.0,0.0,Male,3,Other
2015222855.0,06,California,39125347,06055,Napa,134499.0,1.99622404565578,2.0188072563,1,3,6,1.0,1.0,1.0,1.0,1.0,1.0,0.0,1.0,Male,3,Hispanic
1995683685.0,06,California,39125347,06073,San Diego,3279089.0,0.613204132789873,,1,6,1,2.0,1.0,1.0,1.0,1.0,1.0,0.0,1.0,Male,4,White
2015745701.0,06,California,39125347,06059,Orange,3156252.0,1.15594568954253,0.7067755273,2,5,3,1.0,1.0,1.0,1.0,1.0,1.0,0.0,1.0,Female,4,Hispanic
2012918029.0,06,California,39125347,06097,Sonoma,483236.0,0.848809086358372,0.7624175675,2,4,1,2.0,1.0,1.0,1.0,1.0,1.0,0.0,1.0,Female,3,White
2014100291.0,06,California,39125347,06079,San Luis Obispo,282747.0,0.752861823616761,1.0159641191,2,3,1,2.0,0.0,0.0,0.0,0.0,1.0,1.0,0.0,Female,3,White
2015320761.0,06,California,39125347,06059,Orange,3156252.0,2.4826085020921,2.8243266089,2,5,4,2.0,0.0,0.0,0.0,0.0,1.0,1.0,0.0,Female,4,Other
2040050853.0,06,California,39125347,06053,Monterey,435884.0,2.85554698481738,1.8205555259,2,5,3,1.0,1.0,1.0,1.0,1.0,0.0,0.0,1.0,Female,4,Hispanic
2013131661.0,06,California,39125347,06041,Marin,257038.0,0.720958500872133,0.6798522096,1,6,1,2.0,1.0,1.0,1.0,1.0,1.0,1.0,1.0,Male,4,White
2040892731.0,06,California,39125347,06001,Alameda,1633138.0,3.85165751667638,4.1476657023,2,4,4,2.0,1.0,1.0,1.0,1.0,1.0,1.0,1.0,Female,3,Other
2015018743.0,06,California,39125347,06001,Alameda,1633138.0,0.578286391810942,0.4510846732,2,5,2,2.0,1.0,1.0,1.0,1.0,1.0,1.0,1.0,Female,4,Black
2013986033.0,06,California,39125347,06019,Fresno,1017870.0,4.02895312447628,,2,3,5,2.0,0.0,0.0,0.0,0.0,1.0,1.0,0.0,Female,3,Other
2018971977.0,06,California,39125347,06047,Merced,291781.0,0.99138493133416,,2,2,1,2.0,1.0,0.0,0.0,0.0,0.0,1.0,1.0,Female,2,White
2015022613.0,06,California,39125347,06073,San Diego,3279089.0,4.27909118321156,5.058918221,1,2,4,2.0,0.0,0.0,1.0,0.0,1.0,1.0,0.0,Male,2,Other
2012752071.0,06,California,39125347,06037,Los Angeles,9748524.0,0.166488001164181,,2,3,3,1.0,1.0,1.0,1.0,1.0,1.0,0.0,1.0,Female,3,Hispanic
2018972797.0,06,California,39125347,06085,Santa Clara,1880151.0,1.33627281354173,,1,4,3,,1.0,1.0,1.0,1.0,1.0,0.0,1.0,Male,3,Hispanic
2003802717.0,06,California,39125347,06083,Santa Barbara,445401.0,3.09193665779077,,3,3,4,2.0,0.0,1.0,0.0,0.0,1.0,0.0,1.0,,3,Other
2013724277.0,06,California,39125347,06019,Fresno,1017870.0,4.05415047501135,7.8510446773,2,2,4,2.0,1.0,1.0,1.0,0.0,1.0,0.0,1.0,Female,2,Other
2023493409.0,06,California,39125347,06089,Shasta,180957.0,3.63199821048961,0.9790962363,1,1,1,2.0,1.0,1.0,1.0,0.0,1.0,1.0,1.0,Male,1,White
2015298545.0,06,California,39125347,06001,Alameda,1633138.0,0.705431243776231,2.7903927095,2,6,1,2.0,1.0,1.0,1.0,1.0,1.0,0.0,1.0,Female,4,White
2037889787.0,06,California,39125347,06061,Placer,418469.0,0.597908843193046,0.5559740037,1,5,1,2.0,1.0,1.0,1.0,1.0,1.0,0.0,1.0,Male,4,White
2012540433.0,06,California,39125347,06041,Marin,257038.0,0.125047971033014,0.5061740651000001,1,4,2,2.0,1.0,0.0,0.0,0.0,1.0,0.0,1.0,Male,3,Black
2045010441.0,06,California,39125347,06019,Fresno,1017870.0,0.810658811429931,,1,5,1,2.0,0.0,1.0,0.0,0.0,0.0,0.0,0.0,Male,4,White
2037455825.0,06,California,39125347,06107,Tulare,478037.0,3.09193665779077,,1,3,4,2.0,1.0,1.0,1.0,1.0,1.0,1.0,1.0,Male,3,Other
2044279027.0,06,California,39125347,06037,Los Angeles,9748524.0,0.843685636143392,0.8191599268,2,5,1,2.0,1.0,1.0,1.0,1.0,1.0,0.0,1.0,Female,4,White
2039392811.0,06,California,39125347,06037,Los Angeles,9748524.0,1.99622404565578,,1,3,3,,1.0,1.0,1.0,1.0,1.0,0.0,0.0,Male,3,Hispanic
2002173447.0,06,California,39125347,06037,Los Angeles,9748524.0,0.786564658979804,0.6332233902000001,2,5,6,1.0,1.0,1.0,1.0,1.0,1.0,0.0,1.0,Female,4,Hispanic
2006390865.0,06,California,39125347,06037,Los Angeles,9748524.0,1.18698016458855,,1,3,3,,1.0,0.0,1.0,1.0,0.0,1.0,1.0,Male,3,Hispanic
2009758199.0,06,California,39125347,06031,Kings,152763.0,0.99138493133416,1.2762470618,2,2,1,2.0,0.0,0.0,1.0,1.0,1.0,1.0,0.0,Female,2,White
2035098977.0,06,California,39125347,06025,Imperial,179421.0,2.94886090537157,,1,1,3,,0.0,1.0,0.0,1.0,1.0,1.0,1.0,Male,1,Hispanic
2025815713.0,06,California,39125347,06037,Los Angeles,9748524.0,0.662766009240706,,1,2,3,,1.0,1.0,1.0,1.0,1.0,0.0,1.0,Male,2,Hispanic
2042929441.0,06,California,39125347,06065,Riverside,2479339.0,0.233816639931543,1.1370215569,2,2,3,,0.0,1.0,0.0,0.0,0.0,1.0,1.0,Female,2,Hispanic
1999592383.0,06,California,39125347,06047,Merced,291781.0,0.539135169670473,0.8138563575000001,1,5,1,2.0,1.0,0.0,0.0,0.0,0.0,1.0,0.0,Male,4,White
2023103611.0,06,California,39125347,06029,Kern,917074.0,4.20676828455326,,1,2,3,,1.0,1.0,1.0,1.0,1.0,0.0,1.0,Male,2,Hispanic
2034659797.0,06,California,39125347,06071,San Bernardino,2196267.0,6.19407740490291,,1,2,3,,1.0,1.0,1.0,0.0,0.0,1.0,1.0,Male,2,Hispanic
1996933185.0,06,California,39125347,06081,San Mateo,732245.0,1.23813625382319,,2,6,1,2.0,1.0,1.0,1.0,1.0,1.0,0.0,1.0,Female,4,White
2027407319.0,06,California,39125347,06059,Orange,3156252.0,1.04915322638603,1.3237758945,2,3,3,1.0,0.0,0.0,0.0,0.0,0.0,0.0,0.0,Female,3,Hispanic
2038529545.0,06,California,39125347,06037,Los Angeles,9748524.0,6.15322368266971,,1,3,3,,1.0,1.0,1.0,1.0,1.0,0.0,1.0,Male,3,Hispanic
1998007423.0,06,California,39125347,06001,Alameda,1633138.0,1.3587635224104,0.3004771832,1,3,4,2.0,1.0,0.0,0.0,1.0,1.0,1.0,1.0,Male,3,Other
2020037469.0,06,California,39125347,06059,Orange,3156252.0,3.92627390041949,,2,3,3,1.0,1.0,1.0,1.0,1.0,1.0,1.0,1.0,Female,3,Hispanic
2011299433.0,06,California,39125347,06073,San Diego,3279089.0,1.57085376912497,2.4631693908,1,2,3,1.0,1.0,1.0,1.0,1.0,1.0,0.0,1.0,Male,2,Hispanic
2031441457.0,06,California,39125347,06037,Los Angeles,9748524.0,0.843685636143392,0.8191599268,2,5,1,2.0,1.0,1.0,1.0,1.0,0.0,1.0,1.0,Female,4,White
1998210993.0,06,California,39125347,06037,Los Angeles,9748524.0,1.39489208750176,1.4104579914,1,5,4,2.0,0.0,0.0,0.0,0.0,0.0,0.0,0.0,Male,4,Other
2040051933.0,06,California,39125347,06075,San Francisco,813266.0,2.79646861496941,1.3030586105,3,2,3,1.0,1.0,0.0,1.0,1.0,1.0,1.0,1.0,,2,Hispanic
2010435829.0,06,California,39125347,06059,Orange,3156252.0,1.31944946765672,1.6350188386,2,2,1,2.0,1.0,0.0,1.0,0.0,1.0,1.0,0.0,Female,2,White
2012968637.0,06,California,39125347,06037,Los Angeles,9748524.0,3.06607315825657,2.6866226884,2,5,1,2.0,1.0,1.0,1.0,1.0,1.0,1.0,1.0,Female,4,White
2026740295.0,06,California,39125347,06037,Los Angeles,9748524.0,3.96493746953829,,2,2,3,1.0,0.0,0.0,0.0,0.0,0.0,0.0,0.0,Female,2,Hispanic
2034510647.0,06,California,39125347,06069,San Benito,67674.0,0.893295589903472,,1,3,3,,0.0,0.0,0.0,0.0,1.0,1.0,0.0,Male,3,Hispanic
2015092371.0,06,California,39125347,06075,San Francisco,813266.0,1.09891170331471,1.3081001367,1,2,1,2.0,1.0,1.0,1.0,1.0,1.0,0.0,1.0,Male,2,White
2007364269.0,06,California,39125347,06111,Ventura,834675.0,1.97710486203522,2.6481487563,2,5,4,2.0,1.0,1.0,1.0,1.0,1.0,0.0,1.0,Female,4,Other
1999009497.0,06,California,39125347,06037,Los Angeles,9748524.0,0.602783717291615,0.5977563061,1,3,2,2.0,1.0,1.0,1.0,1.0,1.0,1.0,1.0,Male,3,Black
2038229739.0,06,California,39125347,06019,Fresno,1017870.0,0.234076176826435,0.7125196007,2,3,3,1.0,1.0,1.0,1.0,1.0,1.0,1.0,1.0,Female,3,Hispanic
2015977699.0,06,California,39125347,06037,Los Angeles,9748524.0,0.833779389089791,,2,5,3,1.0,1.0,0.0,1.0,0.0,1.0,1.0,1.0,Female,4,Hispanic
2039664623.0,06,California,39125347,06037,Los Angeles,9748524.0,0.648527393206438,,1,5,4,2.0,1.0,1.0,1.0,1.0,1.0,0.0,1.0,Male,4,Other
2017628505.0,06,California,39125347,06037,Los Angeles,9748524.0,0.166488001164181,,2,3,3,,1.0,1.0,1.0,0.0,1.0,0.0,1.0,Female,3,Hispanic
2042400167.0,06,California,39125347,06059,Orange,3156252.0,2.97910557193473,,2,2,3,1.0,1.0,1.0,1.0,1.0,0.0,0.0,0.0,Female,2,Hispanic
1998894217.0,06,California,39125347,06013,Contra Costa,1160163.0,0.690465347640433,0.6495497452,2,5,1,2.0,1.0,1.0,1.0,1.0,1.0,0.0,1.0,Female,4,White
1999724371.0,06,California,39125347,06037,Los Angeles,9748524.0,5.75343170639994,4.6803441578000005,2,1,3,1.0,1.0,1.0,0.0,0.0,0.0,0.0,1.0,Female,1,Hispanic
2042351691.0,06,California,39125347,06073,San Diego,3279089.0,0.602783717291615,0.5977563061,1,4,2,2.0,1.0,1.0,1.0,0.0,1.0,1.0,1.0,Male,3,Black
2039693883.0,06,California,39125347,06041,Marin,257038.0,1.10506552560522,2.141437116,2,6,2,2.0,1.0,1.0,1.0,1.0,1.0,0.0,1.0,Female,4,Black
2012999221.0,06,California,39125347,06037,Los Angeles,9748524.0,1.80859551999724,0.9098054379,1,6,3,1.0,1.0,1.0,1.0,0.0,1.0,1.0,1.0,Male,4,Hispanic
2011550673.0,06,California,39125347,06059,Orange,3156252.0,0.848809086358372,0.7624175675,2,4,1,2.0,1.0,1.0,1.0,1.0,1.0,0.0,1.0,Female,3,White
2010606497.0,06,California,39125347,06065,Riverside,2479339.0,0.897773822998136,1.8207541151,1,2,3,1.0,1.0,1.0,1.0,1.0,1.0,1.0,1.0,Male,2,Hispanic
2040054249.0,06,California,39125347,06097,Sonoma,483236.0,1.17362240018581,2.8430567661,1,2,1,2.0,0.0,0.0,0.0,0.0,0.0,1.0,0.0,Male,2,White
2010177771.0,06,California,39125347,06037,Los Angeles,9748524.0,3.63199821048961,,1,1,1,2.0,1.0,1.0,1.0,1.0,1.0,0.0,1.0,Male,1,White
2034444967.0,06,California,39125347,06037,Los Angeles,9748524.0,1.98901128733445,,1,5,1,1.0,0.0,1.0,1.0,1.0,1.0,1.0,1.0,Male,4,Hispanic
1997691501.0,06,California,39125347,06107,Tulare,478037.0,0.485868487184262,,1,3,5,2.0,0.0,0.0,0.0,0.0,0.0,1.0,0.0,Male,3,Other
1995238749.0,06,California,39125347,06037,Los Angeles,9748524.0,3.72216766410608,0.6238885204,2,3,1,2.0,1.0,1.0,1.0,1.0,1.0,0.0,1.0,Female,3,White
2030596311.0,06,California,39125347,06037,Los Angeles,9748524.0,2.30373258087859,,2,5,1,2.0,1.0,1.0,1.0,0.0,1.0,1.0,1.0,Female,4,White
2031337143.0,06,California,39125347,06071,San Bernardino,2196267.0,4.73944344297614,7.1641774657,1,1,3,,1.0,0.0,1.0,0.0,0.0,1.0,0.0,Male,1,Hispanic
1998901241.0,06,California,39125347,06073,San Diego,3279089.0,1.9511191886325,,2,3,3,1.0,1.0,1.0,0.0,1.0,0.0,0.0,1.0,Female,3,Hispanic
2040050851.0,06,California,39125347,06111,Ventura,834675.0,2.35406691369589,3.6623315652,1,2,3,1.0,0.0,0.0,0.0,0.0,0.0,1.0,0.0,Male,2,Hispanic
2035366417.0,06,California,39125347,06059,Orange,3156252.0,5.4054132955198,,2,1,3,1.0,0.0,1.0,1.0,1.0,0.0,0.0,0.0,Female,1,Hispanic
2039942933.0,06,California,39125347,06059,Orange,3156252.0,2.27778209434112,,2,6,1,2.0,0.0,1.0,1.0,0.0,1.0,1.0,0.0,Female,4,White
1999736063.0,06,California,39125347,06067,Sacramento,1588707.0,1.18234667017285,1.0638155634,2,6,1,2.0,1.0,1.0,1.0,1.0,1.0,0.0,1.0,Female,4,White
2012706751.0,06,California,39125347,06111,Ventura,834675.0,4.01861836837448,,2,2,2,2.0,1.0,1.0,1.0,1.0,1.0,0.0,1.0,Female,2,Black
1976215945.0,06,California,39125347,06075,San Francisco,813266.0,0.524861708567109,1.0527846056,2,5,2,2.0,1.0,1.0,0.0,1.0,0.0,1.0,1.0,Female,4,Black
2017283665.0,06,California,39125347,06067,Sacramento,1588707.0,2.49916089221844,1.5705548833,1,6,2,2.0,1.0,1.0,1.0,1.0,1.0,1.0,1.0,Male,4,Black
2013052511.0,06,California,39125347,06029,Kern,917074.0,5.75343170639994,4.6803441578000005,2,1,3,1.0,1.0,1.0,1.0,1.0,1.0,1.0,1.0,Female,1,Hispanic
1996932993.0,06,California,39125347,06059,Orange,3156252.0,1.08175142261479,1.1961713379,1,5,1,2.0,0.0,0.0,0.0,0.0,0.0,1.0,0.0,Male,4,White
2013772785.0,06,California,39125347,06001,Alameda,1633138.0,0.833579686382768,0.9670406669,1,6,1,2.0,0.0,0.0,0.0,0.0,0.0,1.0,0.0,Male,4,White
2012621577.0,06,California,39125347,06013,Contra Costa,1160163.0,0.729290009114452,0.8528305624,2,2,1,2.0,1.0,1.0,1.0,1.0,0.0,0.0,1.0,Female,2,White
2013765965.0,06,California,39125347,06079,San Luis Obispo,282747.0,0.690465347640433,0.6495497452,2,5,1,2.0,1.0,1.0,1.0,1.0,1.0,0.0,1.0,Female,4,White
2010829071.0,06,California,39125347,06037,Los Angeles,9748524.0,6.15322368266971,0.8168325811,1,3,3,1.0,1.0,1.0,0.0,1.0,1.0,1.0,0.0,Male,3,Hispanic
2011677663.0,06,California,39125347,06075,San Francisco,813266.0,0.605965330161286,0.5994132553,1,3,1,2.0,1.0,1.0,1.0,1.0,1.0,0.0,1.0,Male,3,White
2029582659.0,06,California,39125347,06037,Los Angeles,9748524.0,1.83161310555363,,2,2,2,2.0,1.0,1.0,1.0,1.0,1.0,1.0,0.0,Female,2,Black
2014163571.0,06,California,39125347,06073,San Diego,3279089.0,1.83195921303998,1.290070447,1,5,4,2.0,1.0,1.0,0.0,0.0,1.0,1.0,0.0,Male,4,Other
2014457375.0,06,California,39125347,06085,Santa Clara,1880151.0,3.21415506943043,,2,5,1,2.0,1.0,1.0,1.0,1.0,1.0,1.0,1.0,Female,4,White
2021335419.0,06,California,39125347,06037,Los Angeles,9748524.0,4.44943372248171,,1,2,1,2.0,1.0,1.0,1.0,1.0,1.0,1.0,1.0,Male,2,White
2036913883.0,06,California,39125347,06037,Los Angeles,9748524.0,1.33221989288246,,2,6,1,2.0,1.0,1.0,0.0,1.0,0.0,1.0,1.0,Female,4,White
2014058563.0,06,California,39125347,06029,Kern,917074.0,0.938607320413328,1.06446607,2,5,1,2.0,0.0,1.0,0.0,0.0,1.0,1.0,0.0,Female,4,White
2025827605.0,06,California,39125347,06037,Los Angeles,9748524.0,0.602783717291615,0.5977563061,1,3,2,2.0,1.0,0.0,1.0,1.0,1.0,1.0,1.0,Male,3,Black
2044806707.0,06,California,39125347,06071,San Bernardino,2196267.0,4.79779726294945,,2,2,1,2.0,1.0,1.0,0.0,1.0,0.0,0.0,1.0,Female,2,White
2020503533.0,06,California,39125347,06037,Los Angeles,9748524.0,0.353697986234106,0.4692317005,1,3,3,,1.0,1.0,0.0,1.0,1.0,0.0,1.0,Male,3,Hispanic
2039699977.0,06,California,39125347,06059,Orange,3156252.0,1.18234667017285,1.0638155634,2,6,1,2.0,1.0,1.0,1.0,1.0,1.0,0.0,1.0,Female,4,White
2036926541.0,06,California,39125347,06001,Alameda,1633138.0,1.59396030402567,1.8035234384,1,6,4,2.0,1.0,1.0,0.0,1.0,1.0,1.0,1.0,Male,4,Other
1997234475.0,06,California,39125347,06075,San Francisco,813266.0,0.597908843193046,0.5559740037,1,5,1,2.0,1.0,1.0,1.0,1.0,1.0,0.0,1.0,Male,4,White
2015187141.0,06,California,39125347,06053,Monterey,435884.0,0.623255348431649,0.4546195595,2,4,3,1.0,1.0,1.0,1.0,0.0,1.0,1.0,0.0,Female,3,Hispanic
2033561467.0,06,California,39125347,06037,Los Angeles,9748524.0,2.6257588927737,0.9332903291,1,5,4,2.0,1.0,1.0,1.0,1.0,1.0,0.0,1.0,Male,4,Other
2045316609.0,06,California,39125347,06071,San Bernardino,2196267.0,4.57874856942978,,1,2,1,2.0,0.0,0.0,0.0,0.0,0.0,1.0,0.0,Male,2,White
2015770995.0,06,California,39125347,06029,Kern,917074.0,8.82354883076831,,2,1,1,2.0,1.0,1.0,1.0,1.0,1.0,1.0,0.0,Female,1,White
1998321025.0,06,California,39125347,06067,Sacramento,1588707.0,0.760897770026653,0.7958221487,1,4,1,2.0,1.0,0.0,0.0,0.0,0.0,1.0,0.0,Male,3,White
2022950767.0,06,California,39125347,06111,Ventura,834675.0,0.605965330161286,0.5994132553,1,3,1,2.0,1.0,1.0,0.0,1.0,1.0,0.0,1.0,Male,3,White
2000597703.0,06,California,39125347,06001,Alameda,1633138.0,2.71277594515962,2.1220086564,1,5,4,2.0,1.0,0.0,1.0,1.0,1.0,1.0,1.0,Male,4,Other
2036079745.0,06,California,39125347,06001,Alameda,1633138.0,3.16941719389185,,1,5,4,2.0,0.0,1.0,1.0,1.0,1.0,1.0,1.0,Male,4,Other
2019745469.0,06,California,39125347,06007,Butte,207312.0,1.37988004080332,1.8687750962,1,2,1,2.0,0.0,0.0,0.0,0.0,0.0,1.0,0.0,Male,2,White
2034736675.0,06,California,39125347,06059,Orange,3156252.0,2.35008435304132,,1,1,1,2.0,1.0,1.0,1.0,1.0,1.0,1.0,0.0,Male,1,White
2039686227.0,06,California,39125347,06071,San Bernardino,2196267.0,8.11151221692796,,1,2,3,1.0,1.0,1.0,1.0,1.0,1.0,1.0,1.0,Male,2,Hispanic
2029621885.0,06,California,39125347,06059,Orange,3156252.0,0.709708810115869,,2,4,3,,1.0,1.0,1.0,0.0,1.0,1.0,1.0,Female,3,Hispanic
2029080369.0,06,California,39125347,06107,Tulare,478037.0,2.97910557193473,,2,2,1,1.0,0.0,1.0,0.0,1.0,1.0,1.0,1.0,Female,2,Hispanic
2026742849.0,06,California,39125347,06095,Solano,449852.0,2.70791699597645,,2,2,3,1.0,1.0,1.0,0.0,1.0,1.0,0.0,1.0,Female,2,Hispanic
2039469723.0,06,California,39125347,06075,San Francisco,813266.0,3.85165751667638,,2,4,4,2.0,1.0,1.0,1.0,0.0,1.0,1.0,1.0,Female,3,Other
1992864491.0,06,California,39125347,06037,Los Angeles,9748524.0,0.690465347640433,0.6495497452,2,5,1,2.0,1.0,1.0,1.0,1.0,1.0,0.0,1.0,Female,4,White
2020245657.0,06,California,39125347,06061,Placer,418469.0,0.760897770026653,0.7958221487,1,3,1,2.0,0.0,0.0,0.0,0.0,0.0,1.0,0.0,Male,3,White
2011168303.0,06,California,39125347,06065,Riverside,2479339.0,0.223109454011405,0.1561123242,1,4,5,2.0,0.0,0.0,0.0,0.0,0.0,1.0,0.0,Male,3,Other
2039913757.0,06,California,39125347,06037,Los Angeles,9748524.0,8.38766217952242,,1,2,4,2.0,1.0,1.0,1.0,1.0,1.0,1.0,1.0,Male,2,Other
2031209651.0,06,California,39125347,06029,Kern,917074.0,2.89850385198007,,2,3,6,1.0,1.0,1.0,0.0,1.0,1.0,1.0,0.0,Female,3,Hispanic
2015124665.0,06,California,39125347,06071,San Bernardino,2196267.0,1.56422339241833,2.1653429321,2,5,1,2.0,0.0,0.0,0.0,0.0,0.0,1.0,0.0,Female,4,White
2010563661.0,06,California,39125347,06059,Orange,3156252.0,0.848809086358372,0.7624175675,2,3,1,2.0,0.0,1.0,1.0,0.0,0.0,1.0,1.0,Female,3,White
2034438383.0,06,California,39125347,06103,Tehama,65312.0,2.13944997198513,,2,1,1,2.0,0.0,1.0,1.0,1.0,0.0,0.0,0.0,Female,1,White
2011239993.0,06,California,39125347,06059,Orange,3156252.0,0.729290009114452,0.8528305624,2,2,1,2.0,1.0,1.0,1.0,1.0,1.0,1.0,1.0,Female,2,White
1999056721.0,06,California,39125347,06037,Los Angeles,9748524.0,0.486991081437824,,1,6,1,2.0,1.0,1.0,1.0,1.0,1.0,1.0,1.0,Male,4,White
2040340487.0,06,California,39125347,06037,Los Angeles,9748524.0,1.77742258876697,,1,5,1,2.0,1.0,1.0,1.0,1.0,1.0,1.0,1.0,Male,4,White
2036912089.0,06,California,39125347,06073,San Diego,3279089.0,1.64633715186828,2.448265372,1,2,1,1.0,1.0,0.0,0.0,1.0,1.0,1.0,1.0,Male,2,Hispanic
2011101873.0,06,California,39125347,06059,Orange,3156252.0,1.15594568954253,0.7067755273,2,5,3,1.0,1.0,1.0,1.0,1.0,1.0,0.0,1.0,Female,4,Hispanic
2013303743.0,06,California,39125347,06037,Los Angeles,9748524.0,2.65841408566706,1.7005376627,1,6,4,2.0,0.0,0.0,0.0,0.0,0.0,1.0,0.0,Male,4,Other
2045070401.0,06,California,39125347,06037,Los Angeles,9748524.0,0.486991081437824,,1,6,1,2.0,1.0,1.0,1.0,1.0,1.0,1.0,1.0,Male,4,White
2034501091.0,06,California,39125347,06067,Sacramento,1588707.0,3.20127006484798,,2,3,3,,1.0,0.0,0.0,0.0,0.0,0.0,0.0,Female,3,Hispanic
2028986313.0,06,California,39125347,06037,Los Angeles,9748524.0,1.6953207775818,,1,2,2,2.0,1.0,1.0,1.0,1.0,1.0,1.0,1.0,Male,2,Black
2013778453.0,06,California,39125347,06025,Imperial,179421.0,0.760897770026653,0.7958221487,1,3,1,2.0,0.0,0.0,0.0,0.0,1.0,1.0,0.0,Male,3,White
2012661181.0,06,California,39125347,06065,Riverside,2479339.0,7.39795397993735,0.7526314683,1,3,4,2.0,1.0,1.0,1.0,1.0,1.0,1.0,1.0,Male,3,Other
2034765169.0,06,California,39125347,06071,San Bernardino,2196267.0,0.699031249522281,2.1307079614,1,1,1,2.0,0.0,1.0,0.0,1.0,1.0,0.0,0.0,Male,1,White
1995325131.0,06,California,39125347,06029,Kern,917074.0,1.44112445925143,2.1127811459,2,2,1,2.0,0.0,0.0,0.0,0.0,0.0,1.0,0.0,Female,2,White
1982093407.0,06,California,39125347,06073,San Diego,3279089.0,2.90633433677776,,2,5,3,1.0,1.0,1.0,0.0,1.0,1.0,0.0,0.0,Female,4,Hispanic
2034712043.0,06,California,39125347,06037,Los Angeles,9748524.0,0.831254961064213,0.6595793612,2,3,2,2.0,1.0,1.0,1.0,1.0,1.0,0.0,1.0,Female,3,Black
2041446381.0,06,California,39125347,06013,Contra Costa,1160163.0,0.384642050882713,1.2979667912,2,5,4,2.0,1.0,1.0,1.0,1.0,1.0,1.0,1.0,Female,4,Other
2036210855.0,06,California,39125347,06055,Napa,134499.0,0.605965330161286,,1,3,1,2.0,1.0,1.0,1.0,1.0,1.0,0.0,1.0,Male,3,White
2017035061.0,06,California,39125347,06007,Butte,207312.0,1.27427429177577,2.4710213533,2,6,4,2.0,1.0,1.0,1.0,1.0,1.0,0.0,1.0,Female,4,Other
2017745185.0,06,California,39125347,06037,Los Angeles,9748524.0,2.52554103960238,,2,1,6,1.0,1.0,1.0,1.0,1.0,0.0,0.0,0.0,Female,1,Hispanic
2015400115.0,06,California,39125347,06037,Los Angeles,9748524.0,5.91895399743231,,2,1,2,2.0,1.0,1.0,1.0,1.0,1.0,1.0,1.0,Female,1,Black
2014137597.0,06,California,39125347,06077,San Joaquin,795443.0,2.0053246746672,1.595921533,2,4,1,2.0,1.0,1.0,1.0,1.0,1.0,1.0,1.0,Female,3,White
2019930821.0,06,California,39125347,06059,Orange,3156252.0,2.740162231524,,2,2,3,1.0,1.0,1.0,1.0,1.0,1.0,0.0,0.0,Female,2,Hispanic
2014159585.0,06,California,39125347,06065,Riverside,2479339.0,0.99138493133416,1.2762470618,2,2,1,2.0,0.0,0.0,0.0,0.0,0.0,1.0,0.0,Female,2,White
2027552031.0,06,California,39125347,06037,Los Angeles,9748524.0,0.662766009240706,,1,2,3,,1.0,1.0,1.0,1.0,1.0,1.0,1.0,Male,2,Hispanic
2041191219.0,06,California,39125347,06065,Riverside,2479339.0,1.27375872779055,,2,3,6,1.0,1.0,1.0,1.0,1.0,1.0,0.0,1.0,Female,3,Hispanic
1998085011.0,06,California,39125347,06067,Sacramento,1588707.0,2.40765613416397,,1,3,3,1.0,1.0,1.0,1.0,1.0,1.0,1.0,0.0,Male,3,Hispanic
2014433611.0,06,California,39125347,06037,Los Angeles,9748524.0,0.688122566035152,0.7902209999,2,3,1,2.0,1.0,1.0,1.0,1.0,1.0,0.0,1.0,Female,3,White
2010304153.0,06,California,39125347,06085,Santa Clara,1880151.0,3.08451834607052,1.1954215493,2,2,4,2.0,1.0,1.0,1.0,1.0,1.0,1.0,1.0,Female,2,Other
2013084491.0,06,California,39125347,06065,Riverside,2479339.0,0.955707174447724,0.6375462883,2,6,3,1.0,1.0,1.0,1.0,1.0,1.0,0.0,1.0,Female,4,Hispanic
2010106855.0,06,California,39125347,06111,Ventura,834675.0,0.843685636143392,0.8191599268,2,5,1,2.0,1.0,1.0,0.0,1.0,1.0,0.0,1.0,Female,4,White
2036801535.0,06,California,39125347,06099,Stanislaus,552453.0,0.350831164334264,,2,2,2,1.0,0.0,0.0,0.0,0.0,0.0,1.0,0.0,Female,2,Black
2018558297.0,06,California,39125347,06065,Riverside,2479339.0,0.570112667484969,,1,3,3,,1.0,1.0,0.0,0.0,1.0,1.0,0.0,Male,3,Hispanic
2042330917.0,06,California,39125347,06061,Placer,418469.0,0.597908843193046,0.7334804406000001,1,5,1,2.0,1.0,0.0,1.0,1.0,0.0,1.0,1.0,Male,4,White
1993773513.0,06,California,39125347,06037,Los Angeles,9748524.0,1.00978475588754,1.4311988207000002,2,5,1,1.0,0.0,0.0,0.0,0.0,1.0,0.0,0.0,Female,4,Hispanic
1997029597.0,06,California,39125347,06077,San Joaquin,795443.0,0.690465347640433,0.6495497452,2,5,1,2.0,1.0,1.0,1.0,1.0,1.0,1.0,1.0,Female,4,White
2014749395.0,06,California,39125347,06093,Siskiyou,43602.0,0.597908843193046,0.5559740037,1,5,1,2.0,1.0,1.0,1.0,1.0,1.0,0.0,1.0,Male,4,White
1998324897.0,06,California,39125347,06037,Los Angeles,9748524.0,0.692065552285456,0.6116442131000001,1,5,1,2.0,1.0,1.0,1.0,1.0,1.0,0.0,1.0,Male,4,White
2012876445.0,06,California,39125347,06087,Santa Cruz,265786.0,1.06583150692226,0.9877591904,2,3,1,2.0,0.0,0.0,0.0,0.0,0.0,1.0,0.0,Female,3,White
2042349119.0,06,California,39125347,06059,Orange,3156252.0,0.218497243929396,,2,2,3,1.0,1.0,1.0,0.0,0.0,1.0,1.0,1.0,Female,2,Hispanic
2011529019.0,06,California,39125347,06095,Solano,449852.0,3.16487603859666,0.8936830712,2,5,3,1.0,1.0,1.0,1.0,0.0,0.0,1.0,1.0,Female,4,Hispanic
2010831795.0,06,California,39125347,06067,Sacramento,1588707.0,0.531160868505899,0.3333343667,1,5,6,2.0,0.0,0.0,0.0,0.0,0.0,1.0,0.0,Male,4,Other
1990457091.0,06,California,39125347,06037,Los Angeles,9748524.0,1.26054259774698,1.4628226902,1,6,4,2.0,1.0,1.0,1.0,1.0,1.0,0.0,1.0,Male,4,Other
2017190775.0,06,California,39125347,06029,Kern,917074.0,0.829023858203527,0.9180375757,1,3,3,,1.0,1.0,1.0,0.0,0.0,0.0,1.0,Male,3,Hispanic
2025230593.0,06,California,39125347,06065,Riverside,2479339.0,0.695396022548678,,2,2,1,2.0,0.0,0.0,1.0,0.0,1.0,0.0,1.0,Female,2,White
2013975965.0,06,California,39125347,06037,Los Angeles,9748524.0,1.18234667017285,1.0638155634,2,6,1,2.0,1.0,1.0,1.0,1.0,1.0,0.0,1.0,Female,4,White
2038883553.0,06,California,39125347,06037,Los Angeles,9748524.0,0.788294455222239,,2,3,3,,0.0,1.0,0.0,0.0,1.0,1.0,0.0,Female,3,Hispanic
1996275641.0,06,California,39125347,06037,Los Angeles,9748524.0,0.772378533020006,1.1974782682,2,3,1,2.0,0.0,0.0,0.0,0.0,1.0,1.0,0.0,Female,3,White
2015187065.0,06,California,39125347,06059,Orange,3156252.0,4.83644437968985,3.9766793856,2,3,4,2.0,1.0,0.0,0.0,0.0,1.0,1.0,1.0,Female,3,Other
2032158403.0,06,California,39125347,06061,Placer,418469.0,3.94484910634768,,2,2,1,2.0,0.0,1.0,1.0,0.0,0.0,1.0,1.0,Female,2,White
2039996971.0,06,California,39125347,06037,Los Angeles,9748524.0,0.957575673108269,,1,3,4,2.0,1.0,1.0,1.0,1.0,1.0,0.0,1.0,Male,3,Other
2014629719.0,06,California,39125347,06083,Santa Barbara,445401.0,3.92627390041949,,2,4,1,1.0,0.0,0.0,0.0,0.0,0.0,0.0,0.0,Female,3,Hispanic
2023764953.0,06,California,39125347,06073,San Diego,3279089.0,3.49151932122683,,2,2,1,2.0,1.0,1.0,0.0,0.0,1.0,1.0,0.0,Female,2,White
1998100843.0,06,California,39125347,06007,Butte,207312.0,3.31865324800047,,2,3,1,2.0,1.0,1.0,1.0,1.0,1.0,1.0,1.0,Female,3,White
2009856621.0,06,California,39125347,06029,Kern,917074.0,1.51854513530783,2.5396927245,1,3,1,2.0,1.0,1.0,1.0,1.0,1.0,1.0,1.0,Male,3,White
2034757129.0,06,California,39125347,06073,San Diego,3279089.0,1.79940768314732,,1,1,4,2.0,1.0,1.0,1.0,0.0,1.0,1.0,1.0,Male,1,Other
2012271761.0,06,California,39125347,06083,Santa Barbara,445401.0,0.671825321989644,0.7807521314,2,3,3,1.0,0.0,0.0,0.0,0.0,1.0,1.0,1.0,Female,3,Hispanic
2034705745.0,06,California,39125347,06111,Ventura,834675.0,0.542994959036416,,1,2,5,1.0,1.0,1.0,1.0,1.0,1.0,0.0,1.0,Male,2,Hispanic
1997135997.0,06,California,39125347,06037,Los Angeles,9748524.0,0.930289226732393,0.874970698,2,6,1,2.0,1.0,1.0,1.0,1.0,1.0,1.0,1.0,Female,4,White
2039927401.0,06,California,39125347,06037,Los Angeles,9748524.0,0.448446727375613,,2,4,1,2.0,1.0,1.0,1.0,1.0,1.0,1.0,1.0,Female,3,White
2038671487.0,06,California,39125347,06019,Fresno,1017870.0,1.20492923754787,,2,5,1,2.0,1.0,1.0,1.0,1.0,1.0,1.0,0.0,Female,4,White
1998920325.0,06,California,39125347,06059,Orange,3156252.0,1.01990824554835,,1,4,1,2.0,0.0,1.0,0.0,0.0,0.0,1.0,0.0,Male,3,White
1984184301.0,06,California,39125347,06073,San Diego,3279089.0,0.597908843193046,0.5559740037,1,5,1,2.0,1.0,1.0,1.0,1.0,1.0,0.0,1.0,Male,4,White
1996485843.0,06,California,39125347,06065,Riverside,2479339.0,1.83650358979926,2.3941151982,1,2,1,2.0,0.0,0.0,0.0,0.0,0.0,1.0,0.0,Male,2,White
2039760579.0,06,California,39125347,06037,Los Angeles,9748524.0,4.3704482081941,,2,5,4,2.0,1.0,1.0,1.0,1.0,1.0,0.0,1.0,Female,4,Other
2012091371.0,06,California,39125347,06017,El Dorado,192914.0,0.0541435833071593,0.2023369805,2,6,7,2.0,1.0,1.0,1.0,1.0,1.0,0.0,1.0,Female,4,Other
2021704707.0,06,California,39125347,06037,Los Angeles,9748524.0,1.18234667017285,,2,6,1,2.0,1.0,1.0,1.0,1.0,1.0,0.0,1.0,Female,4,White
2015430655.0,06,California,39125347,06085,Santa Clara,1880151.0,0.605965330161286,0.5994132553,1,3,1,2.0,1.0,1.0,1.0,1.0,1.0,1.0,1.0,Male,3,White
2036927219.0,06,California,39125347,06085,Santa Clara,1880151.0,5.5504563675661,,1,5,4,2.0,1.0,1.0,1.0,1.0,1.0,1.0,1.0,Male,4,Other
2017772585.0,06,California,39125347,06087,Santa Cruz,265786.0,0.729290009114452,0.8528305624,2,2,1,2.0,1.0,1.0,1.0,1.0,1.0,0.0,1.0,Female,2,White
2018856833.0,06,California,39125347,06037,Los Angeles,9748524.0,1.01367426487928,2.2093378718,2,2,6,1.0,0.0,0.0,0.0,0.0,0.0,1.0,0.0,Female,2,Hispanic
2045583169.0,06,California,39125347,06001,Alameda,1633138.0,1.76656370493194,2.8829504525000003,1,2,2,2.0,1.0,1.0,1.0,1.0,1.0,1.0,1.0,Male,2,Black
2003925597.0,06,California,39125347,06065,Riverside,2479339.0,3.88422078821941,2.9041751527,2,2,3,1.0,0.0,0.0,0.0,0.0,1.0,1.0,0.0,Female,2,Hispanic
2038969545.0,06,California,39125347,06039,Madera,160377.0,3.27724171197649,,1,1,1,1.0,1.0,0.0,0.0,1.0,0.0,1.0,1.0,Male,1,Hispanic
1996319571.0,06,California,39125347,06065,Riverside,2479339.0,1.23653563670396,0.9133193227,1,3,4,2.0,0.0,0.0,0.0,0.0,1.0,1.0,0.0,Male,3,Other
2017164761.0,06,California,39125347,06067,Sacramento,1588707.0,3.31865324800047,0.4315452311,2,3,1,2.0,1.0,0.0,1.0,1.0,1.0,1.0,0.0,Female,3,White
2040293933.0,06,California,39125347,06037,Los Angeles,9748524.0,1.80960708824428,,2,3,1,2.0,0.0,1.0,1.0,1.0,1.0,1.0,1.0,Female,3,White
2031560851.0,06,California,39125347,06071,San Bernardino,2196267.0,2.97910557193473,,2,2,3,,1.0,1.0,1.0,0.0,1.0,1.0,1.0,Female,2,Hispanic
2033079179.0,06,California,39125347,06065,Riverside,2479339.0,7.43857161016253,,2,5,1,2.0,1.0,1.0,1.0,1.0,0.0,1.0,,Female,4,White
2011119291.0,06,California,39125347,06029,Kern,917074.0,0.843685636143392,0.8191599268,2,5,1,2.0,1.0,1.0,1.0,1.0,1.0,0.0,1.0,Female,4,White
2013736849.0,06,California,39125347,06037,Los Angeles,9748524.0,0.914845003420164,0.8481476678000001,2,5,3,1.0,0.0,0.0,0.0,0.0,0.0,1.0,0.0,Female,4,Hispanic
2012377777.0,06,California,39125347,06075,San Francisco,813266.0,2.21282636309846,1.699644396,1,3,4,2.0,0.0,1.0,1.0,1.0,1.0,1.0,1.0,Male,3,Other
2016378649.0,06,California,39125347,06013,Contra Costa,1160163.0,0.921075569399288,1.261722543,2,6,1,2.0,0.0,0.0,0.0,0.0,0.0,1.0,0.0,Female,4,White
2013976177.0,06,California,39125347,06037,Los Angeles,9748524.0,1.14395331220499,1.115159897,2,4,1,1.0,1.0,1.0,1.0,0.0,0.0,1.0,1.0,Female,3,Hispanic
2013226141.0,06,California,39125347,06085,Santa Clara,1880151.0,1.19114419210783,,1,1,1,2.0,1.0,1.0,0.0,1.0,1.0,1.0,1.0,Male,1,White
2011719419.0,06,California,39125347,06037,Los Angeles,9748524.0,4.44943372248171,0.5958008894,1,2,1,2.0,1.0,0.0,0.0,0.0,1.0,0.0,1.0,Male,2,White
2014437245.0,06,California,39125347,06059,Orange,3156252.0,0.692065552285456,0.6116442131000001,1,5,1,2.0,1.0,1.0,1.0,1.0,1.0,0.0,1.0,Male,4,White
2003729855.0,06,California,39125347,06037,Los Angeles,9748524.0,15.0614388091749,,1,5,7,1.0,0.0,1.0,1.0,1.0,0.0,1.0,1.0,Male,4,Hispanic
2039409175.0,06,California,39125347,06007,Butte,207312.0,0.613204132789873,0.6303963769,1,6,1,2.0,1.0,1.0,0.0,1.0,1.0,1.0,1.0,Male,4,White
2028161107.0,06,California,39125347,06073,San Diego,3279089.0,1.70377899359244,0.8278633430000001,2,3,3,1.0,1.0,0.0,1.0,0.0,0.0,0.0,0.0,Female,3,Hispanic
2001057959.0,06,California,39125347,06067,Sacramento,1588707.0,0.925451144898911,0.7644154064,1,5,7,1.0,1.0,1.0,1.0,1.0,1.0,1.0,1.0,Male,4,Hispanic
2033082059.0,06,California,39125347,06037,Los Angeles,9748524.0,1.75576898340502,,2,3,1,2.0,0.0,0.0,0.0,0.0,1.0,1.0,0.0,Female,3,White
2039633997.0,06,California,39125347,06037,Los Angeles,9748524.0,5.80088887819423,2.0454591445,1,3,3,,0.0,1.0,0.0,0.0,0.0,1.0,0.0,Male,3,Hispanic
2012136505.0,06,California,39125347,06037,Los Angeles,9748524.0,1.18234667017285,1.0638155634,2,6,1,2.0,1.0,1.0,1.0,1.0,1.0,0.0,1.0,Female,4,White
1980753831.0,06,California,39125347,06083,Santa Barbara,445401.0,0.810658811429931,1.3953878977,1,5,1,2.0,1.0,1.0,1.0,1.0,1.0,1.0,1.0,Male,4,White
1995512773.0,06,California,39125347,06037,Los Angeles,9748524.0,1.45893944377429,1.1803461598,1,5,4,2.0,0.0,1.0,1.0,0.0,1.0,1.0,1.0,Male,4,Other
2036495165.0,06,California,39125347,06071,San Bernardino,2196267.0,4.57874856942978,,1,2,1,2.0,1.0,0.0,0.0,1.0,1.0,1.0,0.0,Male,2,White
2036932439.0,06,California,39125347,06073,San Diego,3279089.0,0.652071702533458,3.755152271,2,2,4,2.0,1.0,1.0,1.0,1.0,1.0,1.0,1.0,Female,2,Other
1995517217.0,06,California,39125347,06037,Los Angeles,9748524.0,0.15442578347751,0.1585514557,1,6,6,2.0,1.0,1.0,1.0,1.0,1.0,0.0,1.0,Male,4,Other
2035644249.0,06,California,39125347,06081,San Mateo,732245.0,3.99181071529585,0.4122881776,2,6,3,1.0,1.0,1.0,1.0,1.0,1.0,0.0,1.0,Female,4,Hispanic
1998234231.0,06,California,39125347,06037,Los Angeles,9748524.0,0.897773822998136,1.8207541151,1,2,6,1.0,1.0,1.0,1.0,1.0,1.0,0.0,1.0,Male,2,Hispanic
2026965865.0,06,California,39125347,06001,Alameda,1633138.0,3.0811454701405,,2,5,6,1.0,1.0,1.0,1.0,1.0,1.0,0.0,1.0,Female,4,Hispanic
2036122229.0,06,California,39125347,06037,Los Angeles,9748524.0,2.79020539604214,,1,1,3,,1.0,1.0,0.0,0.0,1.0,1.0,1.0,Male,1,Hispanic
2014554531.0,06,California,39125347,06037,Los Angeles,9748524.0,10.1018727631558,,1,1,3,,0.0,0.0,0.0,1.0,1.0,0.0,0.0,Male,1,Hispanic
1984437485.0,06,California,39125347,06001,Alameda,1633138.0,3.24330797948566,,1,2,1,2.0,1.0,0.0,0.0,1.0,1.0,1.0,1.0,Male,2,White
2025658769.0,06,California,39125347,06085,Santa Clara,1880151.0,0.836480537894153,,2,5,7,2.0,1.0,1.0,1.0,1.0,1.0,0.0,1.0,Female,4,Other
2041446551.0,06,California,39125347,06061,Placer,418469.0,3.0640953813523,1.8231310244,2,6,4,2.0,0.0,0.0,0.0,0.0,0.0,1.0,0.0,Female,4,Other
2011364077.0,06,California,39125347,06017,El Dorado,192914.0,1.41853156122495,1.2654327932,2,4,1,2.0,0.0,0.0,0.0,0.0,1.0,1.0,0.0,Female,3,White
2010585145.0,06,California,39125347,06087,Santa Cruz,265786.0,0.688122566035152,0.7902209999,2,3,1,2.0,1.0,1.0,1.0,1.0,1.0,0.0,1.0,Female,3,White
2022031127.0,06,California,39125347,06065,Riverside,2479339.0,3.70539746270452,2.4008143251,2,5,4,2.0,1.0,1.0,1.0,1.0,1.0,0.0,1.0,Female,4,Other
2027231547.0,06,California,39125347,06085,Santa Clara,1880151.0,0.93604664271423,0.7435118248,1,4,6,2.0,1.0,1.0,1.0,1.0,1.0,0.0,1.0,Male,3,Other
2037805405.0,06,California,39125347,06059,Orange,3156252.0,1.83195921303998,1.290070447,1,5,4,2.0,0.0,0.0,0.0,0.0,0.0,1.0,0.0,Male,4,Other
2036122631.0,06,California,39125347,06099,Stanislaus,552453.0,2.98847314653112,,1,1,2,2.0,1.0,1.0,1.0,1.0,1.0,1.0,1.0,Male,1,Black
2040041407.0,06,California,39125347,06085,Santa Clara,1880151.0,1.1983585765764,4.4869251677,2,1,3,1.0,0.0,0.0,1.0,0.0,1.0,1.0,1.0,Female,1,Hispanic
2038590121.0,06,California,39125347,06059,Orange,3156252.0,2.90786007466691,1.578017203,1,5,4,2.0,1.0,1.0,1.0,1.0,1.0,1.0,1.0,Male,4,Other
2012313601.0,06,California,39125347,06075,San Francisco,813266.0,1.84469604510345,,1,5,1,2.0,0.0,1.0,1.0,1.0,1.0,1.0,1.0,Male,4,White
2022416761.0,06,California,39125347,06073,San Diego,3279089.0,0.905338717935425,1.0761086961,2,5,1,2.0,1.0,1.0,1.0,1.0,1.0,0.0,1.0,Female,4,White
2012487191.0,06,California,39125347,06075,San Francisco,813266.0,2.45513436584583,,1,5,1,2.0,1.0,1.0,0.0,1.0,1.0,1.0,1.0,Male,4,White
2014257779.0,06,California,39125347,06071,San Bernardino,2196267.0,2.52554103960238,,2,1,3,,0.0,1.0,0.0,1.0,1.0,0.0,1.0,Female,1,Hispanic
2041944943.0,06,California,39125347,06059,Orange,3156252.0,1.61507921357613,1.4486928354,2,4,1,2.0,1.0,1.0,0.0,0.0,1.0,1.0,1.0,Female,3,White
2032679497.0,06,California,39125347,06061,Placer,418469.0,2.27778209434112,,2,6,1,2.0,1.0,1.0,1.0,1.0,0.0,0.0,0.0,Female,4,White
2045016231.0,06,California,39125347,06059,Orange,3156252.0,0.740645636574636,0.4690247954,1,6,1,2.0,0.0,0.0,0.0,0.0,0.0,1.0,0.0,Male,4,White
2014681137.0,06,California,39125347,06013,Contra Costa,1160163.0,1.06583150692226,0.9877591904,2,3,1,2.0,0.0,0.0,0.0,0.0,0.0,1.0,0.0,Female,3,White
2020126537.0,06,California,39125347,06073,San Diego,3279089.0,0.958567260875996,0.6015355072,2,5,3,1.0,0.0,1.0,0.0,0.0,0.0,0.0,,Female,4,Hispanic
2017794847.0,06,California,39125347,06037,Los Angeles,9748524.0,0.934772968918828,0.8483587441,2,4,1,2.0,1.0,1.0,1.0,1.0,1.0,0.0,1.0,Female,3,White
2012113877.0,06,California,39125347,06037,Los Angeles,9748524.0,0.486991081437824,,1,6,1,2.0,1.0,1.0,1.0,1.0,1.0,1.0,1.0,Male,4,White
2020847407.0,06,California,39125347,06073,San Diego,3279089.0,4.06142517782715,,2,1,1,1.0,,0.0,0.0,0.0,0.0,0.0,0.0,Female,1,Hispanic
2043304805.0,06,California,39125347,06025,Imperial,179421.0,3.31865324800047,,2,4,1,2.0,0.0,0.0,0.0,0.0,1.0,1.0,0.0,Female,3,White
2000528453.0,06,California,39125347,06059,Orange,3156252.0,0.720958500872133,0.6798522096,1,6,1,2.0,1.0,1.0,1.0,1.0,1.0,0.0,1.0,Male,4,White
2010838287.0,06,California,39125347,06061,Placer,418469.0,0.843685636143392,0.8191599268,2,5,1,2.0,1.0,1.0,1.0,1.0,1.0,0.0,1.0,Female,4,White
2036945615.0,06,California,39125347,06065,Riverside,2479339.0,0.475425586070865,0.8634491435,1,4,1,2.0,1.0,1.0,1.0,1.0,1.0,1.0,0.0,Male,3,White
1998512609.0,06,California,39125347,06095,Solano,449852.0,0.766320871519086,0.9610515853,1,3,1,2.0,1.0,1.0,0.0,1.0,1.0,1.0,1.0,Male,3,White
2038229969.0,06,California,39125347,06107,Tulare,478037.0,0.18224915376585,,1,3,3,1.0,0.0,0.0,0.0,0.0,0.0,1.0,0.0,Male,3,Hispanic
2034449243.0,06,California,39125347,06097,Sonoma,483236.0,0.690465347640433,0.6495497452,2,5,1,2.0,1.0,1.0,1.0,1.0,1.0,0.0,1.0,Female,4,White
1997948261.0,06,California,39125347,06065,Riverside,2479339.0,0.605965330161286,0.5994132553,1,4,1,2.0,1.0,1.0,1.0,1.0,1.0,0.0,1.0,Male,3,White
2033217735.0,06,California,39125347,06077,San Joaquin,795443.0,4.20676828455326,,1,2,3,,0.0,1.0,0.0,1.0,0.0,1.0,0.0,Male,2,Hispanic
2030016595.0,06,California,39125347,06037,Los Angeles,9748524.0,2.1648667013311,,1,4,1,2.0,1.0,1.0,1.0,0.0,1.0,1.0,1.0,Male,3,White
2036151271.0,06,California,39125347,06019,Fresno,1017870.0,3.92627390041949,,2,3,3,,0.0,1.0,1.0,0.0,0.0,0.0,1.0,Female,3,Hispanic
2037931925.0,06,California,39125347,06097,Sonoma,483236.0,0.833579686382768,,1,6,1,2.0,0.0,0.0,1.0,1.0,0.0,1.0,0.0,Male,4,White
2034580923.0,06,California,39125347,06037,Los Angeles,9748524.0,0.908198068505903,0.6244543801,1,4,6,2.0,0.0,0.0,0.0,0.0,1.0,1.0,0.0,Male,3,Other
2026510791.0,06,California,39125347,06029,Kern,917074.0,1.06781753397326,4.0746234561,2,2,3,,0.0,0.0,0.0,0.0,0.0,0.0,1.0,Female,2,Hispanic
2013473097.0,06,California,39125347,06025,Imperial,179421.0,15.0614388091749,,1,1,3,,1.0,1.0,0.0,1.0,1.0,1.0,1.0,Male,1,Hispanic
2033497097.0,06,California,39125347,06089,Shasta,180957.0,0.955707174447724,0.6375462883,2,6,3,1.0,1.0,1.0,1.0,1.0,1.0,1.0,1.0,Female,4,Hispanic
2044023919.0,06,California,39125347,06047,Merced,291781.0,6.19407740490291,,1,2,3,,1.0,1.0,1.0,1.0,1.0,0.0,1.0,Male,2,Hispanic
2029208797.0,06,California,39125347,06081,San Mateo,732245.0,0.664678940709564,,2,6,7,2.0,1.0,1.0,1.0,1.0,1.0,1.0,1.0,Female,4,Other
2015691345.0,06,California,39125347,06079,San Luis Obispo,282747.0,1.07126639608983,1.1854959141,2,2,2,2.0,1.0,1.0,0.0,0.0,1.0,0.0,1.0,Female,2,Black
2045965905.0,06,California,39125347,06013,Contra Costa,1160163.0,1.88066417253968,,2,2,2,2.0,1.0,1.0,0.0,1.0,1.0,0.0,1.0,Female,2,Black
2008397765.0,06,California,39125347,06073,San Diego,3279089.0,2.3102201396729,0.5826699622,1,6,4,2.0,0.0,1.0,1.0,1.0,1.0,1.0,1.0,Male,4,Other
2010842181.0,06,California,39125347,06097,Sonoma,483236.0,0.46459387472683,0.3606763345,1,5,6,2.0,1.0,1.0,1.0,1.0,1.0,0.0,1.0,Male,4,Other
2021639679.0,06,California,39125347,06037,Los Angeles,9748524.0,3.53180999369428,,1,2,3,,1.0,1.0,0.0,0.0,0.0,1.0,1.0,Male,2,Hispanic
2015849531.0,06,California,39125347,06037,Los Angeles,9748524.0,1.29575630414878,,1,5,1,2.0,1.0,1.0,1.0,1.0,1.0,1.0,1.0,Male,4,White
1996108075.0,06,California,39125347,06099,Stanislaus,552453.0,0.692065552285456,,1,5,1,2.0,1.0,1.0,1.0,1.0,1.0,0.0,1.0,Male,4,White
2015059173.0,06,California,39125347,06067,Sacramento,1588707.0,0.760897770026653,0.6032286640000001,1,4,1,2.0,0.0,1.0,1.0,0.0,1.0,1.0,1.0,Male,3,White
2025403187.0,06,California,39125347,06071,San Bernardino,2196267.0,0.671825321989644,0.7807521314,2,3,3,,1.0,1.0,1.0,1.0,1.0,0.0,1.0,Female,3,Hispanic
2024198591.0,06,California,39125347,06099,Stanislaus,552453.0,2.1648667013311,,1,4,1,2.0,1.0,1.0,1.0,1.0,1.0,1.0,1.0,Male,3,White
2031387143.0,06,California,39125347,06067,Sacramento,1588707.0,0.818443719406922,1.6765532941,2,3,1,2.0,1.0,0.0,0.0,1.0,1.0,1.0,0.0,Female,3,White
2030902525.0,06,California,39125347,06037,Los Angeles,9748524.0,0.725584070792997,1.3148311041,1,3,3,,1.0,1.0,1.0,0.0,1.0,1.0,1.0,Male,3,Hispanic
2037653699.0,06,California,39125347,06071,San Bernardino,2196267.0,0.473293433598645,,1,3,1,2.0,0.0,0.0,1.0,0.0,0.0,1.0,0.0,Male,3,White
2029570321.0,06,California,39125347,06029,Kern,917074.0,4.79779726294945,,2,2,1,2.0,0.0,0.0,1.0,0.0,0.0,0.0,0.0,Female,2,White
2028885571.0,06,California,39125347,06033,Lake,68271.0,0.896506806256634,,1,3,5,2.0,1.0,1.0,1.0,1.0,1.0,0.0,1.0,Male,3,Other
1999226131.0,06,California,39125347,06059,Orange,3156252.0,0.938607320413328,1.06446607,2,5,1,2.0,0.0,0.0,0.0,0.0,1.0,1.0,0.0,Female,4,White
2013028319.0,06,California,39125347,06029,Kern,917074.0,0.826986406685101,0.7192996696,2,3,7,2.0,1.0,1.0,1.0,1.0,1.0,1.0,1.0,Female,3,Other
2020958343.0,06,California,39125347,06085,Santa Clara,1880151.0,1.08280696464737,1.6491741049000002,2,2,1,2.0,0.0,0.0,0.0,0.0,1.0,1.0,0.0,Female,2,White
2039413375.0,06,California,39125347,06001,Alameda,1633138.0,2.65841408566706,1.7005376627,1,6,4,2.0,1.0,0.0,0.0,0.0,0.0,1.0,0.0,Male,4,Other
2032832623.0,06,California,39125347,06095,Solano,449852.0,7.76964421518753,2.8649219488,1,3,2,2.0,0.0,1.0,1.0,1.0,1.0,1.0,1.0,Male,3,Black
1998954983.0,06,California,39125347,06001,Alameda,1633138.0,0.605965330161286,0.5994132553,1,3,1,2.0,1.0,1.0,1.0,1.0,1.0,0.0,1.0,Male,3,White
2011825177.0,06,California,39125347,06037,Los Angeles,9748524.0,4.93157052835425,3.0757184615,2,5,4,2.0,1.0,1.0,1.0,1.0,1.0,0.0,1.0,Female,4,Other
2034747275.0,06,California,39125347,06031,Kings,152763.0,1.50749421177926,,2,2,6,1.0,0.0,1.0,0.0,1.0,1.0,0.0,0.0,Female,2,Hispanic
2036915065.0,06,California,39125347,06047,Merced,291781.0,0.709708810115869,0.9484677732,2,4,3,1.0,1.0,1.0,1.0,1.0,1.0,0.0,1.0,Female,3,Hispanic
2026998773.0,06,California,39125347,06055,Napa,134499.0,0.219480216169177,,1,3,2,1.0,1.0,1.0,0.0,1.0,0.0,1.0,1.0,Male,3,Black
2026743481.0,06,California,39125347,06059,Orange,3156252.0,0.854934151749657,,1,5,2,1.0,0.0,0.0,0.0,0.0,0.0,1.0,0.0,Male,4,Black
2014348717.0,06,California,39125347,06071,San Bernardino,2196267.0,2.80277926410367,2.4190560677,2,2,3,,1.0,1.0,1.0,1.0,1.0,1.0,1.0,Female,2,Hispanic
2015947091.0,06,California,39125347,06107,Tulare,478037.0,1.69144092054264,2.6244233208,2,3,2,2.0,1.0,1.0,1.0,1.0,1.0,1.0,1.0,Female,3,Black
2039283833.0,06,California,39125347,06013,Contra Costa,1160163.0,0.597908843193046,0.5559740037,1,5,1,2.0,1.0,1.0,1.0,1.0,0.0,0.0,1.0,Male,4,White
2013552613.0,06,California,39125347,06037,Los Angeles,9748524.0,2.740162231524,0.4814263351,2,2,3,1.0,1.0,1.0,1.0,1.0,1.0,1.0,1.0,Female,2,Hispanic
1996260335.0,06,California,39125347,06071,San Bernardino,2196267.0,10.6542306943682,,2,5,4,2.0,0.0,0.0,0.0,0.0,0.0,1.0,0.0,Female,4,Other
2002513499.0,06,California,39125347,06029,Kern,917074.0,1.00978475588754,,2,5,2,1.0,0.0,0.0,0.0,0.0,0.0,1.0,0.0,Female,4,Black
2010687647.0,06,California,39125347,06099,Stanislaus,552453.0,0.398674322224815,0.3249123853,2,3,6,2.0,0.0,0.0,0.0,0.0,0.0,1.0,0.0,Female,3,Other
2014366167.0,06,California,39125347,06071,San Bernardino,2196267.0,1.41853156122495,1.2654327932,2,3,1,2.0,0.0,0.0,0.0,0.0,1.0,0.0,0.0,Female,3,White
2041081955.0,06,California,39125347,06037,Los Angeles,9748524.0,4.9032630028366,,1,4,1,2.0,1.0,1.0,1.0,1.0,1.0,0.0,1.0,Male,3,White
2018894387.0,06,California,39125347,06037,Los Angeles,9748524.0,0.253864170113302,0.6958053778000001,1,5,3,1.0,1.0,1.0,1.0,1.0,1.0,0.0,1.0,Male,4,Hispanic
2011061619.0,06,California,39125347,06059,Orange,3156252.0,1.20609351384161,1.3535557502,1,2,1,2.0,0.0,0.0,0.0,0.0,0.0,1.0,0.0,Male,2,White
1999366009.0,06,California,39125347,06071,San Bernardino,2196267.0,0.783464306623374,,2,1,2,1.0,0.0,0.0,0.0,1.0,1.0,0.0,1.0,Female,1,Black
2037679685.0,06,California,39125347,06037,Los Angeles,9748524.0,0.306828015141572,0.8724878661000001,2,6,1,2.0,1.0,1.0,1.0,1.0,1.0,0.0,1.0,Female,4,White
2014494093.0,06,California,39125347,06065,Riverside,2479339.0,0.909118582309511,1.1148650786,2,5,3,1.0,1.0,1.0,1.0,1.0,1.0,1.0,1.0,Female,4,Hispanic
2036927193.0,06,California,39125347,06037,Los Angeles,9748524.0,0.997476063789343,1.7078303237,1,5,4,2.0,1.0,0.0,0.0,1.0,1.0,1.0,0.0,Male,4,Other
2038246149.0,06,California,39125347,06073,San Diego,3279089.0,0.930289226732393,0.874970698,2,6,1,2.0,1.0,1.0,1.0,1.0,0.0,0.0,1.0,Female,4,White
1999481405.0,06,California,39125347,06037,Los Angeles,9748524.0,1.07891829236602,,1,5,1,2.0,0.0,1.0,1.0,1.0,1.0,1.0,1.0,Male,4,White
2028986187.0,06,California,39125347,06037,Los Angeles,9748524.0,0.732781168721694,,2,2,3,,1.0,1.0,1.0,1.0,1.0,1.0,1.0,Female,2,Hispanic
2043965019.0,06,California,39125347,06065,Riverside,2479339.0,6.19407740490291,,1,2,3,,1.0,1.0,1.0,1.0,1.0,0.0,1.0,Male,2,Hispanic
2014986111.0,06,California,39125347,06033,Lake,68271.0,0.99138493133416,1.2762470618,2,2,1,2.0,0.0,0.0,0.0,0.0,0.0,1.0,0.0,Female,2,White
2042650783.0,06,California,39125347,06037,Los Angeles,9748524.0,1.19486100241295,,1,2,3,,1.0,1.0,1.0,1.0,1.0,1.0,1.0,Male,2,Hispanic
2036914053.0,06,California,39125347,06071,San Bernardino,2196267.0,8.24379297708826,,1,2,3,1.0,1.0,1.0,0.0,1.0,0.0,1.0,1.0,Male,2,Hispanic
2016335731.0,06,California,39125347,06037,Los Angeles,9748524.0,1.0244124299373,1.186592366,1,5,3,1.0,1.0,1.0,1.0,1.0,1.0,1.0,1.0,Male,4,Hispanic
2020069689.0,06,California,39125347,06075,San Francisco,813266.0,3.8625658433494,,2,5,4,2.0,1.0,1.0,1.0,1.0,1.0,0.0,1.0,Female,4,Other
2011574091.0,06,California,39125347,06059,Orange,3156252.0,1.69741949843226,,2,5,4,2.0,1.0,1.0,1.0,1.0,1.0,1.0,1.0,Female,4,Other
2038801645.0,06,California,39125347,06073,San Diego,3279089.0,4.69710916335458,,1,2,2,2.0,1.0,0.0,0.0,0.0,0.0,0.0,0.0,Male,2,Black
2018802763.0,06,California,39125347,06037,Los Angeles,9748524.0,3.49151932122683,,2,2,1,2.0,0.0,1.0,1.0,1.0,1.0,1.0,0.0,Female,2,White
1995118177.0,06,California,39125347,06073,San Diego,3279089.0,0.613204132789873,0.6303963769,1,6,1,2.0,1.0,1.0,1.0,1.0,1.0,0.0,1.0,Male,4,White
2032974823.0,06,California,39125347,06097,Sonoma,483236.0,1.35967101650884,1.6803167927,2,3,1,2.0,1.0,1.0,1.0,1.0,1.0,0.0,1.0,Female,3,White
2043485227.0,06,California,39125347,06013,Contra Costa,1160163.0,1.64633715186828,2.448265372,1,2,2,1.0,1.0,1.0,1.0,1.0,1.0,0.0,1.0,Male,2,Black
2038946661.0,06,California,39125347,06013,Contra Costa,1160163.0,0.932231216643634,,2,4,4,2.0,1.0,1.0,1.0,1.0,1.0,0.0,1.0,Female,3,Other
2013084101.0,06,California,39125347,06097,Sonoma,483236.0,0.605965330161286,0.5994132553,1,3,1,2.0,1.0,1.0,1.0,1.0,1.0,0.0,1.0,Male,3,White
1996385913.0,06,California,39125347,06071,San Bernardino,2196267.0,10.1018727631558,,1,1,1,1.0,1.0,0.0,1.0,0.0,0.0,0.0,0.0,Male,1,Hispanic
2042375419.0,06,California,39125347,06037,Los Angeles,9748524.0,1.0385438634631,1.4710278064,1,6,1,2.0,1.0,1.0,1.0,1.0,1.0,0.0,1.0,Male,4,White
2030945917.0,06,California,39125347,06013,Contra Costa,1160163.0,0.509038040871542,0.7628306097,2,1,6,2.0,0.0,0.0,0.0,0.0,0.0,1.0,0.0,Female,1,Other
2016295731.0,06,California,39125347,06053,Monterey,435884.0,0.613204132789873,0.6303963769,1,6,1,2.0,1.0,1.0,1.0,1.0,1.0,0.0,1.0,Male,4,White
2015059211.0,06,California,39125347,06067,Sacramento,1588707.0,0.311837416438989,0.4303087952,2,3,2,2.0,1.0,1.0,1.0,1.0,1.0,1.0,1.0,Female,3,Black
1999720325.0,06,California,39125347,06029,Kern,917074.0,1.57360338576644,1.3628697287,2,6,1,2.0,1.0,1.0,1.0,1.0,1.0,0.0,1.0,Female,4,White
1999126981.0,06,California,39125347,06037,Los Angeles,9748524.0,1.15594568954253,0.7067755273,2,5,3,1.0,1.0,1.0,1.0,1.0,1.0,0.0,1.0,Female,4,Hispanic
2012060271.0,06,California,39125347,06073,San Diego,3279089.0,0.68716939874213,0.9885068525,1,6,4,2.0,0.0,1.0,0.0,1.0,1.0,0.0,1.0,Male,4,Other
2039365881.0,06,California,39125347,06071,San Bernardino,2196267.0,0.431793602758959,,2,2,3,,1.0,1.0,1.0,0.0,1.0,0.0,1.0,Female,2,Hispanic
2003182935.0,06,California,39125347,06107,Tulare,478037.0,1.63122234431182,,2,1,1,2.0,1.0,1.0,1.0,1.0,1.0,0.0,0.0,Female,1,White
2011583283.0,06,California,39125347,06073,San Diego,3279089.0,0.609783162774254,0.9747898684,1,3,1,2.0,1.0,1.0,1.0,1.0,1.0,1.0,1.0,Male,3,White
2022076037.0,06,California,39125347,06107,Tulare,478037.0,0.930289226732393,,2,6,1,2.0,1.0,1.0,1.0,1.0,1.0,1.0,1.0,Female,4,White
2011669943.0,06,California,39125347,06085,Santa Clara,1880151.0,3.33988117926558,,1,6,4,2.0,1.0,1.0,1.0,0.0,1.0,1.0,1.0,Male,4,Other
2008880243.0,06,California,39125347,06037,Los Angeles,9748524.0,0.897773822998136,1.8207541151,1,2,3,1.0,1.0,1.0,1.0,1.0,1.0,0.0,1.0,Male,2,Hispanic
2023055561.0,06,California,39125347,06081,San Mateo,732245.0,2.97910557193473,,2,2,3,,0.0,1.0,1.0,1.0,0.0,0.0,1.0,Female,2,Hispanic
2029600339.0,06,California,39125347,06037,Los Angeles,9748524.0,4.9032630028366,,1,3,1,2.0,1.0,0.0,1.0,0.0,1.0,0.0,0.0,Male,3,White
2038231175.0,06,California,39125347,06107,Tulare,478037.0,1.44112445925143,2.1127811459,2,2,1,2.0,0.0,0.0,0.0,0.0,0.0,1.0,0.0,Female,2,White
2004053989.0,06,California,39125347,06073,San Diego,3279089.0,1.40996924026359,,2,5,1,2.0,1.0,1.0,1.0,1.0,1.0,1.0,0.0,Female,4,White
2042353803.0,06,California,39125347,06037,Los Angeles,9748524.0,2.9046159192072,,1,6,2,2.0,1.0,1.0,1.0,1.0,1.0,1.0,1.0,Male,4,Black
2041451451.0,06,California,39125347,06037,Los Angeles,9748524.0,1.47653582534609,2.2169988138,1,6,1,2.0,1.0,1.0,1.0,1.0,1.0,1.0,1.0,Male,4,White
2026759209.0,06,California,39125347,06037,Los Angeles,9748524.0,0.673527307360261,0.5491434415,2,2,1,2.0,1.0,1.0,1.0,1.0,1.0,1.0,1.0,Female,2,White
2029306063.0,06,California,39125347,06029,Kern,917074.0,1.20609351384161,,1,2,1,2.0,0.0,0.0,0.0,0.0,0.0,1.0,0.0,Male,2,White
2030852409.0,06,California,39125347,06037,Los Angeles,9748524.0,1.86241100576775,,2,3,1,2.0,0.0,1.0,1.0,1.0,0.0,0.0,1.0,Female,3,White
2032991737.0,06,California,39125347,06111,Ventura,834675.0,4.50752405630878,,1,2,3,,1.0,0.0,1.0,1.0,1.0,1.0,1.0,Male,2,Hispanic
1984517683.0,06,California,39125347,06111,Ventura,834675.0,2.145551096013,1.42107148,2,5,6,1.0,1.0,1.0,1.0,1.0,1.0,0.0,1.0,Female,4,Hispanic
2026428199.0,06,California,39125347,06037,Los Angeles,9748524.0,2.35502726258409,,1,2,3,,0.0,1.0,0.0,0.0,0.0,0.0,0.0,Male,2,Hispanic
2037353775.0,06,California,39125347,06067,Sacramento,1588707.0,1.6953207775818,,1,2,2,2.0,1.0,1.0,1.0,0.0,0.0,0.0,0.0,Male,2,Black
2014405093.0,06,California,39125347,06059,Orange,3156252.0,1.42127592461462,0.9659050944,1,5,1,2.0,1.0,1.0,1.0,1.0,0.0,0.0,1.0,Male,4,White
1984449505.0,06,California,39125347,06073,San Diego,3279089.0,0.563726699600575,0.6743254836,1,3,1,2.0,1.0,1.0,1.0,1.0,0.0,1.0,1.0,Male,3,White
2019922241.0,06,California,39125347,06037,Los Angeles,9748524.0,1.94868953469619,,1,1,3,,1.0,1.0,1.0,1.0,1.0,1.0,1.0,Male,1,Hispanic
2019506429.0,06,California,39125347,06073,San Diego,3279089.0,2.35406691369589,3.6623315652,1,2,3,1.0,0.0,0.0,0.0,0.0,0.0,1.0,0.0,Male,2,Hispanic
2015643275.0,06,California,39125347,06071,San Bernardino,2196267.0,1.86322598991742,,2,5,3,,0.0,1.0,1.0,1.0,1.0,1.0,0.0,Female,4,Hispanic
2012885399.0,06,California,39125347,06037,Los Angeles,9748524.0,2.60865147109156,,1,5,3,1.0,0.0,0.0,0.0,0.0,1.0,1.0,0.0,Male,4,Hispanic
2011197715.0,06,California,39125347,06073,San Diego,3279089.0,1.29575630414878,,1,5,1,2.0,1.0,1.0,1.0,1.0,1.0,1.0,1.0,Male,4,White
2014405105.0,06,California,39125347,06115,Yuba,84355.0,0.223109454011405,0.1561123242,1,3,7,2.0,1.0,0.0,0.0,0.0,1.0,1.0,1.0,Male,3,Other
2045014349.0,06,California,39125347,06037,Los Angeles,9748524.0,1.18234667017285,1.0638155634,2,6,1,2.0,1.0,1.0,1.0,1.0,1.0,1.0,1.0,Female,4,White
2010062869.0,06,California,39125347,06045,Mendocino,90033.0,0.905338717935425,1.0761086961,2,5,1,2.0,1.0,1.0,1.0,1.0,1.0,0.0,1.0,Female,4,White
2013810393.0,06,California,39125347,06037,Los Angeles,9748524.0,1.10406072118188,,1,6,3,1.0,1.0,1.0,1.0,1.0,1.0,0.0,1.0,Male,4,Hispanic
2012792129.0,06,California,39125347,06085,Santa Clara,1880151.0,0.578286391810942,0.5652383953,2,5,2,2.0,1.0,1.0,1.0,1.0,1.0,1.0,1.0,Female,4,Black
2021959173.0,06,California,39125347,06077,San Joaquin,795443.0,0.613204132789873,0.6303963769,1,6,1,2.0,1.0,1.0,0.0,1.0,1.0,1.0,1.0,Male,4,White
2018823145.0,06,California,39125347,06037,Los Angeles,9748524.0,0.90621351155338,,1,2,1,2.0,0.0,0.0,0.0,0.0,0.0,1.0,0.0,Male,2,White
2030943727.0,06,California,39125347,06037,Los Angeles,9748524.0,0.336455314399995,0.5488629441,2,3,3,,0.0,0.0,0.0,0.0,0.0,1.0,0.0,Female,3,Hispanic
2043492231.0,06,California,39125347,06029,Kern,917074.0,0.893295589903472,0.7997810216,4,3,6,1.0,0.0,0.0,0.0,0.0,0.0,1.0,0.0,,3,Hispanic
2012735659.0,06,California,39125347,06099,Stanislaus,552453.0,3.21415506943043,,2,5,1,2.0,1.0,1.0,1.0,1.0,1.0,1.0,1.0,Female,4,White
2033223479.0,06,California,39125347,06071,San Bernardino,2196267.0,3.92627390041949,,2,3,3,,1.0,1.0,1.0,1.0,1.0,0.0,1.0,Female,3,Hispanic
1993352069.0,06,California,39125347,06037,Los Angeles,9748524.0,0.955707174447724,0.6375462883,2,6,3,1.0,1.0,1.0,1.0,1.0,1.0,0.0,1.0,Female,4,Hispanic
2012895021.0,06,California,39125347,06029,Kern,917074.0,1.01269055628248,1.0195394326,1,3,1,2.0,0.0,0.0,0.0,0.0,1.0,1.0,0.0,Male,3,White
2016416653.0,06,California,39125347,06085,Santa Clara,1880151.0,1.73222766727187,2.5841434287,2,6,4,2.0,1.0,1.0,1.0,1.0,1.0,1.0,1.0,Female,4,Other
1993729287.0,06,California,39125347,06071,San Bernardino,2196267.0,0.284386495607371,0.209855385,2,3,2,2.0,0.0,1.0,1.0,0.0,1.0,0.0,0.0,Female,3,Black
2029142075.0,06,California,39125347,06067,Sacramento,1588707.0,0.99138493133416,1.2762470618,2,2,1,2.0,1.0,0.0,1.0,0.0,1.0,1.0,0.0,Female,2,White
2032825487.0,06,California,39125347,06059,Orange,3156252.0,1.21571350318712,,1,2,4,2.0,1.0,1.0,1.0,0.0,1.0,0.0,1.0,Male,2,Other
2035394991.0,06,California,39125347,06037,Los Angeles,9748524.0,2.3986090937536,,1,4,2,2.0,1.0,1.0,1.0,1.0,1.0,1.0,1.0,Male,3,Black
2020232483.0,06,California,39125347,06079,San Luis Obispo,282747.0,1.9502895204729,,2,5,3,,1.0,1.0,1.0,1.0,1.0,1.0,1.0,Female,4,Hispanic
2028658055.0,06,California,39125347,06037,Los Angeles,9748524.0,2.70791699597645,,2,2,3,1.0,1.0,1.0,1.0,1.0,1.0,1.0,1.0,Female,2,Hispanic
2014860667.0,06,California,39125347,06073,San Diego,3279089.0,4.47225004146413,,2,1,3,,0.0,1.0,1.0,1.0,1.0,1.0,0.0,Female,1,Hispanic
1995373733.0,06,California,39125347,06097,Sonoma,483236.0,1.21351005438199,1.1308065271,2,3,1,2.0,1.0,0.0,1.0,0.0,1.0,1.0,1.0,Female,3,White
1999238143.0,06,California,39125347,06037,Los Angeles,9748524.0,1.04915322638603,,2,3,3,1.0,0.0,0.0,0.0,0.0,0.0,1.0,0.0,Female,3,Hispanic
2043492225.0,06,California,39125347,06085,Santa Clara,1880151.0,0.31483610671439,0.4039369554,2,5,7,2.0,1.0,0.0,0.0,0.0,1.0,1.0,0.0,Female,4,Other
1984583187.0,06,California,39125347,06073,San Diego,3279089.0,2.80277926410367,2.4190560677,2,2,1,1.0,0.0,1.0,1.0,1.0,1.0,1.0,0.0,Female,2,Hispanic
2022568409.0,06,California,39125347,06059,Orange,3156252.0,0.934772968918828,0.8483587441,2,3,1,2.0,1.0,1.0,1.0,1.0,1.0,0.0,1.0,Female,3,White
2035166449.0,06,California,39125347,06037,Los Angeles,9748524.0,0.891852456506336,0.8168325811,1,3,3,1.0,1.0,1.0,1.0,1.0,1.0,0.0,1.0,Male,3,Hispanic
2022142533.0,06,California,39125347,06037,Los Angeles,9748524.0,0.868955800105829,,1,5,1,2.0,1.0,1.0,1.0,1.0,1.0,1.0,1.0,Male,4,White
2029290133.0,06,California,39125347,06053,Monterey,435884.0,0.287965634462709,1.3749852228,2,3,3,,0.0,0.0,0.0,0.0,0.0,0.0,0.0,Female,3,Hispanic
2033177895.0,06,California,39125347,06071,San Bernardino,2196267.0,0.761636891837378,,2,2,3,,1.0,1.0,0.0,0.0,0.0,1.0,1.0,Female,2,Hispanic
2039905083.0,06,California,39125347,06037,Los Angeles,9748524.0,2.3986090937536,3.4940821339,1,3,2,2.0,1.0,0.0,1.0,1.0,1.0,0.0,1.0,Male,3,Black
1999458483.0,06,California,39125347,06059,Orange,3156252.0,2.145551096013,1.42107148,2,5,3,1.0,1.0,1.0,1.0,1.0,0.0,0.0,1.0,Female,4,Hispanic
2042760065.0,06,California,39125347,06065,Riverside,2479339.0,4.21616811998893,4.1257971184,2,1,1,1.0,0.0,0.0,0.0,0.0,0.0,0.0,0.0,Female,1,Hispanic
1993353395.0,06,California,39125347,06037,Los Angeles,9748524.0,0.843685636143392,0.8191599268,2,5,1,2.0,1.0,1.0,1.0,1.0,1.0,0.0,1.0,Female,4,White
2038155463.0,06,California,39125347,06037,Los Angeles,9748524.0,0.869011986718956,0.9568906794,1,5,1,2.0,0.0,0.0,0.0,0.0,0.0,1.0,0.0,Male,4,White
1998568503.0,06,California,39125347,06013,Contra Costa,1160163.0,0.609783162774254,0.9747898684,1,4,1,2.0,1.0,1.0,1.0,1.0,1.0,0.0,1.0,Male,3,White
2010767111.0,06,California,39125347,06071,San Bernardino,2196267.0,2.35161038615208,1.3137699616,1,5,4,2.0,1.0,1.0,1.0,1.0,1.0,1.0,1.0,Male,4,Other
1983462051.0,06,California,39125347,06073,San Diego,3279089.0,1.18234667017285,1.0638155634,2,6,1,2.0,1.0,1.0,1.0,1.0,1.0,0.0,1.0,Female,4,White
2015413713.0,06,California,39125347,06095,Solano,449852.0,0.714769650108847,,1,2,2,2.0,1.0,1.0,1.0,0.0,1.0,1.0,1.0,Male,2,Black
2013805687.0,06,California,39125347,06075,San Francisco,813266.0,10.8100953911085,1.6727502766,1,2,4,2.0,0.0,1.0,1.0,1.0,1.0,1.0,1.0,Male,2,Other
2009206779.0,06,California,39125347,06071,San Bernardino,2196267.0,0.934772968918828,0.8483587441,2,3,1,2.0,1.0,1.0,1.0,1.0,1.0,0.0,1.0,Female,3,White
2016016083.0,06,California,39125347,06077,San Joaquin,795443.0,1.10228169979741,,1,3,4,2.0,1.0,1.0,1.0,1.0,1.0,0.0,1.0,Male,3,Other
2014992583.0,06,California,39125347,06019,Fresno,1017870.0,5.2502604072788,0.5577810545,2,2,1,2.0,1.0,1.0,1.0,1.0,1.0,1.0,1.0,Female,2,White
2036926761.0,06,California,39125347,06037,Los Angeles,9748524.0,1.27427429177577,2.4710213533,2,6,4,2.0,1.0,1.0,1.0,1.0,1.0,0.0,1.0,Female,4,Other
2040945775.0,06,California,39125347,06071,San Bernardino,2196267.0,2.30373258087859,2.0970977406,2,5,1,2.0,1.0,1.0,1.0,1.0,1.0,0.0,1.0,Female,4,White
2031297991.0,06,California,39125347,06037,Los Angeles,9748524.0,4.3704482081941,,2,5,4,2.0,1.0,1.0,1.0,0.0,1.0,0.0,1.0,Female,4,Other
1999717455.0,06,California,39125347,06037,Los Angeles,9748524.0,0.843685636143392,0.8191599268,2,5,1,2.0,1.0,1.0,0.0,1.0,1.0,1.0,1.0,Female,4,White
2013460221.0,06,California,39125347,06037,Los Angeles,9748524.0,1.24190108285383,,2,5,3,1.0,0.0,0.0,0.0,0.0,0.0,1.0,0.0,Female,4,Hispanic
1998806917.0,06,California,39125347,06067,Sacramento,1588707.0,1.83650358979926,2.3941151982,1,2,1,2.0,0.0,0.0,0.0,0.0,0.0,1.0,0.0,Male,2,White
2014915063.0,06,California,39125347,06097,Sonoma,483236.0,1.41853156122495,1.2654327932,2,4,1,2.0,0.0,0.0,0.0,0.0,1.0,1.0,0.0,Female,3,White
2042355383.0,06,California,39125347,06071,San Bernardino,2196267.0,3.49151932122683,,2,2,1,2.0,1.0,1.0,1.0,1.0,1.0,1.0,0.0,Female,2,White
2015242217.0,06,California,39125347,06037,Los Angeles,9748524.0,8.29030202240837,,2,2,4,2.0,1.0,1.0,1.0,1.0,1.0,1.0,1.0,Female,2,Other
2031597571.0,06,California,39125347,06065,Riverside,2479339.0,4.46747162737067,,2,5,2,2.0,0.0,1.0,1.0,1.0,1.0,1.0,1.0,Female,4,Black
2016898575.0,06,California,39125347,06037,Los Angeles,9748524.0,6.36350894057466,,1,2,3,1.0,1.0,1.0,1.0,1.0,1.0,1.0,1.0,Male,2,Hispanic
2036105131.0,06,California,39125347,06059,Orange,3156252.0,1.37283781461373,1.9071179536,1,4,4,2.0,1.0,1.0,1.0,1.0,1.0,0.0,1.0,Male,3,Other
1990361763.0,06,California,39125347,06029,Kern,917074.0,1.244968314512,1.4079337011,2,3,1,2.0,0.0,0.0,1.0,0.0,1.0,1.0,0.0,Female,3,White
2002884603.0,06,California,39125347,06037,Los Angeles,9748524.0,1.96514426147991,2.8402297127,1,6,1,2.0,1.0,1.0,1.0,0.0,0.0,1.0,1.0,Male,4,White
2029121989.0,06,California,39125347,06071,San Bernardino,2196267.0,0.563726699600575,0.6743254836,1,3,1,2.0,1.0,1.0,1.0,1.0,0.0,1.0,1.0,Male,3,White
2008725353.0,06,California,39125347,06001,Alameda,1633138.0,1.76875774540658,2.8587070614,1,2,1,1.0,0.0,0.0,0.0,0.0,0.0,1.0,0.0,Male,2,Hispanic
2031597401.0,06,California,39125347,06059,Orange,3156252.0,3.09193665779077,,1,3,4,2.0,0.0,0.0,0.0,0.0,1.0,1.0,0.0,Male,3,Other
2013370919.0,06,California,39125347,06073,San Diego,3279089.0,1.0593980995153,1.2505488377,2,5,1,2.0,0.0,0.0,0.0,0.0,0.0,1.0,0.0,Female,4,White
2040293965.0,06,California,39125347,06041,Marin,257038.0,1.80960708824428,,2,3,1,2.0,0.0,1.0,1.0,1.0,1.0,1.0,1.0,Female,3,White
2038705089.0,06,California,39125347,06075,San Francisco,813266.0,1.35967101650884,1.6803167927,2,3,1,2.0,1.0,1.0,1.0,1.0,1.0,0.0,1.0,Female,3,White
2018039283.0,06,California,39125347,06037,Los Angeles,9748524.0,4.3704482081941,,2,5,4,2.0,1.0,1.0,1.0,1.0,0.0,0.0,1.0,Female,4,Other
2036926323.0,06,California,39125347,06001,Alameda,1633138.0,1.39489208750176,1.4104579914,1,5,4,2.0,0.0,0.0,1.0,0.0,0.0,1.0,0.0,Male,4,Other
2013115845.0,06,California,39125347,06111,Ventura,834675.0,0.760897770026653,0.7958221487,1,4,1,2.0,0.0,0.0,0.0,0.0,0.0,1.0,0.0,Male,3,White
2038800793.0,06,California,39125347,06077,San Joaquin,795443.0,5.22553837974043,,2,3,1,1.0,1.0,1.0,1.0,1.0,1.0,1.0,1.0,Female,3,Hispanic
2041431555.0,06,California,39125347,06037,Los Angeles,9748524.0,1.18234667017285,1.0638155634,2,6,1,2.0,1.0,1.0,1.0,1.0,1.0,0.0,1.0,Female,4,White
2040142723.0,06,California,39125347,06085,Santa Clara,1880151.0,2.45352066643907,,1,3,1,2.0,0.0,1.0,1.0,0.0,1.0,1.0,0.0,Male,3,White
2044043845.0,06,California,39125347,06071,San Bernardino,2196267.0,1.88066417253968,,2,2,2,2.0,1.0,1.0,1.0,1.0,1.0,1.0,1.0,Female,2,Black
2011038679.0,06,California,39125347,06007,Butte,207312.0,1.2048673892126,1.2446467252,1,6,1,2.0,0.0,0.0,0.0,0.0,0.0,1.0,0.0,Male,4,White
2013816913.0,06,California,39125347,06013,Contra Costa,1160163.0,1.57197149955611,,1,5,5,1.0,1.0,1.0,1.0,1.0,0.0,0.0,1.0,Male,4,Hispanic
2022612685.0,06,California,39125347,06001,Alameda,1633138.0,0.830304863563673,1.6715421027,2,6,2,2.0,1.0,1.0,1.0,1.0,1.0,0.0,1.0,Female,4,Black
2013255085.0,06,California,39125347,06095,Solano,449852.0,0.605965330161286,0.5994132553,1,4,1,2.0,1.0,1.0,1.0,1.0,1.0,1.0,,Male,3,White
2011293955.0,06,California,39125347,06037,Los Angeles,9748524.0,1.82704334015166,3.0873999383,1,2,3,1.0,0.0,0.0,0.0,0.0,0.0,1.0,0.0,Male,2,Hispanic
1998762343.0,06,California,39125347,06071,San Bernardino,2196267.0,1.06583150692226,0.9877591904,2,3,1,2.0,0.0,0.0,1.0,1.0,0.0,1.0,0.0,Female,3,White
2018585765.0,06,California,39125347,06071,San Bernardino,2196267.0,0.709708810115869,0.9484677732,2,3,3,,1.0,1.0,0.0,0.0,1.0,1.0,1.0,Female,3,Hispanic
2026742737.0,06,California,39125347,06085,Santa Clara,1880151.0,2.45911822333516,,1,3,1,1.0,1.0,0.0,1.0,1.0,1.0,1.0,1.0,Male,3,Hispanic
2020383013.0,06,California,39125347,06099,Stanislaus,552453.0,2.67799977173231,,1,2,1,2.0,1.0,1.0,0.0,0.0,1.0,1.0,1.0,Male,2,White
2015246463.0,06,California,39125347,06067,Sacramento,1588707.0,0.98781662681705,1.0027131154,2,6,1,2.0,1.0,1.0,1.0,1.0,1.0,0.0,1.0,Female,4,White
2015759669.0,06,California,39125347,06013,Contra Costa,1160163.0,5.28713432446752,0.7695153282,1,4,1,2.0,1.0,1.0,0.0,0.0,0.0,1.0,1.0,Male,3,White
2011357843.0,06,California,39125347,06075,San Francisco,813266.0,1.20995991723501,1.4282700117,2,5,3,1.0,1.0,1.0,1.0,1.0,1.0,0.0,1.0,Female,4,Hispanic
2036932413.0,06,California,39125347,06075,San Francisco,813266.0,2.5457237176602,,2,3,4,2.0,1.0,1.0,1.0,1.0,1.0,0.0,1.0,Female,3,Other
2010837391.0,06,California,39125347,06037,Los Angeles,9748524.0,0.707645714104206,1.0675547575,2,5,6,1.0,1.0,0.0,1.0,0.0,1.0,1.0,0.0,Female,4,Hispanic
2036286999.0,06,California,39125347,06019,Fresno,1017870.0,1.21571350318712,0.9561787537,1,2,4,2.0,0.0,1.0,1.0,1.0,1.0,1.0,1.0,Male,2,Other
2024758745.0,06,California,39125347,06053,Monterey,435884.0,1.73357919658948,0.5795641541000001,2,2,1,2.0,1.0,1.0,1.0,1.0,1.0,0.0,1.0,Female,2,White
2039094003.0,06,California,39125347,06037,Los Angeles,9748524.0,0.597908843193046,0.5559740037,1,5,1,2.0,1.0,1.0,1.0,1.0,1.0,0.0,1.0,Male,4,White
2012800861.0,06,California,39125347,06037,Los Angeles,9748524.0,1.15594568954253,0.7067755273,2,5,3,1.0,1.0,1.0,1.0,1.0,0.0,0.0,1.0,Female,4,Hispanic
2040206501.0,06,California,39125347,06037,Los Angeles,9748524.0,1.51854513530783,2.6902908903,1,3,1,2.0,1.0,1.0,1.0,1.0,1.0,0.0,1.0,Male,3,White
2034767169.0,06,California,39125347,06065,Riverside,2479339.0,3.02242110914911,,1,3,8,2.0,1.0,1.0,1.0,1.0,0.0,0.0,1.0,Male,3,Other
2031560513.0,06,California,39125347,06071,San Bernardino,2196267.0,1.55783184406645,4.526694846,2,2,3,,1.0,1.0,1.0,1.0,0.0,0.0,1.0,Female,2,Hispanic
2039630773.0,06,California,39125347,06071,San Bernardino,2196267.0,1.11872813337748,0.5500482189,2,3,4,2.0,1.0,1.0,1.0,1.0,1.0,0.0,1.0,Female,3,Other
2038734961.0,06,California,39125347,06037,Los Angeles,9748524.0,1.31921908016904,,2,3,1,2.0,1.0,0.0,0.0,0.0,0.0,1.0,0.0,Female,3,White
2035464917.0,06,California,39125347,06103,Tehama,65312.0,3.12776344542157,,1,1,1,2.0,1.0,1.0,1.0,1.0,0.0,0.0,0.0,Male,1,White
2016455719.0,06,California,39125347,06019,Fresno,1017870.0,2.70791699597645,,2,2,1,1.0,0.0,0.0,1.0,1.0,1.0,0.0,0.0,Female,2,Hispanic
2041731175.0,06,California,39125347,06001,Alameda,1633138.0,0.934772968918828,0.8483587441,2,3,1,2.0,1.0,1.0,1.0,1.0,1.0,0.0,1.0,Female,3,White
2014812831.0,06,California,39125347,06037,Los Angeles,9748524.0,2.52093173395184,,1,2,2,2.0,0.0,0.0,0.0,0.0,0.0,0.0,0.0,Male,2,Black
1998910201.0,06,California,39125347,06073,San Diego,3279089.0,0.688122566035152,0.7902209999,2,4,1,2.0,1.0,1.0,1.0,1.0,1.0,0.0,1.0,Female,3,White
2011925647.0,06,California,39125347,06089,Shasta,180957.0,0.848809086358372,0.7624175675,2,4,1,2.0,1.0,1.0,1.0,1.0,0.0,1.0,1.0,Female,3,White
2039310231.0,06,California,39125347,06037,Los Angeles,9748524.0,0.530401278699162,,1,5,1,1.0,0.0,0.0,1.0,0.0,1.0,0.0,1.0,Male,4,Hispanic
2014665945.0,06,California,39125347,06089,Shasta,180957.0,1.01990824554835,1.2312172884,1,4,1,2.0,0.0,0.0,1.0,0.0,1.0,1.0,0.0,Male,3,White
2014126507.0,06,California,39125347,06067,Sacramento,1588707.0,0.766320871519086,0.9610515853,1,3,1,2.0,0.0,0.0,0.0,0.0,0.0,1.0,0.0,Male,3,White
2012161585.0,06,California,39125347,06059,Orange,3156252.0,3.85165751667638,4.393613112,2,3,4,2.0,1.0,1.0,1.0,1.0,1.0,0.0,1.0,Female,3,Other
2018257153.0,06,California,39125347,06019,Fresno,1017870.0,1.17781822815792,0.6807644989,2,6,3,1.0,1.0,1.0,1.0,1.0,1.0,0.0,1.0,Female,4,Hispanic
1995771351.0,06,California,39125347,06085,Santa Clara,1880151.0,3.31692158813766,,1,6,1,2.0,1.0,1.0,1.0,1.0,0.0,1.0,1.0,Male,4,White
2017093161.0,06,California,39125347,06001,Alameda,1633138.0,4.06142517782715,,2,1,3,1.0,1.0,1.0,1.0,1.0,1.0,1.0,1.0,Female,1,Hispanic
2029043203.0,06,California,39125347,06037,Los Angeles,9748524.0,1.01733591510764,,2,2,4,2.0,1.0,1.0,1.0,1.0,1.0,1.0,1.0,Female,2,Other
2015189357.0,06,California,39125347,06085,Santa Clara,1880151.0,0.786564658979804,0.6332233902000001,2,5,3,1.0,1.0,1.0,1.0,1.0,1.0,0.0,1.0,Female,4,Hispanic
2013615773.0,06,California,39125347,06059,Orange,3156252.0,8.62199235188279,,1,6,4,2.0,1.0,1.0,1.0,1.0,1.0,0.0,1.0,Male,4,Other
2016812441.0,06,California,39125347,06085,Santa Clara,1880151.0,3.70539746270452,2.4008143251,2,5,4,,1.0,1.0,1.0,1.0,1.0,0.0,1.0,Female,4,Other
2025234937.0,06,California,39125347,06013,Contra Costa,1160163.0,0.335731841299754,,1,2,1,2.0,1.0,1.0,1.0,1.0,1.0,1.0,1.0,Male,2,White
2018612723.0,06,California,39125347,06031,Kings,152763.0,0.65839466276291,,1,3,3,,0.0,1.0,1.0,1.0,1.0,1.0,0.0,Male,3,Hispanic
2016520335.0,06,California,39125347,06075,San Francisco,813266.0,1.18234667017285,1.0638155634,2,6,1,2.0,1.0,1.0,1.0,1.0,1.0,0.0,1.0,Female,4,White
2038736969.0,06,California,39125347,06089,Shasta,180957.0,1.70672682442066,1.8430086339,2,6,1,2.0,0.0,0.0,0.0,0.0,0.0,1.0,0.0,Female,4,White
2033601449.0,06,California,39125347,06085,Santa Clara,1880151.0,0.325801703621476,,2,6,1,2.0,0.0,1.0,1.0,0.0,1.0,1.0,1.0,Female,4,White
2014290593.0,06,California,39125347,06037,Los Angeles,9748524.0,8.4597816764252,,1,1,3,,1.0,1.0,1.0,0.0,0.0,0.0,1.0,Male,1,Hispanic
2038246893.0,06,California,39125347,06065,Riverside,2479339.0,1.01990824554835,1.2312172884,1,4,1,2.0,0.0,0.0,0.0,0.0,0.0,1.0,0.0,Male,3,White
2039729013.0,06,California,39125347,06037,Los Angeles,9748524.0,3.02242110914911,,1,3,8,2.0,1.0,1.0,1.0,1.0,1.0,0.0,0.0,Male,3,Other
2003233625.0,06,California,39125347,06073,San Diego,3279089.0,2.91912176075138,,1,6,1,2.0,1.0,1.0,1.0,1.0,1.0,0.0,1.0,Male,4,White
2025276023.0,06,California,39125347,06095,Solano,449852.0,0.666635571322438,,1,2,1,2.0,1.0,1.0,1.0,1.0,1.0,0.0,1.0,Male,2,White
2011086825.0,06,California,39125347,06059,Orange,3156252.0,3.85165751667638,4.393613112,2,4,4,2.0,1.0,1.0,0.0,0.0,1.0,1.0,1.0,Female,3,Other
2034880725.0,06,California,39125347,06065,Riverside,2479339.0,1.13267471188995,1.6271579922,2,2,3,,1.0,1.0,1.0,1.0,1.0,1.0,1.0,Female,2,Hispanic
2011977521.0,06,California,39125347,06037,Los Angeles,9748524.0,1.18234667017285,1.0638155634,2,6,1,2.0,1.0,1.0,1.0,1.0,1.0,0.0,1.0,Female,4,White
2031592017.0,06,California,39125347,06073,San Diego,3279089.0,0.656852454786125,0.6720740889,2,5,1,2.0,1.0,1.0,1.0,1.0,1.0,0.0,1.0,Female,4,White
2012200379.0,06,California,39125347,06067,Sacramento,1588707.0,9.78697982325036,,2,3,1,2.0,0.0,0.0,1.0,0.0,1.0,1.0,0.0,Female,3,White
2018812187.0,06,California,39125347,06067,Sacramento,1588707.0,1.24410373532711,1.4338429922,2,4,1,2.0,1.0,1.0,1.0,1.0,1.0,0.0,1.0,Female,3,White
2042355099.0,06,California,39125347,06037,Los Angeles,9748524.0,0.708921905513479,1.5135419475,2,2,1,1.0,1.0,1.0,1.0,1.0,1.0,1.0,1.0,Female,2,Hispanic
2014202207.0,06,California,39125347,06031,Kings,152763.0,0.935422581349505,1.0989911595,2,3,1,2.0,0.0,0.0,0.0,0.0,0.0,1.0,0.0,Female,3,White
2039678463.0,06,California,39125347,06059,Orange,3156252.0,0.905338717935425,1.0761086961,2,5,1,2.0,1.0,1.0,1.0,1.0,1.0,0.0,1.0,Female,4,White
2045402475.0,06,California,39125347,06067,Sacramento,1588707.0,15.0614388091749,,2,1,4,2.0,0.0,1.0,1.0,1.0,0.0,0.0,0.0,Female,1,Other
2040078479.0,06,California,39125347,06071,San Bernardino,2196267.0,2.70405794509946,1.0873236027,1,3,3,,1.0,1.0,1.0,1.0,1.0,0.0,1.0,Male,3,Hispanic
2007827953.0,06,California,39125347,06065,Riverside,2479339.0,1.01990824554835,1.2312172884,1,3,1,2.0,0.0,0.0,0.0,0.0,0.0,1.0,0.0,Male,3,White
2038769149.0,06,California,39125347,06073,San Diego,3279089.0,2.15475789009184,1.6506069081,1,3,1,2.0,1.0,1.0,1.0,1.0,1.0,0.0,1.0,Male,3,White
1992832645.0,06,California,39125347,06037,Los Angeles,9748524.0,1.19764209641334,1.4077767392,1,6,4,2.0,1.0,1.0,1.0,1.0,1.0,0.0,1.0,Male,4,Other
2013689497.0,06,California,39125347,06111,Ventura,834675.0,1.18234667017285,1.0638155634,2,6,1,2.0,1.0,1.0,1.0,1.0,1.0,1.0,1.0,Female,4,White
2036926465.0,06,California,39125347,06059,Orange,3156252.0,1.62805511206352,1.5087087055,1,6,4,2.0,0.0,1.0,0.0,0.0,1.0,1.0,0.0,Male,4,Other
2033030217.0,06,California,39125347,06095,Solano,449852.0,0.602783717291615,0.5977563061,1,4,2,2.0,1.0,1.0,0.0,0.0,1.0,1.0,1.0,Male,3,Black
2021274119.0,06,California,39125347,06059,Orange,3156252.0,2.46731952779609,,2,2,4,2.0,1.0,1.0,0.0,1.0,1.0,1.0,1.0,Female,2,Other
2012601023.0,06,California,39125347,06037,Los Angeles,9748524.0,0.57841101698857,1.1261831119,3,3,2,2.0,1.0,1.0,1.0,1.0,1.0,0.0,1.0,,3,Black
2038669607.0,06,California,39125347,06113,Yolo,222854.0,2.30373258087859,,2,5,1,2.0,1.0,1.0,0.0,1.0,1.0,1.0,1.0,Female,4,White
2034472541.0,06,California,39125347,06073,San Diego,3279089.0,2.145551096013,,2,5,1,1.0,1.0,1.0,1.0,0.0,1.0,0.0,1.0,Female,4,Hispanic
2017088805.0,06,California,39125347,06037,Los Angeles,9748524.0,1.43858637117158,,1,1,3,,1.0,1.0,1.0,1.0,0.0,0.0,0.0,Male,1,Hispanic
2040986259.0,06,California,39125347,06037,Los Angeles,9748524.0,0.725584070792997,,1,3,6,1.0,1.0,1.0,1.0,0.0,1.0,1.0,1.0,Male,3,Hispanic
2011786749.0,06,California,39125347,06075,San Francisco,813266.0,4.13037457296503,2.9643778188,2,3,4,2.0,1.0,1.0,1.0,1.0,1.0,0.0,1.0,Female,3,Other
2008926973.0,06,California,39125347,06073,San Diego,3279089.0,0.690465347640433,,2,5,1,2.0,1.0,1.0,1.0,1.0,1.0,0.0,1.0,Female,4,White
2030626367.0,06,California,39125347,06065,Riverside,2479339.0,5.92181984105982,,1,2,1,2.0,1.0,1.0,1.0,0.0,1.0,1.0,0.0,Male,2,White
2045014805.0,06,California,39125347,06037,Los Angeles,9748524.0,1.28237063798994,1.5196514599,2,6,1,2.0,1.0,1.0,1.0,1.0,1.0,0.0,1.0,Female,4,White
2007563453.0,06,California,39125347,06067,Sacramento,1588707.0,5.34844105380092,,2,2,2,2.0,1.0,1.0,1.0,0.0,1.0,1.0,1.0,Female,2,Black
2011027257.0,06,California,39125347,06067,Sacramento,1588707.0,0.605965330161286,0.5994132553,1,4,1,2.0,1.0,1.0,1.0,1.0,1.0,0.0,1.0,Male,3,White
1999557167.0,06,California,39125347,06037,Los Angeles,9748524.0,1.41853156122495,1.2654327932,2,3,1,2.0,0.0,0.0,0.0,0.0,0.0,0.0,0.0,Female,3,White
2039904861.0,06,California,39125347,06085,Santa Clara,1880151.0,0.706518558899313,1.0554744809,1,3,4,2.0,0.0,0.0,0.0,0.0,1.0,1.0,0.0,Male,3,Other
2011514921.0,06,California,39125347,06099,Stanislaus,552453.0,5.84307919412638,,2,3,1,2.0,1.0,1.0,1.0,1.0,1.0,1.0,1.0,Female,3,White
2018705163.0,06,California,39125347,06111,Ventura,834675.0,0.752861823616761,0.770095026,2,4,1,2.0,1.0,1.0,0.0,1.0,1.0,1.0,1.0,Female,3,White
2045482987.0,06,California,39125347,06065,Riverside,2479339.0,1.00978475588754,1.4311988207000002,2,5,3,,0.0,1.0,0.0,0.0,1.0,1.0,1.0,Female,4,Hispanic
1984389447.0,06,California,39125347,06067,Sacramento,1588707.0,0.671118748286396,1.0746906128,1,5,1,2.0,1.0,0.0,0.0,0.0,0.0,1.0,1.0,Male,4,White
2022214523.0,06,California,39125347,06029,Kern,917074.0,1.18234667017285,1.0638155634,2,6,1,2.0,1.0,1.0,1.0,1.0,1.0,0.0,1.0,Female,4,White
2019794525.0,06,California,39125347,06071,San Bernardino,2196267.0,2.52093173395184,,1,2,2,2.0,1.0,1.0,0.0,1.0,0.0,0.0,0.0,Male,2,Black
2038606889.0,06,California,39125347,06071,San Bernardino,2196267.0,3.99067395294644,,2,4,2,2.0,1.0,1.0,1.0,1.0,1.0,0.0,1.0,Female,3,Black
2013599271.0,06,California,39125347,06019,Fresno,1017870.0,0.692065552285456,0.6116442131000001,1,5,1,2.0,1.0,1.0,1.0,1.0,1.0,0.0,1.0,Male,4,White
2015033841.0,06,California,39125347,06019,Fresno,1017870.0,0.290729933665394,0.2398567673,1,4,7,2.0,1.0,1.0,1.0,1.0,1.0,0.0,1.0,Male,3,Other
2008721051.0,21,Kentucky,4521238,21099,Hart,19585.0,0.694447740529494,0.5257371095,1,3,1,2.0,1.0,1.0,1.0,1.0,1.0,1.0,1.0,Male,3,White
2031610561.0,21,Kentucky,4521238,21221,Trigg,14331.0,0.607602275051607,0.9902168231,1,5,1,2.0,1.0,0.0,0.0,1.0,1.0,1.0,1.0,Male,4,White
2034653063.0,21,Kentucky,4521238,21021,Boyle,30845.0,1.39939992507298,,1,1,1,2.0,0.0,0.0,0.0,0.0,0.0,0.0,0.0,Male,1,White
1988946343.0,21,Kentucky,4521238,21111,Jefferson,778999.0,1.99724295390357,2.0629657652,2,5,1,2.0,0.0,0.0,0.0,0.0,0.0,1.0,0.0,Female,4,White
2013776449.0,21,Kentucky,4521238,21137,Lincoln,24392.0,2.8033774889031,,2,4,1,2.0,1.0,1.0,0.0,1.0,1.0,1.0,1.0,Female,3,White
2039698427.0,21,Kentucky,4521238,21111,Jefferson,778999.0,3.27626516015174,,2,3,1,2.0,1.0,1.0,1.0,1.0,1.0,1.0,1.0,Female,3,White
1984192653.0,21,Kentucky,4521238,21111,Jefferson,778999.0,1.99724295390357,2.0629657652,2,5,1,2.0,0.0,0.0,0.0,0.0,0.0,1.0,0.0,Female,4,White
2012903831.0,21,Kentucky,4521238,21029,Bullitt,83946.0,1.50065358109528,,2,5,1,2.0,0.0,0.0,0.0,0.0,0.0,1.0,0.0,Female,4,White
2018114623.0,21,Kentucky,4521238,21111,Jefferson,778999.0,1.59612455175712,1.5013868132,1,1,1,2.0,1.0,1.0,1.0,1.0,1.0,0.0,1.0,Male,1,White
2012191759.0,21,Kentucky,4521238,21111,Jefferson,778999.0,1.74595330087841,0.36082652,2,2,1,2.0,1.0,0.0,1.0,1.0,0.0,0.0,0.0,Female,2,White
2011308197.0,21,Kentucky,4521238,21113,Jessamine,54336.0,0.95462319434487,0.9356479317,1,3,1,2.0,0.0,0.0,0.0,0.0,0.0,1.0,0.0,Male,3,White
2012121343.0,21,Kentucky,4521238,21151,Madison,95227.0,1.505336956249,1.2928822262,1,6,1,2.0,0.0,0.0,0.0,0.0,0.0,1.0,0.0,Male,4,White
2009585465.0,21,Kentucky,4521238,21093,Hardin,111764.0,7.12442956330097,1.4316573781,1,3,1,2.0,0.0,1.0,1.0,1.0,1.0,0.0,1.0,Male,3,White
2018271281.0,21,Kentucky,4521238,21101,Henderson,44050.0,4.31995251724386,,1,1,1,2.0,1.0,0.0,0.0,1.0,0.0,1.0,0.0,Male,1,White
2030902151.0,21,Kentucky,4521238,21089,Greenup,35372.0,0.336897709719921,0.3552345057,1,3,1,2.0,1.0,1.0,1.0,1.0,1.0,1.0,1.0,Male,3,White
2021780147.0,21,Kentucky,4521238,21025,Breathitt,13338.0,1.40209187322711,1.351190237,1,6,1,2.0,0.0,0.0,0.0,0.0,0.0,1.0,0.0,Male,4,White
1998633029.0,21,Kentucky,4521238,21093,Hardin,111764.0,0.328220756655678,,2,4,3,1.0,1.0,1.0,1.0,1.0,1.0,1.0,1.0,Female,3,Hispanic
2037345385.0,21,Kentucky,4521238,21111,Jefferson,778999.0,0.566841331720105,0.9991240328,2,3,1,2.0,0.0,1.0,1.0,1.0,1.0,1.0,1.0,Female,3,White
2009025405.0,21,Kentucky,4521238,21185,Oldham,69549.0,0.95462319434487,0.9356479317,1,3,1,2.0,0.0,0.0,0.0,0.0,1.0,1.0,0.0,Male,3,White
2034418337.0,21,Kentucky,4521238,21027,Breckinridge,20932.0,3.1384881089534,0.8318773861000001,2,2,1,2.0,0.0,0.0,0.0,0.0,1.0,1.0,1.0,Female,2,White
2014219361.0,21,Kentucky,4521238,21083,Graves,36546.0,1.2715575275743,1.5396899253,2,2,1,2.0,0.0,0.0,0.0,0.0,1.0,1.0,0.0,Female,2,White
2034606357.0,21,Kentucky,4521238,21111,Jefferson,778999.0,1.57970452917982,1.925380192,1,3,1,2.0,1.0,0.0,0.0,0.0,1.0,1.0,0.0,Male,3,White
2008800827.0,21,Kentucky,4521238,21019,Boyd,48062.0,7.81114108234357,1.5681797643,1,2,1,2.0,0.0,0.0,0.0,0.0,0.0,1.0,1.0,Male,2,White
2016283529.0,21,Kentucky,4521238,21003,Allen,21249.0,2.60249251941696,,1,2,1,2.0,1.0,1.0,0.0,0.0,0.0,0.0,0.0,Male,2,White
1993384343.0,21,Kentucky,4521238,21021,Boyle,30845.0,5.1342854872466,,2,5,1,2.0,1.0,1.0,1.0,1.0,1.0,0.0,1.0,Female,4,White
2010576995.0,21,Kentucky,4521238,21145,McCracken,67370.0,1.40098629119378,1.4043917857,2,3,1,2.0,0.0,0.0,0.0,0.0,1.0,1.0,0.0,Female,3,White
2031250523.0,21,Kentucky,4521238,21067,Fayette,321332.0,3.07866258777164,2.780064753,2,5,1,2.0,0.0,0.0,0.0,0.0,1.0,1.0,0.0,Female,4,White
2036994861.0,21,Kentucky,4521238,21111,Jefferson,778999.0,1.99840149116017,,1,4,2,2.0,1.0,1.0,1.0,1.0,0.0,0.0,,Male,3,Black
1998460347.0,21,Kentucky,4521238,21021,Boyle,30845.0,0.587425116558937,0.6768293796,1,3,1,2.0,1.0,1.0,1.0,1.0,1.0,0.0,1.0,Male,3,White
2038695533.0,21,Kentucky,4521238,21111,Jefferson,778999.0,1.15518011719576,,2,5,2,2.0,1.0,1.0,1.0,1.0,1.0,1.0,1.0,Female,4,Black
2034139465.0,21,Kentucky,4521238,21145,McCracken,67370.0,1.34235503879147,1.3201255181,2,6,1,2.0,0.0,0.0,0.0,0.0,0.0,1.0,0.0,Female,4,White
2037680613.0,21,Kentucky,4521238,21025,Breathitt,13338.0,3.47450154119452,1.834221019,1,6,1,2.0,0.0,0.0,0.0,0.0,0.0,1.0,0.0,Male,4,White
2030717133.0,21,Kentucky,4521238,21059,Daviess,103358.0,3.44658924788719,,1,2,1,2.0,1.0,1.0,1.0,1.0,1.0,1.0,0.0,Male,2,White
2029609365.0,21,Kentucky,4521238,21015,Boone,139429.0,3.14721458524157,1.6424825479,1,3,1,2.0,0.0,0.0,0.0,0.0,1.0,1.0,0.0,Male,3,White
2017426975.0,21,Kentucky,4521238,21067,Fayette,321332.0,1.57970452917982,1.925380192,1,3,1,2.0,1.0,0.0,0.0,0.0,0.0,1.0,0.0,Male,3,White
2028889957.0,21,Kentucky,4521238,21151,Madison,95227.0,1.43177490426251,,2,1,1,2.0,0.0,0.0,1.0,1.0,1.0,0.0,0.0,Female,1,White
2040452071.0,21,Kentucky,4521238,21073,Franklin,51807.0,1.37703298856701,1.1288657439,1,5,1,2.0,0.0,0.0,0.0,0.0,0.0,1.0,0.0,Male,4,White
1998721895.0,21,Kentucky,4521238,21111,Jefferson,778999.0,3.44658924788719,,1,2,1,2.0,1.0,1.0,1.0,1.0,1.0,0.0,1.0,Male,2,White
2013135553.0,21,Kentucky,4521238,21111,Jefferson,778999.0,1.52550106318864,0.914821519,1,3,2,2.0,1.0,1.0,1.0,1.0,1.0,1.0,1.0,Male,3,Black
1998014295.0,21,Kentucky,4521238,21059,Daviess,103358.0,0.937253488935303,,2,1,1,2.0,0.0,1.0,1.0,0.0,0.0,1.0,1.0,Female,1,White
2042328809.0,21,Kentucky,4521238,21019,Boyd,48062.0,1.05264864789547,1.0962264457,2,3,1,2.0,0.0,0.0,0.0,0.0,1.0,1.0,0.0,Female,3,White
2015309799.0,21,Kentucky,4521238,21013,Bell,23527.0,5.5147261195302,,2,1,1,2.0,1.0,0.0,1.0,0.0,1.0,1.0,0.0,Female,1,White
2037289963.0,21,Kentucky,4521238,21107,Hopkins,44882.0,0.587425116558937,0.6768293796,1,3,1,2.0,1.0,0.0,1.0,1.0,1.0,1.0,1.0,Male,3,White
2045206837.0,21,Kentucky,4521238,21111,Jefferson,778999.0,0.485971075085159,0.3637233671,1,5,1,2.0,1.0,1.0,1.0,1.0,1.0,0.0,1.0,Male,4,White
2007243565.0,21,Kentucky,4521238,21229,Washington,12067.0,3.73101741886755,2.2680294982,1,6,1,2.0,1.0,0.0,0.0,0.0,0.0,1.0,1.0,Male,4,White
2034044053.0,21,Kentucky,4521238,21095,Harlan,25603.0,1.82496509749014,1.1775499857,2,6,1,2.0,1.0,1.0,1.0,1.0,0.0,0.0,1.0,Female,4,White
2039393193.0,21,Kentucky,4521238,21111,Jefferson,778999.0,0.704850438278038,0.6811651561000001,2,5,1,2.0,1.0,1.0,1.0,1.0,1.0,0.0,1.0,Female,4,White
1995078255.0,21,Kentucky,4521238,21025,Breathitt,13338.0,3.42404670320818,,2,3,1,2.0,1.0,1.0,1.0,0.0,1.0,1.0,1.0,Female,3,White
2031537665.0,21,Kentucky,4521238,21085,Grayson,26632.0,0.948316908417567,1.7884078642,1,2,1,2.0,1.0,1.0,1.0,1.0,1.0,1.0,1.0,Male,2,White
2014053263.0,21,Kentucky,4521238,21141,Logan,27866.0,0.95462319434487,0.9356479317,1,3,1,2.0,0.0,0.0,0.0,0.0,1.0,1.0,0.0,Male,3,White
2028500645.0,21,Kentucky,4521238,21067,Fayette,321332.0,0.814409224288736,3.7463199945,1,2,2,2.0,0.0,0.0,1.0,0.0,1.0,0.0,1.0,Male,2,Black
2017083593.0,21,Kentucky,4521238,21211,Shelby,48929.0,2.39490926659046,2.4993860182,1,5,1,2.0,1.0,0.0,0.0,0.0,0.0,1.0,0.0,Male,4,White
2011198551.0,21,Kentucky,4521238,21227,Warren,140434.0,6.87478459393118,,2,4,1,2.0,0.0,1.0,0.0,0.0,1.0,1.0,0.0,Female,3,White
2000832721.0,21,Kentucky,4521238,21203,Rockcastle,16204.0,0.0999584240880531,,2,2,1,2.0,1.0,1.0,0.0,0.0,0.0,1.0,0.0,Female,2,White
1999717837.0,21,Kentucky,4521238,21067,Fayette,321332.0,1.37703298856701,,1,5,1,2.0,1.0,0.0,0.0,0.0,0.0,1.0,0.0,Male,4,White
1997968715.0,21,Kentucky,4521238,21061,Edmonson,12297.0,1.95541544477784,,1,2,1,2.0,0.0,0.0,0.0,0.0,0.0,1.0,1.0,Male,2,White
2026743627.0,21,Kentucky,4521238,21067,Fayette,321332.0,3.11761131795083,,2,5,2,2.0,1.0,1.0,1.0,1.0,1.0,1.0,1.0,Female,4,Black
2013846587.0,21,Kentucky,4521238,21203,Rockcastle,16204.0,1.1870313406103,1.0228653137,1,2,1,2.0,0.0,0.0,0.0,0.0,0.0,1.0,0.0,Male,2,White
2010285541.0,21,Kentucky,4521238,21195,Pike,56378.0,1.40098629119378,1.4043917857,2,4,1,2.0,0.0,0.0,0.0,0.0,0.0,1.0,0.0,Female,3,White
2030625203.0,21,Kentucky,4521238,21083,Graves,36546.0,0.650161028703843,0.8969988695000001,2,2,1,2.0,0.0,0.0,0.0,0.0,0.0,1.0,0.0,Female,2,White
2030534505.0,21,Kentucky,4521238,21095,Harlan,25603.0,2.10378735603524,,2,2,1,2.0,0.0,1.0,0.0,0.0,1.0,0.0,1.0,Female,2,White
2018755707.0,21,Kentucky,4521238,21085,Grayson,26632.0,4.58711869085622,,1,2,1,2.0,0.0,1.0,0.0,1.0,0.0,0.0,0.0,Male,2,White
2041090089.0,21,Kentucky,4521238,21117,Kenton,170432.0,0.887951932671903,1.0812598835,2,5,1,2.0,1.0,1.0,1.0,1.0,1.0,1.0,1.0,Female,4,White
2014301325.0,21,Kentucky,4521238,21067,Fayette,321332.0,1.40098629119378,1.4043917857,2,4,1,2.0,0.0,0.0,0.0,0.0,0.0,1.0,0.0,Female,3,White
1998319573.0,21,Kentucky,4521238,21223,Trimble,8521.0,0.95462319434487,0.9356479317,1,4,1,2.0,0.0,0.0,0.0,0.0,0.0,1.0,0.0,Male,3,White
2033226707.0,21,Kentucky,4521238,21121,Knox,29721.0,0.84673415102261,1.0620325415,2,2,1,2.0,0.0,1.0,0.0,0.0,0.0,1.0,0.0,Female,2,White
2045014415.0,21,Kentucky,4521238,21125,Laurel,62905.0,1.78656098691773,1.6912321729,2,6,1,2.0,0.0,1.0,0.0,0.0,1.0,1.0,1.0,Female,4,White
2038231433.0,21,Kentucky,4521238,21199,Pulaski,65787.0,0.937253488935303,,2,1,1,2.0,0.0,0.0,0.0,0.0,1.0,1.0,0.0,Female,1,White
2022896399.0,36,New York,19713025,36111,Ulster,182546.0,0.6159254468775,0.8230126550000001,1,4,1,2.0,0.0,1.0,0.0,0.0,0.0,1.0,0.0,Male,3,White
2027938009.0,36,New York,19713025,36047,Kings,2600751.0,0.188146829089726,,1,2,1,2.0,1.0,1.0,1.0,1.0,0.0,0.0,1.0,Male,2,White
2014255863.0,36,New York,19713025,36055,Monroe,750469.0,1.79468316714598,0.9579084271,2,2,1,2.0,1.0,1.0,1.0,1.0,1.0,1.0,1.0,Female,2,White
2030845569.0,36,New York,19713025,36103,Suffolk,1531736.0,0.471558918446521,1.7914433907,2,2,7,2.0,0.0,0.0,0.0,0.0,0.0,0.0,1.0,Female,2,Other
2035462585.0,36,New York,19713025,36047,Kings,2600751.0,5.35717370550619,,1,2,2,2.0,0.0,1.0,1.0,1.0,1.0,1.0,0.0,Male,2,Black
2045844667.0,36,New York,19713025,36081,Queens,2291363.0,3.31695756716631,,1,3,3,,1.0,1.0,1.0,1.0,1.0,1.0,1.0,Male,3,Hispanic
2017219597.0,36,New York,19713025,36055,Monroe,750469.0,5.14283727790092,,2,3,2,2.0,1.0,0.0,0.0,1.0,1.0,1.0,1.0,Female,3,Black
1997568575.0,36,New York,19713025,36061,New York,1593919.0,1.40802583475552,,1,5,1,2.0,1.0,1.0,1.0,1.0,1.0,0.0,1.0,Male,4,White
2025219765.0,36,New York,19713025,36061,New York,1593919.0,1.25385808541714,1.8869117244,1,2,1,1.0,1.0,1.0,1.0,1.0,1.0,1.0,1.0,Male,2,Hispanic
1999942523.0,36,New York,19713025,36013,Chautauqua,125558.0,0.819744659529044,1.0543735893,1,4,1,2.0,0.0,0.0,0.0,0.0,1.0,1.0,0.0,Male,3,White
2011758785.0,36,New York,19713025,36061,New York,1593919.0,2.93480147677561,1.0087601614,2,3,2,2.0,1.0,0.0,0.0,0.0,0.0,0.0,0.0,Female,3,Black
2013761003.0,36,New York,19713025,36005,Bronx,1384053.0,4.76168717668875,8.0710461453,2,1,3,1.0,0.0,1.0,0.0,1.0,1.0,0.0,0.0,Female,1,Hispanic
2034472985.0,36,New York,19713025,36081,Queens,2291363.0,2.15765958448097,,1,1,2,2.0,0.0,1.0,0.0,1.0,0.0,1.0,1.0,Male,1,Black
2010038489.0,36,New York,19713025,36081,Queens,2291363.0,0.765253424638679,,1,6,4,2.0,1.0,1.0,1.0,1.0,1.0,0.0,1.0,Male,4,Other
2008566405.0,36,New York,19713025,36103,Suffolk,1531736.0,0.923795006209755,0.5009828849,1,5,1,2.0,1.0,1.0,1.0,1.0,1.0,1.0,1.0,Male,4,White
1995892845.0,36,New York,19713025,36081,Queens,2291363.0,0.974005739653054,1.1457825714,1,5,1,2.0,0.0,0.0,0.0,0.0,0.0,1.0,0.0,Male,4,White
2039602335.0,36,New York,19713025,36103,Suffolk,1531736.0,1.09149904173621,,3,3,1,2.0,1.0,1.0,1.0,0.0,1.0,0.0,1.0,,3,White
2031354399.0,36,New York,19713025,36055,Monroe,750469.0,0.949129454950806,1.0483687007,2,6,1,2.0,1.0,1.0,1.0,1.0,1.0,0.0,1.0,Female,4,White
1995435019.0,36,New York,19713025,36061,New York,1593919.0,0.253668667838753,,1,3,2,2.0,1.0,1.0,0.0,1.0,1.0,1.0,1.0,Male,3,Black
1993416311.0,36,New York,19713025,36103,Suffolk,1531736.0,0.700828247880355,0.5381631339,2,5,1,2.0,1.0,1.0,1.0,1.0,1.0,0.0,1.0,Female,4,White
2018487591.0,36,New York,19713025,36011,Cayuga,74730.0,0.435098009839295,0.4298209664,1,3,1,2.0,1.0,1.0,1.0,1.0,1.0,0.0,1.0,Male,3,White
2012931611.0,36,New York,19713025,36061,New York,1593919.0,1.3437646303143,,1,5,1,2.0,1.0,1.0,1.0,1.0,1.0,1.0,1.0,Male,4,White
2025202113.0,36,New York,19713025,36055,Monroe,750469.0,1.49205951367779,,1,2,2,2.0,1.0,1.0,1.0,0.0,1.0,1.0,1.0,Male,2,Black
2015341217.0,36,New York,19713025,36059,Nassau,1388346.0,0.645665789387729,2.2603112966,2,6,2,2.0,1.0,1.0,1.0,1.0,1.0,1.0,1.0,Female,4,Black
2041232485.0,36,New York,19713025,36047,Kings,2600751.0,4.82020729630816,,1,5,1,2.0,0.0,0.0,0.0,0.0,0.0,1.0,0.0,Male,4,White
2011362247.0,36,New York,19713025,36061,New York,1593919.0,9.45517919658451,,3,5,1,2.0,1.0,0.0,1.0,1.0,1.0,1.0,1.0,,4,White
2030848283.0,36,New York,19713025,36109,Tompkins,104177.0,1.19172718265376,,2,1,1,2.0,0.0,0.0,0.0,1.0,0.0,0.0,0.0,Female,1,White
1995054707.0,36,New York,19713025,36061,New York,1593919.0,0.671980800305002,,1,5,1,2.0,1.0,1.0,1.0,1.0,1.0,0.0,1.0,Male,4,White
2036918101.0,36,New York,19713025,36081,Queens,2291363.0,0.847748507166075,0.967907531,3,3,1,2.0,1.0,1.0,1.0,1.0,1.0,0.0,1.0,,3,White
2042373823.0,36,New York,19713025,36061,New York,1593919.0,0.778431281942801,1.3676174862,1,5,1,2.0,1.0,1.0,1.0,1.0,1.0,1.0,1.0,Male,4,White
2034573485.0,36,New York,19713025,36029,Erie,949276.0,2.15765958448097,1.3192236126,1,1,2,2.0,0.0,1.0,1.0,1.0,1.0,1.0,1.0,Male,1,Black
2016677947.0,36,New York,19713025,36005,Bronx,1384053.0,1.57664931604514,1.5293320553,1,2,2,2.0,1.0,1.0,1.0,1.0,1.0,0.0,1.0,Male,2,Black
2011297475.0,36,New York,19713025,36005,Bronx,1384053.0,0.21180343417119,0.5588974259,2,2,3,1.0,0.0,1.0,1.0,1.0,0.0,1.0,1.0,Female,2,Hispanic
2037944377.0,36,New York,19713025,36055,Monroe,750469.0,2.87379678911414,0.3432148383,1,2,1,2.0,0.0,0.0,1.0,0.0,0.0,0.0,0.0,Male,2,White
2034551665.0,36,New York,19713025,36013,Chautauqua,125558.0,0.169189517233534,,1,2,1,2.0,1.0,0.0,0.0,0.0,0.0,0.0,0.0,Male,2,White
2011357119.0,36,New York,19713025,36099,Seneca,32676.0,5.11325916389278,,2,2,4,2.0,1.0,1.0,0.0,1.0,1.0,1.0,1.0,Female,2,Other
2015793847.0,36,New York,19713025,36111,Ulster,182546.0,1.89295047164487,2.715225341,2,6,1,2.0,0.0,1.0,1.0,0.0,0.0,1.0,1.0,Female,4,White
2016496471.0,36,New York,19713025,36067,Onondaga,469910.0,0.586402266096589,0.6947647371,1,5,3,1.0,1.0,1.0,1.0,1.0,1.0,0.0,1.0,Male,4,Hispanic
2038416003.0,36,New York,19713025,36063,Niagara,210403.0,2.69913855043737,,1,2,1,2.0,1.0,1.0,1.0,1.0,1.0,1.0,1.0,Male,2,White
2031008957.0,36,New York,19713025,36027,Dutchess,297214.0,0.424935970981432,0.4399219953,1,3,1,2.0,1.0,1.0,1.0,1.0,1.0,1.0,1.0,Male,3,White
2029033379.0,36,New York,19713025,36071,Orange,407314.0,1.68556641250995,,2,3,3,,1.0,1.0,1.0,1.0,1.0,0.0,1.0,Female,3,Hispanic
2029151637.0,36,New York,19713025,36001,Albany,315764.0,2.25468426050043,,2,2,2,2.0,1.0,0.0,1.0,1.0,1.0,0.0,0.0,Female,2,Black
2012488261.0,36,New York,19713025,36081,Queens,2291363.0,1.73449322634672,1.6759198772,1,5,4,2.0,1.0,1.0,1.0,1.0,1.0,1.0,1.0,Male,4,Other
2014540709.0,36,New York,19713025,36047,Kings,2600751.0,0.721990757604583,0.9429681678,2,2,1,2.0,1.0,1.0,1.0,0.0,1.0,1.0,1.0,Female,2,White
1995906377.0,36,New York,19713025,36081,Queens,2291363.0,0.603609909928396,0.2590782816,1,4,2,2.0,1.0,1.0,1.0,0.0,1.0,0.0,1.0,Male,3,Black
2036689397.0,36,New York,19713025,36005,Bronx,1384053.0,0.473950835592449,1.0087601614,2,3,2,2.0,1.0,1.0,1.0,1.0,1.0,0.0,1.0,Female,3,Black
2015317525.0,36,New York,19713025,36081,Queens,2291363.0,3.38458615206828,,2,3,2,2.0,0.0,0.0,1.0,1.0,1.0,1.0,1.0,Female,3,Black
2015437093.0,36,New York,19713025,36051,Livingston,61356.0,1.4222921145161,2.1194241203,2,6,1,2.0,1.0,0.0,1.0,0.0,0.0,1.0,0.0,Female,4,White
2010995419.0,36,New York,19713025,36027,Dutchess,297214.0,1.5269482847,,1,5,1,2.0,0.0,0.0,0.0,0.0,0.0,0.0,0.0,Male,4,White
2024759311.0,36,New York,19713025,36103,Suffolk,1531736.0,0.544610342935666,0.4556195965,2,2,1,2.0,1.0,1.0,1.0,1.0,1.0,0.0,1.0,Female,2,White
2011461257.0,36,New York,19713025,36059,Nassau,1388346.0,4.62706699923358,,2,2,1,2.0,1.0,1.0,1.0,1.0,1.0,0.0,1.0,Female,2,White
1997920151.0,36,New York,19713025,36025,Delaware,44771.0,0.892588097440865,0.7165873626,2,5,1,2.0,1.0,1.0,1.0,1.0,1.0,0.0,1.0,Female,4,White
2035098979.0,36,New York,19713025,36005,Bronx,1384053.0,3.73060187206319,10.6378560372,1,1,2,2.0,1.0,1.0,1.0,1.0,0.0,1.0,1.0,Male,1,Black
2012379095.0,36,New York,19713025,36093,Schenectady,159790.0,2.2508671124567,,2,3,1,2.0,0.0,1.0,0.0,0.0,1.0,0.0,1.0,Female,3,White
2013553505.0,36,New York,19713025,36001,Albany,315764.0,0.70598719465539,0.8926124820000001,1,5,1,2.0,1.0,1.0,1.0,1.0,1.0,0.0,1.0,Male,4,White
2015310045.0,36,New York,19713025,36085,Richmond,492579.0,5.92183339372714,,2,1,3,,1.0,0.0,1.0,1.0,1.0,0.0,1.0,Female,1,Hispanic
2037865251.0,36,New York,19713025,36123,Yates,24455.0,13.506587132783,,2,1,1,2.0,0.0,0.0,1.0,1.0,1.0,1.0,0.0,Female,1,White
2013426389.0,36,New York,19713025,36061,New York,1593919.0,1.68556641250995,,2,4,3,,1.0,1.0,1.0,1.0,1.0,1.0,0.0,Female,3,Hispanic
2031720105.0,36,New York,19713025,36107,Tioga,47724.0,1.07614648714528,0.330207564,2,3,1,2.0,1.0,1.0,0.0,1.0,0.0,0.0,1.0,Female,3,White
2041082453.0,36,New York,19713025,36047,Kings,2600751.0,2.15765958448097,,1,1,2,2.0,1.0,1.0,1.0,1.0,1.0,0.0,1.0,Male,1,Black
2029564377.0,36,New York,19713025,36065,Oneida,228351.0,0.924927093430776,,2,5,1,2.0,1.0,1.0,1.0,1.0,1.0,1.0,1.0,Female,4,White
2034737071.0,36,New York,19713025,36047,Kings,2600751.0,4.03841610118388,,3,1,2,2.0,1.0,1.0,1.0,1.0,1.0,0.0,1.0,,1,Black
2015317905.0,36,New York,19713025,36057,Montgomery,49454.0,3.66530605356974,0.3646112942,2,2,1,2.0,1.0,0.0,1.0,1.0,1.0,0.0,0.0,Female,2,White
2015180849.0,36,New York,19713025,36055,Monroe,750469.0,0.893285981816311,0.6642590286000001,2,5,3,1.0,1.0,1.0,1.0,1.0,1.0,1.0,1.0,Female,4,Hispanic
2019565325.0,36,New York,19713025,36061,New York,1593919.0,0.847748507166075,0.967907531,1,3,1,2.0,1.0,1.0,1.0,1.0,1.0,1.0,1.0,Male,3,White
2004127179.0,36,New York,19713025,36091,Saratoga,238523.0,0.924927093430776,,2,5,1,2.0,1.0,1.0,1.0,1.0,1.0,1.0,1.0,Female,4,White
1998210867.0,36,New York,19713025,36059,Nassau,1388346.0,0.877104707845683,0.7951506128,2,6,1,2.0,1.0,1.0,1.0,1.0,1.0,0.0,1.0,Female,4,White
2015201439.0,36,New York,19713025,36103,Suffolk,1531736.0,0.447923176608087,0.7714468025,2,2,1,2.0,1.0,1.0,1.0,0.0,0.0,1.0,1.0,Female,2,White
2000510055.0,36,New York,19713025,36047,Kings,2600751.0,0.825844536550586,1.1357151312,2,5,1,2.0,1.0,1.0,1.0,1.0,1.0,1.0,1.0,Female,4,White
2015139527.0,36,New York,19713025,36047,Kings,2600751.0,0.721990757604583,,2,2,1,2.0,1.0,1.0,1.0,1.0,0.0,1.0,1.0,Female,2,White
2022054211.0,36,New York,19713025,36015,Chemung,81535.0,1.5442462084036,1.9876884477,1,6,1,2.0,0.0,0.0,0.0,0.0,0.0,1.0,0.0,Male,4,White
2042331763.0,36,New York,19713025,36119,Westchester,994313.0,0.892588097440865,0.7071655459,2,5,1,2.0,1.0,1.0,1.0,1.0,1.0,1.0,1.0,Female,4,White
1995141099.0,36,New York,19713025,36061,New York,1593919.0,2.20558252458257,,1,5,4,2.0,1.0,1.0,1.0,1.0,1.0,0.0,1.0,Male,4,Other
2026884523.0,36,New York,19713025,36027,Dutchess,297214.0,1.27037045425758,1.8630104347,1,3,1,2.0,0.0,0.0,0.0,1.0,1.0,1.0,0.0,Male,3,White
1983931623.0,36,New York,19713025,36029,Erie,949276.0,0.899322943597695,1.0083246486,1,5,1,2.0,0.0,0.0,0.0,0.0,0.0,1.0,0.0,Male,4,White
2011917371.0,36,New York,19713025,36061,New York,1593919.0,0.857627774784585,0.6947428064000001,2,6,1,2.0,1.0,1.0,1.0,1.0,1.0,0.0,1.0,Female,4,White
1999717567.0,36,New York,19713025,36061,New York,1593919.0,0.654493354074612,0.1898258524,2,5,8,2.0,1.0,1.0,1.0,1.0,1.0,0.0,1.0,Female,4,Other
2011276939.0,36,New York,19713025,36067,Onondaga,469910.0,1.02621488580336,0.7858993208,2,3,1,2.0,1.0,1.0,1.0,1.0,1.0,0.0,1.0,Female,3,White
2012010581.0,36,New York,19713025,36059,Nassau,1388346.0,9.51313734197352,4.8372143438,1,2,2,2.0,1.0,1.0,1.0,1.0,1.0,0.0,1.0,Male,2,Black
2014993079.0,36,New York,19713025,36055,Monroe,750469.0,0.857627774784585,0.6947428064000001,2,6,1,2.0,1.0,1.0,1.0,1.0,1.0,0.0,1.0,Female,4,White
2020036441.0,36,New York,19713025,36011,Cayuga,74730.0,0.837566761688702,0.9168845199,1,2,1,2.0,1.0,1.0,1.0,1.0,1.0,1.0,1.0,Male,2,White
1983191577.0,36,New York,19713025,36009,Cattaraugus,76032.0,1.19172718265376,0.4286178859,2,1,1,2.0,0.0,1.0,0.0,0.0,1.0,1.0,1.0,Female,1,White
2008170413.0,36,New York,19713025,36047,Kings,2600751.0,0.760413986167134,0.6702055706000001,2,5,2,2.0,1.0,1.0,1.0,1.0,1.0,1.0,1.0,Female,4,Black
1998333351.0,36,New York,19713025,36101,Steuben,92427.0,1.19692275086789,1.2917795035,1,5,1,2.0,1.0,1.0,0.0,0.0,1.0,1.0,0.0,Male,4,White
2020224713.0,36,New York,19713025,36081,Queens,2291363.0,2.05786386959947,,2,2,2,2.0,1.0,1.0,0.0,0.0,1.0,1.0,1.0,Female,2,Black
2021127053.0,36,New York,19713025,36103,Suffolk,1531736.0,0.310724111687865,,1,2,3,,1.0,1.0,1.0,1.0,1.0,1.0,1.0,Male,2,Hispanic
1992831011.0,36,New York,19713025,36059,Nassau,1388346.0,0.984120722939906,0.9195516475,1,6,1,2.0,1.0,1.0,1.0,0.0,1.0,1.0,1.0,Male,4,White
2042626947.0,36,New York,19713025,36047,Kings,2600751.0,3.74126985057532,,1,1,1,2.0,1.0,1.0,1.0,1.0,1.0,0.0,1.0,Male,1,White
1999240109.0,36,New York,19713025,36069,Ontario,112499.0,3.61978933470068,1.0127078352,1,2,1,2.0,1.0,0.0,0.0,0.0,1.0,0.0,1.0,Male,2,White
2000779649.0,36,New York,19713025,36103,Suffolk,1531736.0,0.288429226676886,,2,3,7,2.0,0.0,0.0,0.0,0.0,0.0,1.0,0.0,Female,3,Other
2004265041.0,36,New York,19713025,36055,Monroe,750469.0,1.71989974658882,1.8701241484,1,6,4,2.0,1.0,1.0,1.0,1.0,1.0,0.0,1.0,Male,4,Other
2043472615.0,36,New York,19713025,36047,Kings,2600751.0,1.28992148956474,3.8479318236,2,2,1,2.0,0.0,0.0,0.0,0.0,0.0,1.0,0.0,Female,2,White
2026742133.0,36,New York,19713025,36047,Kings,2600751.0,15.0614388091749,15.0172750693,1,1,3,1.0,1.0,1.0,1.0,1.0,1.0,1.0,1.0,Male,1,Hispanic
2026742259.0,36,New York,19713025,36005,Bronx,1384053.0,0.427636346510707,0.7933331857,2,3,3,1.0,1.0,1.0,1.0,0.0,1.0,0.0,1.0,Female,3,Hispanic
2045014565.0,36,New York,19713025,36061,New York,1593919.0,1.01581880856809,1.1576760793,2,5,1,2.0,0.0,0.0,0.0,0.0,0.0,1.0,0.0,Female,4,White
1998744483.0,36,New York,19713025,36047,Kings,2600751.0,1.9473163290944,,2,2,8,2.0,1.0,1.0,1.0,1.0,1.0,1.0,1.0,Female,2,Other
2044235249.0,36,New York,19713025,36061,New York,1593919.0,3.62842228408798,,2,3,1,2.0,1.0,0.0,0.0,1.0,1.0,1.0,1.0,Female,3,White
2010672287.0,36,New York,19713025,36055,Monroe,750469.0,1.13737715368073,1.2308455448,2,2,1,2.0,0.0,0.0,0.0,0.0,0.0,1.0,0.0,Female,2,White
2027350657.0,36,New York,19713025,36017,Chenango,46334.0,0.584571799294208,,1,2,1,2.0,1.0,1.0,0.0,1.0,0.0,0.0,1.0,Male,2,White
2012649959.0,36,New York,19713025,36061,New York,1593919.0,7.82206347253901,1.3430805262,2,6,1,2.0,1.0,0.0,1.0,0.0,1.0,0.0,1.0,Female,4,White
2014138113.0,36,New York,19713025,36077,Otsego,60447.0,0.849331128065222,1.0199889292,2,3,1,2.0,0.0,1.0,1.0,0.0,0.0,1.0,0.0,Female,3,White
2042373779.0,36,New York,19713025,36083,Rensselaer,159213.0,1.6269829759223,4.1575327879,2,3,1,2.0,1.0,0.0,0.0,0.0,0.0,1.0,0.0,Female,3,White
2004491381.0,36,New York,19713025,36015,Chemung,81535.0,1.44633334294265,3.4200286725,2,2,2,2.0,0.0,1.0,0.0,1.0,1.0,1.0,0.0,Female,2,Black
2045799393.0,36,New York,19713025,36103,Suffolk,1531736.0,1.09746187330976,,2,2,3,,0.0,1.0,1.0,1.0,0.0,1.0,0.0,Female,2,Hispanic
2014598145.0,36,New York,19713025,36059,Nassau,1388346.0,0.984120722939906,0.9195516475,1,6,1,2.0,1.0,1.0,1.0,1.0,1.0,1.0,1.0,Male,4,White
1976397005.0,36,New York,19713025,36061,New York,1593919.0,0.765253424638679,,1,6,4,2.0,1.0,1.0,1.0,1.0,1.0,0.0,1.0,Male,4,Other
2043853675.0,36,New York,19713025,36103,Suffolk,1531736.0,1.15173900981197,,2,2,1,2.0,1.0,1.0,1.0,1.0,1.0,1.0,1.0,Female,2,White
1995646975.0,36,New York,19713025,36059,Nassau,1388346.0,1.24309262221021,,2,6,1,2.0,0.0,0.0,0.0,0.0,0.0,1.0,0.0,Female,4,White
2021917641.0,36,New York,19713025,36081,Queens,2291363.0,0.573122563353898,0.4260968517,1,5,1,2.0,1.0,1.0,1.0,1.0,1.0,0.0,1.0,Male,4,White
2030691987.0,36,New York,19713025,36027,Dutchess,297214.0,3.64512545990415,,2,5,1,2.0,0.0,1.0,1.0,1.0,0.0,1.0,1.0,Female,4,White
2020126509.0,36,New York,19713025,36007,Broome,197171.0,1.18368683867603,1.0020684093,2,6,2,2.0,1.0,1.0,0.0,1.0,1.0,1.0,1.0,Female,4,Black
2030626123.0,36,New York,19713025,36047,Kings,2600751.0,3.2274469773269,,2,1,2,2.0,1.0,1.0,1.0,1.0,0.0,0.0,1.0,Female,1,Black
2015822647.0,36,New York,19713025,36001,Albany,315764.0,0.424935970981432,0.4399219953,1,4,1,2.0,1.0,1.0,1.0,1.0,0.0,1.0,1.0,Male,3,White
2007840717.0,36,New York,19713025,36029,Erie,949276.0,4.33967327913728,,2,5,1,2.0,1.0,1.0,1.0,1.0,1.0,0.0,1.0,Female,4,White
2011759577.0,36,New York,19713025,36103,Suffolk,1531736.0,0.857627774784585,0.6947428064000001,2,6,1,2.0,1.0,1.0,1.0,1.0,1.0,0.0,1.0,Female,4,White
2039269611.0,36,New York,19713025,36053,Madison,67059.0,0.697733496090734,0.8276328368,2,6,1,2.0,1.0,1.0,1.0,1.0,1.0,0.0,1.0,Female,4,White
1995047101.0,36,New York,19713025,36009,Cattaraugus,76032.0,1.01581880856809,1.1576760793,2,5,1,2.0,0.0,0.0,0.0,0.0,0.0,1.0,0.0,Female,4,White
2032650757.0,36,New York,19713025,36119,Westchester,994313.0,0.658711597220014,,2,4,2,2.0,1.0,1.0,0.0,1.0,0.0,1.0,1.0,Female,3,Black
2045900497.0,36,New York,19713025,36039,Greene,47654.0,0.166924158136588,,1,2,1,2.0,1.0,0.0,0.0,0.0,1.0,1.0,0.0,Male,2,White
1984263251.0,36,New York,19713025,36103,Suffolk,1531736.0,1.27037045425758,1.8630104347,1,3,1,2.0,0.0,0.0,0.0,0.0,1.0,1.0,0.0,Male,3,White
2008124439.0,36,New York,19713025,36061,New York,1593919.0,8.66441615334906,,1,6,4,2.0,0.0,1.0,1.0,1.0,1.0,0.0,1.0,Male,4,Other
2030649595.0,36,New York,19713025,36059,Nassau,1388346.0,3.66530605356974,,2,2,1,2.0,1.0,0.0,0.0,0.0,0.0,0.0,1.0,Female,2,White
1997510179.0,36,New York,19713025,36085,Richmond,492579.0,1.39767738230677,1.126588635,2,6,1,2.0,1.0,1.0,1.0,1.0,1.0,0.0,1.0,Female,4,White
2024842665.0,36,New York,19713025,36073,Orleans,39510.0,0.14827672248644,,2,1,2,1.0,1.0,0.0,1.0,0.0,1.0,1.0,0.0,Female,1,Black
2030892765.0,36,New York,19713025,36047,Kings,2600751.0,1.68556641250995,,2,3,2,1.0,1.0,1.0,1.0,1.0,1.0,0.0,1.0,Female,3,Black
2021945153.0,36,New York,19713025,36061,New York,1593919.0,3.2563319106654,,1,2,4,2.0,1.0,1.0,1.0,1.0,1.0,1.0,0.0,Male,2,Other
2014437461.0,36,New York,19713025,36103,Suffolk,1531736.0,1.09683949999135,1.4783576984,2,6,2,2.0,1.0,1.0,1.0,1.0,1.0,1.0,1.0,Female,4,Black
2031457983.0,36,New York,19713025,36059,Nassau,1388346.0,3.53059392194305,,2,5,1,2.0,0.0,0.0,0.0,0.0,0.0,1.0,0.0,Female,4,White
2025151267.0,36,New York,19713025,36005,Bronx,1384053.0,2.85302444563068,,1,3,7,2.0,1.0,0.0,1.0,0.0,1.0,1.0,0.0,Male,3,Other
2009195513.0,36,New York,19713025,36047,Kings,2600751.0,6.63396856179089,,1,3,1,2.0,1.0,0.0,1.0,1.0,1.0,0.0,0.0,Male,3,White
2021684439.0,36,New York,19713025,36119,Westchester,994313.0,0.77105944489338,0.6134496285000001,2,3,1,2.0,1.0,1.0,1.0,1.0,1.0,0.0,1.0,Female,3,White
2039699821.0,36,New York,19713025,36029,Erie,949276.0,0.700828247880355,0.5381631339,2,5,1,2.0,1.0,1.0,1.0,1.0,0.0,0.0,1.0,Female,4,White
2029556613.0,36,New York,19713025,36005,Bronx,1384053.0,0.485009167007633,0.6648683232,1,4,2,2.0,1.0,1.0,1.0,1.0,1.0,1.0,1.0,Male,3,Black
2015879029.0,36,New York,19713025,36075,Oswego,118150.0,8.7132271526688,,1,2,1,2.0,0.0,0.0,1.0,0.0,1.0,1.0,0.0,Male,2,White
2013432259.0,36,New York,19713025,36089,St. Lawrence,106900.0,0.854582611189606,0.9607614133,2,2,1,2.0,0.0,0.0,0.0,0.0,1.0,1.0,0.0,Female,2,White
1998685889.0,36,New York,19713025,36119,Westchester,994313.0,0.682739867494195,0.8631889669,1,3,1,2.0,1.0,0.0,0.0,0.0,1.0,1.0,0.0,Male,3,White
1984384221.0,36,New York,19713025,36047,Kings,2600751.0,4.58974580668077,,1,2,2,2.0,1.0,1.0,1.0,1.0,1.0,0.0,0.0,Male,2,Black
2011128995.0,36,New York,19713025,36061,New York,1593919.0,0.345711822033815,,1,4,1,2.0,0.0,0.0,0.0,0.0,0.0,1.0,0.0,Male,3,White
2008644363.0,36,New York,19713025,36029,Erie,949276.0,0.55125869381234,0.3088180134,2,3,7,2.0,1.0,1.0,1.0,1.0,1.0,0.0,1.0,Female,3,Other
2012986385.0,36,New York,19713025,36061,New York,1593919.0,1.68556641250995,,2,3,3,1.0,1.0,1.0,1.0,1.0,1.0,0.0,1.0,Female,3,Hispanic
2015060059.0,36,New York,19713025,36025,Delaware,44771.0,0.435098009839295,0.4298209664,1,4,1,2.0,1.0,1.0,1.0,1.0,1.0,0.0,1.0,Male,3,White
2013280561.0,36,New York,19713025,36047,Kings,2600751.0,3.13762318699469,5.242251746,1,2,2,2.0,1.0,1.0,1.0,1.0,1.0,0.0,1.0,Male,2,Black
2036636435.0,36,New York,19713025,36053,Madison,67059.0,0.557624631958697,0.5075003362,1,5,1,2.0,0.0,0.0,0.0,0.0,0.0,1.0,0.0,Male,4,White
2043494301.0,36,New York,19713025,36081,Queens,2291363.0,2.15129469774701,1.8384543844,1,5,4,2.0,1.0,1.0,1.0,1.0,1.0,0.0,1.0,Male,4,Other
2039662503.0,36,New York,19713025,36061,New York,1593919.0,1.10954660982098,,1,5,1,2.0,0.0,1.0,1.0,1.0,1.0,1.0,1.0,Male,4,White
2007038411.0,36,New York,19713025,36013,Chautauqua,125558.0,0.854582611189606,0.9607614133,2,2,1,2.0,1.0,1.0,1.0,1.0,1.0,1.0,1.0,Female,2,White
2026743551.0,36,New York,19713025,36081,Queens,2291363.0,1.01447176823929,,1,3,2,2.0,1.0,0.0,0.0,0.0,1.0,1.0,0.0,Male,3,Black
2004054473.0,36,New York,19713025,36119,Westchester,994313.0,0.695510636197011,,1,6,1,2.0,1.0,1.0,0.0,0.0,0.0,1.0,1.0,Male,4,White
2041161433.0,36,New York,19713025,36119,Westchester,994313.0,0.854582611189606,,2,2,1,2.0,1.0,0.0,0.0,0.0,1.0,1.0,1.0,Female,2,White
2019066285.0,36,New York,19713025,36027,Dutchess,297214.0,0.548040849379921,,2,5,2,2.0,1.0,1.0,1.0,0.0,1.0,1.0,1.0,Female,4,Black
2012680843.0,36,New York,19713025,36043,Herkimer,59581.0,2.31846083839686,0.3069329127,1,2,7,2.0,0.0,0.0,0.0,0.0,0.0,1.0,0.0,Male,2,Other
2008063595.0,36,New York,19713025,36047,Kings,2600751.0,4.19252258367714,,2,6,1,2.0,1.0,1.0,1.0,1.0,1.0,0.0,1.0,Female,4,White
1984396147.0,36,New York,19713025,36047,Kings,2600751.0,0.706866875741398,,2,5,4,2.0,1.0,1.0,1.0,1.0,1.0,1.0,1.0,Female,4,Other
2011835991.0,36,New York,19713025,36055,Monroe,750469.0,0.949129454950806,1.0483687007,2,6,1,2.0,1.0,1.0,1.0,1.0,1.0,0.0,1.0,Female,4,White
2038229697.0,36,New York,19713025,36119,Westchester,994313.0,0.413547503897323,2.0449096482,1,2,3,1.0,1.0,1.0,1.0,1.0,1.0,0.0,1.0,Male,2,Hispanic
2037289055.0,36,New York,19713025,36005,Bronx,1384053.0,0.428965125969144,0.9516153192,1,2,2,1.0,0.0,0.0,0.0,0.0,0.0,0.0,0.0,Male,2,Black
2043921417.0,36,New York,19713025,36103,Suffolk,1531736.0,1.15173900981197,2.1633116248,2,2,1,2.0,1.0,1.0,1.0,1.0,1.0,0.0,1.0,Female,2,White
1999109571.0,36,New York,19713025,36103,Suffolk,1531736.0,0.815774788260357,1.9789458002,1,2,1,2.0,1.0,1.0,1.0,0.0,0.0,1.0,0.0,Male,2,White
2024891589.0,36,New York,19713025,36055,Monroe,750469.0,6.80615806462808,,2,1,1,2.0,1.0,1.0,1.0,1.0,1.0,1.0,1.0,Female,1,White
2012046631.0,36,New York,19713025,36117,Wayne,90839.0,1.01581880856809,0.4533730801,2,5,1,2.0,0.0,0.0,0.0,0.0,1.0,1.0,0.0,Female,4,White
2020831005.0,36,New York,19713025,36051,Livingston,61356.0,2.50936107797706,,2,2,1,2.0,0.0,0.0,0.0,0.0,1.0,1.0,0.0,Female,2,White
2013406413.0,36,New York,19713025,36061,New York,1593919.0,0.433912149104468,,1,5,2,2.0,1.0,1.0,1.0,1.0,1.0,1.0,1.0,Male,4,Black
2009916739.0,36,New York,19713025,36067,Onondaga,469910.0,0.949129454950806,1.0483687007,2,6,1,2.0,1.0,1.0,1.0,1.0,1.0,0.0,1.0,Female,4,White
2022707961.0,36,New York,19713025,36005,Bronx,1384053.0,15.0614388091749,15.0172750693,2,1,3,,0.0,0.0,0.0,0.0,0.0,1.0,0.0,Female,1,Hispanic
2010061233.0,36,New York,19713025,36029,Erie,949276.0,0.949129454950806,1.0483687007,2,6,1,2.0,1.0,1.0,1.0,1.0,1.0,0.0,1.0,Female,4,White
2016683963.0,36,New York,19713025,36029,Erie,949276.0,0.560519174137846,,1,5,2,2.0,0.0,0.0,1.0,0.0,1.0,1.0,0.0,Male,4,Black
2029149403.0,36,New York,19713025,36081,Queens,2291363.0,1.053513988726,,2,2,6,1.0,1.0,1.0,1.0,1.0,1.0,0.0,0.0,Female,2,Hispanic
2000946377.0,36,New York,19713025,36081,Queens,2291363.0,2.050260342019,0.6640813640000001,2,4,4,2.0,0.0,0.0,0.0,0.0,0.0,0.0,0.0,Female,3,Other
2042327711.0,36,New York,19713025,36103,Suffolk,1531736.0,0.877104707845683,0.7951506128,2,6,1,2.0,1.0,1.0,1.0,1.0,0.0,0.0,1.0,Female,4,White
2018472325.0,36,New York,19713025,36009,Cattaraugus,76032.0,1.13737715368073,1.2308455448,2,2,1,2.0,1.0,0.0,0.0,0.0,0.0,1.0,1.0,Female,2,White
2034773635.0,36,New York,19713025,36047,Kings,2600751.0,2.73879562811328,,1,1,3,1.0,1.0,1.0,0.0,1.0,0.0,0.0,0.0,Male,1,Hispanic
2029259411.0,36,New York,19713025,36005,Bronx,1384053.0,2.39999841573298,,2,3,3,,1.0,1.0,1.0,1.0,0.0,0.0,,Female,3,Hispanic
2032876731.0,36,New York,19713025,36029,Erie,949276.0,5.24943387356897,,1,3,1,2.0,0.0,1.0,1.0,1.0,1.0,1.0,0.0,Male,3,White
2032933623.0,36,New York,19713025,36081,Queens,2291363.0,0.1358028650757,,1,2,3,,1.0,1.0,1.0,1.0,1.0,1.0,1.0,Male,2,Hispanic
2039645111.0,36,New York,19713025,36061,New York,1593919.0,2.19771891764369,,1,4,1,2.0,1.0,1.0,1.0,1.0,1.0,1.0,1.0,Male,3,White
2026707099.0,36,New York,19713025,36061,New York,1593919.0,1.63809736443306,1.184552133,1,5,2,2.0,0.0,1.0,1.0,1.0,1.0,1.0,1.0,Male,4,Black
2012710873.0,36,New York,19713025,36061,New York,1593919.0,2.87379678911414,,1,2,1,2.0,1.0,1.0,1.0,1.0,1.0,0.0,1.0,Male,2,White
1999029403.0,36,New York,19713025,36115,Washington,60808.0,1.19172718265376,,2,1,1,2.0,0.0,0.0,0.0,0.0,0.0,0.0,0.0,Female,1,White
2026434435.0,36,New York,19713025,36047,Kings,2600751.0,0.837566761688702,0.9168845199,1,2,1,2.0,0.0,1.0,1.0,1.0,0.0,1.0,0.0,Male,2,White
1998349029.0,36,New York,19713025,36061,New York,1593919.0,3.61978933470068,,1,2,1,2.0,1.0,0.0,1.0,1.0,0.0,0.0,0.0,Male,2,White
2011151919.0,36,New York,19713025,36089,St. Lawrence,106900.0,0.837566761688702,0.9168845199,1,2,1,2.0,0.0,0.0,0.0,0.0,0.0,1.0,0.0,Male,2,White
1997566905.0,36,New York,19713025,36047,Kings,2600751.0,0.546037122659701,,2,2,2,2.0,1.0,1.0,1.0,1.0,0.0,1.0,1.0,Female,2,Black
2014590449.0,36,New York,19713025,36005,Bronx,1384053.0,3.24402493261424,1.0175508482,2,2,3,,0.0,0.0,0.0,1.0,0.0,1.0,1.0,Female,2,Hispanic
2026827995.0,36,New York,19713025,36005,Bronx,1384053.0,0.500997037401806,,2,3,2,2.0,1.0,1.0,1.0,0.0,1.0,1.0,1.0,Female,3,Black
2037002401.0,36,New York,19713025,36055,Monroe,750469.0,0.435098009839295,,1,3,1,2.0,1.0,1.0,1.0,0.0,0.0,0.0,1.0,Male,3,White
2038246301.0,36,New York,19713025,36003,Allegany,46646.0,1.40061656360772,1.6329829738,2,5,1,2.0,0.0,0.0,0.0,0.0,0.0,1.0,0.0,Female,4,White
2013323107.0,36,New York,19713025,36043,Herkimer,59581.0,1.27037045425758,1.8630104347,1,3,1,2.0,0.0,0.0,0.0,0.0,0.0,1.0,0.0,Male,3,White
2022213725.0,36,New York,19713025,36001,Albany,315764.0,1.19981421912801,1.4393943774,1,5,1,2.0,1.0,1.0,0.0,1.0,1.0,0.0,1.0,Male,4,White
2028560903.0,36,New York,19713025,36081,Queens,2291363.0,0.306079350144587,,1,3,4,2.0,1.0,1.0,1.0,1.0,1.0,0.0,1.0,Male,3,Other
2011031789.0,36,New York,19713025,36081,Queens,2291363.0,0.847748507166075,,1,3,1,2.0,1.0,1.0,1.0,1.0,0.0,0.0,1.0,Male,3,White
2044842369.0,36,New York,19713025,36025,Delaware,44771.0,2.87379678911414,,1,2,1,2.0,0.0,0.0,1.0,1.0,0.0,1.0,0.0,Male,2,White
1998545469.0,36,New York,19713025,36067,Onondaga,469910.0,0.877104707845683,0.7951506128,2,6,1,2.0,1.0,1.0,1.0,1.0,1.0,1.0,1.0,Female,4,White
2038415215.0,36,New York,19713025,36047,Kings,2600751.0,1.82001212078803,,1,5,2,2.0,0.0,1.0,1.0,0.0,1.0,0.0,0.0,Male,4,Black
2034705853.0,36,New York,19713025,36061,New York,1593919.0,4.38505525356584,,2,3,1,2.0,1.0,1.0,1.0,1.0,1.0,0.0,1.0,Female,3,White
1998685627.0,36,New York,19713025,36063,Niagara,210403.0,0.476726221054356,,1,5,7,2.0,0.0,1.0,0.0,1.0,1.0,1.0,0.0,Male,4,Other
2035619185.0,36,New York,19713025,36029,Erie,949276.0,4.62706699923358,,2,2,1,2.0,1.0,1.0,0.0,1.0,1.0,1.0,1.0,Female,2,White
2024882919.0,36,New York,19713025,36047,Kings,2600751.0,2.16634620765651,,2,2,2,2.0,1.0,1.0,1.0,1.0,0.0,0.0,1.0,Female,2,Black
1999009617.0,36,New York,19713025,36061,New York,1593919.0,0.815774788260357,,1,2,1,2.0,1.0,1.0,1.0,1.0,1.0,0.0,1.0,Male,2,White
1998624389.0,36,New York,19713025,36007,Broome,197171.0,0.671980800305002,0.5197537138,1,5,1,2.0,1.0,1.0,1.0,1.0,1.0,1.0,1.0,Male,4,White
2034611431.0,36,New York,19713025,36061,New York,1593919.0,15.0614388091749,,2,6,4,2.0,1.0,1.0,1.0,1.0,1.0,1.0,1.0,Female,4,Other
2012606605.0,36,New York,19713025,36059,Nassau,1388346.0,1.86481891738993,1.5952857417,1,6,2,2.0,1.0,0.0,1.0,1.0,1.0,1.0,0.0,Male,4,Black
2040033707.0,36,New York,19713025,36055,Monroe,750469.0,0.509565359034746,0.9415555659,2,3,1,2.0,0.0,0.0,0.0,0.0,0.0,1.0,1.0,Female,3,White
2034774259.0,36,New York,19713025,36063,Niagara,210403.0,1.65445110852751,1.7489013328,2,6,1,2.0,1.0,1.0,0.0,0.0,1.0,0.0,0.0,Female,4,White
2031450627.0,36,New York,19713025,36025,Delaware,44771.0,0.498111979587266,0.4800332527,2,2,1,2.0,1.0,1.0,1.0,0.0,1.0,0.0,1.0,Female,2,White
2043416265.0,36,New York,19713025,36053,Madison,67059.0,0.682739867494195,0.8631889669,1,3,1,2.0,1.0,1.0,0.0,0.0,0.0,1.0,0.0,Male,3,White
1998821485.0,36,New York,19713025,36061,New York,1593919.0,0.372129844476639,,1,3,1,2.0,1.0,1.0,1.0,0.0,0.0,0.0,1.0,Male,3,White
2013723495.0,36,New York,19713025,36067,Onondaga,469910.0,0.974005739653054,,1,5,1,2.0,0.0,0.0,1.0,0.0,1.0,1.0,0.0,Male,4,White
2011540099.0,36,New York,19713025,36091,Saratoga,238523.0,3.66530605356974,,2,2,1,2.0,1.0,1.0,1.0,1.0,0.0,1.0,1.0,Female,2,White
2013973617.0,36,New York,19713025,36005,Bronx,1384053.0,0.577944336418989,0.6965566675,1,4,3,1.0,1.0,1.0,1.0,1.0,1.0,1.0,1.0,Male,3,Hispanic
2034684469.0,36,New York,19713025,36073,Orleans,39510.0,2.40467776490459,,1,2,1,2.0,1.0,1.0,1.0,1.0,0.0,0.0,1.0,Male,2,White
2016934947.0,36,New York,19713025,36081,Queens,2291363.0,4.32847051575042,,1,6,1,2.0,1.0,1.0,1.0,1.0,1.0,1.0,1.0,Male,4,White
2022395687.0,36,New York,19713025,36047,Kings,2600751.0,0.70598719465539,0.8926124820000001,1,5,1,2.0,1.0,1.0,1.0,1.0,1.0,0.0,1.0,Male,4,White
2012747465.0,36,New York,19713025,36025,Delaware,44771.0,5.83613754566193,,2,3,1,2.0,0.0,0.0,1.0,0.0,1.0,0.0,0.0,Female,3,White
2003772153.0,36,New York,19713025,36093,Schenectady,159790.0,0.835828474188553,,2,3,2,2.0,1.0,1.0,0.0,1.0,0.0,1.0,1.0,Female,3,Black
2012372781.0,36,New York,19713025,36077,Otsego,60447.0,2.50936107797706,,2,2,1,2.0,1.0,0.0,0.0,1.0,0.0,1.0,0.0,Female,2,White
2039355405.0,36,New York,19713025,36047,Kings,2600751.0,9.26365209594515,,2,5,4,2.0,1.0,1.0,1.0,1.0,1.0,0.0,1.0,Female,4,Other
2026331691.0,36,New York,19713025,36029,Erie,949276.0,9.0584205502051,,2,1,1,2.0,0.0,1.0,0.0,0.0,0.0,0.0,0.0,Female,1,White
2014231405.0,36,New York,19713025,36091,Saratoga,238523.0,1.20991825136386,1.2021694779,2,3,1,2.0,0.0,0.0,0.0,0.0,0.0,1.0,0.0,Female,3,White
2036998073.0,36,New York,19713025,36103,Suffolk,1531736.0,0.682739867494195,0.8631889669,1,4,1,2.0,0.0,0.0,0.0,0.0,0.0,1.0,0.0,Male,3,White
1997859977.0,36,New York,19713025,36081,Queens,2291363.0,1.49704737630986,4.6252435822999995,2,1,2,2.0,1.0,1.0,1.0,1.0,0.0,1.0,1.0,Female,1,Black
2011992491.0,36,New York,19713025,36055,Monroe,750469.0,0.949129454950806,1.0483687007,2,6,1,2.0,1.0,1.0,1.0,1.0,1.0,0.0,1.0,Female,4,White
2011240401.0,36,New York,19713025,36103,Suffolk,1531736.0,0.646672557357465,0.3310376547,1,3,3,1.0,0.0,0.0,0.0,0.0,1.0,1.0,0.0,Male,3,Hispanic
2036926617.0,36,New York,19713025,36029,Erie,949276.0,15.0614388091749,,1,2,4,2.0,1.0,1.0,0.0,1.0,1.0,1.0,1.0,Male,2,Other
2031407167.0,36,New York,19713025,36047,Kings,2600751.0,3.11850743008814,,1,5,1,2.0,1.0,1.0,1.0,1.0,1.0,1.0,1.0,Male,4,White
1984167577.0,36,New York,19713025,36107,Tioga,47724.0,3.64512545990415,,2,5,1,2.0,1.0,1.0,1.0,1.0,1.0,0.0,1.0,Female,4,White
2008900181.0,36,New York,19713025,36067,Onondaga,469910.0,0.401052122278554,0.3311936357,1,2,1,2.0,0.0,1.0,1.0,1.0,0.0,0.0,1.0,Male,2,White
2028708413.0,36,New York,19713025,36075,Oswego,118150.0,1.81478845535493,,2,2,1,2.0,0.0,1.0,0.0,0.0,0.0,1.0,0.0,Female,2,White
2013663689.0,36,New York,19713025,36103,Suffolk,1531736.0,0.573122563353898,0.4260968517,1,5,1,2.0,1.0,1.0,1.0,1.0,1.0,0.0,1.0,Male,4,White
2040027047.0,36,New York,19713025,36083,Rensselaer,159213.0,0.826845821107099,0.9677170203,1,2,1,2.0,0.0,0.0,0.0,0.0,1.0,1.0,0.0,Male,2,White
2034339873.0,36,New York,19713025,36081,Queens,2291363.0,1.19672632502969,0.6055062874,2,3,1,2.0,1.0,0.0,1.0,1.0,0.0,1.0,1.0,Female,3,White
2015691361.0,36,New York,19713025,36047,Kings,2600751.0,1.65741297859935,,2,3,2,2.0,1.0,1.0,1.0,1.0,1.0,1.0,0.0,Female,3,Black
2034763831.0,36,New York,19713025,36027,Dutchess,297214.0,3.44856316436157,,1,2,2,2.0,1.0,0.0,1.0,1.0,1.0,0.0,1.0,Male,2,Black
2042628417.0,36,New York,19713025,36057,Montgomery,49454.0,0.585965962956765,0.5587224423,2,3,1,2.0,1.0,1.0,1.0,1.0,1.0,0.0,1.0,Female,3,White
2016257669.0,36,New York,19713025,36047,Kings,2600751.0,6.63396856179089,,1,3,1,2.0,0.0,0.0,0.0,0.0,1.0,1.0,0.0,Male,3,White
2028991285.0,36,New York,19713025,36073,Orleans,39510.0,2.40467776490459,,1,2,1,2.0,1.0,1.0,1.0,1.0,1.0,1.0,1.0,Male,2,White
2040487351.0,36,New York,19713025,36047,Kings,2600751.0,0.573122563353898,0.4260968517,1,5,1,2.0,1.0,1.0,1.0,1.0,1.0,0.0,1.0,Male,4,White
2011843903.0,36,New York,19713025,36047,Kings,2600751.0,0.895669391051142,0.7287740731,2,6,2,2.0,1.0,1.0,1.0,1.0,1.0,0.0,1.0,Female,4,Black
2039866683.0,36,New York,19713025,36019,Clinton,78011.0,1.40061656360772,1.6329829738,2,5,1,2.0,0.0,0.0,0.0,0.0,0.0,1.0,0.0,Female,4,White
1998975543.0,36,New York,19713025,36063,Niagara,210403.0,0.847748507166075,,1,3,1,2.0,1.0,1.0,1.0,1.0,1.0,0.0,1.0,Male,3,White
2029084727.0,36,New York,19713025,36081,Queens,2291363.0,2.2531286671766,,1,4,4,2.0,0.0,1.0,1.0,0.0,1.0,0.0,1.0,Male,3,Other
2036340715.0,36,New York,19713025,36047,Kings,2600751.0,5.92183339372714,,2,1,3,,0.0,0.0,0.0,0.0,0.0,0.0,0.0,Female,1,Hispanic
2017401469.0,36,New York,19713025,36061,New York,1593919.0,2.93480147677561,,2,3,2,2.0,1.0,1.0,0.0,1.0,0.0,1.0,1.0,Female,3,Black
2006982695.0,36,New York,19713025,36059,Nassau,1388346.0,0.700828247880355,0.5381631339,2,5,1,2.0,1.0,1.0,1.0,1.0,1.0,0.0,1.0,Female,4,White
2011240017.0,36,New York,19713025,36051,Livingston,61356.0,2.89278324314448,1.126259735,2,2,1,2.0,0.0,0.0,0.0,0.0,1.0,1.0,0.0,Female,2,White
2011038461.0,36,New York,19713025,36029,Erie,949276.0,0.629316307201359,0.7156927779000001,1,2,1,2.0,0.0,0.0,0.0,0.0,0.0,1.0,0.0,Male,2,White
2025444571.0,36,New York,19713025,36061,New York,1593919.0,0.652177225877972,,1,1,2,2.0,1.0,1.0,1.0,1.0,1.0,1.0,1.0,Male,1,Black
2015354659.0,36,New York,19713025,36067,Onondaga,469910.0,0.825206274250224,0.7156157430000001,2,5,1,2.0,1.0,1.0,1.0,1.0,1.0,0.0,1.0,Female,4,White
2011108009.0,36,New York,19713025,36103,Suffolk,1531736.0,0.826845821107099,0.9677170203,1,2,1,2.0,0.0,0.0,0.0,0.0,0.0,1.0,0.0,Male,2,White
2039911443.0,36,New York,19713025,36047,Kings,2600751.0,0.181070883161578,,1,5,4,2.0,1.0,1.0,1.0,1.0,1.0,0.0,1.0,Male,4,Other
2014556313.0,36,New York,19713025,36103,Suffolk,1531736.0,3.86949281561411,,1,1,1,2.0,1.0,1.0,1.0,1.0,1.0,1.0,1.0,Male,1,White
2014464731.0,36,New York,19713025,36119,Westchester,994313.0,2.8832235190481,3.1905960304,2,2,2,2.0,0.0,1.0,0.0,1.0,0.0,1.0,1.0,Female,2,Black
2015072133.0,36,New York,19713025,36103,Suffolk,1531736.0,0.58095892826743,0.6029607156,1,6,1,2.0,1.0,1.0,1.0,1.0,1.0,0.0,1.0,Male,4,White
2009937155.0,36,New York,19713025,36081,Queens,2291363.0,1.06447663970717,1.6710624771,2,1,2,2.0,1.0,1.0,1.0,1.0,1.0,1.0,1.0,Female,1,Black
2034472865.0,36,New York,19713025,36047,Kings,2600751.0,2.87379678911414,0.3432148383,1,2,1,2.0,1.0,1.0,1.0,0.0,1.0,1.0,1.0,Male,2,White
2015703783.0,36,New York,19713025,36029,Erie,949276.0,0.576671087467003,0.6732460994,1,6,1,2.0,1.0,1.0,1.0,1.0,1.0,1.0,1.0,Male,4,White
1984594617.0,36,New York,19713025,36005,Bronx,1384053.0,5.81222869732374,,1,1,3,1.0,0.0,1.0,1.0,1.0,0.0,0.0,0.0,Male,1,Hispanic
2043797167.0,36,New York,19713025,36047,Kings,2600751.0,1.91727202822536,,2,2,2,2.0,1.0,1.0,1.0,1.0,1.0,0.0,1.0,Female,2,Black
2034075965.0,36,New York,19713025,36029,Erie,949276.0,4.62706699923358,,2,2,1,2.0,1.0,0.0,1.0,1.0,1.0,0.0,1.0,Female,2,White
2039312295.0,36,New York,19713025,36061,New York,1593919.0,3.61978933470068,,1,2,1,2.0,1.0,1.0,1.0,0.0,1.0,1.0,1.0,Male,2,White
2040858139.0,36,New York,19713025,36061,New York,1593919.0,3.41441487359677,,2,5,2,2.0,1.0,1.0,1.0,1.0,1.0,1.0,1.0,Female,4,Black
2013804095.0,36,New York,19713025,36119,Westchester,994313.0,0.544610342935666,0.4556195965,2,2,1,2.0,1.0,1.0,1.0,1.0,1.0,1.0,1.0,Female,2,White
2026760265.0,36,New York,19713025,36061,New York,1593919.0,0.617676485370755,,1,2,1,2.0,0.0,1.0,0.0,0.0,1.0,0.0,0.0,Male,2,White
2026740261.0,36,New York,19713025,36061,New York,1593919.0,0.535666491591916,,1,3,5,1.0,0.0,1.0,0.0,1.0,0.0,1.0,1.0,Male,3,Hispanic
1998370835.0,36,New York,19713025,36081,Queens,2291363.0,0.70598719465539,2.4445723107,1,5,1,2.0,1.0,1.0,1.0,1.0,0.0,0.0,1.0,Male,4,White
2029489019.0,36,New York,19713025,36059,Nassau,1388346.0,4.23738238340898,,1,1,7,1.0,1.0,1.0,1.0,1.0,1.0,0.0,1.0,Male,1,Hispanic
2026740197.0,36,New York,19713025,36047,Kings,2600751.0,2.0395336031133,2.0041792,2,2,4,2.0,1.0,1.0,1.0,1.0,1.0,1.0,0.0,Female,2,Other
2034794163.0,36,New York,19713025,36081,Queens,2291363.0,6.94194443390648,,1,2,2,2.0,1.0,1.0,1.0,0.0,1.0,0.0,1.0,Male,2,Black
2013224279.0,36,New York,19713025,36063,Niagara,210403.0,1.05793789737539,2.0245017101,1,5,1,2.0,0.0,0.0,1.0,1.0,1.0,1.0,0.0,Male,4,White
2010674135.0,36,New York,19713025,36023,Cortland,46128.0,0.77105944489338,1.6800369769,2,3,1,2.0,1.0,1.0,1.0,1.0,1.0,0.0,1.0,Female,3,White
2015198919.0,36,New York,19713025,36069,Ontario,112499.0,0.960908614469693,1.2080503569,2,2,1,2.0,0.0,0.0,0.0,0.0,0.0,1.0,0.0,Female,2,White
2021099813.0,36,New York,19713025,36059,Nassau,1388346.0,0.629316307201359,,1,2,1,2.0,1.0,0.0,0.0,1.0,0.0,1.0,0.0,Male,2,White
2041669957.0,36,New York,19713025,36061,New York,1593919.0,1.12614239575293,,2,5,2,2.0,1.0,1.0,1.0,1.0,1.0,0.0,1.0,Female,4,Black
2039700009.0,36,New York,19713025,36105,Sullivan,79868.0,0.842073658024648,1.2141539494,1,6,1,2.0,0.0,0.0,0.0,0.0,0.0,1.0,0.0,Male,4,White
2038230101.0,36,New York,19713025,36069,Ontario,112499.0,0.563926805670253,1.378941634,2,4,3,,1.0,0.0,0.0,0.0,0.0,1.0,0.0,Female,3,Hispanic
2038477255.0,36,New York,19713025,36107,Tioga,47724.0,2.32977622828131,1.5159349011,2,3,1,2.0,0.0,0.0,0.0,0.0,0.0,1.0,0.0,Female,3,White
2040050957.0,36,New York,19713025,36061,New York,1593919.0,2.1330604258774,,2,6,3,1.0,1.0,1.0,1.0,1.0,1.0,0.0,1.0,Female,4,Hispanic
2015163275.0,36,New York,19713025,36081,Queens,2291363.0,1.30986735125609,,1,6,4,2.0,0.0,0.0,0.0,0.0,1.0,0.0,0.0,Male,4,Other
1994241077.0,36,New York,19713025,36061,New York,1593919.0,1.37894940771048,,1,6,3,1.0,1.0,1.0,0.0,1.0,1.0,0.0,1.0,Male,4,Hispanic
1998654521.0,36,New York,19713025,36029,Erie,949276.0,0.949129454950806,1.0483687007,2,6,1,2.0,1.0,1.0,1.0,1.0,1.0,1.0,1.0,Female,4,White
2013971499.0,36,New York,19713025,36081,Queens,2291363.0,0.819074251374537,,1,2,1,2.0,1.0,1.0,1.0,1.0,1.0,0.0,1.0,Male,2,White
2009832897.0,36,New York,19713025,36067,Onondaga,469910.0,1.65445110852751,1.7489013328,2,6,1,2.0,0.0,0.0,0.0,0.0,0.0,1.0,0.0,Female,4,White
2008401061.0,36,New York,19713025,36047,Kings,2600751.0,0.877104707845683,0.7951506128,2,6,1,2.0,1.0,1.0,1.0,1.0,1.0,0.0,1.0,Female,4,White
2042374629.0,36,New York,19713025,36109,Tompkins,104177.0,3.31779853683553,,2,5,1,2.0,1.0,1.0,1.0,1.0,1.0,0.0,1.0,Female,4,White
2010114655.0,36,New York,19713025,36109,Tompkins,104177.0,0.585965962956765,0.5587224423,2,4,1,2.0,1.0,1.0,0.0,1.0,1.0,0.0,1.0,Female,3,White
2042118561.0,36,New York,19713025,36061,New York,1593919.0,14.1317809559772,6.1772291502,1,1,3,,1.0,1.0,1.0,1.0,1.0,1.0,1.0,Male,1,Hispanic
2032288155.0,36,New York,19713025,36055,Monroe,750469.0,1.12072879533597,1.5554704412,1,6,1,2.0,1.0,0.0,1.0,1.0,1.0,1.0,1.0,Male,4,White
2026743807.0,36,New York,19713025,36047,Kings,2600751.0,3.35143481839593,1.010351132,2,3,2,2.0,1.0,1.0,1.0,0.0,1.0,1.0,1.0,Female,3,Black
2030442675.0,36,New York,19713025,36047,Kings,2600751.0,4.05205055322342,0.4754259247,2,2,2,2.0,1.0,1.0,1.0,1.0,1.0,1.0,1.0,Female,2,Black
2013551035.0,36,New York,19713025,36067,Onondaga,469910.0,1.01129456134813,1.5371433269,2,1,1,2.0,1.0,1.0,1.0,1.0,1.0,1.0,1.0,Female,1,White
2028859453.0,36,New York,19713025,36103,Suffolk,1531736.0,2.65624067020748,,1,2,1,1.0,1.0,1.0,1.0,1.0,1.0,1.0,1.0,Male,2,Hispanic
2009875075.0,36,New York,19713025,36067,Onondaga,469910.0,2.95194703343899,,2,3,1,2.0,1.0,1.0,1.0,1.0,1.0,1.0,1.0,Female,3,White
2042328995.0,36,New York,19713025,36063,Niagara,210403.0,0.435098009839295,0.4298209664,1,3,1,2.0,1.0,1.0,1.0,1.0,0.0,1.0,1.0,Male,3,White
2012885505.0,36,New York,19713025,36001,Albany,315764.0,0.629316307201359,0.7156927779000001,1,2,1,2.0,1.0,1.0,1.0,1.0,1.0,1.0,1.0,Male,2,White
2011843849.0,36,New York,19713025,36115,Washington,60808.0,5.5729085271992,0.92200195,2,3,4,2.0,0.0,0.0,0.0,0.0,0.0,0.0,0.0,Female,3,Other
2031554829.0,36,New York,19713025,36061,New York,1593919.0,0.364116447983858,0.4419758052,2,2,2,2.0,1.0,0.0,1.0,1.0,0.0,0.0,1.0,Female,2,Black
2028888987.0,41,Oregon,4245964,41051,Multnomah,796165.0,5.24565705317845,1.204987968,2,1,4,2.0,1.0,0.0,0.0,0.0,0.0,0.0,1.0,Female,1,Other
2013892465.0,41,Oregon,4245964,41051,Multnomah,796165.0,2.36227601457868,0.7337610386000001,2,6,1,2.0,1.0,1.0,1.0,1.0,1.0,0.0,1.0,Female,4,White
2022488901.0,41,Oregon,4245964,41051,Multnomah,796165.0,1.84976928817314,1.99624485,1,3,1,2.0,1.0,1.0,1.0,1.0,1.0,1.0,1.0,Male,3,White
2001291589.0,41,Oregon,4245964,41007,Clatsop,41597.0,6.59239324877264,3.5365593085,2,5,1,2.0,1.0,1.0,1.0,1.0,1.0,0.0,1.0,Female,4,White
2029564859.0,41,Oregon,4245964,41019,Douglas,112247.0,7.84653085379011,,1,2,1,2.0,1.0,1.0,1.0,1.0,1.0,1.0,1.0,Male,2,White
2010418173.0,41,Oregon,4245964,41009,Columbia,53543.0,0.74637642224777,0.5664538365,2,2,1,2.0,1.0,1.0,1.0,1.0,1.0,0.0,1.0,Female,2,White
2011767611.0,41,Oregon,4245964,41011,Coos,65150.0,1.8892398758952,1.9827072727,2,2,1,2.0,0.0,0.0,0.0,0.0,0.0,1.0,0.0,Female,2,White
2012628475.0,41,Oregon,4245964,41035,Klamath,70450.0,1.3026750478938,1.4917325106,1,3,1,2.0,0.0,0.0,0.0,0.0,0.0,1.0,0.0,Male,3,White
2012739883.0,41,Oregon,4245964,41039,Lane,386268.0,1.52976310528666,,1,6,7,2.0,1.0,1.0,1.0,1.0,1.0,0.0,1.0,Male,4,Other
2014681099.0,41,Oregon,4245964,41051,Multnomah,796165.0,1.06831484520328,1.4007519868,2,5,1,2.0,0.0,0.0,0.0,0.0,1.0,1.0,1.0,Female,4,White
2004331643.0,41,Oregon,4245964,41041,Lincoln,50747.0,0.710249569724966,0.7580404652,1,2,1,2.0,1.0,1.0,1.0,1.0,1.0,0.0,1.0,Male,2,White
2008285785.0,41,Oregon,4245964,41067,Washington,600063.0,0.459486228917565,1.438591469,2,6,4,2.0,1.0,1.0,1.0,1.0,1.0,0.0,1.0,Female,4,Other
2017008935.0,41,Oregon,4245964,41039,Lane,386268.0,0.317158456720532,0.8757610526,2,5,1,2.0,1.0,1.0,1.0,0.0,1.0,1.0,1.0,Female,4,White
1997992235.0,41,Oregon,4245964,41067,Washington,600063.0,0.734782282868463,,2,5,1,2.0,1.0,1.0,1.0,1.0,1.0,0.0,1.0,Female,4,White
2031022929.0,41,Oregon,4245964,41071,Yamhill,107681.0,1.09659809816366,,2,3,1,2.0,1.0,1.0,1.0,1.0,1.0,1.0,1.0,Female,3,White
2041090829.0,41,Oregon,4245964,41003,Benton,97281.0,6.59239324877264,3.5365593085,2,5,1,2.0,1.0,1.0,1.0,1.0,1.0,0.0,1.0,Female,4,White
2011614215.0,41,Oregon,4245964,41039,Lane,386268.0,3.24643210119503,2.2869068659,1,2,1,2.0,0.0,0.0,0.0,0.0,0.0,1.0,0.0,Male,2,White
2042330191.0,41,Oregon,4245964,41051,Multnomah,796165.0,1.97903272262778,2.1814256798,1,6,1,2.0,1.0,1.0,1.0,1.0,1.0,0.0,1.0,Male,4,White
1998322051.0,41,Oregon,4245964,41039,Lane,386268.0,0.696970826105653,0.6593696426,2,3,1,2.0,1.0,1.0,1.0,1.0,1.0,0.0,1.0,Female,3,White
1993780703.0,41,Oregon,4245964,41005,Clackamas,423098.0,5.47541259220643,,1,6,1,2.0,1.0,1.0,1.0,1.0,0.0,0.0,1.0,Male,4,White
2032959093.0,41,Oregon,4245964,41051,Multnomah,796165.0,2.12156885220346,,1,2,6,2.0,1.0,0.0,1.0,1.0,1.0,0.0,1.0,Male,2,Other
2035318993.0,41,Oregon,4245964,41047,Marion,348364.0,1.37690058559065,1.6053589853,1,2,1,2.0,0.0,0.0,0.0,0.0,0.0,1.0,0.0,Male,2,White
2039969949.0,41,Oregon,4245964,41005,Clackamas,423098.0,0.244200811745656,1.6391684675,2,2,1,2.0,1.0,1.0,1.0,1.0,1.0,0.0,1.0,Female,2,White
1995450687.0,41,Oregon,4245964,41047,Marion,348364.0,2.00705567156667,0.470919162,2,4,1,2.0,1.0,1.0,1.0,1.0,1.0,0.0,1.0,Female,3,White
2036918065.0,41,Oregon,4245964,41067,Washington,600063.0,0.844474891065823,1.5067079574,1,3,1,2.0,1.0,1.0,1.0,1.0,1.0,1.0,1.0,Male,3,White
2014256645.0,41,Oregon,4245964,41031,Jefferson,25317.0,1.97132888313971,,2,4,6,1.0,1.0,1.0,1.0,1.0,1.0,0.0,1.0,Female,3,Hispanic
2012218621.0,41,Oregon,4245964,41059,Umatilla,79792.0,1.83253818698748,2.0566489532,1,2,1,2.0,0.0,0.0,0.0,0.0,0.0,1.0,0.0,Male,2,White
1999482665.0,41,Oregon,4245964,41051,Multnomah,796165.0,1.19886663085016,1.1586927913,2,5,1,2.0,1.0,1.0,1.0,1.0,1.0,0.0,1.0,Female,4,White
2045962205.0,41,Oregon,4245964,41051,Multnomah,796165.0,2.98157451881604,4.2122208318,1,3,1,2.0,0.0,0.0,0.0,0.0,0.0,1.0,0.0,Male,3,White
1995514225.0,41,Oregon,4245964,41051,Multnomah,796165.0,4.8884778684923,,1,3,1,2.0,1.0,1.0,1.0,1.0,0.0,0.0,1.0,Male,3,White
2039394047.0,41,Oregon,4245964,41051,Multnomah,796165.0,2.85375754269399,2.136457729,1,1,1,2.0,0.0,0.0,0.0,0.0,1.0,0.0,1.0,Male,1,White
2026071701.0,41,Oregon,4245964,41051,Multnomah,796165.0,1.04566862626549,1.4767686766,1,1,1,2.0,0.0,1.0,1.0,1.0,1.0,1.0,1.0,Male,1,White
2034241851.0,41,Oregon,4245964,41067,Washington,600063.0,4.36252584572809,,2,2,1,2.0,1.0,1.0,1.0,1.0,1.0,1.0,1.0,Female,2,White
2030867231.0,41,Oregon,4245964,41051,Multnomah,796165.0,3.76857348257366,,2,4,1,2.0,1.0,1.0,0.0,1.0,1.0,1.0,1.0,Female,3,White
2038040225.0,41,Oregon,4245964,41029,Jackson,222097.0,5.01565246580395,0.8035927823,2,3,1,2.0,1.0,1.0,1.0,0.0,1.0,1.0,1.0,Female,3,White
2003127411.0,41,Oregon,4245964,41003,Benton,97281.0,3.54388512743922,,1,2,3,1.0,1.0,1.0,1.0,1.0,1.0,1.0,1.0,Male,2,Hispanic
1983125963.0,41,Oregon,4245964,41051,Multnomah,796165.0,1.53503055821397,1.5828825446,1,5,1,2.0,0.0,1.0,0.0,0.0,0.0,1.0,0.0,Male,4,White
2021702507.0,41,Oregon,4245964,41051,Multnomah,796165.0,1.61910276219966,,2,4,3,1.0,1.0,1.0,1.0,1.0,1.0,0.0,1.0,Female,3,Hispanic
2012882469.0,41,Oregon,4245964,41005,Clackamas,423098.0,2.21951283988406,,2,5,1,2.0,0.0,0.0,0.0,0.0,1.0,1.0,0.0,Female,4,White
1999136011.0,41,Oregon,4245964,41051,Multnomah,796165.0,0.47150102279416,0.5628383568,2,3,1,2.0,1.0,1.0,1.0,1.0,1.0,0.0,1.0,Female,3,White
2003158223.0,41,Oregon,4245964,41009,Columbia,53543.0,0.696970826105653,,2,3,1,2.0,1.0,1.0,1.0,1.0,0.0,0.0,1.0,Female,3,White
1995889661.0,41,Oregon,4245964,41051,Multnomah,796165.0,1.18307646792047,0.8885422468,1,5,1,2.0,1.0,1.0,1.0,1.0,1.0,0.0,1.0,Male,4,White
2042910169.0,41,Oregon,4245964,41051,Multnomah,796165.0,3.18728443125053,,1,2,2,2.0,1.0,1.0,1.0,1.0,1.0,1.0,1.0,Male,2,Black
2012576895.0,41,Oregon,4245964,41051,Multnomah,796165.0,1.18307646792047,,1,5,1,2.0,1.0,1.0,1.0,1.0,1.0,0.0,1.0,Male,4,White
2043485225.0,41,Oregon,4245964,41047,Marion,348364.0,9.61913621803804,,2,2,1,2.0,1.0,0.0,0.0,0.0,0.0,1.0,0.0,Female,2,White
2044113071.0,41,Oregon,4245964,41067,Washington,600063.0,6.19112509974079,,1,2,1,2.0,1.0,1.0,1.0,1.0,1.0,1.0,1.0,Male,2,White
1999943265.0,41,Oregon,4245964,41067,Washington,600063.0,0.722518261329092,0.6119269896,2,5,1,2.0,1.0,1.0,1.0,1.0,1.0,0.0,1.0,Female,4,White
2031123143.0,41,Oregon,4245964,41051,Multnomah,796165.0,1.18307646792047,,1,5,1,2.0,1.0,1.0,1.0,1.0,1.0,1.0,1.0,Male,4,White
2022009671.0,41,Oregon,4245964,41067,Washington,600063.0,0.960118155335835,1.2539075348,1,4,1,2.0,0.0,0.0,0.0,0.0,0.0,1.0,0.0,Male,3,White
2029842609.0,41,Oregon,4245964,41017,Deschutes,206421.0,0.522518011620887,,1,6,1,2.0,1.0,1.0,1.0,1.0,0.0,0.0,1.0,Male,4,White
1998563115.0,41,Oregon,4245964,41007,Clatsop,41597.0,0.495259798600406,0.6371066028,1,3,1,2.0,1.0,1.0,1.0,1.0,1.0,0.0,1.0,Male,3,White
2003625219.0,41,Oregon,4245964,41051,Multnomah,796165.0,0.722518261329092,0.6119269896,2,5,1,2.0,1.0,1.0,1.0,1.0,1.0,0.0,1.0,Female,4,White
1996613675.0,41,Oregon,4245964,41039,Lane,386268.0,0.960118155335835,1.2539075348,1,3,1,2.0,0.0,0.0,0.0,0.0,0.0,1.0,0.0,Male,3,White
2021781409.0,41,Oregon,4245964,41035,Klamath,70450.0,2.30453012857112,2.7007834219,2,2,1,2.0,0.0,0.0,0.0,0.0,0.0,1.0,0.0,Female,2,White
2038227953.0,41,Oregon,4245964,41067,Washington,600063.0,0.361680011118055,2.2754340563,2,3,1,2.0,1.0,1.0,1.0,1.0,1.0,0.0,1.0,Female,3,White
2032143139.0,41,Oregon,4245964,41067,Washington,600063.0,0.876530622677005,0.6049740254,1,5,4,2.0,1.0,1.0,1.0,1.0,0.0,1.0,1.0,Male,4,Other
2045082877.0,41,Oregon,4245964,41051,Multnomah,796165.0,1.50864734765964,1.5723351345,2,6,1,2.0,1.0,1.0,1.0,1.0,1.0,0.0,1.0,Female,4,White
2029583281.0,41,Oregon,4245964,41013,Crook,26393.0,1.46716209176881,2.1765558726,2,2,1,2.0,0.0,0.0,0.0,0.0,0.0,1.0,0.0,Female,2,White
2040469843.0,41,Oregon,4245964,41047,Marion,348364.0,1.56341232247923,,1,3,1,2.0,0.0,0.0,0.0,0.0,0.0,1.0,0.0,Male,3,White
2013120505.0,41,Oregon,4245964,41053,Polk,89923.0,2.30453012857112,2.7007834219,2,2,1,2.0,0.0,0.0,1.0,0.0,0.0,1.0,1.0,Female,2,White
1983262505.0,41,Oregon,4245964,41005,Clackamas,423098.0,1.83253818698748,2.0566489532,1,2,1,2.0,1.0,1.0,1.0,0.0,1.0,1.0,1.0,Male,2,White
2015727473.0,41,Oregon,4245964,41047,Marion,348364.0,1.50864734765964,1.5723351345,2,6,1,2.0,1.0,1.0,1.0,1.0,1.0,0.0,1.0,Female,4,White
2042356011.0,41,Oregon,4245964,41051,Multnomah,796165.0,4.83572259056106,,1,1,1,2.0,1.0,0.0,1.0,1.0,0.0,0.0,1.0,Male,1,White
2011508521.0,41,Oregon,4245964,41039,Lane,386268.0,0.722518261329092,0.6119269896,2,5,1,2.0,1.0,1.0,1.0,1.0,1.0,0.0,1.0,Female,4,White
2014267223.0,05,Arkansas,3047429,05119,Pulaski,400246.0,2.24003440139286,1.2003553,2,5,4,2.0,1.0,1.0,1.0,1.0,1.0,0.0,1.0,Female,4,Other
2008192675.0,05,Arkansas,3047429,05063,Independence,38257.0,2.19019585840743,,2,2,1,2.0,0.0,0.0,1.0,1.0,1.0,0.0,0.0,Female,2,White
1997274541.0,05,Arkansas,3047429,05143,Washington,257206.0,4.92213761567982,,1,6,1,2.0,1.0,1.0,0.0,1.0,0.0,1.0,1.0,Male,4,White
1998314155.0,05,Arkansas,3047429,05001,Arkansas,16464.0,2.20009640189768,,2,2,2,2.0,0.0,1.0,1.0,1.0,1.0,1.0,1.0,Female,2,Black
2033095107.0,05,Arkansas,3047429,05125,Saline,127485.0,1.8023940749336,,1,2,1,2.0,1.0,0.0,0.0,0.0,0.0,0.0,0.0,Male,2,White
2038246345.0,05,Arkansas,3047429,05035,Crittenden,47004.0,0.900086284154532,0.8114393272,1,6,1,2.0,0.0,0.0,0.0,0.0,0.0,1.0,0.0,Male,4,White
2002922881.0,05,Arkansas,3047429,05031,Craighead,112808.0,1.30469569805944,0.8802741875000001,2,2,1,2.0,1.0,1.0,1.0,1.0,1.0,0.0,0.0,Female,2,White
2011202051.0,05,Arkansas,3047429,05093,Mississippi,38807.0,5.03663122009351,2.2320466197,1,2,2,2.0,1.0,1.0,1.0,1.0,1.0,1.0,1.0,Male,2,Black
2009904795.0,05,Arkansas,3047429,05009,Boone,38234.0,3.65372110078495,0.8660331225000001,1,5,1,2.0,1.0,1.0,1.0,1.0,1.0,0.0,1.0,Male,4,White
1992797619.0,05,Arkansas,3047429,05125,Saline,127485.0,2.52684314468114,2.5528574844,1,5,1,2.0,0.0,0.0,0.0,0.0,0.0,1.0,0.0,Male,4,White
2019954489.0,05,Arkansas,3047429,05137,Stone,12594.0,0.836933922424554,6.2627879524,2,1,1,2.0,0.0,1.0,1.0,0.0,1.0,0.0,1.0,Female,1,White
2031289775.0,05,Arkansas,3047429,05071,Johnson,25984.0,4.11256878286585,,1,1,1,2.0,1.0,1.0,1.0,1.0,0.0,0.0,1.0,Male,1,White
2029545015.0,05,Arkansas,3047429,05131,Sebastian,129163.0,1.03898757112395,1.9162357486,1,2,1,2.0,0.0,0.0,0.0,0.0,1.0,1.0,0.0,Male,2,White
2013159313.0,05,Arkansas,3047429,05115,Pope,64025.0,2.68173309472981,,2,3,1,2.0,1.0,0.0,1.0,0.0,1.0,1.0,0.0,Female,3,White
2020007761.0,05,Arkansas,3047429,05051,Garland,99975.0,0.974853605211655,,1,2,3,,1.0,0.0,1.0,0.0,0.0,0.0,1.0,Male,2,Hispanic
1998301831.0,05,Arkansas,3047429,05011,Bradley,10168.0,1.35374125456077,0.8573213315,1,4,1,2.0,0.0,0.0,0.0,0.0,1.0,1.0,0.0,Male,3,White
2004361621.0,05,Arkansas,3047429,05123,St. Francis,22360.0,3.56015594730617,0.6802288156,1,3,2,2.0,1.0,1.0,1.0,1.0,1.0,1.0,1.0,Male,3,Black
2041648845.0,05,Arkansas,3047429,05131,Sebastian,129163.0,4.66094080249328,,2,2,2,2.0,1.0,1.0,1.0,1.0,1.0,0.0,1.0,Female,2,Black
2034446293.0,05,Arkansas,3047429,05125,Saline,127485.0,2.03720688365507,,2,3,2,2.0,0.0,0.0,0.0,0.0,0.0,1.0,0.0,Female,3,Black
2040946017.0,05,Arkansas,3047429,05055,Greene,46360.0,1.19959988916441,5.9993905758,1,1,1,2.0,0.0,1.0,0.0,0.0,1.0,1.0,0.0,Male,1,White
2040249937.0,05,Arkansas,3047429,05035,Crittenden,47004.0,1.18910074374316,,2,2,2,2.0,1.0,0.0,1.0,0.0,0.0,0.0,1.0,Female,2,Black
2029565723.0,05,Arkansas,3047429,05139,Union,37856.0,3.64991578124085,5.3989802098,1,3,1,2.0,1.0,1.0,0.0,0.0,1.0,1.0,1.0,Male,3,White
2041494053.0,05,Arkansas,3047429,05103,Ouachita,22020.0,0.988033185139499,0.3942168422,2,2,6,2.0,1.0,1.0,0.0,0.0,1.0,0.0,0.0,Female,2,Other
2013886991.0,05,Arkansas,3047429,05119,Pulaski,400246.0,3.61419575540477,11.7033498805,2,1,2,2.0,1.0,1.0,0.0,0.0,1.0,1.0,1.0,Female,1,Black
1982905083.0,05,Arkansas,3047429,05041,Desha,10754.0,2.3351458479275,,2,3,2,2.0,0.0,1.0,1.0,1.0,1.0,1.0,1.0,Female,3,Black
1996995735.0,05,Arkansas,3047429,05131,Sebastian,129163.0,2.85185460577147,0.9819140892,2,5,1,2.0,0.0,0.0,0.0,1.0,1.0,1.0,0.0,Female,4,White
1998060781.0,05,Arkansas,3047429,05023,Cleburne,25256.0,1.01625317991625,1.70139292,2,3,1,2.0,0.0,0.0,0.0,0.0,1.0,1.0,0.0,Female,3,White
1998921471.0,05,Arkansas,3047429,05115,Pope,64025.0,5.21450093365782,,1,1,1,1.0,0.0,1.0,0.0,0.0,1.0,1.0,0.0,Male,1,Hispanic
2012855841.0,05,Arkansas,3047429,05059,Hot Spring,33154.0,2.19019585840743,,2,2,1,2.0,0.0,0.0,0.0,0.0,0.0,1.0,0.0,Female,2,White
2031540913.0,05,Arkansas,3047429,05057,Hempstead,19453.0,3.39220652093111,,1,2,1,2.0,1.0,1.0,0.0,0.0,1.0,1.0,0.0,Male,2,White
2035056707.0,05,Arkansas,3047429,05007,Benton,303380.0,4.06268077133228,,1,4,2,2.0,1.0,1.0,1.0,1.0,1.0,1.0,1.0,Male,3,Black
2023308875.0,05,Arkansas,3047429,05061,Howard,12600.0,1.35696559863106,,1,2,2,2.0,0.0,1.0,0.0,1.0,0.0,1.0,1.0,Male,2,Black
2004102025.0,05,Arkansas,3047429,05007,Benton,303380.0,2.95739229624781,0.7650162717000001,2,6,1,2.0,1.0,1.0,1.0,1.0,1.0,0.0,1.0,Female,4,White
2034444265.0,05,Arkansas,3047429,05025,Cleveland,7468.0,2.01495384639235,,2,3,1,2.0,0.0,1.0,1.0,1.0,1.0,0.0,0.0,Female,3,White
2012567391.0,05,Arkansas,3047429,05143,Washington,257206.0,12.5804682007824,,1,1,1,2.0,0.0,1.0,1.0,1.0,1.0,1.0,1.0,Male,1,White
1984540443.0,05,Arkansas,3047429,05119,Pulaski,400246.0,3.12272945477157,2.7153754657,1,6,1,2.0,1.0,1.0,0.0,0.0,0.0,1.0,0.0,Male,4,White
2012044501.0,05,Arkansas,3047429,05069,Jefferson,64278.0,9.48862536447243,,2,3,1,2.0,0.0,1.0,1.0,1.0,0.0,1.0,1.0,Female,3,White
2012665057.0,05,Arkansas,3047429,05045,Faulkner,127693.0,3.6362999203776,2.8942148782,1,5,2,2.0,1.0,0.0,0.0,0.0,0.0,1.0,1.0,Male,4,Black
2036407525.0,05,Arkansas,3047429,05131,Sebastian,129163.0,1.70129719904314,,1,1,1,2.0,1.0,0.0,0.0,0.0,1.0,0.0,1.0,Male,1,White
2002415011.0,05,Arkansas,3047429,05041,Desha,10754.0,2.3351458479275,,2,3,2,2.0,0.0,1.0,1.0,0.0,1.0,1.0,1.0,Female,3,Black
2035624953.0,05,Arkansas,3047429,05053,Grant,18114.0,2.89110520554231,,1,2,1,2.0,1.0,1.0,1.0,1.0,1.0,0.0,1.0,Male,2,White
2026476861.0,05,Arkansas,3047429,05007,Benton,303380.0,0.522311900282673,,2,2,3,1.0,1.0,1.0,1.0,1.0,1.0,1.0,1.0,Female,2,Hispanic
2030596711.0,05,Arkansas,3047429,05101,Newton,7086.0,3.92641473931191,,1,2,1,2.0,0.0,0.0,0.0,0.0,0.0,1.0,0.0,Male,2,White
2017403379.0,05,Arkansas,3047429,05007,Benton,303380.0,2.22207385005107,0.5971489416,2,6,1,2.0,1.0,1.0,1.0,1.0,1.0,0.0,1.0,Female,4,White
2015163461.0,05,Arkansas,3047429,05149,Yell,20108.0,0.550476882448415,0.3830797087,1,3,1,2.0,1.0,0.0,0.0,0.0,0.0,0.0,,Male,3,White
1999012757.0,05,Arkansas,3047429,05021,Clay,14230.0,1.01715049616899,0.6691995251,1,4,1,2.0,0.0,0.0,0.0,0.0,0.0,1.0,0.0,Male,3,White
2018758363.0,08,Colorado,5853355,08123,Weld,350793.0,2.33530183803117,,1,3,2,2.0,1.0,1.0,1.0,1.0,1.0,0.0,1.0,Male,3,Black
1998635831.0,08,Colorado,5853355,08021,Conejos,7569.0,1.24682883589598,1.2343425785,2,3,1,2.0,0.0,1.0,1.0,0.0,1.0,1.0,0.0,Female,3,White
2001851833.0,08,Colorado,5853355,08069,Larimer,367972.0,0.928101992279568,0.8892234123,2,5,1,2.0,1.0,1.0,1.0,1.0,1.0,0.0,1.0,Female,4,White
1998992701.0,08,Colorado,5853355,08059,Jefferson,576703.0,3.51322183290471,3.3510738845,1,5,1,2.0,1.0,1.0,1.0,1.0,1.0,1.0,1.0,Male,4,White
2043471505.0,08,Colorado,5853355,08041,El Paso,741819.0,0.574257043188158,0.4025871646,1,6,1,2.0,1.0,1.0,1.0,1.0,1.0,1.0,1.0,Male,4,White
2012113707.0,08,Colorado,5853355,08041,El Paso,741819.0,2.54811796411963,1.4452783742,2,5,1,2.0,1.0,1.0,1.0,1.0,1.0,0.0,1.0,Female,4,White
2013926637.0,08,Colorado,5853355,08031,Denver,716800.0,0.568362440711038,0.1428913942,2,4,6,2.0,1.0,1.0,1.0,1.0,1.0,1.0,1.0,Female,3,Other
2013223139.0,08,Colorado,5853355,08123,Weld,350793.0,1.24682883589598,1.2343425785,2,3,1,2.0,0.0,0.0,0.0,0.0,0.0,1.0,0.0,Female,3,White
2040143625.0,08,Colorado,5853355,08041,El Paso,741819.0,1.90905114457369,,2,4,1,2.0,1.0,0.0,1.0,0.0,1.0,1.0,1.0,Female,3,White
2021510783.0,08,Colorado,5853355,08123,Weld,350793.0,1.2017364459875,,1,4,1,2.0,1.0,1.0,1.0,1.0,1.0,1.0,1.0,Male,3,White
2042267915.0,08,Colorado,5853355,08041,El Paso,741819.0,4.13714323283983,,2,2,5,1.0,1.0,0.0,1.0,0.0,1.0,0.0,0.0,Female,2,Hispanic
2012785509.0,08,Colorado,5853355,08031,Denver,716800.0,0.599775062712444,,2,3,1,2.0,1.0,1.0,1.0,1.0,1.0,0.0,1.0,Female,3,White
1998772779.0,08,Colorado,5853355,08041,El Paso,741819.0,1.50772389249376,1.5270526104000002,2,5,1,2.0,1.0,0.0,0.0,0.0,0.0,1.0,0.0,Female,4,White
2021175045.0,08,Colorado,5853355,08045,Garfield,62458.0,1.3319999789014,,1,2,1,1.0,0.0,1.0,0.0,1.0,1.0,0.0,1.0,Male,2,Hispanic
2013460373.0,08,Colorado,5853355,08069,Larimer,367972.0,5.16714580127949,4.9530955649,2,2,1,1.0,0.0,0.0,0.0,0.0,1.0,1.0,0.0,Female,2,Hispanic
2036827741.0,08,Colorado,5853355,08041,El Paso,741819.0,2.1586852348104,3.5634856959,1,5,1,2.0,0.0,0.0,0.0,0.0,0.0,0.0,1.0,Male,4,White
2038954867.0,08,Colorado,5853355,08005,Arapahoe,659472.0,2.55400481761786,2.2558795011,1,6,1,2.0,1.0,1.0,1.0,0.0,1.0,1.0,0.0,Male,4,White
2015344989.0,08,Colorado,5853355,08059,Jefferson,576703.0,0.763871965773388,0.9624893367,2,2,1,2.0,1.0,1.0,1.0,1.0,1.0,1.0,1.0,Female,2,White
2044728871.0,08,Colorado,5853355,08059,Jefferson,576703.0,1.99003111228265,2.4033301582,1,3,1,2.0,1.0,1.0,1.0,1.0,1.0,0.0,1.0,Male,3,White
2020960091.0,08,Colorado,5853355,08035,Douglas,376188.0,1.29167148199025,,2,2,1,2.0,0.0,0.0,0.0,0.0,0.0,1.0,0.0,Female,2,White
2011925039.0,08,Colorado,5853355,08039,Elbert,27844.0,1.71910546088878,1.9460000082,2,2,1,2.0,0.0,0.0,0.0,0.0,1.0,1.0,0.0,Female,2,White
2017138941.0,08,Colorado,5853355,08059,Jefferson,576703.0,0.873091802827405,0.8923583017000001,1,5,1,2.0,1.0,1.0,1.0,1.0,1.0,0.0,1.0,Male,4,White
1993396289.0,08,Colorado,5853355,08041,El Paso,741819.0,3.43208003182459,,2,3,1,2.0,1.0,1.0,1.0,0.0,0.0,1.0,1.0,Female,3,White
2037003445.0,08,Colorado,5853355,08041,El Paso,741819.0,3.03980222346357,,1,2,1,2.0,1.0,1.0,1.0,1.0,1.0,1.0,0.0,Male,2,White
1998686203.0,08,Colorado,5853355,08075,Logan,20798.0,15.0614388091749,1.6015313228,2,4,1,2.0,0.0,0.0,0.0,0.0,0.0,1.0,0.0,Female,3,White
2012649843.0,08,Colorado,5853355,08031,Denver,716800.0,1.24682883589598,1.2343425785,2,3,1,2.0,0.0,0.0,1.0,0.0,1.0,1.0,0.0,Female,3,White
2021799227.0,08,Colorado,5853355,08059,Jefferson,576703.0,1.05322146143507,1.1142391186,1,5,1,2.0,0.0,0.0,0.0,0.0,0.0,1.0,0.0,Male,4,White
1993703929.0,08,Colorado,5853355,08041,El Paso,741819.0,1.36372843193305,1.4722773377,1,5,1,2.0,0.0,0.0,0.0,0.0,0.0,1.0,0.0,Male,4,White
1996760427.0,08,Colorado,5853355,08123,Weld,350793.0,1.2612004377854,0.8330458109000001,2,3,3,1.0,0.0,0.0,0.0,0.0,0.0,1.0,0.0,Female,3,Hispanic
2029971881.0,08,Colorado,5853355,08035,Douglas,376188.0,2.36854312855047,1.8775762549,1,6,2,2.0,1.0,1.0,0.0,1.0,0.0,0.0,1.0,Male,4,Black
1995297627.0,08,Colorado,5853355,08041,El Paso,741819.0,1.2285795415967,1.1684157562,1,6,1,2.0,1.0,1.0,1.0,1.0,1.0,0.0,1.0,Male,4,White
2016047493.0,08,Colorado,5853355,08031,Denver,716800.0,1.58085277524521,1.2292407258,2,5,1,2.0,1.0,1.0,1.0,1.0,1.0,1.0,1.0,Female,4,White
2013140651.0,08,Colorado,5853355,08031,Denver,716800.0,3.85592711035342,0.6865268636,2,2,1,1.0,1.0,0.0,0.0,1.0,0.0,0.0,0.0,Female,2,Hispanic
2010923761.0,08,Colorado,5853355,08041,El Paso,741819.0,1.58085277524521,1.2292407258,2,5,1,2.0,1.0,1.0,1.0,1.0,1.0,1.0,1.0,Female,4,White
2008976663.0,08,Colorado,5853355,08059,Jefferson,576703.0,0.796454461054563,0.6729920927,1,2,1,2.0,0.0,0.0,0.0,0.0,0.0,1.0,1.0,Male,2,White
2034690161.0,08,Colorado,5853355,08035,Douglas,376188.0,1.0371338713708,0.7397191554,1,5,1,2.0,1.0,1.0,0.0,0.0,0.0,1.0,1.0,Male,4,White
2043568631.0,08,Colorado,5853355,08077,Mesa,158634.0,1.99284108769684,,1,1,1,2.0,1.0,1.0,1.0,1.0,1.0,1.0,0.0,Male,1,White
1999629261.0,08,Colorado,5853355,08013,Boulder,327914.0,2.29989668660459,1.3746806841,2,5,4,2.0,0.0,0.0,0.0,0.0,0.0,1.0,0.0,Female,4,Other
2040051887.0,08,Colorado,5853355,08003,Alamosa,16630.0,2.20428197934944,0.7663095052000001,1,3,3,1.0,1.0,1.0,1.0,0.0,0.0,1.0,1.0,Male,3,Hispanic
2019000499.0,08,Colorado,5853355,08059,Jefferson,576703.0,3.03866471464308,,1,3,1,2.0,1.0,1.0,1.0,1.0,1.0,0.0,1.0,Male,3,White
2028955621.0,08,Colorado,5853355,08021,Conejos,7569.0,0.99396914787755,0.5486491119,1,5,3,,1.0,1.0,1.0,1.0,1.0,0.0,1.0,Male,4,Hispanic
2033231133.0,08,Colorado,5853355,08031,Denver,716800.0,1.44677968645214,,1,3,1,1.0,0.0,1.0,1.0,0.0,0.0,1.0,0.0,Male,3,Hispanic
2032102379.0,08,Colorado,5853355,08067,La Plata,56576.0,2.0668581662621,,2,1,1,2.0,0.0,0.0,0.0,0.0,1.0,0.0,0.0,Female,1,White
2036354827.0,08,Colorado,5853355,08041,El Paso,741819.0,5.29152038473913,1.1080763643,2,3,1,2.0,0.0,1.0,0.0,0.0,1.0,0.0,0.0,Female,3,White
2017060579.0,08,Colorado,5853355,08059,Jefferson,576703.0,1.19446064207116,,1,4,1,1.0,1.0,1.0,0.0,0.0,0.0,1.0,0.0,Male,3,Hispanic
2019808205.0,08,Colorado,5853355,08005,Arapahoe,659472.0,0.21457833050574,0.3548806673,2,5,3,1.0,1.0,1.0,0.0,1.0,1.0,0.0,1.0,Female,4,Hispanic
2012520801.0,08,Colorado,5853355,08014,Broomfield,76133.0,1.58085277524521,1.2292407258,2,5,1,2.0,1.0,1.0,1.0,1.0,0.0,0.0,1.0,Female,4,White
2031035319.0,08,Colorado,5853355,08041,El Paso,741819.0,3.03980222346357,,1,2,1,2.0,1.0,1.0,1.0,1.0,1.0,0.0,1.0,Male,2,White
1993674821.0,08,Colorado,5853355,08101,Pueblo,169540.0,1.24682883589598,1.2343425785,2,3,1,2.0,0.0,0.0,0.0,0.0,0.0,1.0,0.0,Female,3,White
2012046353.0,08,Colorado,5853355,08059,Jefferson,576703.0,0.599775062712444,0.705184267,2,4,1,2.0,1.0,1.0,1.0,1.0,1.0,0.0,1.0,Female,3,White
1998595679.0,08,Colorado,5853355,08075,Logan,20798.0,5.8720866586274,3.6969245916,1,2,1,1.0,0.0,0.0,0.0,0.0,1.0,1.0,0.0,Male,2,Hispanic
2009261513.0,08,Colorado,5853355,08041,El Paso,741819.0,3.43208003182459,,2,4,1,2.0,1.0,1.0,1.0,1.0,1.0,0.0,1.0,Female,3,White
2029309109.0,08,Colorado,5853355,08001,Adams,528035.0,2.68347606689225,,2,2,3,,1.0,1.0,1.0,1.0,1.0,0.0,1.0,Female,2,Hispanic
2026759853.0,08,Colorado,5853355,08031,Denver,716800.0,1.26062554064242,,1,1,1,2.0,0.0,1.0,1.0,0.0,1.0,0.0,1.0,Male,1,White
2014753277.0,08,Colorado,5853355,08059,Jefferson,576703.0,1.0154704744314,1.1490634049,2,6,1,2.0,1.0,1.0,1.0,1.0,1.0,0.0,1.0,Female,4,White
1998468505.0,08,Colorado,5853355,08005,Arapahoe,659472.0,0.643960840425201,0.8162761979000001,1,2,1,2.0,1.0,1.0,1.0,1.0,1.0,0.0,1.0,Male,2,White
2013723959.0,08,Colorado,5853355,08059,Jefferson,576703.0,0.599775062712444,0.705184267,2,3,1,2.0,1.0,1.0,1.0,1.0,1.0,0.0,1.0,Female,3,White
2012742551.0,08,Colorado,5853355,08005,Arapahoe,659472.0,0.539144848135883,,1,5,1,2.0,1.0,1.0,1.0,1.0,1.0,1.0,1.0,Male,4,White
2033971667.0,08,Colorado,5853355,08123,Weld,350793.0,1.55295984534839,0.3638074078,2,1,1,2.0,1.0,1.0,1.0,1.0,1.0,0.0,1.0,Female,1,White
2022100463.0,08,Colorado,5853355,08031,Denver,716800.0,1.55777680058422,1.6886781679,2,3,1,2.0,0.0,1.0,0.0,0.0,1.0,1.0,0.0,Female,3,White
2013901481.0,08,Colorado,5853355,08107,Routt,25173.0,0.873091802827405,0.8923583017000001,1,5,1,2.0,1.0,1.0,1.0,1.0,0.0,1.0,1.0,Male,4,White
2016808781.0,08,Colorado,5853355,08059,Jefferson,576703.0,1.55777680058422,1.6886781679,2,4,1,2.0,1.0,0.0,1.0,0.0,1.0,1.0,1.0,Female,3,White
2044166451.0,08,Colorado,5853355,08067,La Plata,56576.0,2.47145687003229,1.2672516828,1,1,3,,1.0,1.0,1.0,1.0,0.0,0.0,1.0,Male,1,Hispanic
2034215979.0,08,Colorado,5853355,08041,El Paso,741819.0,1.24682883589598,1.2343425785,2,3,1,2.0,0.0,0.0,0.0,0.0,0.0,1.0,0.0,Female,3,White
2017486561.0,08,Colorado,5853355,08035,Douglas,376188.0,0.900881001284512,1.0110787407,1,4,1,2.0,0.0,0.0,0.0,0.0,0.0,1.0,0.0,Male,3,White
2016967437.0,08,Colorado,5853355,08041,El Paso,741819.0,1.4017486575522,1.4274680852,1,5,1,2.0,0.0,0.0,0.0,0.0,0.0,1.0,0.0,Male,4,White
1993123227.0,08,Colorado,5853355,08005,Arapahoe,659472.0,12.7171041924837,8.7346604859,1,5,1,2.0,1.0,1.0,1.0,1.0,1.0,0.0,1.0,Male,4,White
2043269465.0,08,Colorado,5853355,08001,Adams,528035.0,0.76622457297001,,1,3,2,2.0,1.0,1.0,1.0,1.0,0.0,1.0,1.0,Male,3,Black
2012736735.0,08,Colorado,5853355,08059,Jefferson,576703.0,3.06096790751304,1.7611235965,2,5,4,2.0,0.0,0.0,0.0,0.0,0.0,1.0,0.0,Female,4,Other
2011699523.0,08,Colorado,5853355,08041,El Paso,741819.0,0.928101992279568,0.8892234123,2,5,1,2.0,1.0,1.0,1.0,1.0,0.0,0.0,1.0,Female,4,White
2045958857.0,08,Colorado,5853355,08031,Denver,716800.0,0.405504019078217,,2,3,3,,1.0,1.0,1.0,1.0,0.0,0.0,1.0,Female,3,Hispanic
2033603935.0,08,Colorado,5853355,08059,Jefferson,576703.0,1.26052201615386,2.1972006458,2,2,5,2.0,0.0,0.0,0.0,0.0,1.0,1.0,0.0,Female,2,Other
1994294859.0,08,Colorado,5853355,08041,El Paso,741819.0,2.19644892863413,1.7623538824,2,6,1,2.0,0.0,0.0,0.0,0.0,0.0,1.0,0.0,Female,4,White
1995928485.0,08,Colorado,5853355,08059,Jefferson,576703.0,1.2285795415967,,1,6,1,2.0,1.0,1.0,1.0,1.0,1.0,1.0,1.0,Male,4,White
2022222033.0,08,Colorado,5853355,08059,Jefferson,576703.0,2.16701087191491,,2,2,3,1.0,0.0,0.0,1.0,1.0,1.0,1.0,0.0,Female,2,Hispanic
1995996745.0,08,Colorado,5853355,08035,Douglas,376188.0,0.963273494321648,1.0079438831,1,3,1,2.0,0.0,0.0,0.0,0.0,0.0,1.0,0.0,Male,3,White
2042331837.0,08,Colorado,5853355,08035,Douglas,376188.0,1.50772389249376,1.5270526104000002,2,5,1,2.0,0.0,0.0,0.0,0.0,0.0,1.0,0.0,Female,4,White
2042328997.0,08,Colorado,5853355,08001,Adams,528035.0,0.569886673350277,,1,5,1,2.0,0.0,0.0,0.0,0.0,0.0,1.0,0.0,Male,4,White
2019136755.0,08,Colorado,5853355,08087,Morgan,29492.0,1.06001350377299,0.8621800454,1,2,1,2.0,0.0,0.0,0.0,0.0,0.0,1.0,0.0,Male,2,White
2024717207.0,08,Colorado,5853355,08035,Douglas,376188.0,0.75038657503731,2.3238513084,1,2,2,2.0,1.0,1.0,0.0,1.0,1.0,1.0,1.0,Male,2,Black
2011026653.0,08,Colorado,5853355,08101,Pueblo,169540.0,2.70527747413935,1.5347873588,2,1,1,2.0,0.0,0.0,0.0,0.0,1.0,1.0,0.0,Female,1,White
1995937941.0,08,Colorado,5853355,08013,Boulder,327914.0,1.0154704744314,1.1490634049,2,6,1,2.0,1.0,1.0,1.0,1.0,1.0,0.0,1.0,Female,4,White
2034446289.0,08,Colorado,5853355,08041,El Paso,741819.0,4.02285925381876,2.5633831832,1,3,1,2.0,1.0,0.0,0.0,1.0,1.0,1.0,0.0,Male,3,White
1998460767.0,08,Colorado,5853355,08077,Mesa,158634.0,0.92966728312483,0.8634187167,1,3,1,2.0,0.0,0.0,0.0,0.0,0.0,1.0,0.0,Male,3,White
2011026705.0,08,Colorado,5853355,08041,El Paso,741819.0,1.06001350377299,0.8621800454,1,2,1,2.0,1.0,0.0,0.0,0.0,1.0,1.0,0.0,Male,2,White
1983889661.0,08,Colorado,5853355,08013,Boulder,327914.0,2.19644892863413,1.7623538824,2,6,1,2.0,0.0,0.0,0.0,0.0,0.0,1.0,0.0,Female,4,White
2015332515.0,08,Colorado,5853355,08031,Denver,716800.0,1.63981171290408,1.7385755501,2,6,1,2.0,0.0,0.0,0.0,0.0,0.0,1.0,0.0,Female,4,White
2033321899.0,08,Colorado,5853355,08035,Douglas,376188.0,2.83399173380383,2.2803900063,2,5,1,2.0,1.0,0.0,1.0,1.0,1.0,0.0,1.0,Female,4,White
2036915217.0,12,Florida,22413989,12095,Orange,1467069.0,1.87724703357964,,2,6,3,1.0,1.0,1.0,1.0,1.0,1.0,0.0,1.0,Female,4,Hispanic
2021623605.0,12,Florida,22413989,12103,Pinellas,964496.0,3.29516666271703,,2,2,1,2.0,1.0,1.0,1.0,1.0,0.0,0.0,1.0,Female,2,White
2038862437.0,12,Florida,22413989,12081,Manatee,431190.0,0.789512347516067,0.8313964389,2,5,1,2.0,1.0,1.0,1.0,1.0,1.0,0.0,1.0,Female,4,White
2015149679.0,12,Florida,22413989,12095,Orange,1467069.0,1.6178363897031,1.3486005118,1,6,1,2.0,0.0,0.0,0.0,0.0,1.0,1.0,0.0,Male,4,White
2038813531.0,12,Florida,22413989,12101,Pasco,610396.0,0.62514401208959,0.5205192056,2,5,1,2.0,1.0,1.0,1.0,0.0,1.0,1.0,1.0,Female,4,White
2018600299.0,12,Florida,22413989,12071,Lee,828059.0,0.860486012102044,0.938372024,2,2,1,2.0,0.0,0.0,0.0,0.0,0.0,1.0,0.0,Female,2,White
2011575371.0,12,Florida,22413989,12033,Escambia,325075.0,2.66531360208647,5.8100235553,1,1,1,2.0,0.0,0.0,0.0,0.0,0.0,1.0,0.0,Male,1,White
2041057375.0,12,Florida,22413989,12009,Brevard,631833.0,2.62864208719843,,2,3,3,1.0,1.0,0.0,0.0,1.0,1.0,1.0,0.0,Female,3,Hispanic
2013021911.0,12,Florida,22413989,12127,Volusia,580529.0,1.00826454466309,1.0590623865,1,5,3,1.0,0.0,0.0,0.0,0.0,0.0,1.0,0.0,Male,4,Hispanic
1993960099.0,12,Florida,22413989,12031,Duval,1022751.0,2.02001251686026,,2,3,1,2.0,1.0,1.0,0.0,1.0,1.0,1.0,1.0,Female,3,White
2012091919.0,12,Florida,22413989,12055,Highlands,105981.0,1.56561671994007,,2,5,1,2.0,1.0,1.0,1.0,1.0,1.0,1.0,1.0,Female,4,White
2014533883.0,12,Florida,22413989,12086,Miami-Dade,2733972.0,1.14879754421252,1.1603240254,1,6,1,1.0,1.0,1.0,1.0,0.0,1.0,1.0,0.0,Male,4,Hispanic
2013827453.0,12,Florida,22413989,12095,Orange,1467069.0,0.736627911239339,0.5876633286,2,4,2,2.0,1.0,1.0,1.0,1.0,1.0,1.0,1.0,Female,3,Black
2019697857.0,12,Florida,22413989,12057,Hillsborough,1525239.0,0.704640407082953,,1,3,2,2.0,1.0,1.0,0.0,0.0,1.0,0.0,1.0,Male,3,Black
2039997467.0,12,Florida,22413989,12057,Hillsborough,1525239.0,1.08727741249997,,1,5,3,,1.0,0.0,0.0,0.0,1.0,1.0,0.0,Male,4,Hispanic
2011767181.0,12,Florida,22413989,12127,Volusia,580529.0,0.66821565148843,0.7129802264,2,6,1,2.0,1.0,1.0,1.0,1.0,1.0,0.0,1.0,Female,4,White
2019487735.0,12,Florida,22413989,12103,Pinellas,964496.0,0.668475112846199,0.6425739734,1,2,1,2.0,0.0,0.0,0.0,0.0,0.0,1.0,0.0,Male,2,White
2014488981.0,12,Florida,22413989,12081,Manatee,431190.0,0.860486012102044,,2,2,1,2.0,0.0,0.0,0.0,0.0,1.0,1.0,0.0,Female,2,White
2035087859.0,12,Florida,22413989,12115,Sarasota,464297.0,1.82776959534938,2.2595299681,2,5,1,2.0,1.0,0.0,0.0,1.0,0.0,0.0,1.0,Female,4,White
2007908779.0,12,Florida,22413989,12063,Jackson,48305.0,2.36307798453779,0.2444920698,2,1,2,2.0,1.0,1.0,1.0,1.0,1.0,1.0,0.0,Female,1,Black
1999336225.0,12,Florida,22413989,12069,Lake,410943.0,0.815035578235835,,2,5,3,1.0,1.0,1.0,1.0,1.0,1.0,1.0,1.0,Female,4,Hispanic
2018405205.0,12,Florida,22413989,12031,Duval,1022751.0,1.75538344528219,,2,1,1,2.0,0.0,1.0,1.0,0.0,1.0,1.0,0.0,Female,1,White
2030717423.0,12,Florida,22413989,12083,Marion,397075.0,0.367001934961552,0.3102274596,1,2,1,2.0,1.0,1.0,1.0,1.0,1.0,1.0,1.0,Male,2,White
2036682847.0,12,Florida,22413989,12095,Orange,1467069.0,4.9060177567407,,1,3,2,2.0,1.0,1.0,0.0,1.0,1.0,0.0,1.0,Male,3,Black
2024200675.0,12,Florida,22413989,12011,Broward,1966353.0,3.35331814433025,,1,2,2,2.0,1.0,1.0,1.0,0.0,0.0,1.0,1.0,Male,2,Black
2035046341.0,12,Florida,22413989,12103,Pinellas,964496.0,2.3634721214632,,2,6,1,2.0,0.0,1.0,1.0,1.0,1.0,0.0,1.0,Female,4,White
2013699997.0,12,Florida,22413989,12086,Miami-Dade,2733972.0,1.24513432659816,2.2015873473,1,3,1,1.0,0.0,0.0,0.0,0.0,1.0,1.0,0.0,Male,3,Hispanic
1995753365.0,12,Florida,22413989,12086,Miami-Dade,2733972.0,1.59583392363108,2.4611861765,1,5,1,2.0,1.0,1.0,1.0,1.0,0.0,1.0,1.0,Male,4,White
1999633161.0,12,Florida,22413989,12111,St. Lucie,360720.0,2.78429817717566,,2,5,1,2.0,1.0,1.0,1.0,1.0,1.0,0.0,1.0,Female,4,White
1993821033.0,12,Florida,22413989,12031,Duval,1022751.0,1.28338764512142,,2,3,2,2.0,1.0,1.0,1.0,0.0,1.0,1.0,1.0,Female,3,Black
2013393143.0,12,Florida,22413989,12011,Broward,1966353.0,0.863764338903682,,2,1,3,1.0,1.0,1.0,1.0,1.0,1.0,0.0,0.0,Female,1,Hispanic
2015402603.0,12,Florida,22413989,12127,Volusia,580529.0,1.83096573380947,,2,2,1,2.0,1.0,1.0,1.0,1.0,1.0,0.0,1.0,Female,2,White
2014629435.0,12,Florida,22413989,12115,Sarasota,464297.0,0.62514401208959,0.5205192056,2,5,1,2.0,1.0,1.0,1.0,1.0,1.0,1.0,1.0,Female,4,White
2021606971.0,12,Florida,22413989,12071,Lee,828059.0,1.40791514865249,0.9056763198,1,3,1,2.0,0.0,0.0,1.0,0.0,1.0,1.0,0.0,Male,3,White
2017147061.0,12,Florida,22413989,12033,Escambia,325075.0,0.452847247982481,0.4614005618,1,3,1,2.0,1.0,1.0,1.0,1.0,1.0,1.0,1.0,Male,3,White
2030964179.0,12,Florida,22413989,12117,Seminole,480635.0,0.569748274920524,,2,3,2,2.0,1.0,1.0,0.0,1.0,1.0,0.0,1.0,Female,3,Black
2030542717.0,12,Florida,22413989,12011,Broward,1966353.0,1.99801918612668,0.3011266141,1,2,1,2.0,1.0,1.0,1.0,1.0,1.0,1.0,1.0,Male,2,White
2013033501.0,12,Florida,22413989,12101,Pasco,610396.0,0.860486012102044,0.938372024,2,2,1,2.0,0.0,0.0,0.0,0.0,0.0,1.0,0.0,Female,2,White
2014556943.0,12,Florida,22413989,12086,Miami-Dade,2733972.0,1.2642770646207,1.2552251258,1,6,1,2.0,0.0,1.0,1.0,1.0,1.0,1.0,0.0,Male,4,White
2023517575.0,12,Florida,22413989,12101,Pasco,610396.0,7.36949258418919,,1,2,1,1.0,0.0,1.0,1.0,1.0,1.0,1.0,0.0,Male,2,Hispanic
2024697575.0,12,Florida,22413989,12086,Miami-Dade,2733972.0,1.74682074414717,,1,4,1,2.0,0.0,0.0,1.0,1.0,0.0,1.0,1.0,Male,3,White
2013996975.0,12,Florida,22413989,12099,Palm Beach,1533130.0,0.628611963967526,,1,4,3,1.0,1.0,1.0,1.0,1.0,1.0,1.0,1.0,Male,3,Hispanic
2014409565.0,12,Florida,22413989,12009,Brevard,631833.0,5.56355522608761,4.0141464434,1,6,2,2.0,0.0,0.0,0.0,0.0,0.0,1.0,0.0,Male,4,Black
2031387599.0,12,Florida,22413989,12095,Orange,1467069.0,0.911805550738167,,1,3,4,2.0,1.0,1.0,0.0,1.0,1.0,0.0,1.0,Male,3,Other
2029276211.0,12,Florida,22413989,12086,Miami-Dade,2733972.0,1.60324127641012,,2,2,1,1.0,0.0,1.0,1.0,1.0,1.0,0.0,1.0,Female,2,Hispanic
2001173273.0,12,Florida,22413989,12031,Duval,1022751.0,0.911840433669431,,1,6,2,2.0,1.0,1.0,1.0,0.0,1.0,1.0,1.0,Male,4,Black
2012393239.0,12,Florida,22413989,12057,Hillsborough,1525239.0,0.818132227279381,0.922114481,2,6,1,2.0,1.0,1.0,1.0,1.0,1.0,0.0,1.0,Female,4,White
2036915077.0,12,Florida,22413989,12127,Volusia,580529.0,7.36949258418919,,1,2,3,,0.0,0.0,0.0,0.0,1.0,1.0,0.0,Male,2,Hispanic
1995905131.0,12,Florida,22413989,12086,Miami-Dade,2733972.0,0.880666546208185,,1,6,1,2.0,1.0,1.0,1.0,1.0,1.0,1.0,1.0,Male,4,White
2038567183.0,12,Florida,22413989,12086,Miami-Dade,2733972.0,0.632578401883606,,2,5,1,2.0,1.0,1.0,0.0,1.0,0.0,0.0,1.0,Female,4,White
2008018023.0,12,Florida,22413989,12061,Indian River,167650.0,2.03879716620634,2.6764211992,1,6,1,2.0,0.0,0.0,0.0,0.0,0.0,0.0,0.0,Male,4,White
2018617991.0,12,Florida,22413989,12099,Palm Beach,1533130.0,0.472418531939361,0.4642625493,2,2,1,2.0,1.0,1.0,1.0,1.0,0.0,0.0,1.0,Female,2,White
2015127539.0,12,Florida,22413989,12083,Marion,397075.0,1.39985772532836,1.3749791809,2,5,1,2.0,0.0,0.0,0.0,0.0,0.0,0.0,0.0,Female,4,White
1984540475.0,12,Florida,22413989,12071,Lee,828059.0,0.670548110388759,0.5932583951,2,6,1,2.0,1.0,1.0,1.0,1.0,1.0,0.0,1.0,Female,4,White
2038230435.0,12,Florida,22413989,12086,Miami-Dade,2733972.0,2.50996817187434,,1,6,3,,1.0,0.0,1.0,0.0,1.0,1.0,1.0,Male,4,Hispanic
2015706701.0,12,Florida,22413989,12086,Miami-Dade,2733972.0,11.0436723427988,,1,2,3,1.0,0.0,0.0,0.0,0.0,1.0,1.0,0.0,Male,2,Hispanic
2042937507.0,12,Florida,22413989,12057,Hillsborough,1525239.0,0.514805463844688,,1,3,2,1.0,1.0,1.0,1.0,1.0,1.0,0.0,0.0,Male,3,Black
2013159457.0,12,Florida,22413989,12101,Pasco,610396.0,4.07332591529514,,2,1,1,2.0,0.0,0.0,0.0,0.0,0.0,0.0,0.0,Female,1,White
2039361855.0,12,Florida,22413989,12109,St. Johns,307645.0,2.48872698756392,2.7170276012,1,5,1,2.0,1.0,0.0,0.0,1.0,0.0,1.0,0.0,Male,4,White
2040026541.0,12,Florida,22413989,12071,Lee,828059.0,0.463126763601206,0.2489130508,2,2,1,1.0,1.0,0.0,0.0,0.0,0.0,0.0,1.0,Female,2,Hispanic
2021960303.0,12,Florida,22413989,12035,Flagler,126994.0,1.2642770646207,1.2552251258,1,6,1,2.0,0.0,0.0,0.0,0.0,0.0,1.0,0.0,Male,4,White
2011080067.0,12,Florida,22413989,12103,Pinellas,964496.0,0.452847247982481,0.4614005618,1,3,1,2.0,1.0,1.0,1.0,1.0,1.0,0.0,1.0,Male,3,White
2030982847.0,12,Florida,22413989,12069,Lake,410943.0,2.33142168885578,,2,2,4,2.0,1.0,1.0,1.0,1.0,1.0,1.0,1.0,Female,2,Other
2021282565.0,12,Florida,22413989,12086,Miami-Dade,2733972.0,2.07465370807777,,1,5,1,2.0,1.0,1.0,1.0,1.0,0.0,0.0,1.0,Male,4,White
2015755305.0,12,Florida,22413989,12103,Pinellas,964496.0,0.352473665648569,,2,3,3,,1.0,1.0,1.0,1.0,0.0,0.0,1.0,Female,3,Hispanic
2012715089.0,12,Florida,22413989,12097,Osceola,427887.0,1.0816716086518,0.9620132601,1,4,1,1.0,1.0,1.0,1.0,1.0,1.0,0.0,1.0,Male,3,Hispanic
2001326189.0,12,Florida,22413989,12079,Madison,18208.0,1.2369116058989,1.1006510591,2,4,1,2.0,0.0,1.0,0.0,0.0,0.0,1.0,0.0,Female,3,White
2031505033.0,12,Florida,22413989,12095,Orange,1467069.0,9.38262444620931,,2,1,1,1.0,1.0,0.0,0.0,0.0,0.0,0.0,0.0,Female,1,Hispanic
2038229703.0,12,Florida,22413989,12083,Marion,397075.0,1.01944455189514,1.1778493803,2,6,3,1.0,1.0,1.0,1.0,1.0,0.0,0.0,1.0,Female,4,Hispanic
1994487833.0,12,Florida,22413989,12031,Duval,1022751.0,1.40055090797943,1.256260097,1,5,1,2.0,0.0,0.0,0.0,0.0,1.0,1.0,0.0,Male,4,White
2034471763.0,12,Florida,22413989,12065,Jefferson,15113.0,2.76118855973672,6.0327857403,1,5,1,2.0,1.0,0.0,0.0,0.0,1.0,1.0,0.0,Male,4,White
2040026385.0,12,Florida,22413989,12127,Volusia,580529.0,0.935018912948957,1.0802404995,2,2,1,2.0,0.0,0.0,0.0,0.0,1.0,1.0,0.0,Female,2,White
1998502799.0,12,Florida,22413989,12103,Pinellas,964496.0,1.21629564132881,1.3564994186,2,4,1,2.0,1.0,1.0,1.0,1.0,0.0,1.0,0.0,Female,3,White
1999710587.0,12,Florida,22413989,12103,Pinellas,964496.0,0.929369072131486,,2,4,1,2.0,0.0,1.0,0.0,0.0,0.0,1.0,0.0,Female,3,White
2031298973.0,12,Florida,22413989,12083,Marion,397075.0,0.935018912948957,1.0802404995,2,2,1,2.0,1.0,1.0,1.0,1.0,1.0,0.0,1.0,Female,2,White
2029080153.0,12,Florida,22413989,12113,Santa Rosa,198429.0,1.20519804019991,,2,2,1,2.0,0.0,1.0,1.0,0.0,0.0,0.0,0.0,Female,2,White
1998157635.0,12,Florida,22413989,12095,Orange,1467069.0,0.577738835163957,0.43231595,1,5,1,2.0,1.0,0.0,1.0,0.0,1.0,0.0,1.0,Male,4,White
2038217277.0,12,Florida,22413989,12117,Seminole,480635.0,1.31909786229323,1.7393270451,1,3,1,2.0,1.0,1.0,1.0,1.0,1.0,0.0,0.0,Male,3,White
2019640459.0,12,Florida,22413989,12086,Miami-Dade,2733972.0,1.34191480490079,1.3567803641,1,5,3,,0.0,0.0,0.0,0.0,1.0,1.0,0.0,Male,4,Hispanic
2040858173.0,12,Florida,22413989,12011,Broward,1966353.0,5.27952729518798,,2,4,2,2.0,0.0,1.0,0.0,0.0,1.0,1.0,1.0,Female,3,Black
2039694441.0,12,Florida,22413989,12103,Pinellas,964496.0,0.315037330096537,0.7292772289,1,3,2,2.0,1.0,1.0,1.0,1.0,1.0,1.0,1.0,Male,3,Black
2037219709.0,12,Florida,22413989,12086,Miami-Dade,2733972.0,1.34366318155109,,1,4,1,2.0,1.0,1.0,1.0,1.0,1.0,1.0,1.0,Male,3,White
2017410205.0,12,Florida,22413989,12011,Broward,1966353.0,2.44503479120401,1.0335693436,2,4,2,2.0,1.0,1.0,1.0,0.0,0.0,1.0,0.0,Female,3,Black
2012551809.0,12,Florida,22413989,12095,Orange,1467069.0,0.761912514172188,,1,3,1,2.0,0.0,0.0,0.0,0.0,0.0,1.0,0.0,Male,3,White
2018586507.0,12,Florida,22413989,12001,Alachua,284908.0,2.03107134233511,0.9415279098,1,3,1,2.0,1.0,1.0,1.0,1.0,1.0,0.0,1.0,Male,3,White
1998778907.0,12,Florida,22413989,12119,Sumter,144829.0,0.606438073233438,0.6106887182,1,2,1,2.0,1.0,1.0,1.0,1.0,1.0,0.0,1.0,Male,2,White
2029617863.0,12,Florida,22413989,12033,Escambia,325075.0,0.62828668788508,0.5955974256000001,1,4,1,2.0,0.0,0.0,0.0,0.0,0.0,1.0,0.0,Male,3,White
2001132681.0,12,Florida,22413989,12031,Duval,1022751.0,2.28079320272025,,2,5,1,2.0,1.0,0.0,0.0,0.0,0.0,0.0,0.0,Female,4,White
2018704893.0,12,Florida,22413989,12097,Osceola,427887.0,5.53716082247477,,1,2,3,,1.0,1.0,1.0,1.0,1.0,1.0,0.0,Male,2,Hispanic
1996962883.0,12,Florida,22413989,12101,Pasco,610396.0,1.53349264616223,1.6331874269000002,2,5,1,2.0,0.0,0.0,0.0,0.0,0.0,1.0,0.0,Female,4,White
2013112463.0,12,Florida,22413989,12103,Pinellas,964496.0,0.79560860824569,,1,5,1,2.0,1.0,1.0,0.0,1.0,0.0,0.0,1.0,Male,4,White
2011890647.0,12,Florida,22413989,12095,Orange,1467069.0,9.29961825417224,,2,2,4,2.0,1.0,1.0,1.0,1.0,1.0,1.0,1.0,Female,2,Other
2026740711.0,12,Florida,22413989,12021,Collier,401486.0,4.43481605680655,,1,2,3,1.0,1.0,1.0,1.0,0.0,1.0,1.0,1.0,Male,2,Hispanic
2035626083.0,12,Florida,22413989,12011,Broward,1966353.0,2.20351039511098,,2,5,2,2.0,1.0,1.0,1.0,1.0,1.0,0.0,1.0,Female,4,Black
1997748647.0,12,Florida,22413989,12095,Orange,1467069.0,0.453297828294971,0.3361016397,2,3,1,2.0,1.0,1.0,1.0,1.0,1.0,1.0,1.0,Female,3,White
2039082419.0,12,Florida,22413989,12055,Highlands,105981.0,1.22136882958911,1.1994518735,2,6,1,2.0,0.0,1.0,0.0,0.0,1.0,1.0,0.0,Female,4,White
2039396057.0,12,Florida,22413989,12019,Clay,226986.0,3.27025873651274,5.1888474671,2,4,1,2.0,0.0,0.0,0.0,0.0,0.0,0.0,0.0,Female,3,White
2014406587.0,12,Florida,22413989,12011,Broward,1966353.0,0.472418531939361,0.4642625493,2,2,1,2.0,1.0,1.0,1.0,1.0,1.0,1.0,1.0,Female,2,White
2029574463.0,12,Florida,22413989,12103,Pinellas,964496.0,0.776013829944155,,1,2,3,,0.0,1.0,1.0,1.0,1.0,1.0,1.0,Male,2,Hispanic
2015062011.0,12,Florida,22413989,12101,Pasco,610396.0,1.2369116058989,1.1006510591,2,4,1,2.0,0.0,0.0,0.0,0.0,0.0,1.0,0.0,Female,3,White
2007961705.0,12,Florida,22413989,12057,Hillsborough,1525239.0,0.930919571267655,,1,3,2,2.0,0.0,0.0,1.0,0.0,1.0,0.0,0.0,Male,3,Black
2019972799.0,12,Florida,22413989,12086,Miami-Dade,2733972.0,0.690179071162581,,1,2,1,1.0,0.0,1.0,1.0,1.0,1.0,1.0,1.0,Male,2,Hispanic
1998862629.0,12,Florida,22413989,12109,St. Johns,307645.0,2.03879716620634,,1,6,1,2.0,1.0,1.0,1.0,1.0,0.0,1.0,1.0,Male,4,White
2039911847.0,12,Florida,22413989,12095,Orange,1467069.0,0.411511042366733,0.3252292848,2,2,2,2.0,0.0,1.0,0.0,0.0,1.0,1.0,1.0,Female,2,Black
2041091151.0,12,Florida,22413989,12021,Collier,401486.0,2.12391993710245,,1,5,1,2.0,1.0,1.0,1.0,1.0,1.0,1.0,1.0,Male,4,White
2037545037.0,12,Florida,22413989,12081,Manatee,431190.0,0.289657458367176,0.4879096713,1,2,1,2.0,0.0,0.0,0.0,0.0,0.0,0.0,0.0,Male,2,White
2018347503.0,12,Florida,22413989,12011,Broward,1966353.0,0.208637023727684,0.5185688728,2,5,1,2.0,1.0,1.0,1.0,1.0,1.0,0.0,1.0,Female,4,White
2022050627.0,12,Florida,22413989,12011,Broward,1966353.0,0.880666546208185,1.7363848836,1,6,1,2.0,1.0,1.0,1.0,1.0,1.0,1.0,1.0,Male,4,White
2044959089.0,12,Florida,22413989,12127,Volusia,580529.0,1.02032806675001,,1,2,1,2.0,1.0,0.0,1.0,1.0,1.0,1.0,1.0,Male,2,White
2012223815.0,12,Florida,22413989,12101,Pasco,610396.0,2.47225963868319,,2,3,3,1.0,0.0,0.0,0.0,0.0,1.0,1.0,0.0,Female,3,Hispanic
1998469247.0,12,Florida,22413989,12009,Brevard,631833.0,1.10240585568699,0.4624311464,2,2,6,2.0,1.0,0.0,1.0,0.0,1.0,1.0,1.0,Female,2,Other
2021771655.0,12,Florida,22413989,12086,Miami-Dade,2733972.0,0.62828668788508,0.5955974256000001,1,3,1,2.0,0.0,1.0,0.0,0.0,1.0,1.0,0.0,Male,3,White
2014221983.0,12,Florida,22413989,12119,Sumter,144829.0,4.58734921449413,,1,1,2,2.0,0.0,1.0,1.0,1.0,0.0,1.0,1.0,Male,1,Black
2014290711.0,12,Florida,22413989,12019,Clay,226986.0,2.84950942055055,,1,2,3,,0.0,0.0,0.0,0.0,0.0,1.0,0.0,Male,2,Hispanic
1984204657.0,12,Florida,22413989,12101,Pasco,610396.0,1.58414503931138,3.0110810538,1,1,1,2.0,1.0,1.0,1.0,1.0,1.0,0.0,1.0,Male,1,White
2011824721.0,12,Florida,22413989,12127,Volusia,580529.0,4.35243769862896,6.6475086315,2,4,1,2.0,1.0,1.0,0.0,0.0,1.0,1.0,0.0,Female,3,White
2010453521.0,12,Florida,22413989,12017,Citrus,162495.0,0.880666546208185,1.0520415491,1,6,1,2.0,1.0,1.0,1.0,1.0,1.0,0.0,1.0,Male,4,White
1995201709.0,12,Florida,22413989,12086,Miami-Dade,2733972.0,1.11880261772202,1.4860496487,1,6,1,2.0,0.0,0.0,0.0,0.0,1.0,1.0,0.0,Male,4,White
2014366115.0,12,Florida,22413989,12069,Lake,410943.0,1.40055090797943,1.256260097,1,5,1,2.0,0.0,0.0,0.0,1.0,1.0,1.0,0.0,Male,4,White
2039695887.0,12,Florida,22413989,12009,Brevard,631833.0,1.24443106602316,1.3839119554,2,2,1,2.0,0.0,0.0,0.0,0.0,0.0,1.0,0.0,Female,2,White
2013599225.0,12,Florida,22413989,12033,Escambia,325075.0,1.49198661790711,0.3518461419,1,3,1,2.0,1.0,1.0,1.0,1.0,1.0,0.0,1.0,Male,3,White
2030986205.0,12,Florida,22413989,12033,Escambia,325075.0,1.31909786229323,,1,3,1,2.0,0.0,1.0,0.0,1.0,1.0,0.0,0.0,Male,3,White
2034712187.0,12,Florida,22413989,12085,Martin,162358.0,0.991180229260582,,1,2,1,2.0,1.0,0.0,1.0,0.0,1.0,1.0,1.0,Male,2,White
2022007069.0,12,Florida,22413989,12009,Brevard,631833.0,0.344937942689665,0.3094113816,1,3,1,2.0,1.0,1.0,1.0,1.0,1.0,0.0,1.0,Male,3,White
1983243485.0,12,Florida,22413989,12091,Okaloosa,217215.0,1.4551375641298,1.3406715913,2,6,1,2.0,1.0,1.0,0.0,0.0,1.0,1.0,1.0,Female,4,White
1995771373.0,12,Florida,22413989,12111,St. Lucie,360720.0,1.40055090797943,1.256260097,1,5,1,2.0,0.0,0.0,0.0,0.0,0.0,1.0,0.0,Male,4,White
2043494109.0,12,Florida,22413989,12111,St. Lucie,360720.0,1.73358668370357,,1,4,3,1.0,1.0,1.0,1.0,1.0,1.0,0.0,1.0,Male,3,Hispanic
2035288907.0,12,Florida,22413989,12105,Polk,790796.0,1.83887962943215,,1,2,2,2.0,1.0,1.0,1.0,1.0,1.0,1.0,1.0,Male,2,Black
2042328839.0,12,Florida,22413989,12033,Escambia,325075.0,1.15220896213398,1.2748175163,2,5,1,2.0,0.0,0.0,0.0,0.0,0.0,1.0,0.0,Female,4,White
2040315317.0,12,Florida,22413989,12099,Palm Beach,1533130.0,0.547686381570222,0.4166560092,2,2,2,2.0,1.0,1.0,0.0,0.0,0.0,0.0,1.0,Female,2,Black
1993730271.0,12,Florida,22413989,12103,Pinellas,964496.0,3.31228506213527,3.4808239297,1,5,1,2.0,0.0,0.0,1.0,1.0,1.0,0.0,1.0,Male,4,White
2036506353.0,12,Florida,22413989,12011,Broward,1966353.0,1.64877691040722,,1,2,2,2.0,1.0,1.0,1.0,1.0,1.0,0.0,1.0,Male,2,Black
2014613991.0,12,Florida,22413989,12099,Palm Beach,1533130.0,1.32455840943446,1.5237360136,2,5,3,1.0,1.0,1.0,1.0,1.0,1.0,1.0,0.0,Female,4,Hispanic
2036150993.0,12,Florida,22413989,12033,Escambia,325075.0,2.65919449467017,,1,2,1,2.0,1.0,0.0,0.0,0.0,0.0,1.0,1.0,Male,2,White
1984184587.0,12,Florida,22413989,12086,Miami-Dade,2733972.0,1.87724703357964,0.9713298134,2,6,3,1.0,1.0,1.0,1.0,1.0,1.0,0.0,1.0,Female,4,Hispanic
2013261419.0,12,Florida,22413989,12057,Hillsborough,1525239.0,0.23628200022086,0.1070031315,2,3,7,2.0,0.0,0.0,0.0,0.0,1.0,1.0,0.0,Female,3,Other
2034605601.0,12,Florida,22413989,12086,Miami-Dade,2733972.0,2.47225963868319,,2,4,2,1.0,1.0,1.0,1.0,1.0,0.0,1.0,1.0,Female,3,Black
2036626643.0,12,Florida,22413989,12031,Duval,1022751.0,0.669887998992038,0.8477160911,1,4,1,2.0,1.0,1.0,0.0,1.0,1.0,1.0,1.0,Male,3,White
2013661311.0,12,Florida,22413989,12086,Miami-Dade,2733972.0,1.84854943850436,1.9456811666,2,2,2,2.0,1.0,1.0,1.0,1.0,1.0,1.0,1.0,Female,2,Black
2013373109.0,12,Florida,22413989,12011,Broward,1966353.0,1.87724703357964,0.9713298134,3,6,3,1.0,1.0,1.0,1.0,1.0,1.0,0.0,1.0,,4,Hispanic
2043635583.0,12,Florida,22413989,12065,Jefferson,15113.0,3.38570050676655,,1,2,2,2.0,0.0,0.0,0.0,1.0,0.0,0.0,1.0,Male,2,Black
2015920973.0,12,Florida,22413989,12083,Marion,397075.0,1.24443106602316,1.3839119554,2,2,1,2.0,0.0,0.0,1.0,0.0,1.0,1.0,0.0,Female,2,White
2021487049.0,12,Florida,22413989,12103,Pinellas,964496.0,3.03628834351281,,1,1,3,,1.0,0.0,1.0,1.0,0.0,0.0,1.0,Male,1,Hispanic
2015150057.0,12,Florida,22413989,12111,St. Lucie,360720.0,0.668475112846199,,1,2,1,2.0,1.0,1.0,1.0,0.0,1.0,1.0,0.0,Male,2,White
2013329151.0,12,Florida,22413989,12086,Miami-Dade,2733972.0,6.252651166843,,1,6,3,1.0,1.0,1.0,1.0,1.0,1.0,1.0,0.0,Male,4,Hispanic
2037951513.0,12,Florida,22413989,12081,Manatee,431190.0,0.62828668788508,0.5955974256000001,1,4,1,2.0,1.0,0.0,0.0,0.0,0.0,1.0,0.0,Male,3,White
2041076519.0,12,Florida,22413989,12031,Duval,1022751.0,0.391840876236742,,2,5,2,2.0,1.0,1.0,1.0,1.0,0.0,0.0,1.0,Female,4,Black
2042330331.0,12,Florida,22413989,12035,Flagler,126994.0,0.739979214958014,0.4660568061,1,3,1,2.0,1.0,1.0,1.0,1.0,1.0,1.0,1.0,Male,3,White
2021079237.0,12,Florida,22413989,12105,Polk,790796.0,0.486460151737087,0.4072976306,2,4,1,2.0,1.0,1.0,1.0,1.0,1.0,1.0,1.0,Female,3,White
2014939967.0,12,Florida,22413989,12009,Brevard,631833.0,9.38262444620931,,2,1,1,1.0,0.0,1.0,1.0,1.0,1.0,1.0,1.0,Female,1,Hispanic
2031621415.0,12,Florida,22413989,12086,Miami-Dade,2733972.0,7.36949258418919,,1,2,3,,0.0,0.0,1.0,1.0,1.0,1.0,1.0,Male,2,Hispanic
2038667457.0,12,Florida,22413989,12099,Palm Beach,1533130.0,4.56792568915887,,2,5,3,,1.0,1.0,1.0,0.0,0.0,0.0,1.0,Female,4,Hispanic
2020735807.0,12,Florida,22413989,12063,Jackson,48305.0,0.569748274920524,1.1841607289,2,4,2,2.0,0.0,0.0,0.0,1.0,0.0,0.0,1.0,Female,3,Black
2034605771.0,12,Florida,22413989,12021,Collier,401486.0,1.9787159927254,1.1804599284,2,2,3,,1.0,1.0,0.0,0.0,1.0,1.0,1.0,Female,2,Hispanic
2030935553.0,12,Florida,22413989,12031,Duval,1022751.0,1.80493792076673,,1,1,2,2.0,1.0,1.0,1.0,1.0,0.0,0.0,1.0,Male,1,Black
2034606453.0,12,Florida,22413989,12009,Brevard,631833.0,9.91927411127684,,1,1,1,1.0,1.0,1.0,1.0,1.0,1.0,1.0,1.0,Male,1,Hispanic
2011077209.0,12,Florida,22413989,12115,Sarasota,464297.0,1.24849631346164,1.2328560622,1,5,1,2.0,0.0,0.0,0.0,0.0,1.0,1.0,1.0,Male,4,White
2018078147.0,12,Florida,22413989,12097,Osceola,427887.0,11.9182830431563,,1,2,2,2.0,1.0,1.0,1.0,1.0,1.0,0.0,1.0,Male,2,Black
2023620091.0,12,Florida,22413989,12071,Lee,828059.0,2.19074549168396,,1,4,1,2.0,1.0,1.0,1.0,0.0,1.0,1.0,1.0,Male,3,White
1983464863.0,12,Florida,22413989,12011,Broward,1966353.0,0.328949027983298,,1,4,1,1.0,0.0,1.0,0.0,1.0,1.0,0.0,1.0,Male,3,Hispanic
2038703801.0,12,Florida,22413989,12057,Hillsborough,1525239.0,1.89332367643906,1.4875360517,2,1,6,2.0,1.0,1.0,1.0,1.0,1.0,0.0,1.0,Female,1,Other
2026674357.0,12,Florida,22413989,12057,Hillsborough,1525239.0,0.344937942689665,0.3094113816,1,3,1,2.0,1.0,1.0,1.0,1.0,1.0,1.0,1.0,Male,3,White
2000656891.0,12,Florida,22413989,12091,Okaloosa,217215.0,0.62514401208959,0.5205192056,2,5,1,2.0,1.0,1.0,1.0,1.0,1.0,0.0,1.0,Female,4,White
2036478337.0,12,Florida,22413989,12071,Lee,828059.0,1.22136882958911,1.1994518735,2,6,1,2.0,0.0,0.0,0.0,0.0,0.0,1.0,0.0,Female,4,White
2033019675.0,12,Florida,22413989,12055,Highlands,105981.0,1.31892940125765,,2,1,1,2.0,1.0,1.0,1.0,1.0,1.0,1.0,1.0,Female,1,White
2034664223.0,12,Florida,22413989,12095,Orange,1467069.0,1.39985772532836,1.3749791809,2,5,1,2.0,0.0,0.0,0.0,0.0,0.0,1.0,0.0,Female,4,White
2015122681.0,12,Florida,22413989,12057,Hillsborough,1525239.0,0.929369072131486,0.8591354712,2,4,1,2.0,0.0,0.0,0.0,0.0,1.0,1.0,0.0,Female,3,White
2039084565.0,12,Florida,22413989,12089,Nassau,97898.0,1.81990214483281,,2,4,1,2.0,1.0,1.0,1.0,1.0,1.0,0.0,1.0,Female,3,White
2015334743.0,12,Florida,22413989,12111,St. Lucie,360720.0,0.818132227279381,0.922114481,2,6,1,2.0,1.0,1.0,1.0,1.0,1.0,0.0,1.0,Female,4,White
2021414769.0,12,Florida,22413989,12105,Polk,790796.0,1.2369116058989,1.1006510591,2,4,1,2.0,0.0,0.0,0.0,0.0,1.0,1.0,0.0,Female,3,White
1983320049.0,12,Florida,22413989,12086,Miami-Dade,2733972.0,0.937816765848781,3.084809748,1,3,2,2.0,0.0,0.0,1.0,0.0,0.0,1.0,0.0,Male,3,Black
2028990827.0,12,Florida,22413989,12099,Palm Beach,1533130.0,0.758341709317077,,1,3,1,2.0,1.0,1.0,1.0,1.0,1.0,1.0,1.0,Male,3,White
2033084739.0,12,Florida,22413989,12095,Orange,1467069.0,3.53036128954422,,1,3,1,2.0,1.0,1.0,1.0,1.0,1.0,1.0,1.0,Male,3,White
2021950627.0,12,Florida,22413989,12029,Dixie,17134.0,0.459601598645678,0.3815772116,2,3,1,2.0,1.0,1.0,1.0,1.0,1.0,0.0,1.0,Female,3,White
2016882911.0,12,Florida,22413989,12109,St. Johns,307645.0,1.14523408083899,1.2021621696,2,2,1,2.0,0.0,0.0,0.0,0.0,0.0,1.0,0.0,Female,2,White
2035471497.0,12,Florida,22413989,12099,Palm Beach,1533130.0,0.367001934961552,0.3102274596,1,2,1,2.0,1.0,1.0,1.0,1.0,0.0,0.0,1.0,Male,2,White
2031053233.0,12,Florida,22413989,12055,Highlands,105981.0,1.75764092987753,,1,4,4,2.0,0.0,0.0,1.0,0.0,0.0,1.0,0.0,Male,3,Other
2013131685.0,12,Florida,22413989,12083,Marion,397075.0,0.121044587018271,0.2793170618,1,2,1,2.0,1.0,1.0,1.0,1.0,1.0,0.0,1.0,Male,2,White
2043365129.0,12,Florida,22413989,12031,Duval,1022751.0,0.761912514172188,,1,3,1,2.0,1.0,1.0,0.0,0.0,0.0,0.0,0.0,Male,3,White
2031592653.0,12,Florida,22413989,12009,Brevard,631833.0,0.737497142324692,0.6323782288,1,5,1,2.0,1.0,0.0,1.0,0.0,1.0,1.0,0.0,Male,4,White
2038238681.0,12,Florida,22413989,12109,St. Johns,307645.0,1.74682074414717,2.7585085811,1,3,1,2.0,1.0,1.0,0.0,0.0,1.0,1.0,0.0,Male,3,White
2039686363.0,12,Florida,22413989,12057,Hillsborough,1525239.0,2.50844736359233,0.3719098601,2,3,3,1.0,1.0,1.0,1.0,1.0,1.0,1.0,1.0,Female,3,Hispanic
2041290073.0,12,Florida,22413989,12099,Palm Beach,1533130.0,15.0614388091749,,1,2,1,1.0,0.0,1.0,0.0,1.0,0.0,1.0,1.0,Male,2,Hispanic
2034712259.0,12,Florida,22413989,12075,Levy,45278.0,5.53716082247477,,1,2,1,1.0,1.0,1.0,1.0,0.0,1.0,1.0,1.0,Male,2,Hispanic
2026700029.0,12,Florida,22413989,12053,Hernando,207033.0,1.02032806675001,1.1783528155,1,2,1,2.0,0.0,0.0,0.0,0.0,0.0,1.0,0.0,Male,2,White
2009583761.0,12,Florida,22413989,12101,Pasco,610396.0,0.758341709317077,,1,3,1,2.0,1.0,1.0,1.0,1.0,1.0,0.0,1.0,Male,3,White
2021015451.0,12,Florida,22413989,12073,Leon,297935.0,1.34719793793923,4.8634881429,1,2,1,2.0,1.0,1.0,1.0,1.0,1.0,1.0,1.0,Male,2,White
2034712191.0,12,Florida,22413989,12083,Marion,397075.0,7.22239390437484,,2,1,1,1.0,1.0,1.0,1.0,1.0,1.0,1.0,1.0,Female,1,Hispanic
2039630969.0,12,Florida,22413989,12103,Pinellas,964496.0,2.04807699001754,,1,5,3,,1.0,1.0,1.0,1.0,1.0,1.0,0.0,Male,4,Hispanic
1999710141.0,12,Florida,22413989,12086,Miami-Dade,2733972.0,1.05180068575639,1.0732678415,2,5,1,2.0,0.0,1.0,0.0,0.0,1.0,1.0,0.0,Female,4,White
2015051101.0,12,Florida,22413989,12073,Leon,297935.0,1.14523408083899,,2,2,1,2.0,0.0,0.0,0.0,0.0,0.0,1.0,0.0,Female,2,White
1999671745.0,12,Florida,22413989,12133,Washington,25412.0,1.91463935750024,,1,2,3,1.0,1.0,1.0,1.0,1.0,1.0,0.0,1.0,Male,2,Hispanic
2007898439.0,12,Florida,22413989,12073,Leon,297935.0,0.864869691854396,0.7118212025,2,6,1,2.0,1.0,1.0,1.0,1.0,1.0,0.0,1.0,Female,4,White
2017156615.0,12,Florida,22413989,12127,Volusia,580529.0,7.32935684306458,10.4398097794,1,1,2,2.0,1.0,1.0,0.0,1.0,1.0,1.0,1.0,Male,1,Black
1997538863.0,12,Florida,22413989,12086,Miami-Dade,2733972.0,2.48872698756392,,1,5,1,2.0,1.0,0.0,1.0,1.0,1.0,1.0,1.0,Male,4,White
1993666449.0,12,Florida,22413989,12095,Orange,1467069.0,0.62514401208959,0.5205192056,2,5,1,2.0,1.0,1.0,1.0,0.0,1.0,0.0,1.0,Female,4,White
2017114809.0,12,Florida,22413989,12086,Miami-Dade,2733972.0,1.79950362246814,2.3893609583,1,5,3,1.0,0.0,0.0,0.0,0.0,0.0,1.0,0.0,Male,4,Hispanic
2009044289.0,12,Florida,22413989,12099,Palm Beach,1533130.0,3.2527800247902,,2,2,2,2.0,1.0,1.0,1.0,1.0,1.0,1.0,1.0,Female,2,Black
2011726717.0,12,Florida,22413989,12103,Pinellas,964496.0,0.864869691854396,0.7118212025,2,6,1,2.0,1.0,1.0,0.0,1.0,1.0,0.0,1.0,Female,4,White
2022664833.0,12,Florida,22413989,12086,Miami-Dade,2733972.0,4.15246924967717,,1,5,2,2.0,0.0,1.0,1.0,0.0,1.0,0.0,1.0,Male,4,Black
2007635491.0,12,Florida,22413989,12009,Brevard,631833.0,1.68264580906981,1.6080873278,1,6,1,2.0,0.0,0.0,0.0,0.0,0.0,1.0,0.0,Male,4,White
2013647413.0,12,Florida,22413989,12103,Pinellas,964496.0,0.472418531939361,0.4642625493,2,2,1,2.0,1.0,1.0,1.0,1.0,1.0,0.0,1.0,Female,2,White
2036539627.0,12,Florida,22413989,12109,St. Johns,307645.0,1.93666498619718,1.7175540486,2,6,1,2.0,0.0,0.0,0.0,0.0,0.0,1.0,0.0,Female,4,White
2021042969.0,12,Florida,22413989,12086,Miami-Dade,2733972.0,1.59583392363108,2.4611861765,1,5,1,2.0,1.0,1.0,1.0,1.0,1.0,1.0,1.0,Male,4,White
2033881941.0,12,Florida,22413989,12011,Broward,1966353.0,1.24849631346164,1.2328560622,1,5,1,2.0,0.0,1.0,0.0,0.0,1.0,1.0,0.0,Male,4,White
2011637383.0,12,Florida,22413989,12057,Hillsborough,1525239.0,0.722488230956685,0.5453964826000001,1,6,1,2.0,1.0,1.0,1.0,1.0,1.0,0.0,1.0,Male,4,White
2017008881.0,12,Florida,22413989,12103,Pinellas,964496.0,2.95142210974116,,2,6,1,2.0,1.0,1.0,1.0,1.0,0.0,0.0,1.0,Female,4,White
2016636281.0,12,Florida,22413989,12009,Brevard,631833.0,0.776010687555855,0.7228416993,2,2,3,1.0,1.0,1.0,1.0,1.0,1.0,1.0,1.0,Female,2,Hispanic
2044615495.0,12,Florida,22413989,12069,Lake,410943.0,2.48872698756392,2.7170276012,1,5,1,2.0,0.0,0.0,0.0,0.0,0.0,1.0,0.0,Male,4,White
1999563205.0,12,Florida,22413989,12095,Orange,1467069.0,0.929369072131486,0.8591354712,2,3,1,2.0,0.0,0.0,0.0,0.0,1.0,1.0,0.0,Female,3,White
2038468463.0,12,Florida,22413989,12097,Osceola,427887.0,1.39985772532836,1.3749791809,2,5,1,2.0,0.0,0.0,1.0,0.0,1.0,1.0,0.0,Female,4,White
2039469795.0,12,Florida,22413989,12131,Walton,83240.0,1.2369116058989,1.1006510591,2,3,1,2.0,1.0,1.0,1.0,1.0,1.0,1.0,,Female,3,White
2021445161.0,12,Florida,22413989,12109,St. Johns,307645.0,1.52651708910432,,1,2,1,2.0,1.0,1.0,1.0,1.0,1.0,1.0,1.0,Male,2,White
2014095041.0,12,Florida,22413989,12127,Volusia,580529.0,1.61878659412824,1.7378313105,2,3,1,2.0,1.0,1.0,1.0,1.0,1.0,1.0,1.0,Female,3,White
2019416243.0,12,Florida,22413989,12083,Marion,397075.0,0.973971697584379,,1,2,6,2.0,0.0,0.0,0.0,0.0,1.0,1.0,0.0,Male,2,Other
2013329291.0,12,Florida,22413989,12086,Miami-Dade,2733972.0,0.920124720158411,0.9041557661,2,5,7,1.0,1.0,1.0,1.0,1.0,1.0,0.0,1.0,Female,4,Hispanic
2029753127.0,12,Florida,22413989,12097,Osceola,427887.0,2.50844736359233,,2,3,3,1.0,1.0,1.0,0.0,0.0,1.0,1.0,1.0,Female,3,Hispanic
2018189525.0,12,Florida,22413989,12127,Volusia,580529.0,1.02032806675001,1.1783528155,1,2,1,2.0,0.0,0.0,0.0,0.0,1.0,1.0,0.0,Male,2,White
2041956285.0,12,Florida,22413989,12057,Hillsborough,1525239.0,0.742051231802715,0.5834578963,1,5,1,2.0,1.0,1.0,1.0,1.0,1.0,0.0,1.0,Male,4,White
2026743625.0,12,Florida,22413989,12017,Citrus,162495.0,2.72005889135384,,2,6,2,2.0,0.0,0.0,0.0,0.0,0.0,0.0,0.0,Female,4,Black
2018927977.0,12,Florida,22413989,12031,Duval,1022751.0,0.954834411316639,2.1234057861,2,2,2,2.0,0.0,1.0,0.0,1.0,1.0,1.0,1.0,Female,2,Black
2032667727.0,12,Florida,22413989,12059,Holmes,19632.0,1.31909786229323,1.7393270451,1,3,1,2.0,0.0,0.0,1.0,1.0,0.0,1.0,0.0,Male,3,White
2018443765.0,12,Florida,22413989,12103,Pinellas,964496.0,2.2910495452317,,2,5,3,,0.0,0.0,0.0,0.0,0.0,1.0,0.0,Female,4,Hispanic
2036926297.0,12,Florida,22413989,12031,Duval,1022751.0,2.67337422401814,1.7668415358,1,3,4,2.0,0.0,0.0,0.0,0.0,0.0,1.0,0.0,Male,3,Other
2010339449.0,12,Florida,22413989,12101,Pasco,610396.0,0.581347709319562,1.0819529296,2,2,6,1.0,1.0,1.0,1.0,1.0,1.0,0.0,1.0,Female,2,Hispanic
2043864435.0,12,Florida,22413989,12097,Osceola,427887.0,2.71306439873204,,1,3,3,,1.0,1.0,1.0,0.0,1.0,0.0,0.0,Male,3,Hispanic
2036926313.0,12,Florida,22413989,12115,Sarasota,464297.0,1.38444640180518,2.4187505471,2,5,4,2.0,1.0,1.0,1.0,1.0,1.0,0.0,1.0,Female,4,Other
2038246863.0,12,Florida,22413989,12099,Palm Beach,1533130.0,0.486460151737087,0.4072976306,2,4,1,2.0,1.0,1.0,0.0,1.0,1.0,1.0,1.0,Female,3,White
2013091693.0,12,Florida,22413989,12099,Palm Beach,1533130.0,2.71306439873204,,1,3,3,1.0,1.0,1.0,1.0,0.0,1.0,0.0,1.0,Male,3,Hispanic
2032518523.0,12,Florida,22413989,12115,Sarasota,464297.0,0.694105315406202,0.6058305849,1,6,1,2.0,1.0,1.0,1.0,1.0,1.0,1.0,1.0,Male,4,White
2002149953.0,12,Florida,22413989,12083,Marion,397075.0,0.190167865195435,0.3153528453,2,3,1,2.0,1.0,1.0,1.0,1.0,1.0,1.0,1.0,Female,3,White
2011039405.0,12,Florida,22413989,12081,Manatee,431190.0,0.599246370343137,0.5451296286,2,3,3,1.0,1.0,1.0,0.0,1.0,1.0,1.0,1.0,Female,3,Hispanic
2015603039.0,12,Florida,22413989,12086,Miami-Dade,2733972.0,1.85708772696034,,1,3,1,1.0,0.0,0.0,0.0,0.0,0.0,1.0,0.0,Male,3,Hispanic
2015101679.0,12,Florida,22413989,12103,Pinellas,964496.0,0.62828668788508,0.5955974256000001,1,3,1,2.0,0.0,0.0,0.0,0.0,1.0,1.0,0.0,Male,3,White
2037539509.0,12,Florida,22413989,12101,Pasco,610396.0,4.71097276572805,,1,2,1,2.0,1.0,0.0,0.0,0.0,1.0,1.0,1.0,Male,2,White
2012539027.0,12,Florida,22413989,12105,Polk,790796.0,0.668475112846199,0.6425739734,1,2,1,2.0,0.0,0.0,0.0,0.0,0.0,1.0,0.0,Male,2,White
2034602421.0,12,Florida,22413989,12001,Alachua,284908.0,1.883710727359,,1,4,1,2.0,1.0,1.0,0.0,1.0,1.0,1.0,0.0,Male,3,White
1998616053.0,12,Florida,22413989,12071,Lee,828059.0,0.864869691854396,1.131706834,2,6,1,2.0,1.0,1.0,1.0,1.0,1.0,0.0,0.0,Female,4,White
2015102007.0,12,Florida,22413989,12019,Clay,226986.0,1.42310050840973,,2,6,1,2.0,1.0,1.0,1.0,0.0,1.0,1.0,1.0,Female,4,White
2033330399.0,12,Florida,22413989,12019,Clay,226986.0,2.16998645099707,6.2620366425,2,2,1,2.0,0.0,1.0,0.0,1.0,1.0,0.0,1.0,Female,2,White
2036915973.0,12,Florida,22413989,12086,Miami-Dade,2733972.0,4.59609598370317,1.7484321610000002,2,6,2,2.0,1.0,1.0,1.0,1.0,1.0,1.0,0.0,Female,4,Black
2014818141.0,12,Florida,22413989,12021,Collier,401486.0,0.836196425489496,0.7630286017,1,3,1,2.0,0.0,0.0,0.0,0.0,0.0,1.0,0.0,Male,3,White
2035456093.0,12,Florida,22413989,12099,Palm Beach,1533130.0,6.60926136174034,,2,3,1,2.0,1.0,1.0,1.0,1.0,1.0,0.0,1.0,Female,3,White
2036914941.0,12,Florida,22413989,12109,St. Johns,307645.0,15.0614388091749,,2,1,3,,1.0,1.0,1.0,1.0,1.0,0.0,1.0,Female,1,Hispanic
2036926995.0,12,Florida,22413989,12097,Osceola,427887.0,1.82985940679773,1.5935692115,1,6,4,2.0,1.0,1.0,1.0,1.0,1.0,0.0,1.0,Male,4,Other
1998501661.0,12,Florida,22413989,12095,Orange,1467069.0,1.09220824924941,1.2552792244,2,1,2,2.0,0.0,1.0,1.0,1.0,1.0,1.0,1.0,Female,1,Black
1997262135.0,12,Florida,22413989,12086,Miami-Dade,2733972.0,2.03879716620634,,1,6,1,2.0,1.0,1.0,1.0,1.0,1.0,1.0,1.0,Male,4,White
2039654725.0,12,Florida,22413989,12101,Pasco,610396.0,7.40599176487414,3.7368067991,1,6,1,2.0,1.0,1.0,1.0,1.0,1.0,0.0,1.0,Male,4,White
2039473389.0,12,Florida,22413989,12017,Citrus,162495.0,3.31228506213527,3.4808239297,1,5,1,2.0,0.0,0.0,0.0,1.0,1.0,0.0,1.0,Male,4,White
2042913311.0,12,Florida,22413989,12053,Hernando,207033.0,1.61878659412824,,2,4,1,2.0,1.0,1.0,1.0,1.0,1.0,1.0,1.0,Female,3,White
2015726929.0,12,Florida,22413989,12103,Pinellas,964496.0,0.935018912948957,1.0802404995,2,2,1,2.0,1.0,1.0,0.0,0.0,1.0,0.0,0.0,Female,2,White
1999441411.0,12,Florida,22413989,12099,Palm Beach,1533130.0,0.62828668788508,0.5955974256000001,1,3,1,2.0,0.0,0.0,0.0,0.0,0.0,1.0,0.0,Male,3,White
2013299077.0,12,Florida,22413989,12115,Sarasota,464297.0,1.52651708910432,,1,2,1,2.0,1.0,1.0,1.0,1.0,1.0,0.0,1.0,Male,2,White
2011531353.0,12,Florida,22413989,12103,Pinellas,964496.0,2.76744346599576,,2,2,1,2.0,1.0,1.0,1.0,1.0,1.0,1.0,1.0,Female,2,White
2042330891.0,12,Florida,22413989,12011,Broward,1966353.0,1.05232151724845,0.9805992566,1,5,1,2.0,1.0,0.0,1.0,1.0,1.0,1.0,1.0,Male,4,White
1982290275.0,12,Florida,22413989,12103,Pinellas,964496.0,0.860486012102044,0.938372024,2,2,1,2.0,0.0,0.0,0.0,0.0,0.0,1.0,0.0,Female,2,White
2002004501.0,12,Florida,22413989,12031,Duval,1022751.0,0.552376052166618,0.4909802986,2,3,1,2.0,1.0,1.0,1.0,1.0,1.0,0.0,1.0,Female,3,White
2012136779.0,12,Florida,22413989,12127,Volusia,580529.0,1.56561671994007,,2,5,1,2.0,1.0,1.0,1.0,1.0,1.0,1.0,1.0,Female,4,White
2010613139.0,12,Florida,22413989,12073,Leon,297935.0,1.3579703321663,1.5096050831,1,2,1,2.0,0.0,1.0,0.0,0.0,0.0,1.0,0.0,Male,2,White
2010448763.0,12,Florida,22413989,12031,Duval,1022751.0,0.761912514172188,0.8759607993,1,3,1,2.0,0.0,0.0,0.0,0.0,0.0,1.0,0.0,Male,3,White
2029574493.0,12,Florida,22413989,12011,Broward,1966353.0,4.38558804107613,,2,2,1,2.0,0.0,0.0,1.0,0.0,1.0,1.0,0.0,Female,2,White
2014427161.0,12,Florida,22413989,12031,Duval,1022751.0,0.213112410371992,,2,2,1,2.0,1.0,0.0,1.0,1.0,1.0,0.0,1.0,Female,2,White
2026743289.0,12,Florida,22413989,12101,Pasco,610396.0,0.401365810737521,0.3075565424,1,5,2,2.0,1.0,1.0,1.0,1.0,1.0,1.0,1.0,Male,4,Black
2039516957.0,12,Florida,22413989,12005,Bay,186079.0,1.22136882958911,1.1994518735,2,6,1,2.0,0.0,0.0,0.0,0.0,0.0,1.0,0.0,Female,4,White
2025654231.0,12,Florida,22413989,12031,Duval,1022751.0,0.25464461348613,,3,2,1,2.0,1.0,0.0,1.0,1.0,1.0,0.0,0.0,,2,White
2031416001.0,12,Florida,22413989,12009,Brevard,631833.0,1.25411098335582,1.2999725177,2,4,1,2.0,1.0,1.0,1.0,1.0,1.0,0.0,1.0,Female,3,White
2013325461.0,12,Florida,22413989,12129,Wakulla,35174.0,1.2642770646207,1.2552251258,1,6,1,2.0,0.0,0.0,0.0,0.0,0.0,1.0,0.0,Male,4,White
2007871879.0,12,Florida,22413989,12057,Hillsborough,1525239.0,1.40055090797943,1.256260097,1,5,1,2.0,0.0,0.0,0.0,0.0,0.0,1.0,0.0,Male,4,White
2014026253.0,12,Florida,22413989,12009,Brevard,631833.0,1.1045772687127,0.7063868715,2,5,3,1.0,1.0,1.0,1.0,1.0,1.0,0.0,1.0,Female,4,Hispanic
2043493719.0,12,Florida,22413989,12057,Hillsborough,1525239.0,1.20912057166531,,1,5,7,1.0,1.0,1.0,0.0,0.0,1.0,1.0,0.0,Male,4,Hispanic
2027177233.0,12,Florida,22413989,12086,Miami-Dade,2733972.0,2.50996817187434,,1,6,3,,1.0,1.0,1.0,1.0,1.0,0.0,1.0,Male,4,Hispanic
2010067563.0,12,Florida,22413989,12099,Palm Beach,1533130.0,1.31217553442976,0.6687414851,2,5,1,2.0,1.0,1.0,1.0,1.0,1.0,1.0,1.0,Female,4,White
2015575727.0,12,Florida,22413989,12069,Lake,410943.0,0.860486012102044,0.938372024,2,2,1,2.0,0.0,0.0,1.0,1.0,1.0,1.0,0.0,Female,2,White
2038640823.0,12,Florida,22413989,12127,Volusia,580529.0,2.16869485104594,,2,2,2,2.0,1.0,1.0,1.0,1.0,0.0,0.0,1.0,Female,2,Black
2030669721.0,12,Florida,22413989,12011,Broward,1966353.0,6.0549936797999,2.9627247655,1,3,2,2.0,0.0,1.0,1.0,1.0,1.0,0.0,1.0,Male,3,Black
2040023119.0,12,Florida,22413989,12103,Pinellas,964496.0,1.33589426020951,,2,1,1,1.0,1.0,0.0,0.0,1.0,1.0,1.0,1.0,Female,1,Hispanic
2030845123.0,12,Florida,22413989,12095,Orange,1467069.0,1.61536153540919,,1,2,1,2.0,0.0,0.0,1.0,0.0,1.0,0.0,0.0,Male,2,White
2028875185.0,12,Florida,22413989,12127,Volusia,580529.0,1.09332479562051,,2,2,6,1.0,1.0,0.0,0.0,0.0,0.0,0.0,0.0,Female,2,Hispanic
2009633913.0,12,Florida,22413989,12019,Clay,226986.0,0.889683818978068,0.8232109465,1,2,1,2.0,0.0,0.0,0.0,0.0,1.0,1.0,0.0,Male,2,White
1999571441.0,12,Florida,22413989,12115,Sarasota,464297.0,1.15220896213398,,2,5,1,2.0,0.0,0.0,0.0,0.0,0.0,1.0,0.0,Female,4,White
2040026251.0,12,Florida,22413989,12086,Miami-Dade,2733972.0,1.69790874956963,0.6131211932,2,2,1,2.0,1.0,1.0,1.0,1.0,1.0,1.0,1.0,Female,2,White
2024755993.0,12,Florida,22413989,12107,Putnam,74795.0,1.83096573380947,,2,2,1,2.0,1.0,1.0,1.0,1.0,1.0,0.0,1.0,Female,2,White
2014169825.0,12,Florida,22413989,12109,St. Johns,307645.0,0.886062098996003,0.7650625009,2,3,1,2.0,0.0,1.0,0.0,0.0,0.0,1.0,0.0,Female,3,White
2023905447.0,12,Florida,22413989,12086,Miami-Dade,2733972.0,2.32045944720165,1.4490508564,1,3,2,1.0,0.0,1.0,1.0,1.0,1.0,1.0,1.0,Male,3,Black
1998154051.0,12,Florida,22413989,12071,Lee,828059.0,1.01404109488793,1.0599739789,3,4,1,2.0,0.0,0.0,0.0,0.0,0.0,1.0,0.0,,3,White
2011470029.0,12,Florida,22413989,12099,Palm Beach,1533130.0,0.62514401208959,0.5205192056,2,5,1,2.0,1.0,1.0,1.0,1.0,1.0,0.0,1.0,Female,4,White
2018856939.0,12,Florida,22413989,12101,Pasco,610396.0,6.5582474527158,,2,2,1,2.0,1.0,1.0,1.0,1.0,1.0,1.0,1.0,Female,2,White
2013159607.0,12,Florida,22413989,12099,Palm Beach,1533130.0,1.21629564132881,,2,4,1,2.0,1.0,1.0,1.0,0.0,0.0,1.0,1.0,Female,3,White
1995566309.0,12,Florida,22413989,12073,Leon,297935.0,0.694105315406202,0.6058305849,1,6,1,2.0,1.0,1.0,1.0,1.0,1.0,1.0,1.0,Male,4,White
2037361457.0,12,Florida,22413989,12083,Marion,397075.0,1.05232151724845,0.9805992566,1,5,1,2.0,0.0,0.0,0.0,0.0,0.0,1.0,0.0,Male,4,White
2010081265.0,12,Florida,22413989,12063,Jackson,48305.0,7.39576674813662,,2,1,1,2.0,1.0,0.0,1.0,0.0,1.0,1.0,1.0,Female,1,White
1996934109.0,12,Florida,22413989,12071,Lee,828059.0,1.05232151724845,0.9805992566,1,5,1,2.0,0.0,0.0,0.0,0.0,0.0,1.0,0.0,Male,4,White
2013820705.0,12,Florida,22413989,12127,Volusia,580529.0,0.208637023727684,0.5743215373,2,5,1,2.0,1.0,1.0,1.0,1.0,1.0,1.0,1.0,Female,4,White
2015127563.0,12,Florida,22413989,12081,Manatee,431190.0,1.39985772532836,1.3749791809,2,5,1,2.0,0.0,1.0,1.0,0.0,0.0,1.0,0.0,Female,4,White
2012201019.0,12,Florida,22413989,12073,Leon,297935.0,0.868471947215506,1.1694497313,2,5,1,2.0,1.0,1.0,1.0,1.0,1.0,1.0,1.0,Female,4,White
2036918149.0,12,Florida,22413989,12031,Duval,1022751.0,1.75560765266793,2.2282774004,1,3,1,2.0,0.0,0.0,0.0,0.0,0.0,1.0,0.0,Male,3,White
2013593999.0,12,Florida,22413989,12095,Orange,1467069.0,1.90421346858851,,1,5,1,2.0,1.0,0.0,1.0,1.0,1.0,1.0,1.0,Male,4,White
2011120605.0,12,Florida,22413989,12086,Miami-Dade,2733972.0,3.99227094125854,,2,5,2,2.0,0.0,1.0,1.0,1.0,0.0,1.0,1.0,Female,4,Black
2013881937.0,12,Florida,22413989,12109,St. Johns,307645.0,1.79950362246814,,1,5,1,1.0,1.0,1.0,1.0,0.0,1.0,1.0,1.0,Male,4,Hispanic
2011105685.0,12,Florida,22413989,12071,Lee,828059.0,1.92824599820843,0.6990538531,2,2,1,2.0,1.0,1.0,1.0,1.0,1.0,1.0,1.0,Female,2,White
2011440217.0,12,Florida,22413989,12053,Hernando,207033.0,0.628749097123868,0.5947735645000001,2,2,1,2.0,1.0,1.0,1.0,1.0,1.0,0.0,1.0,Female,2,White
1998750039.0,12,Florida,22413989,12097,Osceola,427887.0,1.3579703321663,1.5096050831,1,2,1,2.0,0.0,0.0,0.0,0.0,1.0,1.0,0.0,Male,2,White
2008078691.0,12,Florida,22413989,12103,Pinellas,964496.0,0.722488230956685,0.5453964826000001,1,6,1,2.0,1.0,1.0,1.0,1.0,1.0,0.0,1.0,Male,4,White
2014773417.0,12,Florida,22413989,12011,Broward,1966353.0,1.93666498619718,1.7175540486,2,6,1,2.0,0.0,1.0,0.0,0.0,0.0,1.0,0.0,Female,4,White
2039893015.0,12,Florida,22413989,12031,Duval,1022751.0,1.64154892629317,,2,2,2,2.0,0.0,1.0,1.0,1.0,1.0,1.0,1.0,Female,2,Black
1997898207.0,12,Florida,22413989,12071,Lee,828059.0,1.62974844042256,,1,4,7,2.0,0.0,0.0,0.0,0.0,1.0,1.0,1.0,Male,3,Other
2011174461.0,12,Florida,22413989,12071,Lee,828059.0,0.860486012102044,,2,2,1,2.0,0.0,0.0,0.0,0.0,0.0,1.0,0.0,Female,2,White
2041057537.0,12,Florida,22413989,12031,Duval,1022751.0,2.84950942055055,4.9158038533,1,2,3,1.0,0.0,0.0,1.0,0.0,0.0,1.0,0.0,Male,2,Hispanic
2040054551.0,12,Florida,22413989,12086,Miami-Dade,2733972.0,3.38570050676655,6.7320591247,1,2,2,2.0,0.0,1.0,0.0,1.0,0.0,1.0,1.0,Male,2,Black
2030513153.0,12,Florida,22413989,12097,Osceola,427887.0,3.03628834351281,,1,1,3,,0.0,1.0,1.0,1.0,1.0,1.0,1.0,Male,1,Hispanic
2011758843.0,12,Florida,22413989,12085,Martin,162358.0,0.200015419903407,,1,2,1,2.0,0.0,1.0,1.0,1.0,1.0,1.0,1.0,Male,2,White
2015179643.0,12,Florida,22413989,12019,Clay,226986.0,2.50705960709759,,1,4,1,2.0,1.0,1.0,1.0,1.0,1.0,0.0,1.0,Male,3,White
2011235065.0,12,Florida,22413989,12071,Lee,828059.0,1.61878659412824,1.7378313105,2,3,1,2.0,0.0,0.0,0.0,0.0,0.0,1.0,0.0,Female,3,White
2000266357.0,12,Florida,22413989,12099,Palm Beach,1533130.0,2.68880502327889,4.0909007165,2,5,2,2.0,0.0,1.0,0.0,1.0,0.0,1.0,0.0,Female,4,Black
2013934209.0,12,Florida,22413989,12081,Manatee,431190.0,1.22136882958911,1.1994518735,2,6,1,2.0,0.0,0.0,0.0,0.0,1.0,1.0,0.0,Female,4,White
2022123817.0,12,Florida,22413989,12099,Palm Beach,1533130.0,0.886062098996003,,2,3,1,2.0,0.0,1.0,0.0,0.0,0.0,1.0,0.0,Female,3,White
2014553213.0,12,Florida,22413989,12099,Palm Beach,1533130.0,1.39405138349772,1.3306030127,2,6,1,2.0,1.0,1.0,1.0,1.0,1.0,1.0,1.0,Female,4,White
2025168167.0,12,Florida,22413989,12011,Broward,1966353.0,1.22234287892641,1.7622972825,1,4,1,2.0,1.0,1.0,1.0,0.0,1.0,1.0,1.0,Male,3,White
2011954599.0,12,Florida,22413989,12086,Miami-Dade,2733972.0,2.7938593688316,1.5383809915,2,6,1,1.0,0.0,0.0,0.0,0.0,1.0,1.0,0.0,Female,4,Hispanic
2013513433.0,12,Florida,22413989,12017,Citrus,162495.0,0.606592639461229,0.3684141663,1,4,7,2.0,1.0,0.0,1.0,0.0,1.0,1.0,0.0,Male,3,Other
2035488059.0,12,Florida,22413989,12057,Hillsborough,1525239.0,0.89390967680449,,1,2,1,2.0,0.0,1.0,1.0,1.0,1.0,0.0,0.0,Male,2,White
2039821951.0,12,Florida,22413989,12001,Alachua,284908.0,0.15141483810605,0.8246273566000001,1,3,1,2.0,1.0,0.0,0.0,0.0,1.0,1.0,1.0,Male,3,White
2013601071.0,12,Florida,22413989,12057,Hillsborough,1525239.0,0.571019744109472,0.8527574232,2,1,1,2.0,0.0,0.0,1.0,0.0,1.0,1.0,0.0,Female,1,White
2022076029.0,12,Florida,22413989,12105,Polk,790796.0,1.17927368863448,0.9801327965,2,3,1,2.0,0.0,0.0,0.0,0.0,0.0,1.0,0.0,Female,3,White
2012574103.0,12,Florida,22413989,12086,Miami-Dade,2733972.0,3.89763678984003,4.7672652414000005,2,1,3,1.0,0.0,0.0,0.0,1.0,0.0,1.0,0.0,Female,1,Hispanic
1996713253.0,12,Florida,22413989,12035,Flagler,126994.0,1.6616429644048,1.5794299923,1,5,1,2.0,0.0,1.0,0.0,0.0,1.0,1.0,0.0,Male,4,White
2034233627.0,12,Florida,22413989,12071,Lee,828059.0,2.5154992423354,3.2748449635,2,4,1,2.0,1.0,1.0,1.0,1.0,1.0,0.0,1.0,Female,3,White
2004648779.0,12,Florida,22413989,12127,Volusia,580529.0,1.3579703321663,,1,2,1,2.0,0.0,0.0,0.0,1.0,1.0,0.0,0.0,Male,2,White
2014892427.0,12,Florida,22413989,12103,Pinellas,964496.0,0.742051231802715,0.5834578963,1,5,1,2.0,1.0,1.0,1.0,1.0,0.0,0.0,1.0,Male,4,White
2015538343.0,12,Florida,22413989,12031,Duval,1022751.0,1.15220896213398,0.8018349896,2,5,1,2.0,0.0,1.0,1.0,1.0,0.0,1.0,0.0,Female,4,White
2010036843.0,12,Florida,22413989,12105,Polk,790796.0,1.02032806675001,1.1783528155,1,2,1,2.0,0.0,0.0,0.0,0.0,0.0,1.0,0.0,Male,2,White
1997603617.0,12,Florida,22413989,12071,Lee,828059.0,2.0596492624341,,2,5,1,2.0,1.0,1.0,1.0,1.0,1.0,0.0,1.0,Female,4,White
2014334327.0,12,Florida,22413989,12115,Sarasota,464297.0,3.06054459213829,3.8128081095,2,1,1,2.0,1.0,1.0,0.0,0.0,1.0,0.0,0.0,Female,1,White
2043244649.0,12,Florida,22413989,12099,Palm Beach,1533130.0,0.255943863638768,,2,2,1,1.0,1.0,1.0,1.0,1.0,1.0,1.0,1.0,Female,2,Hispanic
2026078065.0,12,Florida,22413989,12127,Volusia,580529.0,0.599246370343137,,2,4,3,,1.0,1.0,1.0,1.0,1.0,1.0,1.0,Female,3,Hispanic
2013934265.0,46,South Dakota,909156,46011,Brookings,35385.0,0.392733681641325,0.3741914394,1,6,1,2.0,1.0,1.0,1.0,1.0,1.0,1.0,1.0,Male,4,White
1993728537.0,46,South Dakota,909156,46011,Brookings,35385.0,0.257222191508762,0.2528823562,2,5,1,2.0,1.0,1.0,1.0,1.0,1.0,0.0,1.0,Female,4,White
2020322521.0,46,South Dakota,909156,46103,Pennington,114307.0,2.59469009275923,0.2965499336,2,2,1,2.0,1.0,1.0,1.0,0.0,1.0,1.0,1.0,Female,2,White
1998211461.0,46,South Dakota,909156,46081,Lawrence,27221.0,0.432644745204237,0.338814561,1,5,1,2.0,1.0,1.0,1.0,1.0,1.0,0.0,1.0,Male,4,White
2015731853.0,46,South Dakota,909156,46005,Beadle,19276.0,0.685348440688457,0.7721041832000001,2,2,1,2.0,0.0,0.0,0.0,0.0,1.0,1.0,0.0,Female,2,White
2036863947.0,46,South Dakota,909156,46099,Minnehaha,203516.0,12.7773338705606,,1,2,1,2.0,0.0,1.0,1.0,1.0,1.0,0.0,0.0,Male,2,White
2013670445.0,46,South Dakota,909156,46029,Codington,28756.0,6.80299653919226,1.9020144047,2,3,1,2.0,1.0,1.0,1.0,1.0,1.0,1.0,1.0,Female,3,White
2012535799.0,46,South Dakota,909156,46087,McCook,5797.0,0.935922536746465,0.7025318791,2,4,1,2.0,0.0,0.0,0.0,0.0,0.0,1.0,0.0,Female,3,White
1995091739.0,46,South Dakota,909156,46101,Moody,6383.0,2.06422091795766,1.4566351479,2,4,1,2.0,0.0,0.0,0.0,0.0,0.0,1.0,0.0,Female,3,White
1993386775.0,46,South Dakota,909156,46103,Pennington,114307.0,1.55097831570796,1.2839162338,2,4,1,2.0,1.0,1.0,1.0,1.0,1.0,1.0,1.0,Female,3,White
2039699885.0,46,South Dakota,909156,46099,Minnehaha,203516.0,1.53229268787529,0.7092213069000001,1,6,1,2.0,1.0,0.0,0.0,1.0,1.0,0.0,0.0,Male,4,White
2011242737.0,46,South Dakota,909156,46099,Minnehaha,203516.0,0.371960887032147,0.4426770776,1,2,1,2.0,1.0,1.0,0.0,1.0,0.0,1.0,1.0,Male,2,White
2019023313.0,46,South Dakota,909156,46127,Union,17079.0,0.371960887032147,0.4426770776,1,2,1,2.0,1.0,1.0,1.0,1.0,0.0,1.0,1.0,Male,2,White
2031209603.0,46,South Dakota,909156,46009,Bon Homme,7089.0,5.03238304215137,,1,2,1,2.0,1.0,0.0,0.0,1.0,1.0,1.0,0.0,Male,2,White
1995905745.0,47,Tennessee,7063325,47149,Rutherford,362373.0,0.898976659694826,1.1482477466,2,5,1,2.0,0.0,0.0,0.0,0.0,1.0,1.0,0.0,Female,4,White
2001999591.0,47,Tennessee,7063325,47065,Hamilton,375738.0,0.98273141147721,,1,2,1,2.0,0.0,0.0,0.0,0.0,0.0,1.0,0.0,Male,2,White
2013849901.0,47,Tennessee,7063325,47065,Hamilton,375738.0,15.0614388091749,12.7415012277,1,1,2,2.0,1.0,1.0,1.0,1.0,1.0,1.0,1.0,Male,1,Black
2030478215.0,47,Tennessee,7063325,47091,Johnson,18005.0,0.449534014970248,0.9031794891,1,2,1,2.0,1.0,0.0,0.0,0.0,0.0,1.0,0.0,Male,2,White
2015592433.0,47,Tennessee,7063325,47081,Hickman,25466.0,2.23522177126007,,2,2,1,2.0,1.0,0.0,1.0,1.0,1.0,1.0,1.0,Female,2,White
2032778435.0,47,Tennessee,7063325,47093,Knox,495827.0,13.3679647484199,,1,1,1,2.0,0.0,1.0,1.0,0.0,1.0,1.0,0.0,Male,1,White
2038893073.0,47,Tennessee,7063325,47037,Davidson,712156.0,1.15720077410881,,1,2,1,2.0,1.0,1.0,1.0,1.0,1.0,1.0,0.0,Male,2,White
2030190111.0,47,Tennessee,7063325,47037,Davidson,712156.0,0.713359935785019,1.5016656362,2,6,2,2.0,1.0,1.0,1.0,1.0,0.0,1.0,1.0,Female,4,Black
2045181157.0,47,Tennessee,7063325,47035,Cumberland,63524.0,0.98273141147721,,1,2,1,2.0,0.0,0.0,1.0,0.0,0.0,0.0,0.0,Male,2,White
2033277429.0,47,Tennessee,7063325,47031,Coffee,59660.0,0.454022995102424,,1,3,1,2.0,1.0,1.0,0.0,0.0,0.0,1.0,0.0,Male,3,White
2038608697.0,47,Tennessee,7063325,47093,Knox,495827.0,6.76339227785,,1,1,1,2.0,1.0,1.0,1.0,1.0,1.0,1.0,0.0,Male,1,White
2037362821.0,47,Tennessee,7063325,47099,Lawrence,45480.0,0.714480901810285,0.3584158781,2,4,1,2.0,0.0,0.0,1.0,0.0,0.0,1.0,0.0,Female,3,White
2032355153.0,47,Tennessee,7063325,47029,Cocke,36804.0,3.50503897678598,,2,5,1,2.0,0.0,0.0,0.0,0.0,1.0,1.0,0.0,Female,4,White
2042327973.0,47,Tennessee,7063325,47037,Davidson,712156.0,0.808094779030196,0.4321634227,1,6,1,2.0,0.0,0.0,0.0,0.0,0.0,1.0,0.0,Male,4,White
2017548579.0,47,Tennessee,7063325,47113,Madison,99283.0,1.95625429336627,1.7093742671,1,5,6,2.0,1.0,1.0,1.0,1.0,1.0,0.0,1.0,Male,4,Other
2027757627.0,47,Tennessee,7063325,47157,Shelby,919092.0,7.89964889319739,,1,3,1,2.0,1.0,1.0,1.0,1.0,1.0,0.0,1.0,Male,3,White
2018762365.0,47,Tennessee,7063325,47113,Madison,99283.0,10.8992168573823,,1,1,1,2.0,1.0,1.0,1.0,0.0,0.0,1.0,1.0,Male,1,White
2015712327.0,47,Tennessee,7063325,47021,Cheatham,41723.0,1.64025376764536,1.5171298626,2,2,1,2.0,0.0,0.0,0.0,0.0,0.0,1.0,0.0,Female,2,White
2036171765.0,47,Tennessee,7063325,47141,Putnam,82590.0,2.61144837047664,,1,3,1,2.0,1.0,1.0,1.0,1.0,1.0,1.0,1.0,Male,3,White
2041059779.0,47,Tennessee,7063325,47123,Monroe,47719.0,0.456576154146306,,1,2,1,2.0,0.0,1.0,0.0,0.0,1.0,1.0,1.0,Male,2,White
2011341683.0,47,Tennessee,7063325,47009,Blount,139838.0,0.155317803613898,,1,3,1,2.0,1.0,1.0,1.0,1.0,1.0,0.0,1.0,Male,3,White
2031434955.0,47,Tennessee,7063325,47107,McMinn,54732.0,3.47561683997092,,1,3,1,2.0,1.0,1.0,1.0,0.0,1.0,1.0,1.0,Male,3,White
2032703697.0,47,Tennessee,7063325,47119,Maury,108048.0,3.56615986034627,,2,2,2,2.0,0.0,0.0,0.0,0.0,0.0,0.0,0.0,Female,2,Black
2042331801.0,47,Tennessee,7063325,47187,Williamson,261335.0,0.461559423392421,0.3753342255,1,6,1,2.0,1.0,1.0,1.0,1.0,0.0,0.0,1.0,Male,4,White
2040784769.0,47,Tennessee,7063325,47173,Union,20483.0,4.76615411610823,,2,3,1,2.0,1.0,1.0,1.0,1.0,1.0,1.0,1.0,Female,3,White
2020374721.0,47,Tennessee,7063325,47115,Marion,29061.0,0.338415666005121,0.4218512136,1,4,1,2.0,1.0,0.0,1.0,0.0,0.0,0.0,0.0,Male,3,White
2020910405.0,47,Tennessee,7063325,47047,Fayette,43294.0,0.950913631777523,,2,3,1,2.0,0.0,0.0,0.0,0.0,0.0,1.0,0.0,Female,3,White
2008566389.0,47,Tennessee,7063325,47093,Knox,495827.0,1.12314882320702,3.3647702086,1,3,3,1.0,0.0,0.0,0.0,0.0,1.0,1.0,0.0,Male,3,Hispanic
2042356123.0,47,Tennessee,7063325,47121,Meigs,13268.0,8.18926349255484,,1,1,1,2.0,1.0,1.0,0.0,1.0,0.0,1.0,0.0,Male,1,White
2012036971.0,47,Tennessee,7063325,47157,Shelby,919092.0,9.25595886720728,,1,1,1,2.0,0.0,0.0,0.0,0.0,0.0,1.0,0.0,Male,1,White
2030292459.0,47,Tennessee,7063325,47017,Carroll,28428.0,4.237435279266,,1,5,1,2.0,1.0,1.0,1.0,1.0,0.0,1.0,1.0,Male,4,White
2034659963.0,47,Tennessee,7063325,47071,Hardin,27215.0,1.84758468639182,,2,2,2,2.0,0.0,1.0,1.0,1.0,0.0,1.0,1.0,Female,2,Black
2015136921.0,47,Tennessee,7063325,47045,Dyer,36415.0,0.31933974417083,,2,1,1,2.0,1.0,1.0,1.0,1.0,1.0,1.0,0.0,Female,1,White
2007981449.0,47,Tennessee,7063325,47071,Hardin,27215.0,3.50955756507983,,1,6,1,2.0,1.0,1.0,1.0,0.0,1.0,0.0,1.0,Male,4,White
2009535597.0,47,Tennessee,7063325,47073,Hawkins,57919.0,0.950913631777523,0.8261775756,2,4,1,2.0,0.0,0.0,0.0,0.0,1.0,1.0,0.0,Female,3,White
2038693981.0,47,Tennessee,7063325,47063,Hamblen,65303.0,2.90203970717391,3.1439700861,2,5,1,2.0,0.0,1.0,1.0,1.0,1.0,1.0,0.0,Female,4,White
2019629727.0,47,Tennessee,7063325,47065,Hamilton,375738.0,2.90203970717391,3.1439700861,2,5,1,2.0,1.0,1.0,0.0,0.0,1.0,1.0,0.0,Female,4,White
1997927491.0,47,Tennessee,7063325,47107,McMinn,54732.0,0.728403579773118,1.0867224876,1,3,1,2.0,0.0,0.0,0.0,0.0,0.0,1.0,0.0,Male,3,White
2031524423.0,47,Tennessee,7063325,47149,Rutherford,362373.0,3.39002344963444,,1,2,1,2.0,1.0,1.0,1.0,1.0,1.0,1.0,1.0,Male,2,White
2011969857.0,47,Tennessee,7063325,47121,Meigs,13268.0,2.54713670149542,,1,2,1,2.0,1.0,1.0,1.0,0.0,0.0,1.0,1.0,Male,2,White
2039572729.0,47,Tennessee,7063325,47005,Benton,15982.0,0.735938171211671,,1,2,1,2.0,1.0,1.0,1.0,1.0,1.0,1.0,1.0,Male,2,White
2013255633.0,47,Tennessee,7063325,47149,Rutherford,362373.0,0.712095216219597,1.1665861784,2,3,1,2.0,0.0,1.0,1.0,1.0,1.0,0.0,1.0,Female,3,White
2010166413.0,47,Tennessee,7063325,47157,Shelby,919092.0,0.979613564552148,0.9795140593,2,5,1,2.0,1.0,1.0,1.0,1.0,1.0,0.0,1.0,Female,4,White
1997919497.0,47,Tennessee,7063325,47165,Sumner,204002.0,2.50954638433694,,2,2,1,2.0,1.0,1.0,0.0,0.0,1.0,1.0,1.0,Female,2,White
2016967315.0,47,Tennessee,7063325,47185,White,28016.0,1.59444239043215,1.1489337615,1,6,1,2.0,0.0,0.0,0.0,0.0,1.0,1.0,0.0,Male,4,White
2033228575.0,47,Tennessee,7063325,47169,Trousdale,12089.0,1.67946195480508,,2,2,1,2.0,0.0,0.0,1.0,1.0,1.0,0.0,0.0,Female,2,White
2017210617.0,47,Tennessee,7063325,47093,Knox,495827.0,3.42642335940867,,1,2,1,2.0,1.0,1.0,0.0,1.0,1.0,1.0,1.0,Male,2,White
2013784567.0,47,Tennessee,7063325,47109,McNairy,25968.0,0.764003616313969,1.0738942668,1,2,1,2.0,0.0,0.0,0.0,0.0,0.0,1.0,0.0,Male,2,White
2012060295.0,47,Tennessee,7063325,47093,Knox,495827.0,0.783235870107957,0.5244832094,2,6,1,2.0,1.0,1.0,1.0,1.0,1.0,0.0,1.0,Female,4,White
2012591333.0,47,Tennessee,7063325,47065,Hamilton,375738.0,0.555875141141796,0.5569377783,2,5,1,2.0,1.0,1.0,1.0,1.0,1.0,0.0,1.0,Female,4,White
2042181369.0,47,Tennessee,7063325,47113,Madison,99283.0,3.58110976354215,,2,3,1,2.0,0.0,0.0,1.0,0.0,1.0,1.0,0.0,Female,3,White
2007758283.0,47,Tennessee,7063325,47165,Sumner,204002.0,0.804183483740597,0.7257827058,2,6,1,2.0,0.0,1.0,1.0,0.0,0.0,1.0,0.0,Female,4,White
2042471157.0,47,Tennessee,7063325,47149,Rutherford,362373.0,1.59444239043215,1.2884859651,1,6,1,2.0,0.0,0.0,0.0,0.0,0.0,1.0,0.0,Male,4,White
1998224115.0,47,Tennessee,7063325,47157,Shelby,919092.0,2.8193976242321,,1,6,1,2.0,0.0,1.0,1.0,1.0,1.0,1.0,1.0,Male,4,White
2011924757.0,47,Tennessee,7063325,47037,Davidson,712156.0,1.62510432745417,,2,6,2,2.0,1.0,1.0,1.0,1.0,1.0,1.0,1.0,Female,4,Black
1995905999.0,47,Tennessee,7063325,47045,Dyer,36415.0,6.37761142913957,1.7893337205000002,2,5,1,2.0,1.0,1.0,0.0,0.0,1.0,1.0,1.0,Female,4,White
2034687103.0,47,Tennessee,7063325,47065,Hamilton,375738.0,2.57448623092923,,1,2,1,2.0,1.0,1.0,1.0,1.0,1.0,1.0,1.0,Male,2,White
2013826915.0,47,Tennessee,7063325,47035,Cumberland,63524.0,0.728403579773118,0.9690227051,1,3,1,2.0,0.0,0.0,0.0,0.0,0.0,1.0,0.0,Male,3,White
2028995965.0,47,Tennessee,7063325,47065,Hamilton,375738.0,0.97342472392277,,2,2,2,2.0,1.0,1.0,1.0,1.0,1.0,1.0,1.0,Female,2,Black
2026759955.0,47,Tennessee,7063325,47157,Shelby,919092.0,2.14876755168818,1.6085856537,2,2,6,2.0,0.0,1.0,0.0,1.0,0.0,0.0,1.0,Female,2,Other
2042330821.0,47,Tennessee,7063325,47079,Henry,32328.0,1.0279655262251,0.9581470606,1,5,1,2.0,1.0,1.0,0.0,0.0,0.0,1.0,0.0,Male,4,White
2043471865.0,47,Tennessee,7063325,47037,Davidson,712156.0,0.458207546419375,0.4597909229,1,6,1,2.0,1.0,1.0,1.0,1.0,1.0,0.0,1.0,Male,4,White
2030626197.0,47,Tennessee,7063325,47045,Dyer,36415.0,4.85881683188819,,1,2,1,2.0,0.0,0.0,0.0,0.0,0.0,0.0,0.0,Male,2,White
2036028375.0,47,Tennessee,7063325,47141,Putnam,82590.0,3.42642335940867,,1,2,1,2.0,0.0,1.0,1.0,0.0,0.0,1.0,0.0,Male,2,White
2019650557.0,47,Tennessee,7063325,47105,Loudon,58286.0,0.950913631777523,0.8261775756,2,4,1,2.0,0.0,1.0,0.0,0.0,0.0,1.0,0.0,Female,3,White
2005712123.0,47,Tennessee,7063325,47053,Gibson,50891.0,13.744579520164,,1,2,2,2.0,1.0,1.0,1.0,1.0,1.0,1.0,1.0,Male,2,Black
2031252843.0,47,Tennessee,7063325,47045,Dyer,36415.0,0.644366990969263,,1,1,1,2.0,1.0,1.0,1.0,1.0,1.0,0.0,1.0,Male,1,White
1997587309.0,47,Tennessee,7063325,47093,Knox,495827.0,0.728403579773118,0.9690227051,1,4,1,2.0,0.0,0.0,0.0,0.0,0.0,1.0,0.0,Male,3,White
2037404905.0,47,Tennessee,7063325,47083,Houston,8232.0,0.764003616313969,1.0738942668,1,2,1,2.0,0.0,0.0,1.0,0.0,0.0,1.0,0.0,Male,2,White
2041978117.0,47,Tennessee,7063325,47167,Tipton,61606.0,3.58110976354215,,2,3,1,2.0,1.0,1.0,1.0,0.0,1.0,1.0,1.0,Female,3,White
2011104389.0,47,Tennessee,7063325,47157,Shelby,919092.0,0.668176063517069,0.6240124222,2,3,2,2.0,1.0,0.0,1.0,1.0,0.0,1.0,1.0,Female,3,Black
2019864041.0,47,Tennessee,7063325,47157,Shelby,919092.0,0.977010572720056,,2,2,2,2.0,1.0,1.0,1.0,1.0,1.0,0.0,1.0,Female,2,Black
2043259405.0,47,Tennessee,7063325,47045,Dyer,36415.0,0.196471089247553,,2,1,2,2.0,1.0,1.0,1.0,1.0,0.0,0.0,1.0,Female,1,Black
1999429991.0,47,Tennessee,7063325,47065,Hamilton,375738.0,0.677999318072241,,2,4,2,2.0,1.0,1.0,1.0,1.0,1.0,0.0,1.0,Female,3,Black
2014300315.0,47,Tennessee,7063325,47111,Macon,26222.0,1.64025376764536,1.5171298626,2,2,1,2.0,0.0,1.0,0.0,0.0,0.0,1.0,0.0,Female,2,White
1893731613.0,47,Tennessee,7063325,47035,Cumberland,63524.0,2.93292939520847,8.2211174027,1,1,2,2.0,1.0,1.0,1.0,1.0,1.0,1.0,1.0,Male,1,Black
2011075991.0,47,Tennessee,7063325,47063,Hamblen,65303.0,0.738387590255732,1.4799778606,1,2,1,2.0,0.0,0.0,0.0,0.0,0.0,1.0,0.0,Male,2,White
1983889569.0,47,Tennessee,7063325,47187,Williamson,261335.0,0.740776539885979,0.4646933298,1,6,1,2.0,1.0,1.0,1.0,1.0,0.0,1.0,1.0,Male,4,White
2002220581.0,47,Tennessee,7063325,47155,Sevier,99362.0,0.752951125608469,0.8349162078,1,3,1,2.0,1.0,1.0,1.0,1.0,0.0,0.0,0.0,Male,3,White
2021580805.0,47,Tennessee,7063325,47189,Wilson,158979.0,6.35893747798944,,2,1,1,2.0,1.0,1.0,0.0,0.0,1.0,0.0,1.0,Female,1,White
2028856639.0,47,Tennessee,7063325,47041,DeKalb,20987.0,3.14031167674213,8.6236698182,1,1,1,2.0,0.0,0.0,0.0,0.0,0.0,1.0,0.0,Male,1,White
2028958621.0,47,Tennessee,7063325,47037,Davidson,712156.0,0.450402619854472,0.54043978,1,4,1,2.0,0.0,1.0,1.0,0.0,0.0,1.0,1.0,Male,3,White
2034553537.0,47,Tennessee,7063325,47065,Hamilton,375738.0,6.46667412389334,,1,2,1,2.0,1.0,0.0,1.0,0.0,1.0,1.0,0.0,Male,2,White
2015039651.0,47,Tennessee,7063325,47179,Washington,136273.0,1.92766061068414,1.9568275163,1,5,1,2.0,0.0,0.0,0.0,0.0,0.0,1.0,0.0,Male,4,White
2011476723.0,47,Tennessee,7063325,47011,Bradley,110790.0,6.35893747798944,11.017150217,2,1,1,2.0,1.0,1.0,0.0,0.0,1.0,0.0,0.0,Female,1,White
1984263223.0,47,Tennessee,7063325,47089,Jefferson,56695.0,4.68422006172232,,1,5,1,2.0,1.0,1.0,1.0,0.0,1.0,1.0,1.0,Male,4,White
2010460239.0,47,Tennessee,7063325,47155,Sevier,99362.0,0.783235870107957,0.5244832094,2,6,1,2.0,1.0,1.0,1.0,1.0,1.0,0.0,1.0,Female,4,White
2012191757.0,47,Tennessee,7063325,47157,Shelby,919092.0,1.11190057959358,5.5433333188,1,1,2,2.0,0.0,0.0,0.0,0.0,1.0,1.0,0.0,Male,1,Black
2008912473.0,47,Tennessee,7063325,47079,Henry,32328.0,1.56534681192378,0.5484844148,2,4,1,2.0,1.0,0.0,0.0,1.0,1.0,1.0,1.0,Female,3,White
1982903543.0,47,Tennessee,7063325,47171,Unicoi,17607.0,2.3507272227995,,2,2,1,2.0,1.0,1.0,1.0,1.0,0.0,1.0,0.0,Female,2,White
2003092389.0,47,Tennessee,7063325,47053,Gibson,50891.0,1.59444239043215,1.1489337615,1,6,1,2.0,0.0,0.0,0.0,0.0,1.0,1.0,0.0,Male,4,White
2029579537.0,47,Tennessee,7063325,47017,Carroll,28428.0,2.57448623092923,,1,2,1,2.0,0.0,1.0,0.0,0.0,1.0,0.0,0.0,Male,2,White
2041406737.0,47,Tennessee,7063325,47117,Marshall,35857.0,1.12371457470023,2.2291732121,1,2,1,2.0,1.0,1.0,1.0,1.0,1.0,1.0,1.0,Male,2,White
2034774805.0,47,Tennessee,7063325,47025,Claiborne,32371.0,0.402498559397953,0.4446222464,1,5,1,2.0,1.0,1.0,1.0,1.0,1.0,0.0,1.0,Male,4,White
2021496357.0,47,Tennessee,7063325,47065,Hamilton,375738.0,1.64025376764536,,2,2,1,2.0,1.0,1.0,0.0,0.0,1.0,1.0,1.0,Female,2,White
1999335149.0,47,Tennessee,7063325,47001,Anderson,79042.0,1.49031432228475,,1,3,2,2.0,1.0,1.0,1.0,1.0,1.0,1.0,1.0,Male,3,Black
2020872857.0,47,Tennessee,7063325,47115,Marion,29061.0,2.50954638433694,1.3331654166,2,2,1,2.0,1.0,1.0,0.0,0.0,1.0,0.0,0.0,Female,2,White
1995906541.0,47,Tennessee,7063325,47157,Shelby,919092.0,0.176681793060934,0.5543491092,1,5,1,2.0,1.0,0.0,0.0,0.0,1.0,0.0,1.0,Male,4,White
2014374103.0,47,Tennessee,7063325,47011,Bradley,110790.0,2.3507272227995,,2,2,1,2.0,1.0,1.0,1.0,1.0,1.0,1.0,1.0,Female,2,White
2014660203.0,47,Tennessee,7063325,47043,Dickson,55777.0,0.752951125608469,0.8349162078,1,3,1,2.0,0.0,0.0,0.0,0.0,0.0,1.0,0.0,Male,3,White
2014441145.0,47,Tennessee,7063325,47053,Gibson,50891.0,2.72913426809101,,2,1,1,2.0,1.0,1.0,0.0,0.0,1.0,0.0,1.0,Female,1,White
2012148747.0,47,Tennessee,7063325,47157,Shelby,919092.0,4.90201819860113,2.1166240041,2,6,2,2.0,1.0,1.0,1.0,1.0,1.0,0.0,1.0,Female,4,Black
2029574521.0,47,Tennessee,7063325,47147,Robertson,75402.0,2.07289803663123,2.6655837039,1,2,1,2.0,1.0,1.0,1.0,1.0,1.0,0.0,1.0,Male,2,White
2036915701.0,47,Tennessee,7063325,47037,Davidson,712156.0,0.745553393396314,0.5121462012,2,5,2,2.0,1.0,1.0,1.0,1.0,1.0,0.0,1.0,Female,4,Black
2034404957.0,47,Tennessee,7063325,47107,McMinn,54732.0,2.72913426809101,,2,1,1,2.0,0.0,0.0,1.0,0.0,0.0,0.0,1.0,Female,1,White
2023868935.0,47,Tennessee,7063325,47071,Hardin,27215.0,0.139438687947519,0.461565792,2,2,1,2.0,0.0,1.0,0.0,0.0,1.0,1.0,0.0,Female,2,White
2018439827.0,31,Nebraska,1972595,31003,Antelope,6300.0,3.86271632254123,,2,2,1,2.0,1.0,0.0,1.0,0.0,0.0,1.0,1.0,Female,2,White
1993290355.0,31,Nebraska,1972595,31055,Douglas,587963.0,0.901164876787538,0.825053511,2,2,1,2.0,0.0,0.0,0.0,0.0,0.0,1.0,0.0,Female,2,White
2035032269.0,31,Nebraska,1972595,31001,Adams,31016.0,3.26205205169048,2.1948434732,2,1,3,,1.0,1.0,1.0,1.0,1.0,0.0,1.0,Female,1,Hispanic
2019646331.0,31,Nebraska,1972595,31053,Dodge,37198.0,4.22487823985353,,1,4,1,2.0,1.0,1.0,1.0,0.0,1.0,1.0,1.0,Male,3,White
2012067757.0,31,Nebraska,1972595,31055,Douglas,587963.0,0.8885158815477,0.8659575481,2,2,1,2.0,1.0,0.0,0.0,0.0,0.0,1.0,0.0,Female,2,White
2012480881.0,31,Nebraska,1972595,31109,Lancaster,325122.0,1.01505219168754,1.2192607983,1,2,1,2.0,0.0,0.0,0.0,0.0,0.0,1.0,0.0,Male,2,White
2042373859.0,31,Nebraska,1972595,31109,Lancaster,325122.0,4.28890130504381,,2,5,1,2.0,1.0,1.0,1.0,1.0,1.0,0.0,1.0,Female,4,White
2028163763.0,31,Nebraska,1972595,31055,Douglas,587963.0,0.561293510098334,1.8483365934,1,3,1,2.0,1.0,1.0,1.0,0.0,1.0,1.0,0.0,Male,3,White
2014234101.0,31,Nebraska,1972595,31025,Cass,27177.0,3.16933834383158,,1,2,3,1.0,1.0,1.0,1.0,1.0,0.0,1.0,1.0,Male,2,Hispanic
2028495533.0,31,Nebraska,1972595,31159,Seward,17628.0,0.762672214453115,0.3688667623,1,2,1,2.0,0.0,1.0,0.0,0.0,0.0,1.0,0.0,Male,2,White
2014498525.0,31,Nebraska,1972595,31109,Lancaster,325122.0,1.42073335829279,,2,5,1,2.0,0.0,0.0,0.0,0.0,0.0,1.0,0.0,Female,4,White
2014998037.0,31,Nebraska,1972595,31055,Douglas,587963.0,0.376374279519905,0.5214133419,2,6,1,2.0,0.0,1.0,1.0,0.0,0.0,0.0,1.0,Female,4,White
2012566179.0,31,Nebraska,1972595,31109,Lancaster,325122.0,3.93835242267755,2.4962925509,1,5,1,2.0,0.0,0.0,0.0,0.0,0.0,1.0,0.0,Male,4,White
2014945383.0,31,Nebraska,1972595,31153,Sarpy,196569.0,0.86164999123557,1.3858771034,2,3,1,2.0,1.0,1.0,1.0,1.0,1.0,1.0,1.0,Female,3,White
2032877737.0,31,Nebraska,1972595,31031,Cherry,5492.0,4.25074809900445,,2,4,1,2.0,0.0,1.0,1.0,1.0,1.0,0.0,0.0,Female,3,White
1993719821.0,31,Nebraska,1972595,31055,Douglas,587963.0,6.70752166544458,2.2038621031,1,6,1,2.0,1.0,0.0,0.0,0.0,0.0,1.0,0.0,Male,4,White
2038790415.0,31,Nebraska,1972595,31053,Dodge,37198.0,0.7225260398154,2.1778349566,1,2,1,2.0,1.0,1.0,1.0,0.0,1.0,1.0,1.0,Male,2,White
2012395341.0,31,Nebraska,1972595,31161,Sheridan,5003.0,0.497460938611728,0.4189321168,2,2,1,2.0,1.0,1.0,0.0,0.0,1.0,0.0,1.0,Female,2,White
2031159063.0,31,Nebraska,1972595,31055,Douglas,587963.0,0.962366039377443,0.9467714812,1,6,1,2.0,0.0,0.0,0.0,0.0,0.0,1.0,0.0,Male,4,White
2030246975.0,31,Nebraska,1972595,31001,Adams,31016.0,1.32970248891077,1.360861915,1,5,1,2.0,0.0,0.0,0.0,0.0,0.0,1.0,0.0,Male,4,White
2026995295.0,31,Nebraska,1972595,31153,Sarpy,196569.0,3.20315917212658,,1,2,1,2.0,1.0,1.0,1.0,1.0,1.0,0.0,1.0,Male,2,White
2036916939.0,31,Nebraska,1972595,31107,Knox,8325.0,1.19937420810713,0.4096670564,2,2,1,2.0,0.0,0.0,0.0,0.0,0.0,1.0,0.0,Female,2,White
2016967795.0,31,Nebraska,1972595,31109,Lancaster,325122.0,0.984428693194053,1.1970795597,2,3,1,2.0,0.0,0.0,0.0,0.0,0.0,1.0,0.0,Female,3,White
2036171081.0,31,Nebraska,1972595,31179,Wayne,9940.0,0.342215828231254,,1,3,2,2.0,1.0,1.0,1.0,1.0,1.0,0.0,1.0,Male,3,Black
2026740237.0,31,Nebraska,1972595,31055,Douglas,587963.0,0.272736893133763,1.2581007729,2,3,1,2.0,1.0,1.0,1.0,1.0,0.0,0.0,0.0,Female,3,White
2011326533.0,31,Nebraska,1972595,31153,Sarpy,196569.0,0.75859260820418,0.7254353097,2,5,1,2.0,1.0,1.0,1.0,1.0,1.0,1.0,1.0,Female,4,White
2013599063.0,31,Nebraska,1972595,31161,Sheridan,5003.0,1.5943239502783,1.6099148008,2,5,1,2.0,0.0,0.0,1.0,0.0,1.0,1.0,0.0,Female,4,White
2011076137.0,31,Nebraska,1972595,31151,Saline,14693.0,0.741808472410401,0.474933051,2,5,1,2.0,1.0,1.0,0.0,0.0,1.0,1.0,1.0,Female,4,White
2009710851.0,31,Nebraska,1972595,31055,Douglas,587963.0,10.1689207838558,2.0055379051,1,5,1,2.0,1.0,1.0,1.0,1.0,1.0,0.0,1.0,Male,4,White
2015092645.0,04,Arizona,7370065,04013,Maricopa,4559561.0,0.999679480344566,0.9577993135,2,5,1,2.0,0.0,0.0,0.0,0.0,1.0,1.0,0.0,Female,4,White
2026833525.0,04,Arizona,7370065,04013,Maricopa,4559561.0,3.0982425133319,1.638895569,1,5,2,2.0,1.0,1.0,0.0,1.0,1.0,1.0,1.0,Male,4,Black
2010242145.0,04,Arizona,7370065,04013,Maricopa,4559561.0,2.49909584720658,0.838074756,1,2,1,2.0,1.0,1.0,1.0,1.0,1.0,0.0,1.0,Male,2,White
2036373679.0,04,Arizona,7370065,04013,Maricopa,4559561.0,10.9555658780432,,1,2,3,,1.0,,1.0,1.0,1.0,0.0,1.0,Male,2,Hispanic
2013325561.0,04,Arizona,7370065,04027,Yuma,209117.0,5.04467095319774,,1,3,1,2.0,0.0,0.0,0.0,0.0,1.0,1.0,0.0,Male,3,White
2011849929.0,04,Arizona,7370065,04013,Maricopa,4559561.0,2.15118566675244,3.3577153732,1,1,1,2.0,0.0,0.0,0.0,0.0,0.0,1.0,0.0,Male,1,White
1998401257.0,04,Arizona,7370065,04019,Pima,1058224.0,0.696120105545993,0.7828818995,2,5,1,2.0,0.0,0.0,0.0,0.0,0.0,1.0,0.0,Female,4,White
2015763769.0,04,Arizona,7370065,04019,Pima,1058224.0,2.43967947735997,5.5917583281,1,5,2,2.0,0.0,0.0,0.0,0.0,0.0,1.0,0.0,Male,4,Black
1995141097.0,04,Arizona,7370065,04013,Maricopa,4559561.0,1.12998452582656,1.140502882,1,6,1,2.0,1.0,1.0,0.0,0.0,0.0,1.0,0.0,Male,4,White
2031592847.0,04,Arizona,7370065,04013,Maricopa,4559561.0,2.66604130497065,,2,2,1,2.0,1.0,1.0,1.0,1.0,1.0,1.0,1.0,Female,2,White
2012146037.0,04,Arizona,7370065,04013,Maricopa,4559561.0,3.24467589621737,,2,2,1,2.0,0.0,1.0,0.0,0.0,0.0,1.0,1.0,Female,2,White
2043476451.0,04,Arizona,7370065,04013,Maricopa,4559561.0,1.35463157993099,1.2688709642,2,5,3,1.0,1.0,1.0,1.0,1.0,1.0,0.0,1.0,Female,4,Hispanic
2014013525.0,04,Arizona,7370065,04017,Navajo,108671.0,5.44100531292553,,2,2,5,2.0,1.0,1.0,1.0,1.0,1.0,1.0,1.0,Female,2,Other
2023300127.0,04,Arizona,7370065,04019,Pima,1058224.0,0.39085308112782,,1,2,3,,,1.0,1.0,1.0,1.0,1.0,1.0,Male,2,Hispanic
2011510905.0,04,Arizona,7370065,04013,Maricopa,4559561.0,3.03134419782749,,1,5,1,2.0,1.0,1.0,0.0,1.0,1.0,1.0,1.0,Male,4,White
2029020415.0,04,Arizona,7370065,04013,Maricopa,4559561.0,2.34898609555754,,1,3,5,2.0,1.0,1.0,1.0,1.0,1.0,1.0,1.0,Male,3,Other
2017381445.0,04,Arizona,7370065,04013,Maricopa,4559561.0,0.556008171603353,,2,3,1,2.0,0.0,1.0,1.0,1.0,1.0,1.0,1.0,Female,3,White
2013432127.0,04,Arizona,7370065,04025,Yavapai,246237.0,0.604266634575024,,2,5,1,2.0,1.0,1.0,1.0,1.0,1.0,1.0,1.0,Female,4,White
2010818721.0,04,Arizona,7370065,04025,Yavapai,246237.0,1.49003572572387,1.5774711658,2,5,1,2.0,1.0,1.0,1.0,1.0,1.0,0.0,1.0,Female,4,White
1998468853.0,04,Arizona,7370065,04013,Maricopa,4559561.0,1.42863683487473,2.4813618619,1,2,1,2.0,0.0,1.0,1.0,1.0,0.0,0.0,0.0,Male,2,White
1997948121.0,04,Arizona,7370065,04015,Mohave,220791.0,9.49578533894093,,1,1,4,2.0,1.0,1.0,1.0,0.0,1.0,1.0,1.0,Male,1,Other
2045995929.0,04,Arizona,7370065,04013,Maricopa,4559561.0,4.76638740293567,,1,1,1,2.0,0.0,0.0,1.0,1.0,0.0,0.0,0.0,Male,1,White
2015506277.0,04,Arizona,7370065,04015,Mohave,220791.0,14.9200984194786,2.6656702111,1,1,1,2.0,1.0,0.0,0.0,0.0,1.0,1.0,0.0,Male,1,White
1983223545.0,04,Arizona,7370065,04021,Pinal,465550.0,0.529500548821668,0.6637502660000001,1,2,1,2.0,0.0,0.0,0.0,0.0,0.0,1.0,0.0,Male,2,White
2042374645.0,04,Arizona,7370065,04015,Mohave,220791.0,3.27535090461435,,2,1,1,2.0,1.0,1.0,1.0,0.0,1.0,1.0,1.0,Female,1,White
1992898003.0,04,Arizona,7370065,04019,Pima,1058224.0,0.203762445305537,,1,6,1,1.0,1.0,1.0,1.0,1.0,1.0,0.0,1.0,Male,4,Hispanic
2015533203.0,04,Arizona,7370065,04013,Maricopa,4559561.0,7.49027332095308,,2,4,2,2.0,0.0,0.0,0.0,0.0,0.0,0.0,0.0,Female,3,Black
2034444065.0,04,Arizona,7370065,04019,Pima,1058224.0,11.6716290821079,,1,3,3,,1.0,1.0,1.0,1.0,1.0,0.0,1.0,Male,3,Hispanic
2041057261.0,04,Arizona,7370065,04013,Maricopa,4559561.0,3.33365301830346,2.8755390418,2,6,3,1.0,1.0,1.0,0.0,1.0,0.0,1.0,1.0,Female,4,Hispanic
2034417941.0,04,Arizona,7370065,04021,Pinal,465550.0,3.88179124730491,,2,3,3,,1.0,1.0,1.0,1.0,1.0,1.0,1.0,Female,3,Hispanic
2017126407.0,04,Arizona,7370065,04013,Maricopa,4559561.0,0.619157062249837,0.6568621955,2,3,1,2.0,1.0,1.0,1.0,1.0,1.0,0.0,1.0,Female,3,White
2040052203.0,04,Arizona,7370065,04013,Maricopa,4559561.0,11.5542563783882,,1,2,3,,1.0,1.0,1.0,1.0,1.0,1.0,1.0,Male,2,Hispanic
1995101929.0,04,Arizona,7370065,04013,Maricopa,4559561.0,0.425467371768308,,1,3,1,2.0,1.0,1.0,1.0,1.0,0.0,0.0,1.0,Male,3,White
2045077221.0,04,Arizona,7370065,04007,Gila,53902.0,0.889347136356771,,1,4,5,2.0,1.0,0.0,1.0,0.0,1.0,1.0,1.0,Male,3,Other
2038693933.0,04,Arizona,7370065,04013,Maricopa,4559561.0,0.590814345055278,0.5483688950000001,1,3,1,2.0,0.0,0.0,0.0,0.0,0.0,1.0,0.0,Male,3,White
2040652431.0,04,Arizona,7370065,04019,Pima,1058224.0,5.30515539909469,,1,5,1,2.0,0.0,0.0,0.0,1.0,1.0,1.0,0.0,Male,4,White
2010042729.0,04,Arizona,7370065,04013,Maricopa,4559561.0,0.79786607632292,0.8743076563000001,1,6,1,2.0,1.0,1.0,1.0,1.0,0.0,0.0,1.0,Male,4,White
1998290657.0,04,Arizona,7370065,04013,Maricopa,4559561.0,0.536459807167395,0.4815017454,1,3,1,2.0,1.0,1.0,1.0,1.0,1.0,1.0,1.0,Male,3,White
2031250655.0,04,Arizona,7370065,04019,Pima,1058224.0,1.10387146336499,,1,2,3,,1.0,1.0,1.0,1.0,1.0,1.0,1.0,Male,2,Hispanic
2019843045.0,04,Arizona,7370065,04019,Pima,1058224.0,2.46834210181791,1.9516901249,2,3,1,2.0,0.0,1.0,0.0,0.0,1.0,1.0,0.0,Female,3,White
2020339687.0,04,Arizona,7370065,04019,Pima,1058224.0,11.6857864025317,2.6422208496,2,1,3,1.0,1.0,1.0,1.0,1.0,1.0,0.0,1.0,Female,1,Hispanic
2036914819.0,04,Arizona,7370065,04013,Maricopa,4559561.0,5.80165483723115,6.7775903991,1,2,3,1.0,0.0,0.0,0.0,0.0,0.0,1.0,0.0,Male,2,Hispanic
2010517019.0,04,Arizona,7370065,04013,Maricopa,4559561.0,2.70968331115233,,1,2,1,2.0,1.0,1.0,1.0,1.0,1.0,1.0,1.0,Male,2,White
2015298927.0,04,Arizona,7370065,04021,Pinal,465550.0,0.801971999533737,,1,3,1,2.0,0.0,0.0,0.0,0.0,0.0,1.0,0.0,Male,3,White
1998368841.0,04,Arizona,7370065,04021,Pinal,465550.0,1.16154841947092,1.1121682682,2,3,7,2.0,0.0,0.0,1.0,0.0,1.0,1.0,0.0,Female,3,Other
2008677913.0,04,Arizona,7370065,04013,Maricopa,4559561.0,4.43850227905726,6.1609595851,1,5,1,2.0,1.0,0.0,0.0,0.0,0.0,1.0,0.0,Male,4,White
1998612605.0,04,Arizona,7370065,04021,Pinal,465550.0,0.932545247511443,0.3515366545,2,4,1,2.0,0.0,0.0,0.0,0.0,1.0,1.0,0.0,Female,3,White
2036810301.0,04,Arizona,7370065,04013,Maricopa,4559561.0,5.99565016248844,3.4434717658,1,3,1,2.0,1.0,1.0,1.0,1.0,1.0,0.0,1.0,Male,3,White
2033647961.0,04,Arizona,7370065,04017,Navajo,108671.0,0.647326905661206,,2,3,1,2.0,1.0,0.0,1.0,0.0,1.0,0.0,1.0,Female,3,White
2020784313.0,04,Arizona,7370065,04019,Pima,1058224.0,0.936799139010321,,2,2,1,2.0,1.0,1.0,1.0,0.0,0.0,0.0,1.0,Female,2,White
2014402183.0,04,Arizona,7370065,04013,Maricopa,4559561.0,1.98903659789733,1.4240116752,2,6,1,2.0,1.0,1.0,1.0,1.0,1.0,1.0,0.0,Female,4,White
2031381371.0,04,Arizona,7370065,04007,Gila,53902.0,1.24113882660986,1.0601626636,2,4,1,2.0,0.0,0.0,1.0,0.0,1.0,1.0,0.0,Female,3,White
2036914985.0,04,Arizona,7370065,04019,Pima,1058224.0,8.9339647320311,,2,1,3,1.0,1.0,1.0,1.0,1.0,0.0,1.0,0.0,Female,1,Hispanic
2039230565.0,04,Arizona,7370065,04013,Maricopa,4559561.0,1.43727080217723,1.2556535821,1,5,1,2.0,0.0,0.0,0.0,0.0,0.0,1.0,0.0,Male,4,White
2020588703.0,04,Arizona,7370065,04013,Maricopa,4559561.0,0.610543817752164,0.4080628496,1,3,1,1.0,0.0,0.0,0.0,0.0,0.0,1.0,0.0,Male,3,Hispanic
2037132007.0,04,Arizona,7370065,04013,Maricopa,4559561.0,0.786323907524053,0.7025234382000001,1,3,1,2.0,0.0,0.0,0.0,0.0,0.0,1.0,0.0,Male,3,White
2017522587.0,04,Arizona,7370065,04021,Pinal,465550.0,2.19105820806231,7.9669149189,1,2,3,1.0,0.0,0.0,0.0,0.0,1.0,1.0,0.0,Male,2,Hispanic
2017479701.0,04,Arizona,7370065,04013,Maricopa,4559561.0,6.07637049126512,5.469029775,1,5,1,2.0,1.0,1.0,1.0,1.0,1.0,0.0,1.0,Male,4,White
2038969685.0,04,Arizona,7370065,04019,Pima,1058224.0,8.28855104196818,,1,2,1,2.0,1.0,1.0,1.0,1.0,1.0,0.0,1.0,Male,2,White
2013112625.0,04,Arizona,7370065,04003,Cochise,125418.0,0.906852705903362,0.8153781671,2,6,1,2.0,1.0,1.0,1.0,1.0,0.0,1.0,1.0,Female,4,White
2015055727.0,04,Arizona,7370065,04013,Maricopa,4559561.0,1.3304888106307,0.4881533853,2,5,1,2.0,1.0,1.0,1.0,0.0,1.0,1.0,0.0,Female,4,White
2012189095.0,04,Arizona,7370065,04005,Coconino,144078.0,1.49003572572387,1.5774711658,2,5,1,2.0,1.0,1.0,1.0,1.0,1.0,1.0,1.0,Female,4,White
2019951905.0,04,Arizona,7370065,04019,Pima,1058224.0,3.36941713288284,,1,1,1,1.0,1.0,1.0,1.0,1.0,0.0,1.0,0.0,Male,1,Hispanic
2021915613.0,04,Arizona,7370065,04025,Yavapai,246237.0,0.999679480344566,0.9577993135,2,5,1,2.0,0.0,0.0,0.0,0.0,0.0,1.0,0.0,Female,4,White
2031149245.0,04,Arizona,7370065,04013,Maricopa,4559561.0,1.3304888106307,1.2270507553,2,5,1,2.0,0.0,0.0,0.0,0.0,0.0,1.0,0.0,Female,4,White
2016063545.0,04,Arizona,7370065,04013,Maricopa,4559561.0,2.07976802246224,,1,5,3,,1.0,0.0,0.0,1.0,1.0,1.0,1.0,Male,4,Hispanic
2011390277.0,04,Arizona,7370065,04019,Pima,1058224.0,0.619157062249837,0.6568621955,2,3,1,2.0,1.0,1.0,1.0,1.0,1.0,0.0,1.0,Female,3,White
2013490059.0,04,Arizona,7370065,04025,Yavapai,246237.0,0.567598037183613,,1,3,3,,1.0,1.0,1.0,1.0,1.0,1.0,1.0,Male,3,Hispanic
2010680191.0,04,Arizona,7370065,04013,Maricopa,4559561.0,3.03134419782749,,1,5,1,2.0,1.0,1.0,1.0,0.0,1.0,0.0,1.0,Male,4,White
2022336155.0,04,Arizona,7370065,04021,Pinal,465550.0,2.18171429336264,2.2616869572,2,5,1,2.0,0.0,0.0,0.0,0.0,1.0,1.0,0.0,Female,4,White
2021201737.0,04,Arizona,7370065,04019,Pima,1058224.0,0.464413310404497,,2,4,3,1.0,1.0,1.0,1.0,1.0,1.0,1.0,1.0,Female,3,Hispanic
2037403099.0,04,Arizona,7370065,04025,Yavapai,246237.0,0.425467371768308,,1,3,1,2.0,1.0,0.0,0.0,1.0,0.0,1.0,1.0,Male,3,White
1999637091.0,04,Arizona,7370065,04025,Yavapai,246237.0,0.696120105545993,0.7828818995,2,5,1,2.0,0.0,0.0,0.0,0.0,0.0,1.0,0.0,Female,4,White
2036926395.0,04,Arizona,7370065,04019,Pima,1058224.0,0.143917311638099,1.8274312514,1,4,4,2.0,1.0,1.0,1.0,1.0,1.0,1.0,1.0,Male,3,Other
2020960327.0,04,Arizona,7370065,04019,Pima,1058224.0,0.771107552457212,,1,5,3,,0.0,1.0,1.0,1.0,0.0,0.0,0.0,Male,4,Hispanic
2026639485.0,04,Arizona,7370065,04013,Maricopa,4559561.0,3.36941713288284,,1,1,3,2.0,0.0,0.0,1.0,0.0,1.0,0.0,0.0,Male,1,Hispanic
2019665583.0,04,Arizona,7370065,04019,Pima,1058224.0,1.00604230163991,0.9664490025,2,5,3,,1.0,1.0,0.0,0.0,0.0,1.0,1.0,Female,4,Hispanic
1995238905.0,04,Arizona,7370065,04019,Pima,1058224.0,2.90367714090876,2.8974803490000003,2,5,1,2.0,1.0,1.0,1.0,1.0,1.0,1.0,1.0,Female,4,White
2018613963.0,04,Arizona,7370065,04019,Pima,1058224.0,0.567598037183613,,1,4,3,,1.0,1.0,1.0,1.0,1.0,1.0,1.0,Male,3,Hispanic
2012775769.0,04,Arizona,7370065,04013,Maricopa,4559561.0,0.232806606656932,0.6853618495,2,5,1,2.0,1.0,1.0,1.0,1.0,1.0,0.0,1.0,Female,4,White
2014166175.0,04,Arizona,7370065,04013,Maricopa,4559561.0,1.32923278450232,1.1581134205,2,6,1,2.0,0.0,0.0,0.0,0.0,0.0,1.0,0.0,Female,4,White
2030693189.0,04,Arizona,7370065,04013,Maricopa,4559561.0,0.753522767694061,,1,3,6,1.0,1.0,1.0,1.0,1.0,0.0,0.0,1.0,Male,3,Hispanic
2018823035.0,04,Arizona,7370065,04013,Maricopa,4559561.0,1.68579264764697,1.6040340191,2,4,1,2.0,1.0,1.0,1.0,1.0,1.0,0.0,1.0,Female,3,White
1998232533.0,04,Arizona,7370065,04019,Pima,1058224.0,0.454023326175262,0.5233452928,2,5,1,2.0,1.0,1.0,1.0,1.0,1.0,0.0,1.0,Female,4,White
1997465261.0,04,Arizona,7370065,04021,Pinal,465550.0,4.98723370022688,,1,3,1,2.0,0.0,0.0,0.0,0.0,0.0,1.0,1.0,Male,3,White
2010132869.0,04,Arizona,7370065,04013,Maricopa,4559561.0,0.140474355462871,0.5334742815,2,2,1,2.0,1.0,1.0,1.0,1.0,1.0,1.0,1.0,Female,2,White
2010261429.0,04,Arizona,7370065,04013,Maricopa,4559561.0,0.932545247511443,0.8275314342000001,2,4,1,2.0,0.0,0.0,0.0,0.0,0.0,1.0,0.0,Female,3,White
2021837377.0,04,Arizona,7370065,04019,Pima,1058224.0,4.98723370022688,,1,3,1,2.0,1.0,1.0,1.0,1.0,1.0,0.0,1.0,Male,3,White
2009861643.0,04,Arizona,7370065,04019,Pima,1058224.0,4.88611129819848,4.9301526367,1,5,1,2.0,1.0,1.0,1.0,1.0,1.0,0.0,1.0,Male,4,White
2039538621.0,04,Arizona,7370065,04013,Maricopa,4559561.0,0.561180196161431,0.7991514809,2,3,1,1.0,0.0,1.0,1.0,1.0,1.0,1.0,1.0,Female,3,Hispanic
2011029979.0,04,Arizona,7370065,04013,Maricopa,4559561.0,0.932545247511443,0.8275314342000001,2,3,1,2.0,0.0,0.0,0.0,0.0,0.0,1.0,0.0,Female,3,White
1995683615.0,04,Arizona,7370065,04013,Maricopa,4559561.0,0.926476965361713,1.0029614895,2,5,1,2.0,0.0,0.0,0.0,0.0,0.0,1.0,0.0,Female,4,White
2037620303.0,04,Arizona,7370065,04013,Maricopa,4559561.0,3.16697205421679,,1,3,1,2.0,0.0,1.0,1.0,0.0,0.0,1.0,1.0,Male,3,White
2013112455.0,04,Arizona,7370065,04025,Yavapai,246237.0,7.34120605868667,,2,3,1,2.0,0.0,1.0,0.0,0.0,0.0,1.0,0.0,Female,3,White
2015904915.0,04,Arizona,7370065,04013,Maricopa,4559561.0,1.35463157993099,1.2166486707,2,5,3,1.0,1.0,1.0,0.0,1.0,0.0,1.0,1.0,Female,4,Hispanic
2043870685.0,04,Arizona,7370065,04017,Navajo,108671.0,0.602571735544876,0.8334036211,1,3,1,2.0,0.0,0.0,0.0,0.0,1.0,1.0,0.0,Male,3,White
2043011769.0,04,Arizona,7370065,04027,Yuma,209117.0,0.556008171603353,0.6369726645,2,3,1,2.0,1.0,1.0,1.0,1.0,1.0,1.0,1.0,Female,3,White
1998328261.0,04,Arizona,7370065,04013,Maricopa,4559561.0,6.09323623761112,,2,2,1,2.0,1.0,1.0,1.0,1.0,1.0,0.0,1.0,Female,2,White
2026742355.0,04,Arizona,7370065,04019,Pima,1058224.0,15.0614388091749,,1,1,3,1.0,0.0,1.0,1.0,1.0,1.0,1.0,1.0,Male,1,Hispanic
2045074689.0,04,Arizona,7370065,04019,Pima,1058224.0,0.999679480344566,0.9577993135,2,5,1,2.0,0.0,0.0,0.0,0.0,0.0,1.0,0.0,Female,4,White
2043494435.0,04,Arizona,7370065,04003,Cochise,125418.0,4.77259308504219,,2,3,5,1.0,1.0,1.0,1.0,0.0,1.0,1.0,0.0,Female,3,Hispanic
1999239529.0,04,Arizona,7370065,04013,Maricopa,4559561.0,1.3304888106307,,2,5,1,2.0,0.0,0.0,0.0,0.0,0.0,1.0,0.0,Female,4,White
2012538623.0,04,Arizona,7370065,04013,Maricopa,4559561.0,1.00714443305359,0.6308458946000001,2,6,2,2.0,1.0,1.0,1.0,1.0,1.0,0.0,1.0,Female,4,Black
1999481001.0,04,Arizona,7370065,04013,Maricopa,4559561.0,0.232806606656932,0.6853618495,2,5,1,2.0,1.0,1.0,1.0,1.0,1.0,1.0,1.0,Female,4,White
2033231035.0,04,Arizona,7370065,04019,Pima,1058224.0,15.0614388091749,,1,3,1,2.0,1.0,1.0,0.0,1.0,1.0,1.0,1.0,Male,3,White
2012551687.0,04,Arizona,7370065,04021,Pinal,465550.0,1.88907510057249,,1,5,1,2.0,0.0,0.0,0.0,0.0,0.0,1.0,0.0,Male,4,White
2013694105.0,04,Arizona,7370065,04013,Maricopa,4559561.0,0.995565775967517,1.1578161044,2,5,7,2.0,0.0,0.0,0.0,0.0,0.0,1.0,0.0,Female,4,Other
1998363461.0,04,Arizona,7370065,04012,La Paz,16460.0,1.32923278450232,1.1581134205,2,6,1,2.0,0.0,0.0,0.0,0.0,0.0,1.0,0.0,Female,4,White
2012539115.0,04,Arizona,7370065,04015,Mohave,220791.0,2.66604130497065,,2,2,1,2.0,1.0,1.0,1.0,1.0,1.0,0.0,1.0,Female,2,White
1999570411.0,04,Arizona,7370065,04013,Maricopa,4559561.0,0.84675168746631,0.5923750144000001,2,4,1,2.0,1.0,1.0,1.0,1.0,1.0,0.0,1.0,Female,3,White
2014459981.0,49,Utah,3393928,49053,Washington,197936.0,0.844663184533717,,2,2,1,2.0,0.0,1.0,1.0,1.0,0.0,0.0,1.0,Female,2,White
2004252649.0,49,Utah,3393928,49035,Salt Lake,1194746.0,5.71061778127029,,1,3,1,2.0,1.0,0.0,0.0,0.0,1.0,1.0,1.0,Male,3,White
2043575555.0,49,Utah,3393928,49035,Salt Lake,1194746.0,1.06260750297574,,1,2,1,2.0,1.0,1.0,0.0,0.0,1.0,1.0,1.0,Male,2,White
2017114971.0,49,Utah,3393928,49049,Utah,705241.0,1.91082258686285,2.0434858597,1,5,1,2.0,0.0,0.0,0.0,0.0,0.0,1.0,0.0,Male,4,White
2010451329.0,49,Utah,3393928,49053,Washington,197936.0,0.781866240301087,0.803559896,2,3,1,2.0,1.0,1.0,1.0,1.0,1.0,0.0,1.0,Female,3,White
1998593829.0,49,Utah,3393928,49035,Salt Lake,1194746.0,1.12417523603311,1.2941617697,2,2,1,2.0,0.0,1.0,0.0,0.0,0.0,1.0,0.0,Female,2,White
2010067463.0,49,Utah,3393928,49035,Salt Lake,1194746.0,1.91082258686285,,1,5,1,2.0,1.0,1.0,1.0,0.0,1.0,0.0,1.0,Male,4,White
1997587487.0,49,Utah,3393928,49049,Utah,705241.0,1.01441239803466,,1,6,1,2.0,1.0,1.0,1.0,1.0,1.0,0.0,1.0,Male,4,White
2000018447.0,49,Utah,3393928,49049,Utah,705241.0,0.316184176245821,,1,4,7,2.0,0.0,0.0,0.0,0.0,0.0,1.0,0.0,Male,3,Other
2014995633.0,49,Utah,3393928,49053,Washington,197936.0,0.609940900646895,,1,5,1,2.0,0.0,0.0,0.0,0.0,1.0,1.0,0.0,Male,4,White
2030986511.0,49,Utah,3393928,49035,Salt Lake,1194746.0,2.18345562057595,,3,2,1,2.0,1.0,1.0,1.0,1.0,1.0,0.0,1.0,,2,White
1998501221.0,49,Utah,3393928,49035,Salt Lake,1194746.0,2.19428274240687,,1,4,1,2.0,1.0,1.0,1.0,0.0,1.0,0.0,1.0,Male,3,White
2014545207.0,49,Utah,3393928,49035,Salt Lake,1194746.0,1.7536165199468,1.3210029840000002,2,3,1,2.0,1.0,1.0,1.0,1.0,1.0,1.0,1.0,Female,3,White
2017430661.0,49,Utah,3393928,49049,Utah,705241.0,0.575625579004644,0.413790728,1,4,3,1.0,1.0,1.0,1.0,1.0,1.0,0.0,1.0,Male,3,Hispanic
2009943663.0,49,Utah,3393928,49035,Salt Lake,1194746.0,0.920394969370479,1.3061783735,2,5,1,2.0,1.0,1.0,1.0,1.0,1.0,0.0,1.0,Female,4,White
2012892693.0,49,Utah,3393928,49049,Utah,705241.0,0.920394969370479,1.3061783735,2,5,1,2.0,1.0,1.0,1.0,1.0,1.0,1.0,1.0,Female,4,White
1998554177.0,49,Utah,3393928,49011,Davis,370527.0,2.30001228403821,1.3773894442,1,3,1,2.0,1.0,1.0,0.0,0.0,1.0,1.0,1.0,Male,3,White
2010837727.0,49,Utah,3393928,49057,Weber,269800.0,0.93627460169424,,1,5,1,2.0,1.0,1.0,1.0,1.0,1.0,0.0,1.0,Male,4,White
2014588947.0,49,Utah,3393928,49011,Davis,370527.0,1.13074606030783,,1,6,1,2.0,1.0,1.0,1.0,1.0,1.0,0.0,1.0,Male,4,White
2045795609.0,49,Utah,3393928,49057,Weber,269800.0,2.193562278012,,1,4,1,2.0,0.0,0.0,0.0,0.0,1.0,1.0,0.0,Male,3,White
2045863065.0,49,Utah,3393928,49039,Sanpete,29771.0,1.75146625151255,,2,4,1,2.0,1.0,1.0,0.0,1.0,0.0,1.0,1.0,Female,3,White
2036918139.0,49,Utah,3393928,49049,Utah,705241.0,0.97398339571752,1.1351988002,1,3,1,2.0,1.0,1.0,1.0,1.0,1.0,0.0,1.0,Male,3,White
2014459675.0,49,Utah,3393928,49057,Weber,269800.0,3.74607189969919,,1,2,1,2.0,1.0,1.0,1.0,1.0,1.0,1.0,1.0,Male,2,White
1998662963.0,49,Utah,3393928,49035,Salt Lake,1194746.0,0.848173795736408,0.7589756443,2,3,1,2.0,1.0,1.0,1.0,1.0,1.0,1.0,1.0,Female,3,White
2011151881.0,49,Utah,3393928,49053,Washington,197936.0,1.57259811905586,,2,2,1,2.0,0.0,1.0,0.0,0.0,0.0,1.0,0.0,Female,2,White
2011342047.0,49,Utah,3393928,49035,Salt Lake,1194746.0,0.97398339571752,,1,3,1,2.0,1.0,1.0,1.0,1.0,1.0,0.0,1.0,Male,3,White
1995132755.0,49,Utah,3393928,49035,Salt Lake,1194746.0,0.83450460634499,,2,6,1,2.0,1.0,1.0,1.0,1.0,1.0,0.0,1.0,Female,4,White
1998471235.0,49,Utah,3393928,49057,Weber,269800.0,1.36178073151237,1.0775051706,1,2,1,2.0,0.0,0.0,0.0,0.0,0.0,1.0,0.0,Male,2,White
2014495775.0,49,Utah,3393928,49011,Davis,370527.0,0.881022246177574,,2,5,1,2.0,1.0,1.0,1.0,1.0,1.0,0.0,1.0,Female,4,White
2012875669.0,49,Utah,3393928,49035,Salt Lake,1194746.0,7.6578511682913,,1,3,1,2.0,0.0,0.0,0.0,0.0,0.0,0.0,1.0,Male,3,White
2009678567.0,49,Utah,3393928,49035,Salt Lake,1194746.0,0.717980523943823,,2,5,1,2.0,1.0,1.0,1.0,1.0,1.0,0.0,1.0,Female,4,White
2033189779.0,49,Utah,3393928,49049,Utah,705241.0,2.33181902092211,3.6941761378,2,4,1,2.0,0.0,0.0,0.0,0.0,0.0,0.0,0.0,Female,3,White
2000438561.0,49,Utah,3393928,49053,Washington,197936.0,0.70115750214766,0.8834010705,2,2,1,2.0,1.0,1.0,1.0,1.0,1.0,0.0,1.0,Female,2,White
2039170945.0,49,Utah,3393928,49053,Washington,197936.0,0.542434503052875,,2,5,1,2.0,1.0,0.0,0.0,0.0,0.0,1.0,1.0,Female,4,White
2011607157.0,49,Utah,3393928,49057,Weber,269800.0,2.99537472217643,,2,2,1,2.0,1.0,1.0,1.0,1.0,1.0,1.0,1.0,Female,2,White
2018166513.0,49,Utah,3393928,49049,Utah,705241.0,0.676670188263284,,1,5,3,1.0,0.0,0.0,0.0,0.0,0.0,1.0,0.0,Male,4,Hispanic
2010088867.0,49,Utah,3393928,49003,Box Elder,61548.0,0.781866240301087,,2,3,1,2.0,1.0,1.0,1.0,1.0,1.0,1.0,1.0,Female,3,White
2015285909.0,49,Utah,3393928,49011,Davis,370527.0,1.87764220991559,,1,2,1,2.0,0.0,0.0,0.0,0.0,0.0,1.0,0.0,Male,2,White
2002853227.0,49,Utah,3393928,49029,Morgan,12857.0,0.848173795736408,,2,3,1,2.0,0.0,0.0,0.0,0.0,1.0,1.0,0.0,Female,3,White
2008742461.0,49,Utah,3393928,49049,Utah,705241.0,0.61856077154594,0.6880019898,1,3,1,2.0,0.0,0.0,0.0,0.0,0.0,1.0,0.0,Male,3,White
2025376509.0,49,Utah,3393928,49035,Salt Lake,1194746.0,0.613116062907456,,2,2,1,2.0,0.0,1.0,1.0,1.0,0.0,1.0,1.0,Female,2,White
2011514541.0,49,Utah,3393928,49049,Utah,705241.0,1.4998410201689,,1,1,1,2.0,0.0,0.0,0.0,0.0,0.0,1.0,0.0,Male,1,White
2009658237.0,49,Utah,3393928,49005,Cache,140419.0,2.5525090089898,,1,3,1,2.0,1.0,1.0,1.0,1.0,1.0,0.0,1.0,Male,3,White
2038227663.0,49,Utah,3393928,49035,Salt Lake,1194746.0,1.15728618097628,,2,5,1,2.0,1.0,1.0,1.0,1.0,1.0,0.0,1.0,Female,4,White
1996139805.0,49,Utah,3393928,49035,Salt Lake,1194746.0,1.48469960373669,,2,5,1,2.0,0.0,1.0,1.0,0.0,1.0,1.0,0.0,Female,4,White
2019762713.0,49,Utah,3393928,49049,Utah,705241.0,3.3951423167896,,2,4,1,2.0,0.0,0.0,1.0,0.0,0.0,0.0,0.0,Female,3,White
2018871609.0,49,Utah,3393928,49005,Cache,140419.0,2.18345562057595,0.3712106175,2,2,1,2.0,0.0,0.0,1.0,1.0,0.0,1.0,0.0,Female,2,White
2006857801.0,49,Utah,3393928,49049,Utah,705241.0,6.41454115625617,,2,4,1,2.0,,0.0,0.0,0.0,1.0,0.0,0.0,Female,3,White
2035420997.0,49,Utah,3393928,49035,Salt Lake,1194746.0,0.97398339571752,,1,3,1,2.0,1.0,1.0,1.0,1.0,1.0,0.0,1.0,Male,3,White
2011026905.0,49,Utah,3393928,49045,Tooele,80029.0,1.06260750297574,0.9331859468,1,2,1,2.0,0.0,0.0,0.0,0.0,1.0,1.0,0.0,Male,2,White
2010676703.0,49,Utah,3393928,49053,Washington,197936.0,0.1789667624913,,2,2,1,2.0,1.0,0.0,1.0,1.0,1.0,1.0,1.0,Female,2,White
2006816873.0,39,Ohio,11764950,39079,Jackson,32606.0,0.981995461543692,1.3220187278,2,2,1,2.0,1.0,0.0,1.0,1.0,0.0,0.0,1.0,Female,2,White
2040637429.0,39,Ohio,11764950,39049,Franklin,1326392.0,3.94613806650472,3.1958807096,1,5,1,2.0,1.0,0.0,1.0,1.0,0.0,1.0,0.0,Male,4,White
2033664285.0,39,Ohio,11764950,39099,Mahoning,225714.0,8.59664248472115,,1,2,6,2.0,1.0,0.0,0.0,0.0,0.0,1.0,0.0,Male,2,Other
2043545767.0,39,Ohio,11764950,39155,Trumbull,200537.0,6.16049656491515,,2,2,1,2.0,0.0,0.0,0.0,0.0,1.0,0.0,0.0,Female,2,White
2030803731.0,39,Ohio,11764950,39153,Summit,535956.0,1.12757431414087,1.2932896792,2,2,1,2.0,0.0,0.0,0.0,0.0,0.0,1.0,0.0,Female,2,White
2031019793.0,39,Ohio,11764950,39035,Cuyahoga,1237196.0,3.79077817945865,,1,2,1,2.0,1.0,1.0,1.0,1.0,1.0,1.0,1.0,Male,2,White
2017411699.0,39,Ohio,11764950,39015,Brown,43655.0,2.87774446413004,,2,4,1,2.0,1.0,1.0,1.0,1.0,1.0,1.0,1.0,Female,3,White
2040784549.0,39,Ohio,11764950,39045,Fairfield,163003.0,1.64847202350646,,2,2,8,2.0,1.0,1.0,1.0,1.0,0.0,1.0,1.0,Female,2,Other
2019607857.0,39,Ohio,11764950,39151,Stark,372531.0,3.55638964657487,1.7198561422,2,2,1,2.0,1.0,0.0,0.0,0.0,1.0,1.0,0.0,Female,2,White
2014520883.0,39,Ohio,11764950,39061,Hamilton,826532.0,7.04613595561536,,2,2,2,2.0,1.0,1.0,1.0,1.0,1.0,1.0,1.0,Female,2,Black
2030469915.0,39,Ohio,11764950,39033,Crawford,41479.0,2.3835900459864,3.6886705944,2,2,1,2.0,1.0,1.0,1.0,1.0,1.0,1.0,0.0,Female,2,White
2020601389.0,39,Ohio,11764950,39151,Stark,372531.0,0.822333074354826,0.5746580582,2,6,1,2.0,1.0,1.0,1.0,1.0,1.0,0.0,1.0,Female,4,White
2000420401.0,39,Ohio,11764950,39061,Hamilton,826532.0,2.09820744692849,1.6795587562,1,6,1,2.0,1.0,1.0,1.0,1.0,1.0,0.0,1.0,Male,4,White
2014969595.0,39,Ohio,11764950,39057,Greene,169266.0,1.14687472663366,1.1617555871,2,5,1,2.0,0.0,0.0,0.0,0.0,0.0,1.0,0.0,Female,4,White
2012323641.0,39,Ohio,11764950,39095,Lucas,426630.0,0.478990722243877,0.3249322015,2,5,2,2.0,1.0,1.0,1.0,1.0,1.0,0.0,1.0,Female,4,Black
2038735237.0,39,Ohio,11764950,39085,Lake,231698.0,3.18622579372236,,1,6,1,2.0,1.0,0.0,1.0,0.0,0.0,1.0,0.0,Male,4,White
2013622245.0,39,Ohio,11764950,39113,Montgomery,533913.0,0.662076125880955,0.5904780618000001,2,4,1,2.0,1.0,1.0,1.0,1.0,1.0,0.0,1.0,Female,3,White
2038080573.0,39,Ohio,11764950,39053,Gallia,28959.0,0.790641107966209,0.6722407898,1,4,1,2.0,1.0,1.0,1.0,1.0,1.0,0.0,1.0,Male,3,White
2014894493.0,39,Ohio,11764950,39141,Ross,76365.0,1.14362973055326,2.4465877868,2,1,1,2.0,0.0,0.0,0.0,0.0,1.0,1.0,0.0,Female,1,White
2034607521.0,39,Ohio,11764950,39061,Hamilton,826532.0,0.324205103764371,,1,2,2,2.0,1.0,1.0,1.0,1.0,1.0,1.0,1.0,Male,2,Black
2001905377.0,39,Ohio,11764950,39061,Hamilton,826532.0,0.847217124566331,1.0095034468,2,2,1,2.0,0.0,0.0,0.0,0.0,0.0,0.0,0.0,Female,2,White
2041090831.0,39,Ohio,11764950,39049,Franklin,1326392.0,1.50111112591331,1.1204585131,2,6,1,2.0,1.0,1.0,1.0,1.0,1.0,0.0,1.0,Female,4,White
2011804855.0,39,Ohio,11764950,39049,Franklin,1326392.0,1.88581255110858,0.9385955697,2,2,1,2.0,1.0,1.0,0.0,1.0,1.0,1.0,0.0,Female,2,White
2011444731.0,39,Ohio,11764950,39099,Mahoning,225714.0,0.938466863229774,1.1155787941,1,2,1,2.0,0.0,0.0,0.0,1.0,1.0,1.0,0.0,Male,2,White
2012482227.0,39,Ohio,11764950,39093,Lorain,316304.0,0.774698309881809,1.8029659372,1,1,1,2.0,1.0,1.0,1.0,1.0,1.0,0.0,1.0,Male,1,White
2008154347.0,39,Ohio,11764950,39057,Greene,169266.0,6.41439027011086,1.6564636493,1,3,4,2.0,0.0,0.0,0.0,0.0,0.0,1.0,0.0,Male,3,Other
2033078673.0,39,Ohio,11764950,39061,Hamilton,826532.0,0.624696093808663,,2,2,1,2.0,1.0,1.0,0.0,0.0,1.0,1.0,1.0,Female,2,White
2039696549.0,39,Ohio,11764950,39083,Knox,63103.0,4.05879310061031,,1,1,1,2.0,1.0,1.0,1.0,0.0,1.0,1.0,1.0,Male,1,White
2031174657.0,39,Ohio,11764950,39013,Belmont,65382.0,4.91311576318471,,1,2,1,2.0,1.0,1.0,1.0,1.0,1.0,0.0,1.0,Male,2,White
2021709779.0,39,Ohio,11764950,39035,Cuyahoga,1237196.0,0.606398202621926,1.4600791722,1,5,1,2.0,1.0,0.0,0.0,1.0,1.0,1.0,0.0,Male,4,White
2016456699.0,39,Ohio,11764950,39095,Lucas,426630.0,0.324205103764371,,1,2,2,2.0,1.0,0.0,0.0,1.0,0.0,1.0,1.0,Male,2,Black
2038246685.0,39,Ohio,11764950,39093,Lorain,316304.0,0.662076125880955,0.5904780618000001,2,3,1,2.0,1.0,1.0,1.0,1.0,1.0,0.0,1.0,Female,3,White
2038925017.0,39,Ohio,11764950,39007,Ashtabula,96915.0,0.723542534927902,1.3366065688,1,2,1,2.0,1.0,1.0,0.0,1.0,1.0,0.0,1.0,Male,2,White
2013391871.0,39,Ohio,11764950,39077,Huron,58208.0,0.914669481727767,1.0113299203,1,3,1,2.0,0.0,1.0,0.0,0.0,1.0,1.0,0.0,Male,3,White
2042373267.0,39,Ohio,11764950,39103,Medina,183359.0,2.9309168076204,1.6096323613,2,2,1,2.0,0.0,1.0,0.0,0.0,1.0,1.0,1.0,Female,2,White
2015092517.0,39,Ohio,11764950,39095,Lucas,426630.0,0.981638866407957,0.7561047438,2,6,1,2.0,1.0,1.0,1.0,1.0,1.0,1.0,1.0,Female,4,White
2036690395.0,39,Ohio,11764950,39017,Butler,390108.0,1.94975297848169,,2,2,2,2.0,0.0,0.0,1.0,1.0,1.0,0.0,0.0,Female,2,Black
2043959505.0,39,Ohio,11764950,39017,Butler,390108.0,1.22040681242474,,2,2,2,2.0,1.0,1.0,0.0,0.0,1.0,0.0,1.0,Female,2,Black
2032972037.0,39,Ohio,11764950,39085,Lake,231698.0,4.88326727627816,,1,3,1,2.0,0.0,0.0,0.0,0.0,1.0,1.0,0.0,Male,3,White
2009036215.0,39,Ohio,11764950,39049,Franklin,1326392.0,4.53835289120316,4.5094132611,1,6,1,2.0,0.0,0.0,0.0,0.0,1.0,1.0,0.0,Male,4,White
2026179773.0,39,Ohio,11764950,39017,Butler,390108.0,2.45913656035321,,2,2,1,2.0,0.0,1.0,1.0,1.0,1.0,1.0,0.0,Female,2,White
2000019777.0,39,Ohio,11764950,39013,Belmont,65382.0,3.27290270701073,,2,2,1,2.0,1.0,1.0,1.0,1.0,0.0,0.0,1.0,Female,2,White
2035987903.0,39,Ohio,11764950,39085,Lake,231698.0,0.29226129692664,,1,2,1,2.0,1.0,1.0,1.0,1.0,1.0,0.0,1.0,Male,2,White
2012141803.0,39,Ohio,11764950,39171,Williams,36642.0,0.497840839035445,0.4732527423,2,2,1,2.0,1.0,1.0,1.0,1.0,1.0,0.0,1.0,Female,2,White
2032679387.0,39,Ohio,11764950,39141,Ross,76365.0,6.16049656491515,,2,2,1,2.0,1.0,0.0,0.0,1.0,1.0,0.0,1.0,Female,2,White
2036915771.0,39,Ohio,11764950,39093,Lorain,316304.0,0.472961498173097,0.3346013127,2,3,2,2.0,1.0,1.0,1.0,1.0,0.0,0.0,1.0,Female,3,Black
2009498649.0,39,Ohio,11764950,39033,Crawford,41479.0,0.981995461543692,1.3220187278,2,2,1,2.0,1.0,1.0,1.0,1.0,0.0,0.0,1.0,Female,2,White
2030672275.0,39,Ohio,11764950,39103,Medina,183359.0,6.36787632260307,,1,3,1,2.0,1.0,1.0,1.0,0.0,1.0,0.0,1.0,Male,3,White
2015387073.0,39,Ohio,11764950,39099,Mahoning,225714.0,1.71546060750272,,2,4,6,1.0,1.0,1.0,1.0,1.0,1.0,1.0,1.0,Female,3,Hispanic
2009992719.0,39,Ohio,11764950,39049,Franklin,1326392.0,1.46718681319782,2.4407162407,1,5,2,2.0,0.0,0.0,0.0,0.0,0.0,1.0,0.0,Male,4,Black
1995093145.0,39,Ohio,11764950,39127,Perry,35493.0,0.640802256527103,0.5958134745,2,3,1,2.0,1.0,1.0,1.0,1.0,1.0,1.0,1.0,Female,3,White
2015200925.0,39,Ohio,11764950,39021,Champaign,38675.0,1.12757431414087,,2,2,1,2.0,1.0,0.0,0.0,0.0,1.0,1.0,0.0,Female,2,White
2024836915.0,39,Ohio,11764950,39133,Portage,161741.0,9.86630723463555,5.8484352218,1,2,2,2.0,1.0,1.0,1.0,1.0,1.0,0.0,1.0,Male,2,Black
2007799519.0,39,Ohio,11764950,39169,Wayne,116533.0,0.316669138143473,0.0250593311,1,5,7,2.0,0.0,1.0,0.0,0.0,1.0,1.0,0.0,Male,4,Other
2016117897.0,39,Ohio,11764950,39159,Union,66942.0,1.61046772682976,0.3495963834,2,2,1,2.0,0.0,0.0,0.0,1.0,0.0,0.0,1.0,Female,2,White
2014409847.0,39,Ohio,11764950,39035,Cuyahoga,1237196.0,1.14687472663366,,2,5,1,2.0,1.0,1.0,1.0,1.0,1.0,1.0,1.0,Female,4,White
2013112489.0,39,Ohio,11764950,39035,Cuyahoga,1237196.0,1.31200747688342,1.3093587991,1,5,1,2.0,0.0,0.0,0.0,0.0,0.0,1.0,0.0,Male,4,White
2034233291.0,39,Ohio,11764950,39035,Cuyahoga,1237196.0,0.543054424019871,,1,2,2,2.0,1.0,1.0,1.0,1.0,1.0,1.0,1.0,Male,2,Black
2013171065.0,39,Ohio,11764950,39049,Franklin,1326392.0,1.12757431414087,1.2932896792,2,2,1,2.0,1.0,0.0,1.0,0.0,0.0,1.0,0.0,Female,2,White
2021859925.0,39,Ohio,11764950,39153,Summit,535956.0,0.662076125880955,0.5904780618000001,2,3,1,2.0,1.0,1.0,1.0,1.0,1.0,0.0,1.0,Female,3,White
2041091409.0,39,Ohio,11764950,39113,Montgomery,533913.0,0.885685367409778,1.4809664672,2,3,1,2.0,1.0,1.0,1.0,1.0,1.0,0.0,1.0,Female,3,White
2021964657.0,39,Ohio,11764950,39169,Wayne,116533.0,0.618630036378203,2.0836664877,1,5,1,1.0,0.0,0.0,0.0,0.0,0.0,1.0,0.0,Male,4,Hispanic
2028986161.0,39,Ohio,11764950,39013,Belmont,65382.0,2.45913656035321,,2,2,1,2.0,0.0,1.0,1.0,1.0,1.0,1.0,0.0,Female,2,White
1998300889.0,39,Ohio,11764950,39027,Clinton,41893.0,1.13417341576414,1.1051286264,1,6,1,2.0,0.0,0.0,0.0,0.0,0.0,1.0,0.0,Male,4,White
2010189949.0,39,Ohio,11764950,39127,Perry,35493.0,1.34064925576397,1.4096106687,2,3,1,2.0,0.0,0.0,0.0,0.0,0.0,1.0,0.0,Female,3,White
1998410989.0,39,Ohio,11764950,39027,Clinton,41893.0,1.00731365842238,1.1003001505,2,4,1,2.0,1.0,1.0,1.0,0.0,1.0,1.0,1.0,Female,3,White
2034757003.0,39,Ohio,11764950,39057,Greene,169266.0,2.53489053272266,,1,2,1,2.0,1.0,1.0,1.0,1.0,1.0,1.0,1.0,Male,2,White
2038687491.0,39,Ohio,11764950,39041,Delaware,226809.0,0.981995461543692,,2,2,1,2.0,0.0,0.0,0.0,0.0,0.0,1.0,0.0,Female,2,White
2010453453.0,39,Ohio,11764950,39045,Fairfield,163003.0,1.72043748737527,,2,6,1,2.0,0.0,1.0,0.0,0.0,0.0,1.0,0.0,Female,4,White
2011319647.0,39,Ohio,11764950,39035,Cuyahoga,1237196.0,3.94884575447348,1.6547177753,2,3,2,2.0,1.0,1.0,1.0,1.0,1.0,0.0,1.0,Female,3,Black
2013887461.0,39,Ohio,11764950,39151,Stark,372531.0,0.705128865916136,0.8707876170000001,1,2,1,2.0,0.0,1.0,0.0,0.0,1.0,1.0,0.0,Male,2,White
2026673957.0,39,Ohio,11764950,39017,Butler,390108.0,1.4831629978091,,1,2,1,2.0,1.0,0.0,1.0,1.0,1.0,1.0,0.0,Male,2,White
2029042479.0,39,Ohio,11764950,39035,Cuyahoga,1237196.0,2.1071857898331,,2,2,2,2.0,0.0,0.0,0.0,0.0,0.0,0.0,0.0,Female,2,Black
2031509551.0,39,Ohio,11764950,39049,Franklin,1326392.0,2.10873196228864,,1,2,2,2.0,1.0,0.0,1.0,1.0,1.0,0.0,1.0,Male,2,Black
2013476659.0,39,Ohio,11764950,39037,Darke,51449.0,1.31200747688342,1.3093587991,1,5,1,2.0,0.0,0.0,0.0,0.0,0.0,1.0,0.0,Male,4,White
2030714111.0,39,Ohio,11764950,39051,Fulton,42041.0,0.218751189666809,,1,3,2,2.0,1.0,1.0,1.0,1.0,1.0,1.0,1.0,Male,3,Black
2022961491.0,39,Ohio,11764950,39113,Montgomery,533913.0,0.699547277208049,0.5336811211,2,2,1,2.0,0.0,0.0,0.0,0.0,0.0,1.0,0.0,Female,2,White
2011323643.0,39,Ohio,11764950,39049,Franklin,1326392.0,0.776749774296933,1.2439051252,2,5,1,2.0,1.0,1.0,1.0,1.0,1.0,0.0,1.0,Female,4,White
2040054023.0,39,Ohio,11764950,39093,Lorain,316304.0,0.647649698491879,1.9010424772,1,2,2,2.0,1.0,1.0,1.0,1.0,1.0,0.0,1.0,Male,2,Black
1999146529.0,39,Ohio,11764950,39171,Williams,36642.0,1.74797600483772,1.6613039888,2,6,1,2.0,0.0,0.0,0.0,1.0,1.0,1.0,1.0,Female,4,White
2032997259.0,39,Ohio,11764950,39139,Richland,125076.0,6.16049656491515,,2,2,1,2.0,1.0,1.0,1.0,1.0,1.0,0.0,1.0,Female,2,White
2033359997.0,39,Ohio,11764950,39093,Lorain,316304.0,1.51375365970428,1.6918073329,1,2,1,2.0,0.0,0.0,0.0,0.0,0.0,1.0,1.0,Male,2,White
2041638899.0,39,Ohio,11764950,39049,Franklin,1326392.0,5.70291696368705,,1,1,2,2.0,1.0,1.0,1.0,1.0,0.0,0.0,0.0,Male,1,Black
2020354413.0,39,Ohio,11764950,39113,Montgomery,533913.0,0.428077965256976,0.7828314397,2,2,1,2.0,1.0,1.0,1.0,0.0,1.0,1.0,1.0,Female,2,White
2014192283.0,39,Ohio,11764950,39041,Delaware,226809.0,1.52410460232388,1.6552093101,1,3,1,2.0,1.0,1.0,1.0,1.0,1.0,0.0,1.0,Male,3,White
2038246541.0,39,Ohio,11764950,39153,Summit,535956.0,1.14687472663366,0.6298673027,2,5,1,2.0,0.0,0.0,0.0,0.0,0.0,1.0,0.0,Female,4,White
2034311749.0,39,Ohio,11764950,39061,Hamilton,826532.0,1.38751571329386,,1,5,2,2.0,1.0,1.0,0.0,0.0,1.0,1.0,1.0,Male,4,Black
2018076291.0,39,Ohio,11764950,39155,Trumbull,200537.0,3.79077817945865,,1,2,1,2.0,0.0,0.0,1.0,1.0,1.0,1.0,1.0,Male,2,White
2034504393.0,39,Ohio,11764950,39089,Licking,181702.0,1.32548818717684,1.5512477875,2,6,1,2.0,1.0,1.0,0.0,1.0,1.0,0.0,1.0,Female,4,White
2012622817.0,39,Ohio,11764950,39153,Summit,535956.0,0.776749774296933,0.6035146952,2,5,1,2.0,1.0,1.0,0.0,1.0,1.0,0.0,1.0,Female,4,White
2026503339.0,39,Ohio,11764950,39045,Fairfield,163003.0,1.13334542064906,,1,2,2,2.0,1.0,1.0,1.0,1.0,1.0,1.0,1.0,Male,2,Black
2039576403.0,39,Ohio,11764950,39049,Franklin,1326392.0,0.240776116577039,,2,3,2,2.0,1.0,1.0,1.0,1.0,1.0,0.0,1.0,Female,3,Black
2014095499.0,39,Ohio,11764950,39049,Franklin,1326392.0,2.19608792459794,,2,1,3,1.0,1.0,0.0,0.0,0.0,0.0,0.0,0.0,Female,1,Hispanic
2017474283.0,39,Ohio,11764950,39021,Champaign,38675.0,4.91311576318471,,1,2,1,2.0,1.0,1.0,1.0,1.0,1.0,0.0,1.0,Male,2,White
2043493917.0,39,Ohio,11764950,39153,Summit,535956.0,4.96619072315327,0.6924923150000001,2,5,2,2.0,1.0,1.0,1.0,1.0,1.0,0.0,1.0,Female,4,Black
2036386443.0,39,Ohio,11764950,39041,Delaware,226809.0,0.232730698398239,0.5149345525,1,2,1,2.0,0.0,0.0,1.0,0.0,0.0,0.0,0.0,Male,2,White
2039325639.0,39,Ohio,11764950,39151,Stark,372531.0,1.10423126435178,1.002756523,1,5,1,2.0,1.0,0.0,0.0,0.0,0.0,1.0,0.0,Male,4,White
2014726855.0,39,Ohio,11764950,39049,Franklin,1326392.0,0.673925325185213,0.4973392058,2,5,1,2.0,1.0,1.0,1.0,1.0,1.0,0.0,1.0,Female,4,White
2039694799.0,39,Ohio,11764950,39035,Cuyahoga,1237196.0,7.41317387296538,4.5651145368,1,2,2,2.0,1.0,1.0,0.0,1.0,1.0,0.0,1.0,Male,2,Black
2008130379.0,39,Ohio,11764950,39037,Darke,51449.0,3.89929421931552,,1,2,2,2.0,1.0,1.0,1.0,1.0,1.0,1.0,1.0,Male,2,Black
2020375395.0,39,Ohio,11764950,39045,Fairfield,163003.0,2.47888834297204,,1,2,1,2.0,0.0,1.0,0.0,0.0,0.0,0.0,0.0,Male,2,White
2016117565.0,39,Ohio,11764950,39133,Portage,161741.0,0.841230521226819,0.8013951844,1,5,1,2.0,1.0,1.0,1.0,1.0,1.0,0.0,1.0,Male,4,White
2036619863.0,39,Ohio,11764950,39103,Medina,183359.0,0.705128865916136,0.8707876170000001,1,2,1,2.0,0.0,0.0,0.0,0.0,1.0,1.0,0.0,Male,2,White
2039664433.0,39,Ohio,11764950,39035,Cuyahoga,1237196.0,1.12918652244677,0.746682744,2,6,2,2.0,1.0,1.0,1.0,1.0,1.0,0.0,1.0,Female,4,Black
2034235745.0,39,Ohio,11764950,39045,Fairfield,163003.0,4.91311576318471,,1,2,1,2.0,1.0,1.0,1.0,1.0,1.0,0.0,1.0,Male,2,White
2029084819.0,39,Ohio,11764950,39141,Ross,76365.0,3.79077817945865,,1,2,1,2.0,1.0,1.0,1.0,0.0,1.0,1.0,1.0,Male,2,White
2014437573.0,39,Ohio,11764950,39167,Washington,58890.0,0.150976011270956,0.4023821796,2,2,1,2.0,0.0,1.0,1.0,0.0,1.0,1.0,0.0,Female,2,White
2017704737.0,39,Ohio,11764950,39049,Franklin,1326392.0,0.244219236847363,,1,2,1,2.0,0.0,0.0,0.0,0.0,1.0,1.0,0.0,Male,2,White
2019746015.0,39,Ohio,11764950,39061,Hamilton,826532.0,1.52410460232388,1.6552093101,1,3,1,2.0,1.0,1.0,1.0,1.0,1.0,0.0,1.0,Male,3,White
1993676787.0,39,Ohio,11764950,39099,Mahoning,225714.0,0.608152146737259,0.4765600499,1,6,1,2.0,1.0,1.0,1.0,1.0,1.0,1.0,1.0,Male,4,White
2012515807.0,39,Ohio,11764950,39171,Williams,36642.0,2.87774446413004,1.0633209945,2,3,1,2.0,1.0,1.0,1.0,1.0,1.0,1.0,1.0,Female,3,White
2039353945.0,39,Ohio,11764950,39049,Franklin,1326392.0,1.44573892817368,1.4074108142,2,5,1,2.0,0.0,0.0,0.0,0.0,0.0,1.0,0.0,Female,4,White
2032978303.0,39,Ohio,11764950,39119,Muskingum,86090.0,5.15332723538086,,1,2,1,1.0,1.0,1.0,0.0,0.0,0.0,1.0,0.0,Male,2,Hispanic
2014086399.0,39,Ohio,11764950,39139,Richland,125076.0,0.847217124566331,1.0095034468,2,2,1,2.0,0.0,1.0,1.0,0.0,1.0,1.0,0.0,Female,2,White
2021128121.0,39,Ohio,11764950,39035,Cuyahoga,1237196.0,6.25813157697764,,2,2,1,2.0,1.0,1.0,1.0,1.0,0.0,1.0,0.0,Female,2,White
1995352419.0,39,Ohio,11764950,39085,Lake,231698.0,1.29267231682266,1.1422581229,2,6,1,2.0,0.0,0.0,0.0,0.0,1.0,1.0,1.0,Female,4,White
2014957869.0,39,Ohio,11764950,39037,Darke,51449.0,0.981995461543692,1.3220187278,2,2,1,2.0,0.0,0.0,0.0,0.0,1.0,1.0,0.0,Female,2,White
2017168783.0,39,Ohio,11764950,39035,Cuyahoga,1237196.0,0.62711208629153,0.4583154998,1,5,1,2.0,1.0,1.0,1.0,1.0,0.0,1.0,1.0,Male,4,White
2012480703.0,39,Ohio,11764950,39113,Montgomery,533913.0,0.414347085365502,0.821042221,1,2,1,2.0,1.0,1.0,1.0,1.0,1.0,1.0,1.0,Male,2,White
1994166009.0,39,Ohio,11764950,39039,Defiance,38139.0,0.648867218560355,0.4188918664,1,5,1,2.0,1.0,1.0,1.0,1.0,0.0,0.0,1.0,Male,4,White
2026740281.0,39,Ohio,11764950,39009,Athens,60907.0,0.821471019269676,,1,1,1,2.0,0.0,0.0,0.0,0.0,1.0,1.0,1.0,Male,1,White
2015726859.0,39,Ohio,11764950,39153,Summit,535956.0,0.893658241899385,,1,2,1,2.0,1.0,1.0,0.0,1.0,0.0,1.0,1.0,Male,2,White
2014592691.0,39,Ohio,11764950,39049,Franklin,1326392.0,1.13737782671431,1.3205744709,1,2,1,2.0,0.0,0.0,0.0,0.0,0.0,1.0,0.0,Male,2,White
2009386959.0,39,Ohio,11764950,39085,Lake,231698.0,0.841230521226819,0.8013951844,1,5,1,2.0,1.0,1.0,1.0,1.0,1.0,1.0,1.0,Male,4,White
2020039545.0,39,Ohio,11764950,39007,Ashtabula,96915.0,0.651020012743191,,2,1,1,2.0,0.0,0.0,0.0,0.0,0.0,0.0,0.0,Female,1,White
2015734731.0,39,Ohio,11764950,39085,Lake,231698.0,0.847217124566331,1.0095034468,2,2,1,2.0,0.0,0.0,0.0,0.0,0.0,1.0,0.0,Female,2,White
2015818185.0,39,Ohio,11764950,39165,Warren,249822.0,1.31355677090675,,2,3,1,2.0,1.0,0.0,1.0,1.0,1.0,1.0,0.0,Female,3,White
2024819445.0,39,Ohio,11764950,39037,Darke,51449.0,1.12757431414087,1.2932896792,2,2,1,2.0,0.0,0.0,0.0,0.0,0.0,1.0,0.0,Female,2,White
1984207457.0,39,Ohio,11764950,39113,Montgomery,533913.0,1.31336372783369,1.2967644681,2,6,1,2.0,1.0,1.0,0.0,0.0,1.0,1.0,1.0,Female,4,White
2040956895.0,39,Ohio,11764950,39087,Lawrence,56526.0,0.388975059493352,,1,2,1,2.0,1.0,1.0,0.0,0.0,0.0,0.0,1.0,Male,2,White
1997989645.0,39,Ohio,11764950,39077,Huron,58208.0,2.87774446413004,,2,3,1,2.0,0.0,1.0,1.0,1.0,0.0,0.0,0.0,Female,3,White
2016655307.0,39,Ohio,11764950,39035,Cuyahoga,1237196.0,0.426378405316331,,1,3,2,2.0,1.0,1.0,1.0,0.0,1.0,1.0,1.0,Male,3,Black
2011278837.0,39,Ohio,11764950,39169,Wayne,116533.0,0.822333074354826,0.5746580582,2,6,1,2.0,1.0,1.0,1.0,1.0,1.0,1.0,1.0,Female,4,White
2020796415.0,39,Ohio,11764950,39091,Logan,46067.0,1.61046772682976,,2,2,1,2.0,0.0,1.0,1.0,1.0,1.0,1.0,0.0,Female,2,White
2012856037.0,39,Ohio,11764950,39147,Seneca,54650.0,0.608152146737259,0.4765600499,1,6,1,2.0,1.0,1.0,0.0,1.0,0.0,0.0,1.0,Male,4,White
2039280811.0,39,Ohio,11764950,39153,Summit,535956.0,0.985793298086635,1.0220465237,1,5,1,2.0,0.0,0.0,0.0,0.0,0.0,1.0,0.0,Male,4,White
2015021571.0,39,Ohio,11764950,39061,Hamilton,826532.0,0.383512314611173,0.5648085285000001,2,3,1,2.0,0.0,0.0,0.0,0.0,1.0,1.0,0.0,Female,3,White
2026639227.0,39,Ohio,11764950,39161,Van Wert,28731.0,0.651790462410603,0.6505619683,1,2,1,2.0,1.0,1.0,1.0,1.0,1.0,0.0,0.0,Male,2,White
2011582459.0,39,Ohio,11764950,39061,Hamilton,826532.0,2.66293982987133,,1,3,2,2.0,1.0,1.0,1.0,1.0,1.0,1.0,1.0,Male,3,Black
1993666251.0,39,Ohio,11764950,39119,Muskingum,86090.0,0.666461794200321,0.5054045322,1,6,1,2.0,1.0,1.0,1.0,1.0,1.0,0.0,1.0,Male,4,White
2014588949.0,39,Ohio,11764950,39113,Montgomery,533913.0,0.687850601084865,0.8039805869000001,1,3,1,2.0,1.0,0.0,0.0,0.0,0.0,1.0,0.0,Male,3,White
2021340065.0,39,Ohio,11764950,39169,Wayne,116533.0,1.62077880033295,4.7036418047,1,1,1,2.0,0.0,0.0,0.0,0.0,1.0,1.0,0.0,Male,1,White
2016520167.0,39,Ohio,11764950,39049,Franklin,1326392.0,0.62711208629153,0.4583154998,1,5,1,2.0,1.0,1.0,1.0,1.0,1.0,0.0,1.0,Male,4,White
1400744705.0,39,Ohio,11764950,39049,Franklin,1326392.0,3.37372483508287,,1,2,1,2.0,1.0,1.0,1.0,1.0,1.0,1.0,1.0,Male,2,White
2032978695.0,39,Ohio,11764950,39141,Ross,76365.0,6.07741149050417,,1,2,1,1.0,1.0,1.0,1.0,1.0,1.0,0.0,1.0,Male,2,Hispanic
2032804417.0,39,Ohio,11764950,39035,Cuyahoga,1237196.0,0.173097939804842,1.0355888353,2,2,2,2.0,1.0,0.0,1.0,0.0,0.0,1.0,1.0,Female,2,Black
2022361119.0,39,Ohio,11764950,39063,Hancock,74716.0,1.21734769472783,1.0987132998,1,3,1,2.0,1.0,1.0,0.0,1.0,1.0,1.0,0.0,Male,3,White
2028796041.0,39,Ohio,11764950,39017,Butler,390108.0,2.1071857898331,,2,2,2,2.0,1.0,1.0,1.0,0.0,1.0,0.0,0.0,Female,2,Black
2042358061.0,39,Ohio,11764950,39145,Scioto,72209.0,0.551799262828528,1.8628559153,1,2,1,2.0,1.0,1.0,0.0,0.0,0.0,1.0,1.0,Male,2,White
2030897745.0,39,Ohio,11764950,39089,Licking,181702.0,6.96751487511567,,1,1,1,2.0,1.0,1.0,1.0,1.0,1.0,0.0,1.0,Male,1,White
2039699703.0,39,Ohio,11764950,39155,Trumbull,200537.0,1.27234059276456,1.2436319964,1,6,1,2.0,0.0,0.0,0.0,0.0,1.0,1.0,0.0,Male,4,White
2033394615.0,39,Ohio,11764950,39095,Lucas,426630.0,5.04520503873337,,1,2,1,2.0,1.0,1.0,1.0,0.0,1.0,1.0,1.0,Male,2,White
2000613105.0,39,Ohio,11764950,39139,Richland,125076.0,0.705128865916136,0.8707876170000001,1,2,1,2.0,0.0,0.0,0.0,0.0,1.0,1.0,0.0,Male,2,White
2032778965.0,39,Ohio,11764950,39061,Hamilton,826532.0,0.575690879461606,,2,2,1,2.0,1.0,0.0,0.0,0.0,1.0,1.0,1.0,Female,2,White
2017496865.0,39,Ohio,11764950,39025,Clermont,210781.0,1.21734769472783,1.2956296012,1,4,1,2.0,0.0,0.0,0.0,0.0,0.0,1.0,1.0,Male,3,White
2041605073.0,39,Ohio,11764950,39049,Franklin,1326392.0,4.88326727627816,,1,3,1,2.0,1.0,1.0,1.0,0.0,1.0,1.0,0.0,Male,3,White
2036932563.0,39,Ohio,11764950,39049,Franklin,1326392.0,7.38071997027452,,2,3,4,2.0,1.0,1.0,0.0,0.0,0.0,1.0,1.0,Female,3,Other
1999458829.0,39,Ohio,11764950,39017,Butler,390108.0,0.691032918222033,0.5048452244,2,5,1,2.0,1.0,1.0,1.0,1.0,1.0,0.0,1.0,Female,4,White
1998239619.0,39,Ohio,11764950,39051,Fulton,42041.0,0.687850601084865,0.8039805869000001,1,4,1,2.0,0.0,0.0,0.0,0.0,0.0,1.0,0.0,Male,3,White
1997722273.0,39,Ohio,11764950,39017,Butler,390108.0,1.88581255110858,0.5072672147,2,2,1,2.0,1.0,1.0,1.0,1.0,1.0,1.0,1.0,Female,2,White
2018509423.0,39,Ohio,11764950,39061,Hamilton,826532.0,0.847217124566331,0.9062543494,2,2,1,2.0,0.0,1.0,1.0,0.0,1.0,0.0,0.0,Female,2,White
1998815141.0,39,Ohio,11764950,39169,Wayne,116533.0,1.2849279636083,1.308903982,1,3,1,2.0,0.0,0.0,0.0,0.0,0.0,1.0,0.0,Male,3,White
2033369825.0,39,Ohio,11764950,39035,Cuyahoga,1237196.0,1.50111112591331,,2,6,1,2.0,1.0,1.0,1.0,1.0,1.0,1.0,1.0,Female,4,White
2021625887.0,39,Ohio,11764950,39085,Lake,231698.0,1.44573892817368,1.4074108142,2,5,1,2.0,0.0,0.0,0.0,0.0,0.0,1.0,0.0,Female,4,White
2012271839.0,39,Ohio,11764950,39165,Warren,249822.0,6.36787632260307,,1,3,1,2.0,1.0,1.0,1.0,1.0,1.0,0.0,1.0,Male,3,White
2000006209.0,39,Ohio,11764950,39059,Guernsey,38056.0,0.62711208629153,0.4583154998,1,5,1,2.0,1.0,1.0,1.0,1.0,1.0,1.0,1.0,Male,4,White
2036914385.0,39,Ohio,11764950,39169,Wayne,116533.0,1.32987205249296,,1,3,1,2.0,1.0,1.0,1.0,1.0,0.0,1.0,1.0,Male,3,White
2009279901.0,39,Ohio,11764950,39175,Wyandot,21569.0,2.45913656035321,,2,2,1,2.0,0.0,0.0,1.0,0.0,1.0,1.0,1.0,Female,2,White
1998259671.0,39,Ohio,11764950,39035,Cuyahoga,1237196.0,4.76305067231977,,2,5,1,2.0,1.0,1.0,0.0,1.0,1.0,0.0,1.0,Female,4,White
2010628645.0,39,Ohio,11764950,39095,Lucas,426630.0,1.49955563106407,1.4996160219,2,4,1,2.0,0.0,0.0,0.0,0.0,0.0,1.0,0.0,Female,3,White
2036947439.0,39,Ohio,11764950,39061,Hamilton,826532.0,0.687850601084865,,1,4,1,2.0,0.0,0.0,0.0,0.0,0.0,1.0,0.0,Male,3,White
1999177599.0,39,Ohio,11764950,39049,Franklin,1326392.0,0.771757417625532,0.6077415098,2,6,1,2.0,1.0,1.0,1.0,1.0,1.0,1.0,1.0,Female,4,White
2026971369.0,39,Ohio,11764950,39087,Lawrence,56526.0,1.61046772682976,,2,2,1,2.0,1.0,0.0,1.0,1.0,1.0,1.0,1.0,Female,2,White
2034499159.0,39,Ohio,11764950,39035,Cuyahoga,1237196.0,0.631090819372609,,1,3,2,2.0,1.0,1.0,1.0,1.0,1.0,0.0,1.0,Male,3,Black
2034526783.0,39,Ohio,11764950,39023,Clark,134691.0,0.999216071370578,1.6529460941,1,3,1,2.0,1.0,1.0,1.0,1.0,1.0,0.0,1.0,Male,3,White
2010209455.0,39,Ohio,11764950,39091,Logan,46067.0,5.14937232776012,,2,4,2,2.0,1.0,0.0,0.0,0.0,0.0,0.0,0.0,Female,3,Black
1996860097.0,20,Kansas,2938034,20009,Barton,25052.0,0.738465347388949,0.7060629359,1,3,1,2.0,0.0,0.0,0.0,0.0,0.0,1.0,0.0,Male,3,White
2018304099.0,20,Kansas,2938034,20037,Crawford,39194.0,3.38627603104813,1.3176268073,1,5,1,2.0,1.0,0.0,0.0,0.0,1.0,1.0,0.0,Male,4,White
2010463575.0,20,Kansas,2938034,20091,Johnson,619693.0,0.993270808322004,1.4679467218,2,2,1,2.0,0.0,0.0,0.0,0.0,0.0,1.0,0.0,Female,2,White
2034437259.0,20,Kansas,2938034,20079,Harvey,33713.0,3.58447941013232,,1,2,1,2.0,1.0,0.0,1.0,1.0,0.0,0.0,0.0,Male,2,White
2014523671.0,20,Kansas,2938034,20091,Johnson,619693.0,0.636573094340802,0.6255752729,2,6,1,2.0,1.0,1.0,1.0,1.0,1.0,0.0,1.0,Female,4,White
1999091057.0,20,Kansas,2938034,20197,Wabaunsee,7005.0,1.16608198036927,,2,2,4,2.0,1.0,1.0,1.0,1.0,1.0,0.0,1.0,Female,2,Other
2029543989.0,20,Kansas,2938034,20177,Shawnee,177522.0,15.0614388091749,,2,2,1,2.0,0.0,1.0,1.0,1.0,0.0,1.0,0.0,Female,2,White
2010319235.0,20,Kansas,2938034,20149,Pottawatomie,26334.0,0.538414379345946,0.6128608102,2,4,1,2.0,1.0,1.0,1.0,1.0,1.0,1.0,1.0,Female,3,White
2032933871.0,20,Kansas,2938034,20077,Harper,5378.0,4.07284799311092,,1,2,1,2.0,0.0,1.0,1.0,1.0,1.0,1.0,1.0,Male,2,White
1995770857.0,20,Kansas,2938034,20173,Sedgwick,525420.0,1.49848365007606,1.2876958441,2,5,1,2.0,0.0,0.0,0.0,0.0,0.0,0.0,0.0,Female,4,White
2043936539.0,20,Kansas,2938034,20177,Shawnee,177522.0,1.05572944641482,1.1490673543,1,2,1,2.0,1.0,1.0,1.0,1.0,1.0,0.0,1.0,Male,2,White
2010286469.0,20,Kansas,2938034,20139,Osage,15697.0,1.42267366894263,1.1991546091,1,5,1,2.0,0.0,0.0,0.0,0.0,1.0,1.0,0.0,Male,4,White
1980425635.0,20,Kansas,2938034,20009,Barton,25052.0,1.59884610208903,1.5312691607,2,4,1,2.0,0.0,1.0,1.0,1.0,1.0,1.0,0.0,Female,3,White
2014050315.0,20,Kansas,2938034,20091,Johnson,619693.0,4.66454877064253,,2,4,1,2.0,1.0,1.0,1.0,1.0,1.0,0.0,1.0,Female,3,White
2001657115.0,20,Kansas,2938034,20091,Johnson,619693.0,1.38508895683422,,1,5,1,2.0,1.0,1.0,1.0,1.0,1.0,1.0,1.0,Male,4,White
2011470713.0,20,Kansas,2938034,20173,Sedgwick,525420.0,3.32685342958633,,1,4,3,1.0,1.0,0.0,1.0,1.0,0.0,1.0,1.0,Male,3,Hispanic
2038802753.0,20,Kansas,2938034,20201,Washington,5510.0,0.464536619144536,,1,3,1,2.0,0.0,0.0,0.0,1.0,0.0,0.0,0.0,Male,3,White
2029804095.0,20,Kansas,2938034,20045,Douglas,119941.0,7.82766125141869,,2,3,1,2.0,1.0,0.0,1.0,0.0,1.0,0.0,1.0,Female,3,White
2008937465.0,20,Kansas,2938034,20053,Ellsworth,6392.0,0.519225871936181,0.9950317702,1,2,1,2.0,1.0,1.0,1.0,1.0,1.0,0.0,1.0,Male,2,White
2011767627.0,20,Kansas,2938034,20107,Linn,9780.0,9.27752806160016,,2,2,1,2.0,0.0,0.0,0.0,0.0,0.0,0.0,0.0,Female,2,White
1993352029.0,20,Kansas,2938034,20103,Leavenworth,82822.0,1.43736305550915,,1,3,1,2.0,1.0,1.0,1.0,1.0,1.0,0.0,1.0,Male,3,White
2034605713.0,20,Kansas,2938034,20137,Norton,5320.0,7.64829393063985,,2,2,1,2.0,0.0,0.0,0.0,1.0,1.0,0.0,0.0,Female,2,White
2033881849.0,20,Kansas,2938034,20051,Ellis,28870.0,0.646090299687632,0.3876503939,1,6,1,2.0,1.0,1.0,1.0,1.0,1.0,0.0,1.0,Male,4,White
1996545481.0,20,Kansas,2938034,20125,Montgomery,30909.0,2.37060599907416,,1,3,2,2.0,1.0,1.0,1.0,1.0,1.0,0.0,0.0,Male,3,Black
2007909339.0,20,Kansas,2938034,20057,Ford,33893.0,1.56550396413793,1.0857702633,2,5,1,2.0,0.0,1.0,0.0,0.0,1.0,1.0,0.0,Female,4,White
2015400437.0,20,Kansas,2938034,20091,Johnson,619693.0,0.993270808322004,1.0060162602,2,2,1,2.0,0.0,1.0,1.0,1.0,0.0,1.0,0.0,Female,2,White
2038615353.0,20,Kansas,2938034,20103,Leavenworth,82822.0,0.462719619567701,0.5326494589,1,6,1,2.0,1.0,1.0,1.0,1.0,1.0,0.0,1.0,Male,4,White
2028900345.0,20,Kansas,2938034,20173,Sedgwick,525420.0,1.76639857063134,2.4151696811,2,5,1,2.0,1.0,1.0,1.0,1.0,1.0,0.0,1.0,Female,4,White
2032681283.0,20,Kansas,2938034,20169,Saline,53463.0,4.08485890282184,,2,2,1,2.0,1.0,1.0,1.0,1.0,1.0,1.0,1.0,Female,2,White
2036064509.0,20,Kansas,2938034,20209,Wyandotte,166084.0,0.353866333571844,,2,3,6,2.0,1.0,0.0,1.0,1.0,0.0,0.0,1.0,Female,3,Other
2037906779.0,20,Kansas,2938034,20161,Riley,71587.0,0.982834899642894,0.904547588,1,3,1,2.0,0.0,1.0,0.0,1.0,1.0,0.0,1.0,Male,3,White
2021610823.0,20,Kansas,2938034,20173,Sedgwick,525420.0,2.62969141066177,,2,1,1,2.0,1.0,1.0,1.0,1.0,0.0,0.0,1.0,Female,1,White
2023225035.0,20,Kansas,2938034,20209,Wyandotte,166084.0,0.600562616128876,1.3299544033,2,2,1,2.0,1.0,0.0,1.0,1.0,0.0,1.0,1.0,Female,2,White
2034525439.0,20,Kansas,2938034,20147,Phillips,4803.0,9.06798393896144,,1,2,1,2.0,0.0,0.0,0.0,0.0,0.0,0.0,0.0,Male,2,White
2038607903.0,20,Kansas,2938034,20091,Johnson,619693.0,15.0614388091749,,1,1,1,2.0,0.0,0.0,1.0,0.0,1.0,0.0,0.0,Male,1,White
1984883017.0,20,Kansas,2938034,20045,Douglas,119941.0,1.56022817096194,,2,3,4,2.0,1.0,1.0,1.0,1.0,1.0,1.0,1.0,Female,3,Other
2010585415.0,20,Kansas,2938034,20099,Labette,19759.0,0.747331834078132,0.9510315443,2,1,1,2.0,1.0,1.0,0.0,1.0,1.0,1.0,1.0,Female,1,White
2036689421.0,20,Kansas,2938034,20091,Johnson,619693.0,3.66404495423817,1.2321647887,1,3,1,2.0,1.0,1.0,0.0,0.0,0.0,0.0,0.0,Male,3,White
1999671821.0,20,Kansas,2938034,20161,Riley,71587.0,0.822550388889057,0.8100658746,2,4,1,2.0,1.0,0.0,0.0,0.0,0.0,1.0,0.0,Female,3,White
2002923375.0,20,Kansas,2938034,20045,Douglas,119941.0,1.56022817096194,,2,3,4,2.0,1.0,1.0,1.0,1.0,1.0,0.0,1.0,Female,3,Other
2019537831.0,20,Kansas,2938034,20181,Sherman,5861.0,1.41153920147985,5.8847480746,1,5,1,2.0,0.0,0.0,0.0,0.0,0.0,1.0,0.0,Male,4,White
2039409237.0,20,Kansas,2938034,20105,Lincoln,2909.0,1.5663556154922,1.2890964648,2,5,1,2.0,0.0,0.0,0.0,0.0,0.0,1.0,0.0,Female,4,White
1997464901.0,20,Kansas,2938034,20173,Sedgwick,525420.0,0.462719619567701,0.5326494589,1,6,1,2.0,1.0,1.0,1.0,1.0,1.0,1.0,1.0,Male,4,White
1985068795.0,20,Kansas,2938034,20091,Johnson,619693.0,0.738465347388949,0.7060629359,1,3,1,2.0,0.0,0.0,0.0,0.0,0.0,1.0,0.0,Male,3,White
2015103795.0,27,Minnesota,5727565,27111,Otter Tail,60594.0,2.76502221466531,,2,3,1,2.0,1.0,1.0,0.0,1.0,1.0,0.0,1.0,Female,3,White
2043935547.0,27,Minnesota,5727565,27123,Ramsey,538375.0,1.45389005233852,,2,2,3,,0.0,0.0,1.0,1.0,1.0,1.0,0.0,Female,2,Hispanic
2012082989.0,27,Minnesota,5727565,27003,Anoka,369468.0,0.887893875674315,0.5702773272,2,4,1,2.0,1.0,1.0,1.0,0.0,1.0,0.0,1.0,Female,3,White
2044024131.0,27,Minnesota,5727565,27157,Wabasha,21650.0,4.6945752894122,,1,2,1,2.0,1.0,1.0,0.0,1.0,1.0,0.0,1.0,Male,2,White
2039183273.0,27,Minnesota,5727565,27027,Clay,66133.0,1.62734972025243,1.2960740317,1,6,1,2.0,0.0,0.0,0.0,0.0,0.0,1.0,0.0,Male,4,White
2012105565.0,27,Minnesota,5727565,27053,Hennepin,1262045.0,0.7455163891908,,2,5,1,2.0,1.0,1.0,1.0,0.0,0.0,0.0,1.0,Female,4,White
2037584027.0,27,Minnesota,5727565,27039,Dodge,21044.0,0.666090534681146,0.9605979631,1,3,1,2.0,1.0,1.0,1.0,1.0,1.0,1.0,1.0,Male,3,White
2031080559.0,27,Minnesota,5727565,27031,Cook,5718.0,10.7460061906804,,1,2,3,,1.0,1.0,1.0,1.0,1.0,0.0,1.0,Male,2,Hispanic
2017144741.0,27,Minnesota,5727565,27053,Hennepin,1262045.0,1.56707473466502,1.4033819023,2,5,1,2.0,0.0,0.0,0.0,0.0,0.0,1.0,0.0,Female,4,White
2014587225.0,27,Minnesota,5727565,27003,Anoka,369468.0,0.80031954150697,0.7274853586000001,2,6,1,2.0,1.0,1.0,1.0,1.0,1.0,0.0,1.0,Female,4,White
2037429041.0,27,Minnesota,5727565,27123,Ramsey,538375.0,1.86009712006429,0.6915020125,1,5,1,2.0,1.0,1.0,1.0,1.0,1.0,0.0,1.0,Male,4,White
2036689633.0,27,Minnesota,5727565,27139,Scott,154819.0,1.2243198790926,1.0402944667,1,2,1,2.0,1.0,0.0,1.0,0.0,0.0,1.0,0.0,Male,2,White
2034573115.0,27,Minnesota,5727565,27037,Dakota,444023.0,1.04544925553585,,1,3,1,2.0,0.0,1.0,0.0,0.0,0.0,1.0,0.0,Male,3,White
2041446473.0,27,Minnesota,5727565,27053,Hennepin,1262045.0,1.16667466037325,1.1707948373,1,6,4,2.0,1.0,1.0,1.0,1.0,1.0,1.0,1.0,Male,4,Other
2015769537.0,27,Minnesota,5727565,27053,Hennepin,1262045.0,0.502589705798178,0.8406057920000001,1,6,3,1.0,0.0,0.0,0.0,0.0,0.0,1.0,0.0,Male,4,Hispanic
2036724699.0,27,Minnesota,5727565,27053,Hennepin,1262045.0,3.13646794597546,2.5382949864,1,6,1,2.0,0.0,0.0,0.0,0.0,1.0,1.0,0.0,Male,4,White
2038953131.0,27,Minnesota,5727565,27013,Blue Earth,70108.0,1.56547057902198,1.3177864853,2,5,1,2.0,1.0,0.0,0.0,1.0,1.0,0.0,0.0,Female,4,White
2010743147.0,27,Minnesota,5727565,27053,Hennepin,1262045.0,0.622584228578867,0.5099514070000001,2,5,1,2.0,1.0,1.0,1.0,1.0,1.0,1.0,1.0,Female,4,White
1995646801.0,27,Minnesota,5727565,27131,Rice,67991.0,1.62734972025243,1.2960740317,1,6,1,2.0,0.0,0.0,0.0,0.0,0.0,1.0,0.0,Male,4,White
2014555561.0,27,Minnesota,5727565,27171,Wright,148220.0,1.2243198790926,1.0402944667,1,2,1,2.0,0.0,0.0,1.0,0.0,1.0,0.0,0.0,Male,2,White
2038528457.0,27,Minnesota,5727565,27081,Lincoln,5606.0,1.67302761766529,,2,1,1,2.0,0.0,0.0,1.0,0.0,0.0,1.0,0.0,Female,1,White
2012511137.0,27,Minnesota,5727565,27073,Lac qui Parle,6676.0,1.13395806599039,10.6598185776,1,1,1,2.0,1.0,1.0,0.0,0.0,0.0,1.0,0.0,Male,1,White
2031252569.0,27,Minnesota,5727565,27123,Ramsey,538375.0,1.07606248418132,0.8859353043,2,5,1,2.0,1.0,1.0,1.0,1.0,1.0,0.0,1.0,Female,4,White
1984437277.0,27,Minnesota,5727565,27053,Hennepin,1262045.0,0.823710448382737,0.6739769308,2,5,1,2.0,1.0,0.0,0.0,1.0,0.0,1.0,0.0,Female,4,White
2013089643.0,27,Minnesota,5727565,27041,Douglas,39662.0,2.59576502253467,,2,2,1,2.0,0.0,0.0,1.0,0.0,1.0,1.0,0.0,Female,2,White
2016371481.0,27,Minnesota,5727565,27053,Hennepin,1262045.0,0.80031954150697,0.7274853586000001,2,6,1,2.0,1.0,1.0,1.0,1.0,1.0,0.0,1.0,Female,4,White
2000037303.0,27,Minnesota,5727565,27085,McLeod,36776.0,1.58303075759903,1.4274944435,1,5,1,2.0,0.0,0.0,0.0,0.0,0.0,1.0,0.0,Male,4,White
2040185509.0,27,Minnesota,5727565,27053,Hennepin,1262045.0,1.75454618997479,3.6272309156,1,5,1,2.0,0.0,0.0,0.0,0.0,1.0,1.0,1.0,Male,4,White
2004361589.0,27,Minnesota,5727565,27139,Scott,154819.0,2.91902314224644,0.5099514070000001,2,5,1,2.0,1.0,1.0,1.0,1.0,1.0,1.0,1.0,Female,4,White
2041423639.0,27,Minnesota,5727565,27057,Hubbard,21919.0,1.56086574168795,,1,2,1,2.0,1.0,1.0,1.0,1.0,1.0,1.0,1.0,Male,2,White
2011147377.0,27,Minnesota,5727565,27123,Ramsey,538375.0,0.897356393317076,0.7640603062,1,5,1,2.0,1.0,1.0,1.0,1.0,1.0,0.0,1.0,Male,4,White
2045755211.0,27,Minnesota,5727565,27089,Marshall,8873.0,3.44793472319861,,2,4,4,2.0,1.0,1.0,1.0,0.0,1.0,1.0,0.0,Female,3,Other
2022005955.0,27,Minnesota,5727565,27137,St. Louis,200567.0,1.82603376296685,1.5444848945,2,6,1,2.0,0.0,0.0,0.0,0.0,0.0,1.0,0.0,Female,4,White
1998714003.0,27,Minnesota,5727565,27109,Olmsted,163908.0,2.43029644724113,1.9786622621,2,6,1,2.0,0.0,0.0,0.0,0.0,0.0,1.0,0.0,Female,4,White
1998062021.0,27,Minnesota,5727565,27027,Clay,66133.0,2.03649994593818,,2,2,1,2.0,1.0,1.0,1.0,1.0,1.0,0.0,1.0,Female,2,White
1998495375.0,27,Minnesota,5727565,27053,Hennepin,1262045.0,1.2243198790926,1.0402944667,1,2,1,2.0,0.0,0.0,0.0,0.0,0.0,1.0,0.0,Male,2,White
2020625287.0,27,Minnesota,5727565,27099,Mower,40094.0,1.31557611125697,1.3179163265,1,5,1,2.0,0.0,0.0,0.0,0.0,0.0,1.0,0.0,Male,4,White
2014053611.0,27,Minnesota,5727565,27037,Dakota,444023.0,1.31557611125697,1.3179163265,1,5,1,2.0,0.0,0.0,0.0,0.0,0.0,1.0,0.0,Male,4,White
2015132505.0,27,Minnesota,5727565,27049,Goodhue,48103.0,2.36182829988102,2.740371892,1,6,1,2.0,0.0,0.0,0.0,0.0,0.0,1.0,0.0,Male,4,White
2022076549.0,27,Minnesota,5727565,27053,Hennepin,1262045.0,0.667589330010877,0.7535072661000001,2,5,1,2.0,1.0,1.0,0.0,1.0,0.0,0.0,1.0,Female,4,White
2018044853.0,27,Minnesota,5727565,27157,Wabasha,21650.0,1.60252822851424,2.8677722728,2,2,1,2.0,0.0,0.0,0.0,1.0,0.0,1.0,0.0,Female,2,White
2015449509.0,27,Minnesota,5727565,27003,Anoka,369468.0,1.05479151800438,,2,2,1,2.0,0.0,0.0,0.0,0.0,0.0,1.0,0.0,Female,2,White
2029268915.0,27,Minnesota,5727565,27123,Ramsey,538375.0,0.733134075276873,0.6213832571,2,4,1,2.0,1.0,1.0,1.0,1.0,1.0,0.0,1.0,Female,3,White
2045283211.0,27,Minnesota,5727565,27019,Carver,110174.0,0.320193256547948,0.7401871315,2,6,1,2.0,0.0,0.0,0.0,1.0,1.0,0.0,0.0,Female,4,White
2012566227.0,27,Minnesota,5727565,27003,Anoka,369468.0,2.10688000632342,,1,5,1,2.0,0.0,0.0,0.0,0.0,0.0,1.0,0.0,Male,4,White
1984765953.0,27,Minnesota,5727565,27037,Dakota,444023.0,0.897498998750586,0.8583536152000001,2,6,1,2.0,1.0,1.0,1.0,1.0,1.0,1.0,1.0,Female,4,White
1999972391.0,27,Minnesota,5727565,27003,Anoka,369468.0,1.0434041676042,0.8886362675,1,5,4,2.0,1.0,1.0,1.0,1.0,1.0,0.0,1.0,Male,4,Other
2019330661.0,27,Minnesota,5727565,27095,Mille Lacs,27287.0,0.615822276828932,1.1091605356,2,2,1,2.0,1.0,1.0,1.0,1.0,1.0,1.0,1.0,Female,2,White
2012634863.0,27,Minnesota,5727565,27027,Clay,66133.0,1.0139064069543,0.9891206913,1,2,1,2.0,0.0,0.0,0.0,0.0,0.0,1.0,0.0,Male,2,White
2043201247.0,27,Minnesota,5727565,27053,Hennepin,1262045.0,1.91410987995269,,2,2,1,2.0,0.0,0.0,0.0,0.0,1.0,1.0,0.0,Female,2,White
2021623193.0,27,Minnesota,5727565,27053,Hennepin,1262045.0,3.45049637025051,,1,5,4,2.0,1.0,1.0,1.0,1.0,1.0,1.0,1.0,Male,4,Other
2016461481.0,27,Minnesota,5727565,27009,Benton,41533.0,2.10688000632342,1.8287840787,1,5,1,2.0,0.0,0.0,0.0,0.0,0.0,1.0,0.0,Male,4,White
2036998343.0,27,Minnesota,5727565,27053,Hennepin,1262045.0,0.456251243021579,0.4631822307,1,3,1,2.0,1.0,1.0,1.0,1.0,1.0,1.0,1.0,Male,3,White
2011758045.0,27,Minnesota,5727565,27123,Ramsey,538375.0,0.965534192692485,0.7871263751,2,6,1,2.0,1.0,1.0,1.0,1.0,1.0,1.0,1.0,Female,4,White
2037618831.0,27,Minnesota,5727565,27107,Norman,6356.0,1.38651493066639,1.1327781017,2,4,1,2.0,0.0,0.0,0.0,0.0,0.0,1.0,0.0,Female,3,White
1984167155.0,27,Minnesota,5727565,27037,Dakota,444023.0,0.552792080527973,0.675500772,1,3,1,2.0,1.0,1.0,1.0,1.0,1.0,0.0,1.0,Male,3,White
2020555829.0,27,Minnesota,5727565,27053,Hennepin,1262045.0,3.23059641334143,,2,5,4,2.0,1.0,1.0,1.0,1.0,1.0,1.0,1.0,Female,4,Other
2042328095.0,27,Minnesota,5727565,27053,Hennepin,1262045.0,1.8191331828195,2.2259836472,2,5,1,2.0,0.0,0.0,0.0,0.0,0.0,1.0,0.0,Female,4,White
2036226607.0,27,Minnesota,5727565,27057,Hubbard,21919.0,1.2243198790926,1.0402944667,1,2,1,2.0,1.0,1.0,1.0,1.0,1.0,1.0,1.0,Male,2,White
2038996013.0,27,Minnesota,5727565,27137,St. Louis,200567.0,1.30236617079534,,1,4,1,2.0,0.0,0.0,1.0,0.0,1.0,1.0,0.0,Male,3,White
2014489437.0,27,Minnesota,5727565,27053,Hennepin,1262045.0,1.07606248418132,0.8859353043,2,5,1,2.0,1.0,1.0,1.0,1.0,1.0,0.0,1.0,Female,4,White
2037855607.0,27,Minnesota,5727565,27037,Dakota,444023.0,1.86009712006429,0.6915020125,1,5,1,2.0,1.0,1.0,1.0,1.0,1.0,0.0,1.0,Male,4,White
2018891369.0,27,Minnesota,5727565,27163,Washington,276249.0,1.86031474036359,1.9909205491,2,5,1,2.0,0.0,1.0,1.0,1.0,1.0,1.0,1.0,Female,4,White
2023208471.0,27,Minnesota,5727565,27053,Hennepin,1262045.0,0.366705124863367,,1,2,2,2.0,0.0,0.0,1.0,1.0,1.0,0.0,1.0,Male,2,Black
1997367895.0,27,Minnesota,5727565,27059,Isanti,42709.0,4.81068375566162,1.6308709911,1,1,1,2.0,0.0,0.0,0.0,0.0,0.0,1.0,0.0,Male,1,White
2009940761.0,27,Minnesota,5727565,27037,Dakota,444023.0,0.897356393317076,,1,5,1,2.0,1.0,1.0,1.0,1.0,1.0,1.0,1.0,Male,4,White
2033231595.0,27,Minnesota,5727565,27053,Hennepin,1262045.0,2.9383686638649,,2,2,1,2.0,1.0,1.0,0.0,0.0,1.0,1.0,0.0,Female,2,White
2038666287.0,27,Minnesota,5727565,27145,Stearns,160119.0,5.31662975870528,,1,1,1,2.0,1.0,1.0,1.0,1.0,1.0,0.0,1.0,Male,1,White
2041577451.0,27,Minnesota,5727565,27135,Roseau,15347.0,1.86663403730965,1.7595164317,2,4,1,2.0,0.0,0.0,0.0,0.0,0.0,1.0,0.0,Female,3,White
1999110957.0,27,Minnesota,5727565,27005,Becker,35355.0,0.934133013824602,0.9288725526,1,3,1,2.0,0.0,0.0,0.0,0.0,0.0,1.0,0.0,Male,3,White
1998100969.0,27,Minnesota,5727565,27115,Pine,29793.0,1.67302761766529,,2,1,1,2.0,1.0,1.0,1.0,0.0,1.0,1.0,1.0,Female,1,White
2015431307.0,27,Minnesota,5727565,27085,McLeod,36776.0,1.35153114068879,0.771788106,1,5,1,2.0,0.0,0.0,0.0,0.0,0.0,1.0,0.0,Male,4,White
1998324867.0,27,Minnesota,5727565,27001,Aitkin,16148.0,1.34942364628162,1.267177032,1,2,1,2.0,0.0,0.0,0.0,0.0,0.0,1.0,0.0,Male,2,White
1993417189.0,27,Minnesota,5727565,27053,Hennepin,1262045.0,0.965534192692485,0.7871263751,2,6,1,2.0,1.0,1.0,1.0,1.0,1.0,0.0,1.0,Female,4,White
1993676187.0,27,Minnesota,5727565,27083,Lyon,25521.0,1.62734972025243,1.2960740317,1,6,1,2.0,1.0,0.0,0.0,0.0,0.0,1.0,0.0,Male,4,White
2037424731.0,27,Minnesota,5727565,27163,Washington,276249.0,0.934133013824602,0.9288725526,1,4,1,2.0,0.0,0.0,0.0,0.0,0.0,1.0,0.0,Male,3,White
2000036329.0,27,Minnesota,5727565,27035,Crow Wing,67877.0,1.56481595581307,1.4686355577,2,6,1,2.0,1.0,1.0,0.0,1.0,1.0,0.0,0.0,Female,4,White
1999872231.0,27,Minnesota,5727565,27053,Hennepin,1262045.0,1.8375477490322,1.5028631712,2,6,1,2.0,1.0,0.0,0.0,0.0,1.0,1.0,0.0,Female,4,White
2020164807.0,27,Minnesota,5727565,27085,McLeod,36776.0,1.0139064069543,0.8221969102000001,1,2,1,2.0,1.0,1.0,1.0,0.0,1.0,1.0,1.0,Male,2,White
2011365503.0,27,Minnesota,5727565,27053,Hennepin,1262045.0,2.56979135893127,,2,5,1,2.0,1.0,0.0,0.0,0.0,1.0,1.0,0.0,Female,4,White
2029054241.0,27,Minnesota,5727565,27123,Ramsey,538375.0,1.45766269673892,1.2655103168,2,5,1,2.0,1.0,0.0,0.0,0.0,0.0,1.0,0.0,Female,4,White
2040053711.0,27,Minnesota,5727565,27111,Otter Tail,60594.0,1.54911799828973,3.4789585837,1,2,1,2.0,1.0,0.0,0.0,0.0,0.0,1.0,0.0,Male,2,White
2034438189.0,27,Minnesota,5727565,27137,St. Louis,200567.0,2.08486064731565,,1,3,1,2.0,0.0,0.0,0.0,0.0,1.0,1.0,0.0,Male,3,White
2036089161.0,27,Minnesota,5727565,27037,Dakota,444023.0,1.94002572406152,1.6212638371,2,5,1,2.0,0.0,0.0,0.0,0.0,0.0,1.0,0.0,Female,4,White
2016218341.0,27,Minnesota,5727565,27083,Lyon,25521.0,2.00127648103206,,2,1,1,2.0,1.0,1.0,1.0,0.0,1.0,0.0,0.0,Female,1,White
2037803105.0,27,Minnesota,5727565,27067,Kandiyohi,44016.0,2.64662511301937,,2,6,1,2.0,1.0,1.0,0.0,0.0,1.0,1.0,0.0,Female,4,White
2003035295.0,55,Wisconsin,5903472,55105,Rock,163954.0,0.626261066942528,0.8992958255,2,2,7,1.0,1.0,1.0,1.0,0.0,0.0,0.0,1.0,Female,2,Hispanic
1998424383.0,55,Wisconsin,5903472,55109,St. Croix,96116.0,0.48063781149501,0.9147936026,2,1,1,2.0,1.0,1.0,1.0,1.0,1.0,0.0,1.0,Female,1,White
2029608815.0,55,Wisconsin,5903472,55003,Ashland,16076.0,2.61836992877065,1.6539364589,1,3,1,2.0,1.0,1.0,1.0,1.0,1.0,0.0,1.0,Male,3,White
1997168537.0,55,Wisconsin,5903472,55017,Chippewa,66774.0,0.430864797277079,0.4025924566,2,6,1,2.0,1.0,1.0,1.0,1.0,1.0,0.0,1.0,Female,4,White
2039925171.0,55,Wisconsin,5903472,55025,Dane,570754.0,0.81626984576987,2.4939821958,1,6,1,2.0,1.0,1.0,1.0,1.0,1.0,0.0,1.0,Male,4,White
2031250843.0,55,Wisconsin,5903472,55079,Milwaukee,921471.0,2.48116570820053,,2,3,6,2.0,1.0,1.0,1.0,1.0,1.0,0.0,1.0,Female,3,Other
2042772277.0,55,Wisconsin,5903472,55079,Milwaukee,921471.0,2.37298984748817,,1,2,1,2.0,0.0,1.0,0.0,0.0,1.0,1.0,1.0,Male,2,White
2011028385.0,55,Wisconsin,5903472,55027,Dodge,88642.0,1.80945482251354,3.9680796004,1,3,1,1.0,1.0,0.0,0.0,1.0,1.0,0.0,1.0,Male,3,Hispanic
2015332803.0,55,Wisconsin,5903472,55079,Milwaukee,921471.0,2.62066528606404,,2,2,2,2.0,0.0,0.0,0.0,1.0,0.0,1.0,1.0,Female,2,Black
2033729777.0,55,Wisconsin,5903472,55101,Racine,196642.0,1.98877739358293,,1,1,1,2.0,1.0,1.0,1.0,1.0,1.0,1.0,1.0,Male,1,White
2010710779.0,55,Wisconsin,5903472,55073,Marathon,138207.0,0.440181608632557,0.4506231134,2,2,1,2.0,1.0,1.0,1.0,1.0,1.0,0.0,1.0,Female,2,White
2016562345.0,55,Wisconsin,5903472,55101,Racine,196642.0,0.804184177101045,0.963651328,1,5,7,2.0,0.0,0.0,0.0,0.0,0.0,1.0,0.0,Male,4,Other
2023779937.0,55,Wisconsin,5903472,55133,Waukesha,410846.0,2.94960674110096,1.5551078876000002,2,4,1,2.0,1.0,1.0,1.0,1.0,1.0,1.0,1.0,Female,3,White
2044046409.0,55,Wisconsin,5903472,55121,Trempealeau,30923.0,0.522516248570606,0.6808644111000001,2,4,1,2.0,1.0,1.0,1.0,1.0,1.0,1.0,1.0,Female,3,White
2034472243.0,55,Wisconsin,5903472,55071,Manitowoc,81400.0,5.58619236199732,,2,1,1,2.0,1.0,1.0,1.0,0.0,0.0,0.0,0.0,Female,1,White
1999197553.0,55,Wisconsin,5903472,55025,Dane,570754.0,0.430864797277079,0.4025924566,2,6,1,2.0,1.0,1.0,1.0,1.0,0.0,0.0,1.0,Female,4,White
2014824171.0,55,Wisconsin,5903472,55079,Milwaukee,921471.0,0.725381893171044,0.7434185385000001,1,2,1,2.0,1.0,1.0,1.0,1.0,1.0,1.0,1.0,Male,2,White
2022095819.0,55,Wisconsin,5903472,55063,La Crosse,120346.0,1.38767942852468,,2,6,1,2.0,0.0,0.0,0.0,0.0,0.0,1.0,0.0,Female,4,White
2000234225.0,55,Wisconsin,5903472,55025,Dane,570754.0,1.38038969626926,1.1263512835,2,5,1,2.0,1.0,0.0,0.0,0.0,1.0,1.0,0.0,Female,4,White
2014266395.0,55,Wisconsin,5903472,55139,Winnebago,170984.0,1.24306640807049,1.0258055433,1,5,1,2.0,0.0,0.0,0.0,0.0,1.0,1.0,0.0,Male,4,White
2011341077.0,55,Wisconsin,5903472,55079,Milwaukee,921471.0,1.25003839468697,1.0127852657,1,6,1,2.0,1.0,1.0,0.0,1.0,1.0,1.0,0.0,Male,4,White
1999197943.0,55,Wisconsin,5903472,55025,Dane,570754.0,0.499076852000974,,2,3,7,2.0,1.0,1.0,1.0,1.0,1.0,0.0,1.0,Female,3,Other
2015983225.0,55,Wisconsin,5903472,55079,Milwaukee,921471.0,1.16544125279848,,1,3,2,2.0,0.0,1.0,1.0,1.0,1.0,1.0,0.0,Male,3,Black
2002590985.0,55,Wisconsin,5903472,55033,Dunn,45648.0,3.63354781476414,,1,1,1,2.0,0.0,1.0,1.0,0.0,1.0,1.0,0.0,Male,1,White
2022096301.0,55,Wisconsin,5903472,55105,Rock,163954.0,1.20654850389383,1.0920998287,1,5,1,2.0,0.0,0.0,0.0,0.0,0.0,1.0,0.0,Male,4,White
2003132845.0,55,Wisconsin,5903472,55067,Langlade,19510.0,2.25173476305543,0.9080857914,2,5,1,2.0,1.0,1.0,1.0,1.0,1.0,1.0,1.0,Female,4,White
2032782965.0,55,Wisconsin,5903472,55009,Brown,270667.0,3.2564855516185,,1,2,1,2.0,1.0,1.0,1.0,1.0,1.0,1.0,1.0,Male,2,White
2008533827.0,55,Wisconsin,5903472,55133,Waukesha,410846.0,0.604481700459127,0.7524638051,2,2,1,2.0,1.0,1.0,1.0,1.0,1.0,0.0,1.0,Female,2,White
2039270435.0,55,Wisconsin,5903472,55087,Outagamie,192510.0,2.11422694467457,1.6033238451,2,6,1,2.0,0.0,0.0,1.0,0.0,0.0,1.0,0.0,Female,4,White
1992829937.0,55,Wisconsin,5903472,55025,Dane,570754.0,1.24306640807049,1.0258055433,1,5,1,2.0,0.0,0.0,1.0,0.0,0.0,1.0,0.0,Male,4,White
2012101931.0,55,Wisconsin,5903472,55031,Douglas,44217.0,1.62400718488762,,2,3,1,2.0,1.0,1.0,0.0,0.0,1.0,1.0,1.0,Female,3,White
2012393355.0,55,Wisconsin,5903472,55113,Sawyer,18556.0,0.472455355931946,,2,3,5,1.0,1.0,1.0,1.0,1.0,1.0,0.0,1.0,Female,3,Hispanic
2010179717.0,55,Wisconsin,5903472,55101,Racine,196642.0,1.09381609805269,1.0405412577,2,3,1,2.0,0.0,0.0,0.0,0.0,0.0,1.0,0.0,Female,3,White
2015096195.0,55,Wisconsin,5903472,55005,Barron,46776.0,0.972997216756678,1.0620032382,2,5,1,2.0,1.0,1.0,1.0,0.0,1.0,0.0,1.0,Female,4,White
2038242027.0,55,Wisconsin,5903472,55105,Rock,163954.0,1.08620959655199,,1,3,1,2.0,1.0,1.0,0.0,1.0,1.0,0.0,1.0,Male,3,White
2040701917.0,55,Wisconsin,5903472,55079,Milwaukee,921471.0,1.56749197657385,,1,5,1,2.0,1.0,1.0,1.0,1.0,1.0,0.0,1.0,Male,4,White
2011820635.0,55,Wisconsin,5903472,55079,Milwaukee,921471.0,2.20746600174168,,2,2,1,2.0,1.0,0.0,1.0,0.0,0.0,0.0,0.0,Female,2,White
2001319597.0,55,Wisconsin,5903472,55101,Racine,196642.0,1.40424612676056,1.4760686148,2,5,1,2.0,0.0,0.0,0.0,0.0,0.0,1.0,0.0,Female,4,White
2031806325.0,55,Wisconsin,5903472,55087,Outagamie,192510.0,0.377085130569528,,2,4,1,2.0,1.0,1.0,1.0,1.0,1.0,0.0,1.0,Female,3,White
2021795183.0,55,Wisconsin,5903472,55031,Douglas,44217.0,2.81702458003229,1.8684001929,1,4,1,2.0,0.0,0.0,0.0,0.0,1.0,1.0,0.0,Male,3,White
2009278175.0,55,Wisconsin,5903472,55059,Kenosha,167870.0,0.522516248570606,0.6808644111000001,2,4,1,2.0,1.0,1.0,1.0,1.0,1.0,1.0,1.0,Female,3,White
2034658917.0,55,Wisconsin,5903472,55127,Walworth,105843.0,2.58511621527224,,2,3,1,2.0,1.0,1.0,1.0,1.0,1.0,0.0,1.0,Female,3,White
2015565477.0,55,Wisconsin,5903472,55139,Winnebago,170984.0,2.81702458003229,1.8684001929,1,4,1,2.0,0.0,0.0,0.0,0.0,1.0,1.0,0.0,Male,3,White
2029188141.0,55,Wisconsin,5903472,55025,Dane,570754.0,1.06585813167273,0.9153873036,1,4,1,2.0,1.0,1.0,1.0,1.0,1.0,1.0,1.0,Male,3,White
2013141693.0,55,Wisconsin,5903472,55141,Wood,73879.0,0.562275568802395,0.4849316251,1,2,1,2.0,1.0,1.0,1.0,1.0,1.0,0.0,1.0,Male,2,White
2013850969.0,55,Wisconsin,5903472,55079,Milwaukee,921471.0,1.15545776846239,1.281248372,2,5,1,2.0,1.0,1.0,1.0,1.0,1.0,1.0,1.0,Female,4,White
2004375147.0,55,Wisconsin,5903472,55055,Jefferson,85883.0,1.64466703665724,,2,3,1,2.0,0.0,0.0,0.0,0.0,0.0,1.0,0.0,Female,3,White
2034659269.0,55,Wisconsin,5903472,55101,Racine,196642.0,1.8629784620628,0.2891080881,1,3,2,2.0,1.0,1.0,0.0,0.0,1.0,1.0,0.0,Male,3,Black
2000251131.0,55,Wisconsin,5903472,55073,Marathon,138207.0,2.69773716655684,0.7362576556,1,2,1,2.0,1.0,1.0,1.0,1.0,1.0,1.0,1.0,Male,2,White
2034611821.0,55,Wisconsin,5903472,55017,Chippewa,66774.0,0.526015704028793,0.6414708419,2,4,1,2.0,1.0,1.0,1.0,1.0,1.0,0.0,1.0,Female,3,White
2035567501.0,55,Wisconsin,5903472,55079,Milwaukee,921471.0,10.4316618708951,,2,3,1,2.0,1.0,1.0,1.0,1.0,1.0,0.0,1.0,Female,3,White
1993386523.0,55,Wisconsin,5903472,55079,Milwaukee,921471.0,10.3283625646008,,1,3,1,2.0,0.0,0.0,0.0,0.0,0.0,1.0,0.0,Male,3,White
2011603523.0,55,Wisconsin,5903472,55079,Milwaukee,921471.0,1.40424612676056,1.4760686148,2,5,1,2.0,1.0,1.0,0.0,0.0,0.0,1.0,1.0,Female,4,White
1774815957.0,55,Wisconsin,5903472,55095,Polk,45590.0,5.33964378457071,,1,2,1,2.0,0.0,0.0,0.0,0.0,0.0,1.0,0.0,Male,2,White
2022528649.0,55,Wisconsin,5903472,55059,Kenosha,167870.0,1.15545776846239,1.281248372,2,5,1,2.0,1.0,1.0,1.0,1.0,0.0,0.0,1.0,Female,4,White
2041254999.0,55,Wisconsin,5903472,55079,Milwaukee,921471.0,1.44594444749801,,2,5,1,2.0,1.0,1.0,1.0,0.0,1.0,1.0,1.0,Female,4,White
2013800663.0,55,Wisconsin,5903472,55131,Washington,138062.0,1.71646414709133,1.7943278806,1,4,1,2.0,0.0,0.0,0.0,0.0,0.0,1.0,0.0,Male,3,White
2039392627.0,55,Wisconsin,5903472,55035,Eau Claire,106836.0,0.731073680779724,0.8289681320000001,2,5,1,2.0,1.0,0.0,1.0,1.0,1.0,0.0,1.0,Female,4,White
2002357843.0,55,Wisconsin,5903472,55025,Dane,570754.0,0.296898773097221,,2,6,1,2.0,0.0,0.0,0.0,0.0,0.0,1.0,0.0,Female,4,White
2012663465.0,55,Wisconsin,5903472,55059,Kenosha,167870.0,2.01099419205249,,2,5,1,2.0,0.0,0.0,0.0,0.0,1.0,0.0,1.0,Female,4,White
1997566701.0,55,Wisconsin,5903472,55063,La Crosse,120346.0,0.671432257764598,0.9044558415,1,3,1,2.0,1.0,1.0,1.0,1.0,1.0,0.0,1.0,Male,3,White
1999872335.0,55,Wisconsin,5903472,55105,Rock,163954.0,1.71646414709133,1.7943278806,1,3,1,2.0,0.0,0.0,0.0,0.0,1.0,1.0,0.0,Male,3,White
2011105459.0,55,Wisconsin,5903472,55059,Kenosha,167870.0,0.86410099106491,2.0945875914,1,1,1,2.0,1.0,1.0,1.0,1.0,1.0,0.0,1.0,Male,1,White
2033767621.0,55,Wisconsin,5903472,55101,Racine,196642.0,0.430864797277079,0.4025924566,2,6,1,2.0,1.0,1.0,1.0,1.0,1.0,0.0,1.0,Female,4,White
2017211489.0,55,Wisconsin,5903472,55045,Green,36888.0,5.57587499081645,,1,2,1,2.0,1.0,1.0,0.0,0.0,0.0,0.0,1.0,Male,2,White
1993375413.0,55,Wisconsin,5903472,55105,Rock,163954.0,1.7345762304301,3.086209327,1,2,1,2.0,1.0,1.0,1.0,1.0,1.0,0.0,1.0,Male,2,White
1982054643.0,55,Wisconsin,5903472,55133,Waukesha,410846.0,0.906555374044316,0.8524606351,1,5,1,2.0,1.0,1.0,1.0,1.0,0.0,1.0,1.0,Male,4,White
2015954961.0,55,Wisconsin,5903472,55133,Waukesha,410846.0,1.83818628738026,1.6558952867,1,5,1,2.0,0.0,1.0,0.0,1.0,0.0,1.0,1.0,Male,4,White
2011414323.0,55,Wisconsin,5903472,55079,Milwaukee,921471.0,3.36005805485778,3.1334703771,2,1,1,2.0,1.0,1.0,1.0,0.0,1.0,1.0,1.0,Female,1,White
2024046475.0,55,Wisconsin,5903472,55009,Brown,270667.0,1.46164847543977,0.6388652988,2,2,1,2.0,1.0,1.0,1.0,1.0,1.0,0.0,1.0,Female,2,White
2009506243.0,55,Wisconsin,5903472,55079,Milwaukee,921471.0,4.50415596390988,0.8223078782000001,1,5,1,2.0,1.0,1.0,1.0,1.0,1.0,0.0,1.0,Male,4,White
2022011017.0,55,Wisconsin,5903472,55107,Rusk,14160.0,0.524961733569728,0.5778509951,2,2,1,2.0,1.0,1.0,1.0,1.0,1.0,0.0,1.0,Female,2,White
2013814927.0,55,Wisconsin,5903472,55099,Price,14167.0,2.41228915486198,2.5236480479,2,6,4,2.0,0.0,1.0,0.0,1.0,1.0,1.0,1.0,Female,4,Other
2007222031.0,55,Wisconsin,5903472,55023,Crawford,16036.0,0.870469821854659,0.2572355937,2,5,7,2.0,1.0,1.0,1.0,1.0,1.0,1.0,1.0,Female,4,Other
1999897387.0,55,Wisconsin,5903472,55101,Racine,196642.0,1.28968689769058,1.4005989604,1,4,1,2.0,0.0,0.0,0.0,0.0,0.0,1.0,0.0,Male,3,White
2009861761.0,55,Wisconsin,5903472,55003,Ashland,16076.0,0.925654117187232,0.8820274124,4,5,1,2.0,1.0,1.0,1.0,1.0,1.0,0.0,1.0,,4,White
1994050121.0,55,Wisconsin,5903472,55133,Waukesha,410846.0,0.700082398595514,0.8217977086,2,3,1,2.0,1.0,1.0,1.0,0.0,1.0,1.0,1.0,Female,3,White
2011151925.0,55,Wisconsin,5903472,55079,Milwaukee,921471.0,1.55612780568007,1.111242289,1,2,1,2.0,0.0,0.0,1.0,0.0,1.0,1.0,0.0,Male,2,White
2040066775.0,55,Wisconsin,5903472,55101,Racine,196642.0,1.83818628738026,1.6558952867,1,5,1,2.0,0.0,0.0,0.0,0.0,0.0,1.0,0.0,Male,4,White
2037361165.0,55,Wisconsin,5903472,55063,La Crosse,120346.0,1.10070139770481,0.9857627711,2,6,1,2.0,1.0,1.0,1.0,1.0,1.0,0.0,1.0,Female,4,White
2019780471.0,55,Wisconsin,5903472,55123,Vernon,31080.0,1.66369534404821,1.2974940656,1,6,1,2.0,1.0,1.0,1.0,0.0,1.0,1.0,0.0,Male,4,White
2020452419.0,55,Wisconsin,5903472,55089,Ozaukee,93080.0,1.51285087745957,,2,1,1,2.0,0.0,1.0,0.0,0.0,0.0,0.0,1.0,Female,1,White
2037133091.0,55,Wisconsin,5903472,55133,Waukesha,410846.0,0.387692544061483,,1,4,1,2.0,1.0,1.0,1.0,0.0,1.0,0.0,1.0,Male,3,White
2010384887.0,55,Wisconsin,5903472,55025,Dane,570754.0,1.15545776846239,1.281248372,2,5,1,2.0,1.0,1.0,1.0,1.0,1.0,1.0,1.0,Female,4,White
2011407849.0,55,Wisconsin,5903472,55063,La Crosse,120346.0,1.45285976459162,1.2921490817,2,2,1,2.0,0.0,0.0,0.0,0.0,1.0,1.0,0.0,Female,2,White
2012214501.0,55,Wisconsin,5903472,55073,Marathon,138207.0,1.09162443372372,1.0086131303,2,2,1,2.0,1.0,1.0,1.0,1.0,1.0,1.0,0.0,Female,2,White
1996530649.0,55,Wisconsin,5903472,55079,Milwaukee,921471.0,1.38038969626926,1.201919055,2,5,1,2.0,0.0,0.0,0.0,0.0,1.0,1.0,0.0,Female,4,White
2011645193.0,55,Wisconsin,5903472,55075,Marinette,41971.0,2.94165257796875,,1,3,1,2.0,0.0,0.0,0.0,0.0,0.0,1.0,0.0,Male,3,White
2039312579.0,54,West Virginia,1774003,54039,Kanawha,175864.0,0.493972372860259,0.4207191261,1,5,1,2.0,1.0,1.0,1.0,1.0,1.0,0.0,1.0,Male,4,White
2040054743.0,54,West Virginia,1774003,54011,Cabell,92492.0,1.32719311139792,4.6737412223,1,3,1,2.0,0.0,0.0,0.0,0.0,1.0,1.0,0.0,Male,3,White
1998838167.0,54,West Virginia,1774003,54049,Marion,55806.0,4.49122519344636,,1,1,1,2.0,0.0,1.0,0.0,0.0,1.0,1.0,0.0,Male,1,White
2015431087.0,54,West Virginia,1774003,54011,Cabell,92492.0,0.861394847336835,0.5398653409,1,4,1,2.0,0.0,0.0,0.0,0.0,0.0,1.0,0.0,Male,3,White
2014222419.0,54,West Virginia,1774003,54011,Cabell,92492.0,7.06130036689315,,1,1,1,2.0,1.0,0.0,1.0,1.0,1.0,1.0,0.0,Male,1,White
2016785855.0,54,West Virginia,1774003,54099,Wayne,38025.0,1.14644366364465,0.6916294103,1,3,1,2.0,0.0,1.0,1.0,0.0,0.0,1.0,0.0,Male,3,White
2019837057.0,54,West Virginia,1774003,54023,Grant,10963.0,1.2981224224384,1.7019642602,2,2,1,2.0,0.0,0.0,0.0,1.0,1.0,1.0,0.0,Female,2,White
1983889169.0,54,West Virginia,1774003,54005,Boone,20927.0,8.52248623978926,,2,2,1,2.0,1.0,1.0,1.0,1.0,1.0,1.0,1.0,Female,2,White
2035573625.0,54,West Virginia,1774003,54063,Monroe,12312.0,1.00382394828461,,1,2,1,2.0,0.0,0.0,0.0,0.0,0.0,1.0,0.0,Male,2,White
2044950469.0,54,West Virginia,1774003,54061,Monongalia,106809.0,5.57847224782799,,1,2,1,2.0,1.0,1.0,1.0,1.0,1.0,0.0,1.0,Male,2,White
2029198061.0,54,West Virginia,1774003,54017,Doddridge,7720.0,6.02406883649187,,1,2,1,2.0,1.0,1.0,1.0,1.0,0.0,1.0,1.0,Male,2,White
2029544979.0,54,West Virginia,1774003,54037,Jefferson,58935.0,0.223833037585154,1.7951539954,1,4,2,2.0,0.0,1.0,1.0,1.0,1.0,1.0,1.0,Male,3,Black
2015831853.0,54,West Virginia,1774003,54039,Kanawha,175864.0,6.40347708854279,,2,2,1,2.0,0.0,1.0,1.0,1.0,1.0,1.0,0.0,Female,2,White
2011288423.0,54,West Virginia,1774003,54053,Mason,24930.0,10.4867565408134,6.6088192368000005,1,1,1,2.0,1.0,0.0,0.0,0.0,1.0,1.0,0.0,Male,1,White
2007799515.0,54,West Virginia,1774003,54069,Ohio,41503.0,0.943330476380343,1.0221242888,2,5,1,2.0,1.0,1.0,0.0,0.0,1.0,1.0,1.0,Female,4,White
2024499521.0,54,West Virginia,1774003,54069,Ohio,41503.0,0.753729028415049,1.3470043544,1,2,1,2.0,0.0,0.0,0.0,0.0,0.0,1.0,0.0,Male,2,White
1995189877.0,54,West Virginia,1774003,54031,Hardy,14232.0,0.612686694009839,0.5607541871,2,4,1,2.0,0.0,0.0,0.0,0.0,1.0,1.0,0.0,Female,3,White
2036102057.0,54,West Virginia,1774003,54055,Mercer,58617.0,1.84272938119914,1.1543679624,1,3,1,2.0,1.0,1.0,0.0,0.0,1.0,1.0,1.0,Male,3,White
2014374005.0,54,West Virginia,1774003,54011,Cabell,92492.0,1.33250007737422,2.0766710318,2,2,1,2.0,0.0,1.0,1.0,0.0,0.0,0.0,0.0,Female,2,White
2013819785.0,54,West Virginia,1774003,54011,Cabell,92492.0,0.939252988086757,0.7831712229000001,2,6,1,2.0,0.0,0.0,0.0,0.0,0.0,0.0,0.0,Female,4,White
2044166961.0,54,West Virginia,1774003,54039,Kanawha,175864.0,1.12722505629072,2.0886565776,1,2,1,2.0,0.0,0.0,0.0,0.0,1.0,1.0,0.0,Male,2,White
2010037133.0,54,West Virginia,1774003,54011,Cabell,92492.0,3.25960092781141,,2,3,1,2.0,0.0,1.0,1.0,1.0,0.0,1.0,1.0,Female,3,White
2008907725.0,54,West Virginia,1774003,54069,Ohio,41503.0,0.866635032755706,0.6913405073000001,2,3,1,2.0,0.0,0.0,0.0,0.0,1.0,1.0,0.0,Female,3,White
2008633249.0,54,West Virginia,1774003,54039,Kanawha,175864.0,3.09597215308905,,1,5,1,2.0,1.0,1.0,1.0,1.0,1.0,1.0,1.0,Male,4,White
2029550851.0,54,West Virginia,1774003,54039,Kanawha,175864.0,0.58714837435606,,1,2,1,2.0,1.0,0.0,1.0,1.0,0.0,0.0,0.0,Male,2,White
2036918529.0,54,West Virginia,1774003,54021,Gilmer,7304.0,1.12722505629072,2.0886565776,1,2,1,2.0,1.0,1.0,0.0,0.0,1.0,1.0,0.0,Male,2,White
2009018779.0,30,Montana,1121533,30031,Gallatin,124713.0,5.5381052909503,,2,3,1,2.0,0.0,1.0,1.0,1.0,1.0,1.0,1.0,Female,3,White
2042330535.0,30,Montana,1121533,30111,Yellowstone,169743.0,6.56307090920425,3.7495165318,2,5,1,2.0,1.0,1.0,0.0,0.0,0.0,1.0,1.0,Female,4,White
2010997781.0,30,Montana,1121533,30081,Ravalli,47123.0,1.1903713622799,1.3693034408,2,2,1,2.0,0.0,0.0,0.0,0.0,1.0,1.0,1.0,Female,2,White
2029037549.0,30,Montana,1121533,30063,Missoula,120859.0,0.450556124618265,0.5244363453,1,4,1,2.0,1.0,1.0,1.0,1.0,1.0,0.0,1.0,Male,3,White
1997202745.0,30,Montana,1121533,30049,Lewis and Clark,73664.0,1.62378735700058,1.2755377414,2,5,1,2.0,0.0,0.0,0.0,0.0,0.0,1.0,0.0,Female,4,White
2014373605.0,30,Montana,1121533,30049,Lewis and Clark,73664.0,0.572547448411016,0.5063379711,2,6,1,2.0,1.0,1.0,1.0,1.0,1.0,1.0,1.0,Female,4,White
2031509821.0,30,Montana,1121533,30013,Cascade,84908.0,0.35398761089195,,1,6,7,2.0,0.0,0.0,0.0,0.0,0.0,1.0,0.0,Male,4,Other
2017013165.0,30,Montana,1121533,30031,Gallatin,124713.0,0.811357834640355,1.2907945654,2,5,1,2.0,1.0,1.0,1.0,1.0,1.0,0.0,1.0,Female,4,White
2039397773.0,30,Montana,1121533,30111,Yellowstone,169743.0,1.20197789630296,1.9877627062,1,5,1,2.0,1.0,1.0,1.0,1.0,1.0,0.0,1.0,Male,4,White
2045146395.0,30,Montana,1121533,30009,Carbon,11237.0,1.28210526134005,1.1504302228,1,6,1,2.0,0.0,0.0,0.0,0.0,0.0,1.0,0.0,Male,4,White
2004014431.0,30,Montana,1121533,30063,Missoula,120859.0,1.08219727283506,0.7349180682,4,5,1,2.0,1.0,1.0,0.0,1.0,1.0,0.0,1.0,,4,White
2026157517.0,30,Montana,1121533,30013,Cascade,84908.0,0.835647778109781,1.0766119682,1,3,6,2.0,,0.0,0.0,0.0,0.0,1.0,0.0,Male,3,Other
2037404645.0,30,Montana,1121533,30023,Deer Lodge,9529.0,0.811357834640355,1.2907945654,2,5,1,2.0,1.0,1.0,1.0,0.0,1.0,1.0,1.0,Female,4,White
2040054699.0,30,Montana,1121533,30111,Yellowstone,169743.0,2.80768307811495,,1,2,1,2.0,0.0,1.0,0.0,1.0,1.0,1.0,0.0,Male,2,White
2011060747.0,30,Montana,1121533,30089,Sanders,13373.0,1.34776521191191,1.5314057216,1,2,1,2.0,0.0,0.0,0.0,0.0,0.0,1.0,0.0,Male,2,White
2035623803.0,30,Montana,1121533,30013,Cascade,84908.0,0.789827140163341,,2,2,1,2.0,0.0,0.0,0.0,0.0,0.0,1.0,0.0,Female,2,White
1998921041.0,30,Montana,1121533,30111,Yellowstone,169743.0,1.54381297368758,1.2413461691,1,5,1,2.0,0.0,0.0,0.0,0.0,0.0,1.0,0.0,Male,4,White
2013136495.0,40,Oklahoma,4025327,40137,Stephens,43699.0,0.210303031497505,0.4759021379,2,5,1,2.0,0.0,0.0,1.0,0.0,0.0,1.0,1.0,Female,4,White
2024867685.0,40,Oklahoma,4025327,40123,Pontotoc,38061.0,3.74248211912911,,1,2,1,2.0,1.0,1.0,1.0,1.0,1.0,0.0,1.0,Male,2,White
2024432179.0,40,Oklahoma,4025327,40021,Cherokee,48009.0,6.18213522872292,,1,2,5,2.0,0.0,1.0,0.0,0.0,0.0,1.0,0.0,Male,2,Other
2036256423.0,40,Oklahoma,4025327,40131,Rogers,99095.0,3.73057784430132,,1,1,1,2.0,0.0,1.0,1.0,1.0,1.0,1.0,0.0,Male,1,White
2043643107.0,40,Oklahoma,4025327,40109,Oklahoma,805035.0,0.379345855376188,0.5683889864,2,6,1,2.0,0.0,0.0,0.0,0.0,0.0,1.0,0.0,Female,4,White
1999118509.0,40,Oklahoma,4025327,40017,Canadian,169473.0,0.609457274534653,0.7462569801000001,1,3,1,2.0,1.0,1.0,1.0,1.0,1.0,1.0,1.0,Male,3,White
2013236529.0,40,Oklahoma,4025327,40143,Tulsa,679125.0,1.21256975848184,0.980101813,1,5,1,2.0,0.0,1.0,1.0,0.0,1.0,1.0,0.0,Male,4,White
2012349069.0,40,Oklahoma,4025327,40109,Oklahoma,805035.0,0.697094089236746,,2,2,3,1.0,1.0,1.0,1.0,0.0,1.0,0.0,1.0,Female,2,Hispanic
2021244983.0,40,Oklahoma,4025327,40071,Kay,43764.0,1.58983477057389,1.1974182293,2,2,1,2.0,0.0,0.0,0.0,0.0,1.0,1.0,1.0,Female,2,White
2021112841.0,40,Oklahoma,4025327,40013,Bryan,48218.0,2.94352194632227,,2,3,1,2.0,1.0,1.0,0.0,0.0,1.0,1.0,1.0,Female,3,White
2037764849.0,40,Oklahoma,4025327,40071,Kay,43764.0,0.922882043157884,1.7196826522,2,4,1,2.0,0.0,0.0,0.0,0.0,0.0,1.0,0.0,Female,3,White
2034713659.0,40,Oklahoma,4025327,40143,Tulsa,679125.0,10.0501885152304,,1,3,5,2.0,1.0,1.0,1.0,1.0,1.0,0.0,0.0,Male,3,Other
1984694517.0,40,Oklahoma,4025327,40125,Pottawatomie,73373.0,0.117689096769982,0.3211434616,1,2,6,2.0,1.0,0.0,1.0,0.0,1.0,1.0,0.0,Male,2,Other
2019921889.0,40,Oklahoma,4025327,40027,Cleveland,299819.0,1.19454232503288,0.9346690453,2,2,1,2.0,1.0,1.0,0.0,1.0,1.0,0.0,1.0,Female,2,White
2028467977.0,40,Oklahoma,4025327,40109,Oklahoma,805035.0,6.73334864067637,,1,1,1,2.0,1.0,1.0,1.0,1.0,1.0,0.0,1.0,Male,1,White
2020699209.0,40,Oklahoma,4025327,40109,Oklahoma,805035.0,2.49870544184527,,1,2,1,2.0,0.0,0.0,0.0,0.0,0.0,1.0,0.0,Male,2,White
2000473095.0,40,Oklahoma,4025327,40131,Rogers,99095.0,2.312555345284,,2,2,1,2.0,0.0,0.0,0.0,1.0,1.0,1.0,1.0,Female,2,White
2011474617.0,40,Oklahoma,4025327,40083,Logan,52035.0,1.79843422310667,2.5352649384,2,3,1,2.0,1.0,1.0,1.0,1.0,1.0,0.0,1.0,Female,3,White
2016117141.0,40,Oklahoma,4025327,40143,Tulsa,679125.0,3.05692910795148,,2,3,1,2.0,,1.0,1.0,1.0,1.0,1.0,,Female,3,White
2009666807.0,40,Oklahoma,4025327,40101,Muskogee,66247.0,1.58983477057389,0.7150731838000001,2,2,1,2.0,0.0,0.0,0.0,1.0,1.0,1.0,0.0,Female,2,White
2034684983.0,40,Oklahoma,4025327,40109,Oklahoma,805035.0,3.09607403637466,,1,1,2,2.0,1.0,1.0,1.0,1.0,0.0,0.0,1.0,Male,1,Black
2014370159.0,40,Oklahoma,4025327,40047,Garfield,61970.0,1.20543548930884,0.8161649234,1,6,1,2.0,0.0,0.0,0.0,0.0,0.0,0.0,0.0,Male,4,White
2028984761.0,40,Oklahoma,4025327,40109,Oklahoma,805035.0,0.932043546278185,,2,4,3,,1.0,1.0,1.0,1.0,0.0,0.0,1.0,Female,3,Hispanic
2023115577.0,40,Oklahoma,4025327,40121,Pittsburg,43555.0,0.358113444701806,,2,2,1,2.0,0.0,0.0,1.0,1.0,1.0,0.0,0.0,Female,2,White
2038064903.0,40,Oklahoma,4025327,40027,Cleveland,299819.0,10.7295407097547,,1,2,2,2.0,1.0,1.0,1.0,1.0,1.0,0.0,1.0,Male,2,Black
2000286805.0,40,Oklahoma,4025327,40143,Tulsa,679125.0,0.743329193810442,0.2239471149,1,6,1,2.0,1.0,0.0,0.0,0.0,0.0,1.0,0.0,Male,4,White
1999786165.0,40,Oklahoma,4025327,40109,Oklahoma,805035.0,1.49961125634477,2.0516665635,1,5,1,2.0,1.0,1.0,1.0,0.0,1.0,1.0,1.0,Male,4,White
2014116997.0,40,Oklahoma,4025327,40049,Garvin,25796.0,1.71048427085241,4.9288691366,1,1,1,2.0,1.0,1.0,0.0,0.0,1.0,0.0,0.0,Male,1,White
2016647617.0,40,Oklahoma,4025327,40031,Comanche,122353.0,0.0792397757652566,0.2097413923,1,3,3,1.0,1.0,1.0,1.0,1.0,1.0,1.0,1.0,Male,3,Hispanic
2012296257.0,40,Oklahoma,4025327,40037,Creek,72691.0,0.66447487029785,0.8038307934000001,1,2,1,2.0,1.0,1.0,0.0,0.0,0.0,1.0,1.0,Male,2,White
1998940385.0,40,Oklahoma,4025327,40091,McIntosh,19399.0,2.84019043788487,,2,4,5,2.0,1.0,1.0,1.0,1.0,1.0,1.0,0.0,Female,3,Other
2034483495.0,40,Oklahoma,4025327,40149,Washita,10718.0,0.20058567384946,,1,2,1,2.0,1.0,1.0,1.0,1.0,1.0,1.0,1.0,Male,2,White
2026993313.0,40,Oklahoma,4025327,40109,Oklahoma,805035.0,5.81305463509018,,2,3,2,2.0,0.0,1.0,0.0,0.0,1.0,1.0,0.0,Female,3,Black
2034416809.0,40,Oklahoma,4025327,40031,Comanche,122353.0,4.36224875195791,,2,2,1,2.0,1.0,1.0,1.0,0.0,1.0,0.0,1.0,Female,2,White
2032373713.0,40,Oklahoma,4025327,40109,Oklahoma,805035.0,0.958875853203234,0.8099885829,2,5,5,2.0,1.0,1.0,1.0,1.0,1.0,0.0,1.0,Female,4,Other
2012231885.0,40,Oklahoma,4025327,40119,Payne,82904.0,0.490846910298542,0.5761865141,2,6,1,2.0,1.0,1.0,1.0,1.0,1.0,1.0,1.0,Female,4,White
2026481271.0,40,Oklahoma,4025327,40047,Garfield,61970.0,2.62009331238966,,1,2,3,,1.0,1.0,1.0,1.0,1.0,0.0,1.0,Male,2,Hispanic
2014459609.0,40,Oklahoma,4025327,40073,Kingfisher,15281.0,0.801099563899548,,2,1,1,2.0,0.0,1.0,1.0,1.0,0.0,0.0,0.0,Female,1,White
2031002629.0,40,Oklahoma,4025327,40109,Oklahoma,805035.0,1.49741175124265,,2,2,6,2.0,0.0,0.0,0.0,0.0,1.0,1.0,0.0,Female,2,Other
2021047433.0,40,Oklahoma,4025327,40109,Oklahoma,805035.0,0.722384361318557,,2,6,5,2.0,1.0,0.0,0.0,0.0,0.0,0.0,0.0,Female,4,Other
2021542809.0,40,Oklahoma,4025327,40051,Grady,56737.0,1.58983477057389,1.1835763581,2,2,1,2.0,0.0,0.0,0.0,0.0,0.0,1.0,0.0,Female,2,White
1998721095.0,40,Oklahoma,4025327,40135,Sequoyah,39769.0,0.873133792528026,0.767280849,2,2,6,2.0,0.0,0.0,0.0,0.0,1.0,1.0,0.0,Female,2,Other
2031510145.0,40,Oklahoma,4025327,40017,Canadian,169473.0,1.82555332128278,1.9470374788,2,5,1,2.0,0.0,0.0,0.0,0.0,0.0,1.0,0.0,Female,4,White
2001258357.0,40,Oklahoma,4025327,40143,Tulsa,679125.0,0.436465503962412,0.3923582271,1,3,1,2.0,1.0,1.0,1.0,1.0,1.0,1.0,1.0,Male,3,White
2014496045.0,40,Oklahoma,4025327,40063,Hughes,13420.0,0.785843792601452,,1,3,1,2.0,0.0,0.0,0.0,0.0,0.0,1.0,0.0,Male,3,White
1995861395.0,40,Oklahoma,4025327,40109,Oklahoma,805035.0,1.176842194082,0.372505588,2,6,1,2.0,1.0,1.0,1.0,1.0,1.0,0.0,1.0,Female,4,White
1993417607.0,40,Oklahoma,4025327,40109,Oklahoma,805035.0,2.35801057206511,1.2865375155,2,6,1,2.0,0.0,1.0,0.0,0.0,1.0,1.0,0.0,Female,4,White
2042352081.0,40,Oklahoma,4025327,40023,Choctaw,14409.0,2.27841378837214,,2,4,2,2.0,1.0,1.0,1.0,0.0,1.0,0.0,1.0,Female,3,Black
2015097495.0,40,Oklahoma,4025327,40143,Tulsa,679125.0,3.74248211912911,,1,2,1,2.0,1.0,1.0,1.0,1.0,1.0,0.0,1.0,Male,2,White
2011124441.0,40,Oklahoma,4025327,40019,Carter,48485.0,1.79954084771523,,2,5,5,2.0,0.0,0.0,0.0,0.0,0.0,1.0,0.0,Female,4,Other
2041081919.0,40,Oklahoma,4025327,40045,Ellis,3687.0,2.49870544184527,1.2712348392,1,2,1,2.0,0.0,1.0,1.0,1.0,1.0,1.0,0.0,Male,2,White
2012748427.0,40,Oklahoma,4025327,40143,Tulsa,679125.0,2.31780167434887,,2,2,2,2.0,0.0,1.0,0.0,1.0,1.0,0.0,1.0,Female,2,Black
2034242299.0,40,Oklahoma,4025327,40021,Cherokee,48009.0,0.247988875625286,,1,2,1,2.0,1.0,1.0,1.0,1.0,1.0,1.0,1.0,Male,2,White
2013131017.0,40,Oklahoma,4025327,40031,Comanche,122353.0,3.95135518085634,,1,2,1,2.0,0.0,0.0,1.0,0.0,1.0,1.0,1.0,Male,2,White
1997659679.0,40,Oklahoma,4025327,40051,Grady,56737.0,0.614107977354113,,2,2,4,2.0,1.0,1.0,1.0,1.0,1.0,1.0,1.0,Female,2,Other
2031573277.0,40,Oklahoma,4025327,40121,Pittsburg,43555.0,1.61021090384674,2.3626842358,1,3,5,2.0,1.0,1.0,1.0,1.0,1.0,0.0,1.0,Male,3,Other
1983321167.0,40,Oklahoma,4025327,40109,Oklahoma,805035.0,0.346839480181937,0.4549762472,1,3,3,1.0,0.0,0.0,0.0,0.0,0.0,1.0,0.0,Male,3,Hispanic
2031530603.0,40,Oklahoma,4025327,40109,Oklahoma,805035.0,4.44535402958464,1.4930587306,1,3,4,2.0,0.0,0.0,1.0,0.0,1.0,1.0,0.0,Male,3,Other
2011924351.0,40,Oklahoma,4025327,40089,McCurtain,30877.0,1.96419250142465,,2,3,1,2.0,1.0,1.0,1.0,0.0,0.0,1.0,1.0,Female,3,White
2034526727.0,40,Oklahoma,4025327,40147,Washington,53275.0,0.146821906077059,0.4872100378,2,4,1,2.0,1.0,1.0,0.0,0.0,1.0,1.0,0.0,Female,3,White
2032966219.0,16,Idaho,1942951,16027,Canyon,251397.0,0.935766312358446,1.2930957391,1,3,1,2.0,1.0,1.0,1.0,1.0,1.0,1.0,1.0,Male,3,White
2026742407.0,16,Idaho,1942951,16001,Ada,520365.0,2.09314271493884,,1,2,3,1.0,1.0,0.0,0.0,0.0,1.0,1.0,1.0,Male,2,Hispanic
1984924597.0,16,Idaho,1942951,16065,Madison,55251.0,4.4557645779951,,1,3,1,2.0,1.0,1.0,1.0,0.0,1.0,1.0,1.0,Male,3,White
2021829491.0,16,Idaho,1942951,16055,Kootenai,183512.0,5.27197912110087,,2,2,1,2.0,0.0,1.0,1.0,0.0,1.0,1.0,0.0,Female,2,White
2044398423.0,16,Idaho,1942951,16001,Ada,520365.0,0.906192388024613,,2,5,1,2.0,1.0,1.0,1.0,1.0,1.0,1.0,1.0,Female,4,White
2009186309.0,16,Idaho,1942951,16001,Ada,520365.0,8.63211263272206,,1,1,3,1.0,0.0,1.0,1.0,1.0,1.0,0.0,1.0,Male,1,Hispanic
2008987023.0,16,Idaho,1942951,16045,Gem,20627.0,1.30068644677195,,2,1,1,2.0,1.0,1.0,1.0,1.0,0.0,0.0,1.0,Female,1,White
2037268137.0,16,Idaho,1942951,16001,Ada,520365.0,1.81332815410603,,2,6,1,2.0,0.0,1.0,1.0,1.0,1.0,1.0,0.0,Female,4,White
1999331433.0,16,Idaho,1942951,16013,Blaine,25200.0,4.25782673539087,,2,3,1,2.0,1.0,0.0,0.0,0.0,1.0,0.0,1.0,Female,3,White
2019645149.0,16,Idaho,1942951,16027,Canyon,251397.0,7.29993366906275,,1,2,1,2.0,1.0,1.0,1.0,0.0,1.0,1.0,1.0,Male,2,White
2028521825.0,16,Idaho,1942951,16069,Nez Perce,42998.0,0.347737660959927,0.1860695596,2,3,5,2.0,0.0,0.0,0.0,0.0,0.0,1.0,0.0,Female,3,Other
1994473223.0,16,Idaho,1942951,16055,Kootenai,183512.0,0.375896073005713,0.0962635116,2,6,7,2.0,1.0,1.0,0.0,0.0,0.0,0.0,0.0,Female,4,Other
2014750913.0,16,Idaho,1942951,16001,Ada,520365.0,4.4812919192116,0.9396214036,1,5,1,2.0,0.0,0.0,0.0,0.0,0.0,1.0,0.0,Male,4,White
2015339815.0,16,Idaho,1942951,16001,Ada,520365.0,0.652541334186533,1.2845972304,2,5,1,2.0,1.0,1.0,1.0,1.0,1.0,1.0,1.0,Female,4,White
2009707869.0,16,Idaho,1942951,16027,Canyon,251397.0,1.26364415035737,1.2422996232,1,3,1,2.0,1.0,0.0,0.0,0.0,0.0,1.0,0.0,Male,3,White
2039560993.0,16,Idaho,1942951,16001,Ada,520365.0,1.69020668930813,1.5847577115,1,5,1,2.0,0.0,0.0,0.0,0.0,0.0,1.0,0.0,Male,4,White
2007799427.0,16,Idaho,1942951,16079,Shoshone,13924.0,2.0048011986307,,1,6,1,2.0,0.0,0.0,0.0,0.0,0.0,1.0,0.0,Male,4,White
2039665403.0,16,Idaho,1942951,16055,Kootenai,183512.0,0.6813265621709,,2,3,1,2.0,1.0,1.0,1.0,1.0,1.0,0.0,1.0,Female,3,White
1999604897.0,16,Idaho,1942951,16083,Twin Falls,93890.0,1.19515674886621,0.7569417614,1,4,1,2.0,0.0,1.0,1.0,0.0,1.0,0.0,0.0,Male,3,White
2038817445.0,16,Idaho,1942951,16001,Ada,520365.0,1.31758946488531,0.4866029175,2,5,1,2.0,1.0,1.0,1.0,1.0,1.0,1.0,1.0,Female,4,White
1998538519.0,16,Idaho,1942951,16027,Canyon,251397.0,1.57893897422741,2.4028596347,1,3,1,2.0,0.0,0.0,0.0,0.0,1.0,1.0,0.0,Male,3,White
2014610691.0,16,Idaho,1942951,16055,Kootenai,183512.0,1.46266069596501,1.3704925063,2,3,1,2.0,1.0,1.0,0.0,0.0,0.0,1.0,0.0,Female,3,White
2021899365.0,16,Idaho,1942951,16027,Canyon,251397.0,1.61795154142043,0.7960805819000001,2,3,1,2.0,1.0,1.0,1.0,0.0,1.0,1.0,1.0,Female,3,White
2034504045.0,16,Idaho,1942951,16001,Ada,520365.0,1.64161928794926,1.0496932765,2,3,1,2.0,1.0,1.0,0.0,1.0,1.0,1.0,1.0,Female,3,White
2045041819.0,16,Idaho,1942951,16079,Shoshone,13924.0,2.30585658895324,3.2618675062,1,2,1,2.0,0.0,1.0,1.0,1.0,1.0,1.0,1.0,Male,2,White
2021638891.0,16,Idaho,1942951,16037,Custer,4503.0,1.03220944246323,,2,1,1,2.0,1.0,1.0,1.0,0.0,0.0,0.0,0.0,Female,1,White
2034685425.0,16,Idaho,1942951,16055,Kootenai,183512.0,0.127401899800699,1.7157433474,1,4,1,2.0,0.0,1.0,0.0,1.0,1.0,1.0,0.0,Male,3,White
2013731235.0,16,Idaho,1942951,16001,Ada,520365.0,1.62961192528536,1.0211820078,2,5,1,2.0,0.0,1.0,0.0,0.0,1.0,1.0,0.0,Female,4,White
2042638153.0,16,Idaho,1942951,16083,Twin Falls,93890.0,0.207056461847589,0.6238477362,2,2,1,2.0,1.0,0.0,1.0,0.0,1.0,1.0,1.0,Female,2,White
2028396579.0,19,Iowa,3201890,19019,Buchanan,20705.0,0.893629513421633,1.052247254,2,2,1,2.0,1.0,1.0,1.0,1.0,1.0,1.0,0.0,Female,2,White
2039222535.0,19,Iowa,3201890,19103,Johnson,156681.0,0.459246422374188,0.3255529061,1,6,1,2.0,1.0,1.0,1.0,0.0,1.0,0.0,1.0,Male,4,White
2011086713.0,19,Iowa,3201890,19153,Polk,501174.0,1.47844906717018,,2,5,1,2.0,1.0,0.0,0.0,0.0,0.0,1.0,0.0,Female,4,White
2016556513.0,19,Iowa,3201890,19153,Polk,501174.0,0.477724753280521,0.5578998944,2,3,1,2.0,1.0,1.0,1.0,1.0,1.0,1.0,1.0,Female,3,White
2034488009.0,19,Iowa,3201890,19153,Polk,501174.0,0.831983034177509,,1,3,1,2.0,1.0,1.0,1.0,1.0,1.0,0.0,1.0,Male,3,White
2010142083.0,19,Iowa,3201890,19153,Polk,501174.0,1.15061078174324,0.9674946252,2,3,1,2.0,0.0,0.0,0.0,0.0,0.0,1.0,0.0,Female,3,White
2010413649.0,19,Iowa,3201890,19001,Adair,7466.0,0.893629513421633,1.052247254,2,2,1,2.0,0.0,0.0,1.0,0.0,0.0,1.0,0.0,Female,2,White
2043838173.0,19,Iowa,3201890,19055,Delaware,17590.0,1.79955477204803,,1,2,1,2.0,0.0,1.0,1.0,1.0,1.0,1.0,1.0,Male,2,White
2014613181.0,19,Iowa,3201890,19069,Franklin,9923.0,1.25426019087089,1.5968690907,2,5,1,2.0,1.0,1.0,1.0,1.0,1.0,1.0,0.0,Female,4,White
2009060829.0,19,Iowa,3201890,19017,Bremer,25261.0,4.06598296567118,2.6197077766,1,3,1,2.0,1.0,0.0,0.0,0.0,0.0,1.0,0.0,Male,3,White
2012846603.0,19,Iowa,3201890,19183,Washington,22539.0,0.675741331241076,1.215614419,2,2,1,2.0,1.0,1.0,1.0,1.0,1.0,0.0,1.0,Female,2,White
2008623533.0,19,Iowa,3201890,19015,Boone,26574.0,3.46376660573072,,2,3,1,2.0,1.0,1.0,1.0,1.0,1.0,1.0,1.0,Female,3,White
2025652783.0,19,Iowa,3201890,19075,Grundy,12367.0,1.58346996711154,1.7510147446,1,4,1,2.0,1.0,1.0,0.0,0.0,0.0,1.0,1.0,Male,3,White
2040040535.0,19,Iowa,3201890,19103,Johnson,156681.0,0.533986623257511,0.3998604052,2,5,1,2.0,1.0,1.0,1.0,1.0,1.0,0.0,1.0,Female,4,White
2044345647.0,19,Iowa,3201890,19193,Woodbury,105712.0,1.85285098052299,,1,1,1,2.0,0.0,1.0,0.0,0.0,1.0,0.0,0.0,Male,1,White
2028991325.0,19,Iowa,3201890,19013,Black Hawk,129963.0,2.03202616816931,0.7985895724000001,1,2,1,2.0,1.0,1.0,1.0,1.0,1.0,1.0,1.0,Male,2,White
2032766275.0,19,Iowa,3201890,19153,Polk,501174.0,0.657159384646781,,2,4,1,2.0,0.0,1.0,1.0,1.0,0.0,0.0,0.0,Female,3,White
2012268165.0,19,Iowa,3201890,19125,Marion,33581.0,0.526577323705173,0.9958342191,2,2,1,2.0,1.0,0.0,0.0,0.0,1.0,1.0,1.0,Female,2,White
2038658287.0,19,Iowa,3201890,19019,Buchanan,20705.0,0.893629513421633,1.052247254,2,2,1,2.0,1.0,1.0,1.0,1.0,1.0,1.0,1.0,Female,2,White
2010539835.0,19,Iowa,3201890,19153,Polk,501174.0,0.860434920479224,1.0073806814,1,3,1,2.0,1.0,1.0,1.0,1.0,1.0,0.0,1.0,Male,3,White
1998632017.0,19,Iowa,3201890,19061,Dubuque,98723.0,0.796687328973597,,1,1,1,2.0,0.0,0.0,0.0,0.0,1.0,1.0,0.0,Male,1,White
2038238751.0,19,Iowa,3201890,19049,Dallas,108070.0,0.860434920479224,1.0073806814,1,3,1,2.0,1.0,1.0,1.0,1.0,1.0,0.0,1.0,Male,3,White
2033576843.0,19,Iowa,3201890,19111,Lee,32783.0,0.52942456212711,0.6416429494,2,5,1,2.0,1.0,1.0,1.0,1.0,0.0,0.0,1.0,Female,4,White
2011028403.0,19,Iowa,3201890,19049,Dallas,108070.0,2.9659030393705,0.8758734698,2,2,1,2.0,1.0,1.0,1.0,1.0,1.0,1.0,1.0,Female,2,White
2031195129.0,19,Iowa,3201890,19153,Polk,501174.0,2.98702230698529,,2,2,1,2.0,1.0,1.0,1.0,1.0,1.0,0.0,0.0,Female,2,White
2015309861.0,19,Iowa,3201890,19167,Sioux,36250.0,1.88747051876293,,1,5,1,2.0,0.0,0.0,0.0,0.0,0.0,1.0,0.0,Male,4,White
2011547859.0,19,Iowa,3201890,19169,Story,99857.0,0.860434920479224,1.0073806814,1,3,1,2.0,1.0,0.0,1.0,1.0,1.0,0.0,1.0,Male,3,White
2012014915.0,19,Iowa,3201890,19113,Linn,228878.0,8.1997224359116,2.6546533631,2,5,3,1.0,1.0,1.0,1.0,1.0,1.0,0.0,1.0,Female,4,Hispanic
1998298377.0,19,Iowa,3201890,19125,Marion,33581.0,0.299823153132565,,1,5,1,2.0,0.0,0.0,0.0,0.0,0.0,1.0,0.0,Male,4,White
2020209639.0,19,Iowa,3201890,19011,Benton,25748.0,1.12046857941287,1.4281702936,1,2,1,2.0,,1.0,0.0,0.0,1.0,1.0,1.0,Male,2,White
2015020783.0,19,Iowa,3201890,19155,Pottawattamie,93162.0,0.996921134737236,,1,5,1,2.0,0.0,1.0,1.0,1.0,0.0,0.0,1.0,Male,4,White
2018441291.0,19,Iowa,3201890,19153,Polk,501174.0,1.90689487631039,0.6732063228,1,5,3,,1.0,1.0,1.0,1.0,1.0,1.0,1.0,Male,4,Hispanic
2010603973.0,19,Iowa,3201890,19015,Boone,26574.0,1.24212707651951,0.9357906504,1,5,1,2.0,1.0,1.0,1.0,1.0,1.0,0.0,1.0,Male,4,White
2041462121.0,19,Iowa,3201890,19091,Humboldt,9540.0,0.850375713470385,0.9197512522,2,4,1,2.0,1.0,1.0,1.0,1.0,1.0,0.0,1.0,Female,3,White
2027059157.0,19,Iowa,3201890,19057,Des Moines,38229.0,2.06188328756421,2.0718287937,1,4,1,2.0,0.0,1.0,1.0,1.0,1.0,1.0,1.0,Male,3,White
2038619195.0,19,Iowa,3201890,19113,Linn,228878.0,1.10094545533022,2.0782593746,1,5,1,2.0,0.0,0.0,0.0,0.0,0.0,1.0,0.0,Male,4,White
1998892921.0,19,Iowa,3201890,19005,Allamakee,14095.0,0.664369768716086,2.9343676081,1,1,1,2.0,1.0,1.0,1.0,1.0,1.0,0.0,1.0,Male,1,White
2025503443.0,19,Iowa,3201890,19061,Dubuque,98723.0,0.203994302452948,0.6907044711,1,2,1,2.0,1.0,1.0,0.0,0.0,1.0,0.0,1.0,Male,2,White
2038247011.0,19,Iowa,3201890,19153,Polk,501174.0,0.597079032545947,0.5466973954000001,2,4,1,2.0,1.0,1.0,1.0,1.0,1.0,0.0,1.0,Female,3,White
2012840903.0,19,Iowa,3201890,19113,Linn,228878.0,0.52942456212711,0.6416429494,2,5,1,2.0,1.0,1.0,1.0,1.0,1.0,0.0,1.0,Female,4,White
2009901415.0,19,Iowa,3201890,19099,Jasper,37948.0,2.98702230698529,,2,2,1,2.0,0.0,0.0,0.0,0.0,1.0,0.0,0.0,Female,2,White
2011835853.0,19,Iowa,3201890,19113,Linn,228878.0,1.38499415115113,0.9884586543,2,6,1,2.0,1.0,1.0,1.0,1.0,1.0,1.0,1.0,Female,4,White
2011906303.0,19,Iowa,3201890,19117,Lucas,8732.0,0.326688652284639,0.4481056849,2,2,1,2.0,1.0,1.0,0.0,1.0,1.0,1.0,1.0,Female,2,White
2012649767.0,19,Iowa,3201890,19153,Polk,501174.0,0.477724753280521,0.5578998944,2,3,1,2.0,1.0,1.0,1.0,1.0,1.0,0.0,1.0,Female,3,White
2011240065.0,19,Iowa,3201890,19163,Scott,173859.0,1.9472657945451,0.741936095,2,2,1,2.0,1.0,1.0,1.0,1.0,1.0,0.0,0.0,Female,2,White
1995797587.0,19,Iowa,3201890,19153,Polk,501174.0,0.477724753280521,0.5578998944,2,3,1,2.0,1.0,1.0,1.0,1.0,1.0,0.0,1.0,Female,3,White
2013049675.0,19,Iowa,3201890,19057,Des Moines,38229.0,1.46529332428927,1.530731067,1,2,1,2.0,0.0,0.0,0.0,0.0,0.0,1.0,0.0,Male,2,White
2033087911.0,19,Iowa,3201890,19181,Warren,54357.0,0.471547397273079,,1,4,1,2.0,1.0,1.0,1.0,1.0,1.0,0.0,1.0,Male,3,White
2008208855.0,17,Illinois,12609577,17031,Cook,5127866.0,2.70840625028165,,1,4,2,2.0,1.0,1.0,1.0,1.0,1.0,1.0,0.0,Male,3,Black
2011197013.0,17,Illinois,12609577,17063,Grundy,53145.0,3.34978227902982,,2,5,1,2.0,0.0,1.0,0.0,0.0,1.0,0.0,0.0,Female,4,White
2008530463.0,17,Illinois,12609577,17135,Montgomery,27958.0,0.903178096925867,0.8539453282,2,5,1,2.0,1.0,1.0,1.0,1.0,1.0,1.0,1.0,Female,4,White
1977534117.0,17,Illinois,12609577,17031,Cook,5127866.0,0.868758262922197,1.0568117966,1,5,1,2.0,0.0,0.0,0.0,0.0,1.0,1.0,0.0,Male,4,White
2017232349.0,17,Illinois,12609577,17197,Will,699112.0,0.632491275452992,1.1009462347,2,5,1,2.0,1.0,1.0,0.0,0.0,1.0,0.0,1.0,Female,4,White
1995541717.0,17,Illinois,12609577,17031,Cook,5127866.0,1.31994353430864,,1,5,2,1.0,1.0,1.0,1.0,1.0,1.0,1.0,1.0,Male,4,Black
2011591939.0,17,Illinois,12609577,17141,Ogle,51441.0,6.28117558542315,,2,2,1,2.0,1.0,1.0,1.0,1.0,1.0,1.0,1.0,Female,2,White
2045256249.0,17,Illinois,12609577,17017,Cass,12657.0,2.34481925281349,,1,1,1,2.0,1.0,0.0,1.0,1.0,1.0,1.0,1.0,Male,1,White
2041454517.0,17,Illinois,12609577,17197,Will,699112.0,0.956740446359704,1.0714906723,2,3,1,2.0,0.0,0.0,0.0,0.0,0.0,1.0,0.0,Female,3,White
2010516375.0,17,Illinois,12609577,17043,DuPage,924178.0,1.06119776862822,1.3283303979,2,5,1,2.0,0.0,0.0,0.0,0.0,0.0,1.0,1.0,Female,4,White
2011336187.0,17,Illinois,12609577,17075,Iroquois,26421.0,0.744583317334694,0.8690744756000001,1,5,1,1.0,0.0,1.0,0.0,0.0,0.0,1.0,0.0,Male,4,Hispanic
2017005365.0,17,Illinois,12609577,17179,Tazewell,129891.0,1.12156261084423,,1,5,1,2.0,0.0,0.0,0.0,0.0,0.0,1.0,0.0,Male,4,White
2038682793.0,17,Illinois,12609577,17197,Will,699112.0,1.38185926171899,1.7951285636,2,3,1,2.0,1.0,1.0,1.0,1.0,1.0,0.0,1.0,Female,3,White
2037307807.0,17,Illinois,12609577,17201,Winnebago,281767.0,7.67255506585141,,1,3,1,2.0,0.0,0.0,1.0,1.0,1.0,0.0,0.0,Male,3,White
1999801371.0,17,Illinois,12609577,17043,DuPage,924178.0,1.28281112105358,,2,5,1,2.0,0.0,0.0,0.0,0.0,1.0,1.0,1.0,Female,4,White
1999778883.0,17,Illinois,12609577,17181,Union,16916.0,1.74189414952577,1.5535536562,2,4,1,2.0,0.0,0.0,0.0,0.0,1.0,1.0,0.0,Female,3,White
2015218799.0,17,Illinois,12609577,17197,Will,699112.0,3.13644905524941,,1,5,1,2.0,1.0,1.0,1.0,1.0,1.0,0.0,1.0,Male,4,White
2039307561.0,17,Illinois,12609577,17043,DuPage,924178.0,0.775512132612784,,1,3,2,2.0,1.0,1.0,1.0,1.0,1.0,1.0,1.0,Male,3,Black
2039505533.0,17,Illinois,12609577,17079,Jasper,9177.0,1.48035152660615,1.8824980546,1,4,1,2.0,0.0,0.0,0.0,0.0,0.0,1.0,0.0,Male,3,White
1998779771.0,17,Illinois,12609577,17089,Kane,515285.0,1.03067182884513,1.1259214102,1,2,1,2.0,0.0,0.0,0.0,0.0,0.0,1.0,0.0,Male,2,White
2021102661.0,17,Illinois,12609577,17031,Cook,5127866.0,1.37437835499652,1.1056024077,2,2,2,2.0,1.0,1.0,1.0,0.0,1.0,1.0,1.0,Female,2,Black
2002311039.0,17,Illinois,12609577,17019,Champaign,208056.0,2.60935309573655,0.6295148610000001,1,6,3,1.0,1.0,1.0,1.0,1.0,1.0,1.0,1.0,Male,4,Hispanic
2031293507.0,17,Illinois,12609577,17089,Kane,515285.0,5.00198162867822,,2,5,1,2.0,1.0,1.0,0.0,1.0,1.0,1.0,1.0,Female,4,White
2041471939.0,17,Illinois,12609577,17089,Kane,515285.0,0.66132372149427,0.7919221244,2,5,1,2.0,1.0,0.0,1.0,0.0,0.0,0.0,1.0,Female,4,White
2016647657.0,17,Illinois,12609577,17031,Cook,5127866.0,3.00798105074253,2.0160823698,2,1,2,2.0,0.0,0.0,1.0,1.0,1.0,0.0,1.0,Female,1,Black
1998634653.0,17,Illinois,12609577,17197,Will,699112.0,5.1054734022948,,1,2,1,2.0,0.0,1.0,0.0,0.0,1.0,1.0,0.0,Male,2,White
2024917819.0,17,Illinois,12609577,17099,LaSalle,107798.0,0.459844268907386,,2,2,1,2.0,1.0,1.0,1.0,1.0,1.0,0.0,1.0,Female,2,White
2015167853.0,17,Illinois,12609577,17031,Cook,5127866.0,0.806137859165433,0.6955967086,1,6,1,2.0,1.0,1.0,1.0,1.0,1.0,0.0,1.0,Male,4,White
2037403601.0,17,Illinois,12609577,17031,Cook,5127866.0,1.13815868525196,1.2845982741,1,6,1,2.0,1.0,1.0,1.0,1.0,1.0,0.0,1.0,Male,4,White
2014150567.0,17,Illinois,12609577,17031,Cook,5127866.0,5.00198162867822,1.3626529228,2,5,1,2.0,1.0,1.0,1.0,0.0,1.0,1.0,1.0,Female,4,White
2038892831.0,17,Illinois,12609577,17031,Cook,5127866.0,2.03443190971665,,1,5,1,2.0,1.0,1.0,0.0,1.0,1.0,1.0,1.0,Male,4,White
2002436903.0,17,Illinois,12609577,17089,Kane,515285.0,1.61829799834905,1.5803428536,2,5,1,2.0,0.0,0.0,0.0,0.0,1.0,1.0,1.0,Female,4,White
2013230417.0,17,Illinois,12609577,17111,McHenry,311889.0,0.62577838458843,,1,4,1,2.0,0.0,0.0,0.0,0.0,0.0,1.0,0.0,Male,3,White
1995287715.0,17,Illinois,12609577,17043,DuPage,924178.0,0.762435268208679,,2,5,1,2.0,1.0,1.0,1.0,1.0,1.0,1.0,1.0,Female,4,White
2012579895.0,17,Illinois,12609577,17031,Cook,5127866.0,1.20656070599808,0.7045178113,1,5,1,2.0,0.0,1.0,1.0,1.0,1.0,0.0,1.0,Male,4,White
2030851855.0,17,Illinois,12609577,17043,DuPage,924178.0,3.16111363803073,1.4576936116,2,4,1,2.0,1.0,1.0,1.0,1.0,1.0,1.0,0.0,Female,3,White
2000711211.0,17,Illinois,12609577,17043,DuPage,924178.0,3.83606157146084,,1,2,1,2.0,0.0,0.0,0.0,0.0,1.0,1.0,1.0,Male,2,White
1998258141.0,17,Illinois,12609577,17031,Cook,5127866.0,5.89186182022844,1.5140420882,2,5,1,2.0,1.0,1.0,0.0,1.0,1.0,1.0,1.0,Female,4,White
2000295593.0,17,Illinois,12609577,17031,Cook,5127866.0,1.31187734962936,,2,4,1,2.0,1.0,1.0,1.0,1.0,1.0,1.0,0.0,Female,3,White
1998366483.0,17,Illinois,12609577,17201,Winnebago,281767.0,1.26598833382617,,2,2,2,2.0,1.0,1.0,1.0,0.0,1.0,0.0,0.0,Female,2,Black
2039375311.0,17,Illinois,12609577,17031,Cook,5127866.0,2.01618561593819,0.9196062854,1,3,3,,1.0,1.0,1.0,1.0,1.0,1.0,1.0,Male,3,Hispanic
2042359317.0,17,Illinois,12609577,17113,McLean,171054.0,0.66293754900028,1.3385717635,1,3,1,2.0,0.0,0.0,0.0,1.0,1.0,1.0,0.0,Male,3,White
1995905373.0,17,Illinois,12609577,17031,Cook,5127866.0,1.26937288651791,1.6864061192,1,6,1,2.0,1.0,1.0,1.0,1.0,1.0,0.0,1.0,Male,4,White
2034157217.0,17,Illinois,12609577,17031,Cook,5127866.0,1.82312686924477,,1,2,2,2.0,1.0,1.0,1.0,1.0,1.0,0.0,1.0,Male,2,Black
2034711629.0,17,Illinois,12609577,17031,Cook,5127866.0,4.91011397180498,,1,1,2,2.0,1.0,0.0,1.0,1.0,1.0,1.0,0.0,Male,1,Black
2045439607.0,17,Illinois,12609577,17019,Champaign,208056.0,0.842700155780465,0.987433804,1,5,1,2.0,0.0,0.0,0.0,0.0,0.0,1.0,0.0,Male,4,White
2014463837.0,17,Illinois,12609577,17031,Cook,5127866.0,0.529726907229974,0.5661520826,2,2,1,2.0,1.0,1.0,1.0,1.0,1.0,1.0,1.0,Female,2,White
2011929413.0,17,Illinois,12609577,17019,Champaign,208056.0,1.23212462700068,1.3361186584,2,6,1,2.0,1.0,1.0,1.0,1.0,1.0,0.0,1.0,Female,4,White
2014401861.0,17,Illinois,12609577,17143,Peoria,178221.0,1.66809711235554,4.9437490814,2,1,1,2.0,0.0,0.0,0.0,1.0,0.0,1.0,0.0,Female,1,White
2038220407.0,17,Illinois,12609577,17199,Williamson,66544.0,0.730442798579743,0.7721306205,2,3,1,2.0,0.0,1.0,1.0,1.0,1.0,1.0,1.0,Female,3,White
2034579261.0,17,Illinois,12609577,17185,Wabash,11061.0,2.89760542193868,,2,2,3,,1.0,0.0,1.0,1.0,1.0,0.0,0.0,Female,2,Hispanic
2017179345.0,17,Illinois,12609577,17031,Cook,5127866.0,0.470314073028204,0.5206612373,1,5,1,2.0,1.0,1.0,1.0,1.0,1.0,0.0,1.0,Male,4,White
2011786997.0,17,Illinois,12609577,17097,Lake,712412.0,1.44442307483005,1.2050092803,1,6,1,2.0,1.0,0.0,0.0,0.0,0.0,1.0,0.0,Male,4,White
2026758351.0,17,Illinois,12609577,17031,Cook,5127866.0,1.38185926171899,1.7951285636,2,4,1,2.0,1.0,1.0,1.0,1.0,1.0,0.0,1.0,Female,3,White
2032271467.0,17,Illinois,12609577,17197,Will,699112.0,1.27334058924633,1.3727024234,2,3,1,2.0,0.0,0.0,0.0,0.0,0.0,1.0,0.0,Female,3,White
2014945791.0,17,Illinois,12609577,17031,Cook,5127866.0,0.195768606559151,0.908740152,2,4,1,2.0,0.0,0.0,0.0,0.0,1.0,0.0,0.0,Female,3,White
2031184645.0,17,Illinois,12609577,17111,McHenry,311889.0,3.06662761224654,,2,2,1,2.0,1.0,1.0,1.0,1.0,0.0,0.0,0.0,Female,2,White
2012972655.0,17,Illinois,12609577,17097,Lake,712412.0,0.806137859165433,0.6955967086,1,6,1,2.0,1.0,1.0,1.0,1.0,1.0,0.0,1.0,Male,4,White
2015852207.0,17,Illinois,12609577,17031,Cook,5127866.0,1.23212462700068,1.3361186584,2,6,1,2.0,1.0,1.0,1.0,1.0,1.0,1.0,1.0,Female,4,White
2015458891.0,17,Illinois,12609577,17081,Jefferson,36458.0,4.87120576845205,,2,3,1,2.0,1.0,0.0,1.0,0.0,1.0,1.0,1.0,Female,3,White
2036089319.0,17,Illinois,12609577,17031,Cook,5127866.0,2.696847581298,,1,2,2,1.0,1.0,1.0,1.0,1.0,1.0,1.0,1.0,Male,2,Black
473183458.0,17,Illinois,12609577,17199,Williamson,66544.0,2.28361847802059,,2,1,2,2.0,1.0,0.0,1.0,1.0,1.0,1.0,0.0,Female,1,Black
2016203661.0,17,Illinois,12609577,17043,DuPage,924178.0,5.4136606639887,,1,2,4,2.0,1.0,0.0,1.0,1.0,1.0,0.0,,Male,2,Other
2014098353.0,17,Illinois,12609577,17031,Cook,5127866.0,0.62577838458843,,1,3,1,2.0,0.0,0.0,0.0,0.0,0.0,1.0,0.0,Male,3,White
1999825457.0,17,Illinois,12609577,17043,DuPage,924178.0,1.0319116518729,1.0034720776,2,6,1,2.0,1.0,1.0,1.0,1.0,1.0,0.0,1.0,Female,4,White
2013159935.0,17,Illinois,12609577,17037,DeKalb,100185.0,0.529726907229974,0.5661520826,2,2,1,2.0,1.0,1.0,1.0,1.0,1.0,0.0,1.0,Female,2,White
1998538769.0,17,Illinois,12609577,17049,Effingham,34317.0,1.74599776120254,2.1608014783,2,3,1,2.0,0.0,0.0,0.0,0.0,0.0,1.0,0.0,Female,3,White
2015588197.0,17,Illinois,12609577,17031,Cook,5127866.0,0.572865315836752,,2,5,1,2.0,1.0,1.0,0.0,0.0,1.0,1.0,1.0,Female,4,White
2004475775.0,17,Illinois,12609577,17119,Madison,263823.0,0.528317936734137,0.9592785616,2,3,6,1.0,1.0,1.0,1.0,1.0,1.0,0.0,1.0,Female,3,Hispanic
2014475067.0,17,Illinois,12609577,17097,Lake,712412.0,2.70912399201229,,1,2,1,2.0,0.0,0.0,0.0,0.0,0.0,1.0,0.0,Male,2,White
2037156065.0,17,Illinois,12609577,17199,Williamson,66544.0,14.6136602099999,4.9810418236,1,2,1,2.0,1.0,1.0,0.0,0.0,1.0,1.0,1.0,Male,2,White
2011416955.0,17,Illinois,12609577,17167,Sangamon,194221.0,2.64064422343691,,2,1,1,2.0,1.0,1.0,1.0,0.0,1.0,1.0,1.0,Female,1,White
2028494769.0,17,Illinois,12609577,17043,DuPage,924178.0,2.02956312870389,,1,1,1,1.0,1.0,1.0,1.0,0.0,1.0,0.0,1.0,Male,1,Hispanic
2040055651.0,17,Illinois,12609577,17031,Cook,5127866.0,0.557207156190526,,1,6,1,2.0,1.0,1.0,0.0,1.0,0.0,0.0,1.0,Male,4,White
2022053295.0,17,Illinois,12609577,17031,Cook,5127866.0,4.14107872063254,,2,4,1,2.0,1.0,1.0,1.0,1.0,1.0,0.0,1.0,Female,3,White
2010334853.0,17,Illinois,12609577,17031,Cook,5127866.0,0.730442798579743,0.7721306205,2,4,1,2.0,1.0,1.0,1.0,1.0,1.0,1.0,1.0,Female,3,White
2014428119.0,17,Illinois,12609577,17097,Lake,712412.0,1.76594617790783,,2,2,3,,0.0,0.0,0.0,0.0,0.0,0.0,0.0,Female,2,Hispanic
2026783513.0,17,Illinois,12609577,17103,Lee,33394.0,1.73238634767874,,2,2,1,2.0,0.0,1.0,0.0,0.0,1.0,1.0,0.0,Female,2,White
2020197023.0,17,Illinois,12609577,17091,Kankakee,105874.0,0.959840523411949,0.6493295312,1,1,1,2.0,0.0,1.0,0.0,0.0,1.0,1.0,1.0,Male,1,White
2001231049.0,17,Illinois,12609577,17031,Cook,5127866.0,0.740622909365826,0.2750473357,2,5,1,1.0,1.0,1.0,1.0,1.0,1.0,1.0,1.0,Female,4,Hispanic
2016376607.0,17,Illinois,12609577,17077,Jackson,52729.0,3.83606157146084,,1,2,1,2.0,1.0,1.0,1.0,1.0,1.0,1.0,0.0,Male,2,White
2022049875.0,17,Illinois,12609577,17123,Marshall,11658.0,8.47298301592674,,2,5,1,2.0,1.0,1.0,1.0,1.0,1.0,0.0,1.0,Female,4,White
2011746695.0,17,Illinois,12609577,17201,Winnebago,281767.0,7.66145344970891,,2,1,1,2.0,1.0,0.0,1.0,0.0,1.0,0.0,0.0,Female,1,White
2028654383.0,17,Illinois,12609577,17031,Cook,5127866.0,0.412160892749574,1.1026629109,1,2,2,2.0,1.0,1.0,1.0,1.0,1.0,0.0,1.0,Male,2,Black
1996789155.0,17,Illinois,12609577,17163,St. Clair,252830.0,0.459844268907386,0.7318877971000001,2,2,1,2.0,1.0,1.0,1.0,1.0,1.0,1.0,1.0,Female,2,White
2014203613.0,17,Illinois,12609577,17031,Cook,5127866.0,0.417362103621254,0.476110324,1,3,2,2.0,1.0,1.0,1.0,1.0,0.0,1.0,1.0,Male,3,Black
2037140227.0,17,Illinois,12609577,17031,Cook,5127866.0,6.19413078882826,,1,1,3,1.0,1.0,1.0,1.0,1.0,1.0,1.0,1.0,Male,1,Hispanic
2012053401.0,17,Illinois,12609577,17201,Winnebago,281767.0,6.28117558542315,,2,2,1,2.0,0.0,0.0,1.0,0.0,0.0,1.0,0.0,Female,2,White
1974660957.0,17,Illinois,12609577,17031,Cook,5127866.0,0.28310848234386,0.7057327308,2,1,3,,0.0,1.0,0.0,1.0,1.0,1.0,0.0,Female,1,Hispanic
2014137101.0,17,Illinois,12609577,17011,Bureau,32855.0,0.730442798579743,0.7721306205,2,4,1,2.0,1.0,1.0,1.0,1.0,1.0,1.0,1.0,Female,3,White
2013663475.0,17,Illinois,12609577,17093,Kendall,137557.0,1.98408120682272,0.4594146474,2,1,1,2.0,1.0,0.0,1.0,1.0,0.0,1.0,1.0,Female,1,White
2041492935.0,17,Illinois,12609577,17119,Madison,263823.0,0.62577838458843,0.7496130502,1,3,1,2.0,0.0,0.0,0.0,0.0,0.0,1.0,0.0,Male,3,White
2014356725.0,17,Illinois,12609577,17031,Cook,5127866.0,0.420765309219612,,1,2,2,2.0,,1.0,1.0,1.0,1.0,1.0,,Male,2,Black
2011669505.0,17,Illinois,12609577,17043,DuPage,924178.0,3.34978227902982,,2,5,1,2.0,1.0,1.0,1.0,0.0,1.0,1.0,1.0,Female,4,White
2040784915.0,17,Illinois,12609577,17081,Jefferson,36458.0,0.785374515183394,,1,3,1,2.0,0.0,0.0,1.0,0.0,0.0,1.0,0.0,Male,3,White
2033617603.0,17,Illinois,12609577,17089,Kane,515285.0,1.44442307483005,1.2050092803,1,6,1,2.0,0.0,0.0,0.0,0.0,0.0,1.0,0.0,Male,4,White
2031433671.0,17,Illinois,12609577,17031,Cook,5127866.0,2.40497910749971,,1,3,2,2.0,0.0,0.0,1.0,1.0,1.0,1.0,1.0,Male,3,Black
1995546909.0,17,Illinois,12609577,17043,DuPage,924178.0,2.1814785471815,0.5497078575000001,1,3,8,2.0,1.0,1.0,1.0,1.0,1.0,0.0,1.0,Male,3,Other
2000066063.0,17,Illinois,12609577,17031,Cook,5127866.0,0.678690433077382,0.5505661067000001,2,4,2,2.0,1.0,1.0,1.0,1.0,1.0,1.0,1.0,Female,3,Black
2029537777.0,17,Illinois,12609577,17111,McHenry,311889.0,2.89760542193868,,2,2,6,1.0,0.0,1.0,0.0,1.0,1.0,0.0,0.0,Female,2,Hispanic
2010985339.0,17,Illinois,12609577,17199,Williamson,66544.0,0.708189419966448,1.0438276698,2,3,1,2.0,1.0,1.0,1.0,1.0,1.0,0.0,1.0,Female,3,White
2011058879.0,17,Illinois,12609577,17031,Cook,5127866.0,0.893087259000947,0.9511829087,1,2,1,2.0,1.0,1.0,1.0,1.0,1.0,0.0,1.0,Male,2,White
2036193537.0,17,Illinois,12609577,17115,Macon,101182.0,4.6872705444487,,1,3,3,,1.0,1.0,1.0,1.0,1.0,0.0,1.0,Male,3,Hispanic
2012602857.0,17,Illinois,12609577,17031,Cook,5127866.0,0.194828153866519,0.5240137833,1,3,2,2.0,1.0,1.0,0.0,0.0,1.0,0.0,1.0,Male,3,Black
1998147807.0,17,Illinois,12609577,17031,Cook,5127866.0,0.903178096925867,0.8539453282,2,5,1,2.0,1.0,1.0,1.0,1.0,1.0,1.0,1.0,Female,4,White
1995373749.0,17,Illinois,12609577,17025,Clay,13049.0,0.733468656104742,0.737593276,2,6,1,2.0,1.0,1.0,1.0,1.0,1.0,0.0,1.0,Female,4,White
2015947163.0,17,Illinois,12609577,17031,Cook,5127866.0,0.552470925385813,,1,2,2,2.0,0.0,0.0,0.0,0.0,0.0,0.0,0.0,Male,2,Black
2028875249.0,17,Illinois,12609577,17031,Cook,5127866.0,1.80701126173708,,1,3,2,2.0,0.0,1.0,1.0,1.0,1.0,1.0,1.0,Male,3,Black
2039276431.0,17,Illinois,12609577,17097,Lake,712412.0,1.23212462700068,1.3361186584,2,6,1,2.0,1.0,1.0,1.0,1.0,1.0,0.0,1.0,Female,4,White
2010399357.0,17,Illinois,12609577,17165,Saline,23148.0,1.27334058924633,1.3727024234,2,4,1,2.0,0.0,1.0,0.0,0.0,0.0,1.0,0.0,Female,3,White
2020967883.0,17,Illinois,12609577,17031,Cook,5127866.0,5.80342255295121,,1,5,1,2.0,1.0,1.0,1.0,1.0,1.0,0.0,1.0,Male,4,White
2013777871.0,17,Illinois,12609577,17043,DuPage,924178.0,0.733468656104742,0.737593276,2,6,1,2.0,1.0,1.0,1.0,1.0,1.0,0.0,1.0,Female,4,White
2018167321.0,17,Illinois,12609577,17201,Winnebago,281767.0,0.730423855386865,0.8857069630000001,2,2,1,2.0,0.0,0.0,1.0,1.0,0.0,1.0,0.0,Female,2,White
2041793759.0,17,Illinois,12609577,17141,Ogle,51441.0,1.02754452264392,1.0270566537,2,2,1,2.0,1.0,0.0,1.0,0.0,1.0,0.0,1.0,Female,2,White
2014465439.0,17,Illinois,12609577,17201,Winnebago,281767.0,2.32908705388824,,1,3,1,2.0,1.0,1.0,1.0,1.0,1.0,1.0,1.0,Male,3,White
2043486133.0,17,Illinois,12609577,17043,DuPage,924178.0,0.625635418118299,,2,1,1,2.0,1.0,1.0,1.0,1.0,0.0,0.0,0.0,Female,1,White
1997962843.0,17,Illinois,12609577,17167,Sangamon,194221.0,11.623791424999,2.4359555777,2,3,4,2.0,1.0,1.0,1.0,1.0,1.0,1.0,1.0,Female,3,Other
2042331217.0,17,Illinois,12609577,17031,Cook,5127866.0,0.66132372149427,0.7919221244,2,5,1,2.0,1.0,1.0,1.0,1.0,1.0,0.0,1.0,Female,4,White
2019893431.0,17,Illinois,12609577,17007,Boone,53096.0,0.33573934985156,,1,2,4,2.0,1.0,0.0,0.0,0.0,0.0,0.0,0.0,Male,2,Other
2020094571.0,17,Illinois,12609577,17043,DuPage,924178.0,1.02754452264392,0.8808950697,2,2,1,2.0,0.0,1.0,0.0,0.0,0.0,1.0,0.0,Female,2,White
2041684149.0,17,Illinois,12609577,17019,Champaign,208056.0,4.14107872063254,,2,3,1,2.0,1.0,1.0,1.0,1.0,1.0,1.0,1.0,Female,3,White
2019998455.0,17,Illinois,12609577,17041,Douglas,19684.0,1.07410411402163,0.7950071643000001,1,5,3,1.0,0.0,0.0,0.0,0.0,0.0,1.0,0.0,Male,4,Hispanic
2015946437.0,17,Illinois,12609577,17031,Cook,5127866.0,3.49213902339605,,1,1,3,,1.0,1.0,1.0,1.0,0.0,1.0,0.0,Male,1,Hispanic
2030654883.0,17,Illinois,12609577,17031,Cook,5127866.0,0.678690433077382,,2,3,2,2.0,1.0,1.0,1.0,1.0,1.0,1.0,0.0,Female,3,Black
2021897599.0,17,Illinois,12609577,17199,Williamson,66544.0,1.90143995206617,,2,6,1,2.0,1.0,1.0,1.0,1.0,0.0,0.0,0.0,Female,4,White
2011168533.0,17,Illinois,12609577,17031,Cook,5127866.0,0.842700155780465,,1,5,1,2.0,0.0,0.0,0.0,0.0,1.0,1.0,0.0,Male,4,White
2033226651.0,17,Illinois,12609577,17201,Winnebago,281767.0,4.21353104506397,,1,2,3,,1.0,1.0,1.0,1.0,1.0,1.0,1.0,Male,2,Hispanic
2029621765.0,17,Illinois,12609577,17113,McLean,171054.0,1.87831089152312,1.3953724637,1,2,1,2.0,1.0,1.0,1.0,1.0,0.0,0.0,1.0,Male,2,White
2014434091.0,17,Illinois,12609577,17043,DuPage,924178.0,0.842700155780465,0.987433804,1,5,1,2.0,0.0,0.0,0.0,0.0,1.0,1.0,0.0,Male,4,White
1984132371.0,17,Illinois,12609577,17031,Cook,5127866.0,0.785374515183394,0.9429754584,1,3,1,2.0,0.0,0.0,0.0,0.0,0.0,1.0,0.0,Male,3,White
2015543483.0,17,Illinois,12609577,17093,Kendall,137557.0,0.977702678603857,,1,6,7,2.0,1.0,1.0,0.0,1.0,1.0,0.0,1.0,Male,4,Other
1983341599.0,17,Illinois,12609577,17105,Livingston,35542.0,1.52737319035773,,1,3,2,2.0,0.0,0.0,0.0,0.0,0.0,1.0,0.0,Male,3,Black
1998350537.0,17,Illinois,12609577,17105,Livingston,35542.0,1.74599776120254,,2,3,1,2.0,0.0,0.0,0.0,0.0,1.0,1.0,0.0,Female,3,White
2013985185.0,17,Illinois,12609577,17063,Grundy,53145.0,1.23212462700068,1.3361186584,2,6,1,2.0,1.0,1.0,1.0,1.0,1.0,0.0,1.0,Female,4,White
1998602009.0,17,Illinois,12609577,17167,Sangamon,194221.0,1.73238634767874,,2,2,1,2.0,1.0,1.0,1.0,1.0,1.0,0.0,1.0,Female,2,White
2011687175.0,17,Illinois,12609577,17031,Cook,5127866.0,0.845602516277552,1.2569358126,1,1,1,2.0,1.0,1.0,1.0,1.0,1.0,1.0,1.0,Male,1,White
2030647647.0,17,Illinois,12609577,17023,Clark,15218.0,2.89760542193868,,2,2,6,1.0,1.0,1.0,0.0,1.0,0.0,1.0,0.0,Female,2,Hispanic
2013091929.0,17,Illinois,12609577,17105,Livingston,35542.0,0.199437609408224,0.100871863,2,3,5,2.0,1.0,1.0,1.0,1.0,0.0,1.0,1.0,Female,3,Other
2045337103.0,17,Illinois,12609577,17077,Jackson,52729.0,0.678690433077382,0.5505661067000001,2,4,2,2.0,1.0,1.0,1.0,1.0,1.0,1.0,1.0,Female,3,Black
2025646247.0,17,Illinois,12609577,17143,Peoria,178221.0,4.89390688335121,,2,3,2,2.0,0.0,1.0,0.0,1.0,1.0,0.0,1.0,Female,3,Black
2043905229.0,17,Illinois,12609577,17119,Madison,263823.0,9.98814990453485,,2,3,3,,1.0,1.0,1.0,1.0,1.0,0.0,1.0,Female,3,Hispanic
2038509537.0,17,Illinois,12609577,17097,Lake,712412.0,1.04787031837989,,1,5,1,2.0,1.0,0.0,1.0,0.0,0.0,0.0,1.0,Male,4,White
2013222713.0,17,Illinois,12609577,17125,Mason,12710.0,0.89110410379618,,2,2,1,2.0,0.0,1.0,1.0,0.0,0.0,1.0,0.0,Female,2,White
2034853743.0,17,Illinois,12609577,17031,Cook,5127866.0,10.1691979265896,,1,3,1,2.0,1.0,1.0,1.0,1.0,1.0,0.0,1.0,Male,3,White
1999953811.0,17,Illinois,12609577,17031,Cook,5127866.0,7.8595013953707,4.8885215971,2,1,2,2.0,1.0,1.0,1.0,1.0,1.0,0.0,1.0,Female,1,Black
2031279327.0,17,Illinois,12609577,17197,Will,699112.0,1.37992518121419,0.6626354745,2,3,1,2.0,1.0,1.0,1.0,1.0,0.0,1.0,0.0,Female,3,White
2018347711.0,17,Illinois,12609577,17031,Cook,5127866.0,0.462216033037128,0.8036003598,2,6,2,2.0,1.0,1.0,1.0,1.0,1.0,0.0,1.0,Female,4,Black
1993321939.0,17,Illinois,12609577,17031,Cook,5127866.0,2.29083973844701,,1,5,2,2.0,1.0,1.0,1.0,1.0,1.0,0.0,1.0,Male,4,Black
2043492593.0,17,Illinois,12609577,17031,Cook,5127866.0,0.255387756239294,0.499307824,1,4,6,1.0,1.0,1.0,1.0,1.0,1.0,0.0,1.0,Male,3,Hispanic
2009267099.0,17,Illinois,12609577,17089,Kane,515285.0,0.599641902399978,1.5250010082,2,3,6,1.0,1.0,0.0,1.0,0.0,1.0,1.0,0.0,Female,3,Hispanic
2009739221.0,17,Illinois,12609577,17201,Winnebago,281767.0,1.06119776862822,1.3283303979,2,5,1,2.0,0.0,1.0,1.0,0.0,1.0,1.0,0.0,Female,4,White
2017064567.0,17,Illinois,12609577,17179,Tazewell,129891.0,1.58164033769961,0.979924561,2,2,1,2.0,1.0,1.0,1.0,1.0,1.0,1.0,1.0,Female,2,White
2036223303.0,17,Illinois,12609577,17031,Cook,5127866.0,3.48068259065927,1.1293628557,2,6,2,2.0,1.0,1.0,1.0,1.0,0.0,1.0,1.0,Female,4,Black
2035062263.0,17,Illinois,12609577,17031,Cook,5127866.0,3.13644905524941,,1,5,1,2.0,1.0,1.0,1.0,0.0,0.0,1.0,1.0,Male,4,White
2015097583.0,17,Illinois,12609577,17003,Alexander,4857.0,1.73238634767874,0.2408377484,2,2,1,2.0,1.0,1.0,1.0,0.0,1.0,1.0,0.0,Female,2,White
2010899111.0,17,Illinois,12609577,17119,Madison,263823.0,1.04787031837989,1.1926036117,1,5,1,2.0,1.0,1.0,1.0,1.0,1.0,0.0,1.0,Male,4,White
2015255375.0,17,Illinois,12609577,17035,Cumberland,10296.0,1.70731307011137,2.0154831865,2,5,1,2.0,0.0,0.0,0.0,0.0,1.0,1.0,0.0,Female,4,White
2037348249.0,17,Illinois,12609577,17043,DuPage,924178.0,9.78092810063832,,2,3,1,2.0,0.0,0.0,0.0,0.0,0.0,1.0,0.0,Female,3,White
2034607163.0,17,Illinois,12609577,17163,St. Clair,252830.0,0.543955314134608,,1,3,1,2.0,0.0,1.0,1.0,0.0,0.0,1.0,1.0,Male,3,White
2015310843.0,17,Illinois,12609577,17031,Cook,5127866.0,0.16818927467287,,2,3,2,2.0,1.0,1.0,1.0,1.0,1.0,1.0,0.0,Female,3,Black
2026998407.0,17,Illinois,12609577,17031,Cook,5127866.0,1.24965394059085,,1,2,2,2.0,1.0,1.0,1.0,1.0,0.0,0.0,0.0,Male,2,Black
2015869937.0,17,Illinois,12609577,17135,Montgomery,27958.0,2.34481925281349,,1,1,1,2.0,1.0,1.0,1.0,0.0,1.0,0.0,0.0,Male,1,White
2024885709.0,17,Illinois,12609577,17201,Winnebago,281767.0,1.02754452264392,1.0270566537,2,2,1,2.0,0.0,0.0,0.0,0.0,0.0,1.0,0.0,Female,2,White
2021499863.0,17,Illinois,12609577,17197,Will,699112.0,2.70912399201229,,1,2,1,2.0,1.0,0.0,1.0,0.0,1.0,1.0,0.0,Male,2,White
2019791039.0,17,Illinois,12609577,17191,Wayne,15868.0,1.06358328918284,,1,3,1,2.0,0.0,0.0,0.0,0.0,0.0,0.0,0.0,Male,3,White
2042331523.0,17,Illinois,12609577,17201,Winnebago,281767.0,3.99014598198629,,1,5,1,2.0,0.0,0.0,0.0,0.0,0.0,1.0,0.0,Male,4,White
2014338531.0,17,Illinois,12609577,17043,DuPage,924178.0,0.349249230405348,0.4657556885,1,3,1,2.0,1.0,1.0,1.0,1.0,1.0,0.0,1.0,Male,3,White
1993230769.0,17,Illinois,12609577,17201,Winnebago,281767.0,0.440715029272362,1.252061352,2,5,1,2.0,0.0,0.0,0.0,0.0,1.0,1.0,0.0,Female,4,White
2018784899.0,17,Illinois,12609577,17031,Cook,5127866.0,0.529726907229974,0.5661520826,2,2,1,2.0,1.0,1.0,1.0,1.0,0.0,1.0,1.0,Female,2,White
2020872347.0,17,Illinois,12609577,17043,DuPage,924178.0,0.903178096925867,0.8539453282,2,5,1,2.0,1.0,1.0,1.0,1.0,1.0,0.0,1.0,Female,4,White
2022183127.0,17,Illinois,12609577,17167,Sangamon,194221.0,0.842700155780465,0.987433804,1,5,1,2.0,0.0,0.0,0.0,0.0,0.0,1.0,0.0,Male,4,White
2033065963.0,17,Illinois,12609577,17031,Cook,5127866.0,3.19891132449749,,2,2,3,,1.0,0.0,0.0,0.0,1.0,1.0,1.0,Female,2,Hispanic
2012453105.0,17,Illinois,12609577,17031,Cook,5127866.0,0.460410562434588,0.5018216614000001,1,2,1,2.0,1.0,1.0,1.0,1.0,1.0,1.0,1.0,Male,2,White
2031075469.0,17,Illinois,12609577,17043,DuPage,924178.0,0.825302006198542,0.8615394777000001,1,6,1,2.0,1.0,1.0,1.0,1.0,1.0,1.0,1.0,Male,4,White
2033064753.0,17,Illinois,12609577,17031,Cook,5127866.0,0.469693649812305,2.2108990269,1,2,2,2.0,1.0,1.0,0.0,1.0,0.0,0.0,0.0,Male,2,Black
2015242649.0,17,Illinois,12609577,17031,Cook,5127866.0,3.17704860078325,,1,3,2,2.0,0.0,1.0,0.0,0.0,1.0,1.0,0.0,Male,3,Black
2014749661.0,17,Illinois,12609577,17187,Warren,16278.0,0.842700155780465,0.987433804,1,5,1,2.0,0.0,0.0,0.0,0.0,0.0,1.0,0.0,Male,4,White
2009018589.0,17,Illinois,12609577,17031,Cook,5127866.0,0.532164042740117,0.3654664034,2,5,2,2.0,1.0,0.0,1.0,1.0,1.0,1.0,0.0,Female,4,Black
2015253099.0,17,Illinois,12609577,17031,Cook,5127866.0,1.37437835499652,1.1056024077,2,2,2,2.0,1.0,1.0,1.0,1.0,1.0,1.0,1.0,Female,2,Black
2036688835.0,17,Illinois,12609577,17031,Cook,5127866.0,4.85121838326704,,1,2,3,,1.0,1.0,1.0,1.0,0.0,1.0,0.0,Male,2,Hispanic
1997132491.0,17,Illinois,12609577,17031,Cook,5127866.0,4.21353104506397,,1,2,6,1.0,1.0,1.0,1.0,1.0,1.0,1.0,1.0,Male,2,Hispanic
2026740051.0,17,Illinois,12609577,17007,Boone,53096.0,3.85646766519951,,2,2,3,1.0,1.0,0.0,0.0,0.0,0.0,0.0,0.0,Female,2,Hispanic
2012298153.0,17,Illinois,12609577,17031,Cook,5127866.0,0.349249230405348,0.4657556885,1,4,1,2.0,1.0,1.0,1.0,1.0,1.0,1.0,1.0,Male,3,White
2031122311.0,17,Illinois,12609577,17031,Cook,5127866.0,9.49517667461958,,2,5,2,2.0,1.0,1.0,0.0,0.0,0.0,0.0,1.0,Female,4,Black
2034608111.0,17,Illinois,12609577,17201,Winnebago,281767.0,1.71025787336969,,1,1,1,2.0,1.0,1.0,1.0,0.0,1.0,1.0,0.0,Male,1,White
2007800943.0,17,Illinois,12609577,17031,Cook,5127866.0,3.06168462088041,0.4592036791,2,5,2,2.0,0.0,0.0,1.0,1.0,0.0,0.0,0.0,Female,4,Black
2038246777.0,17,Illinois,12609577,17019,Champaign,208056.0,0.806137859165433,,1,6,1,2.0,1.0,1.0,1.0,1.0,1.0,1.0,1.0,Male,4,White
1997460107.0,17,Illinois,12609577,17197,Will,699112.0,4.08142190040637,,2,2,1,2.0,0.0,1.0,1.0,1.0,0.0,1.0,1.0,Female,2,White
1984519797.0,17,Illinois,12609577,17031,Cook,5127866.0,1.52496194646356,2.2276757753,1,5,2,2.0,0.0,1.0,0.0,1.0,0.0,1.0,1.0,Male,4,Black
2001280021.0,34,New Jersey,9298402,34017,Hudson,707743.0,4.68487354695905,,2,5,1,2.0,1.0,1.0,1.0,1.0,1.0,1.0,0.0,Female,4,White
2008817575.0,34,New Jersey,9298402,34029,Ocean,656066.0,0.345253677202809,0.7236799662000001,2,3,7,1.0,0.0,0.0,0.0,0.0,1.0,1.0,0.0,Female,3,Hispanic
2039913519.0,34,New Jersey,9298402,34023,Middlesex,864552.0,1.87016782447678,,1,6,1,2.0,1.0,1.0,1.0,1.0,1.0,1.0,1.0,Male,4,White
2015149605.0,34,New Jersey,9298402,34039,Union,574934.0,0.967806553016573,1.3615737725,1,2,3,1.0,1.0,1.0,1.0,1.0,1.0,0.0,1.0,Male,2,Hispanic
2012623937.0,34,New Jersey,9298402,34015,Gloucester,306718.0,0.870109423746498,1.0248189375,2,2,1,2.0,0.0,0.0,0.0,0.0,1.0,1.0,0.0,Female,2,White
2014613395.0,34,New Jersey,9298402,34013,Essex,855294.0,0.630203150002568,,2,5,2,2.0,1.0,0.0,1.0,0.0,0.0,1.0,0.0,Female,4,Black
2014498631.0,34,New Jersey,9298402,34039,Union,574934.0,3.25930876133655,,2,4,3,1.0,0.0,0.0,1.0,0.0,1.0,1.0,0.0,Female,3,Hispanic
2013197911.0,34,New Jersey,9298402,34025,Monmouth,645026.0,1.24500456470543,0.6541327297,2,5,1,2.0,1.0,1.0,1.0,1.0,1.0,1.0,1.0,Female,4,White
2003094405.0,34,New Jersey,9298402,34007,Camden,525833.0,2.39324685694697,0.6357028474,2,5,1,2.0,0.0,0.0,0.0,0.0,1.0,1.0,0.0,Female,4,White
2030382711.0,34,New Jersey,9298402,34013,Essex,855294.0,2.03117003369249,,2,2,3,,1.0,1.0,1.0,1.0,0.0,1.0,1.0,Female,2,Hispanic
2002122117.0,34,New Jersey,9298402,34021,Mercer,387024.0,3.6379199859428,2.8977590243,1,6,4,2.0,0.0,0.0,0.0,0.0,0.0,1.0,0.0,Male,4,Other
2032035375.0,34,New Jersey,9298402,34023,Middlesex,864552.0,0.970607467464088,0.8334057069,2,3,1,2.0,1.0,1.0,1.0,1.0,1.0,0.0,1.0,Female,3,White
2011178615.0,34,New Jersey,9298402,34007,Camden,525833.0,0.855309581546855,,2,3,1,2.0,1.0,1.0,1.0,1.0,1.0,1.0,1.0,Female,3,White
2033129033.0,34,New Jersey,9298402,34023,Middlesex,864552.0,2.33861926181356,,2,2,1,2.0,1.0,1.0,1.0,1.0,0.0,0.0,1.0,Female,2,White
2036682191.0,34,New Jersey,9298402,34013,Essex,855294.0,8.54359507986214,14.4244791357,2,1,4,2.0,1.0,1.0,1.0,1.0,1.0,1.0,1.0,Female,1,Other
1998332851.0,34,New Jersey,9298402,34013,Essex,855294.0,0.759327207171943,0.724093466,1,5,1,2.0,0.0,1.0,0.0,0.0,0.0,1.0,0.0,Male,4,White
2038238563.0,34,New Jersey,9298402,34029,Ocean,656066.0,0.697948322643192,1.1747090568,1,2,1,2.0,1.0,1.0,1.0,1.0,1.0,0.0,1.0,Male,2,White
2015860631.0,34,New Jersey,9298402,34013,Essex,855294.0,0.363208394863757,0.6298984315,2,3,2,2.0,0.0,0.0,0.0,1.0,1.0,0.0,0.0,Female,3,Black
2027277137.0,34,New Jersey,9298402,34007,Camden,525833.0,0.226887814417931,,1,2,1,2.0,1.0,1.0,1.0,1.0,1.0,1.0,1.0,Male,2,White
1993676605.0,34,New Jersey,9298402,34021,Mercer,387024.0,2.61434368419818,,2,6,4,2.0,1.0,1.0,1.0,1.0,1.0,1.0,1.0,Female,4,Other
2012680925.0,34,New Jersey,9298402,34003,Bergen,956251.0,2.85881306925284,0.5795177294,2,3,3,1.0,1.0,1.0,1.0,1.0,1.0,0.0,1.0,Female,3,Hispanic
2014963909.0,34,New Jersey,9298402,34003,Bergen,956251.0,3.04125977897682,,2,6,2,2.0,1.0,1.0,1.0,1.0,1.0,1.0,1.0,Female,4,Black
2039699675.0,34,New Jersey,9298402,34027,Morris,511860.0,0.905923816399335,0.9420950417,2,6,1,2.0,0.0,0.0,0.0,0.0,1.0,1.0,0.0,Female,4,White
2012512889.0,34,New Jersey,9298402,34029,Ocean,656066.0,1.6872886978155,0.8532871931,2,4,3,1.0,0.0,0.0,0.0,0.0,1.0,1.0,0.0,Female,3,Hispanic
2030493383.0,34,New Jersey,9298402,34011,Cumberland,152025.0,1.46425367088125,,1,4,2,2.0,1.0,1.0,1.0,1.0,0.0,1.0,1.0,Male,3,Black
1996963833.0,34,New Jersey,9298402,34023,Middlesex,864552.0,0.803345820273696,0.8535835224,1,6,1,2.0,1.0,1.0,0.0,1.0,1.0,1.0,1.0,Male,4,White
2012792295.0,34,New Jersey,9298402,34003,Bergen,956251.0,0.660197654161759,0.6833103913,1,4,1,2.0,0.0,0.0,0.0,0.0,0.0,1.0,0.0,Male,3,White
2011945747.0,34,New Jersey,9298402,34005,Burlington,467822.0,1.23874053740852,,1,6,1,2.0,0.0,0.0,0.0,0.0,0.0,1.0,0.0,Male,4,White
2015158931.0,34,New Jersey,9298402,34035,Somerset,347621.0,0.424574516887091,0.4404893853,2,3,2,2.0,1.0,1.0,1.0,1.0,1.0,0.0,1.0,Female,3,Black
2028461383.0,34,New Jersey,9298402,34013,Essex,855294.0,2.91765634423997,,1,2,2,2.0,0.0,0.0,1.0,0.0,1.0,1.0,1.0,Male,2,Black
2011057699.0,34,New Jersey,9298402,34037,Sussex,145668.0,1.99191998332003,1.411890351,2,3,1,2.0,0.0,0.0,0.0,0.0,0.0,1.0,0.0,Female,3,White
2012029297.0,34,New Jersey,9298402,34001,Atlantic,275872.0,0.782482779392391,0.6453484434,2,5,1,2.0,1.0,1.0,1.0,1.0,1.0,1.0,1.0,Female,4,White
2029716645.0,34,New Jersey,9298402,34029,Ocean,656066.0,1.49665410028468,1.1020796027,2,4,1,2.0,1.0,1.0,0.0,0.0,1.0,1.0,1.0,Female,3,White
2023099099.0,34,New Jersey,9298402,34007,Camden,525833.0,4.54504446607555,0.7049707896,2,2,3,,1.0,1.0,1.0,1.0,1.0,1.0,1.0,Female,2,Hispanic
2018471611.0,34,New Jersey,9298402,34013,Essex,855294.0,0.870109423746498,1.0248189375,2,2,1,2.0,0.0,0.0,0.0,0.0,1.0,1.0,0.0,Female,2,White
2021771105.0,34,New Jersey,9298402,34001,Atlantic,275872.0,4.58484706451495,,2,3,2,2.0,1.0,1.0,0.0,1.0,1.0,0.0,1.0,Female,3,Black
2011548799.0,34,New Jersey,9298402,34015,Gloucester,306718.0,1.24689112192433,1.3977516453,1,2,1,2.0,0.0,0.0,0.0,0.0,0.0,1.0,0.0,Male,2,White
2031124311.0,34,New Jersey,9298402,34013,Essex,855294.0,0.905385381484887,0.9694814413,1,6,1,2.0,1.0,0.0,0.0,0.0,0.0,1.0,0.0,Male,4,White
2013809299.0,34,New Jersey,9298402,34023,Middlesex,864552.0,1.23874053740852,,1,6,1,2.0,0.0,0.0,0.0,0.0,0.0,1.0,0.0,Male,4,White
2013477549.0,34,New Jersey,9298402,34023,Middlesex,864552.0,2.64414660392539,0.6799012981,1,5,2,2.0,1.0,1.0,1.0,1.0,1.0,1.0,0.0,Male,4,Black
2007844543.0,34,New Jersey,9298402,34019,Hunterdon,129859.0,0.675255201813598,0.7417602708000001,2,6,1,2.0,1.0,1.0,1.0,1.0,1.0,0.0,1.0,Female,4,White
2024969669.0,34,New Jersey,9298402,34023,Middlesex,864552.0,2.61917403377067,2.4875803265,2,3,4,2.0,0.0,0.0,0.0,0.0,0.0,1.0,0.0,Female,3,Other
2023705049.0,34,New Jersey,9298402,34025,Monmouth,645026.0,11.7851819717476,6.9394851553,2,1,2,2.0,1.0,1.0,1.0,1.0,1.0,1.0,1.0,Female,1,Black
2013777757.0,34,New Jersey,9298402,34013,Essex,855294.0,1.82098170212743,1.0240415386,1,5,2,2.0,1.0,1.0,0.0,1.0,1.0,1.0,1.0,Male,4,Black
2039057463.0,34,New Jersey,9298402,34013,Essex,855294.0,0.782482779392391,0.6453484434,2,5,1,2.0,0.0,1.0,0.0,0.0,1.0,1.0,0.0,Female,4,White
2038750823.0,34,New Jersey,9298402,34039,Union,574934.0,1.46195687061427,1.6124436132,2,5,3,,1.0,1.0,1.0,1.0,0.0,0.0,1.0,Female,4,Hispanic
1999787937.0,34,New Jersey,9298402,34029,Ocean,656066.0,0.811766374812629,0.7583459731000001,2,2,1,2.0,0.0,1.0,1.0,0.0,1.0,1.0,0.0,Female,2,White
2031271841.0,34,New Jersey,9298402,34023,Middlesex,864552.0,1.20657021446531,1.0055983111,2,5,1,2.0,1.0,0.0,0.0,0.0,0.0,1.0,0.0,Female,4,White
2014366099.0,34,New Jersey,9298402,34029,Ocean,656066.0,1.60584287379097,1.2882867526,4,5,1,2.0,1.0,1.0,1.0,1.0,1.0,1.0,1.0,,4,White
2045923473.0,34,New Jersey,9298402,34027,Morris,511860.0,0.343995934334642,,2,3,3,,1.0,1.0,1.0,1.0,1.0,0.0,1.0,Female,3,Hispanic
2011669709.0,34,New Jersey,9298402,34033,Salem,65110.0,1.23874053740852,1.2450532165,1,6,1,2.0,1.0,0.0,0.0,0.0,0.0,1.0,0.0,Male,4,White
2012706379.0,34,New Jersey,9298402,34037,Sussex,145668.0,0.870109423746498,1.0248189375,2,2,1,2.0,1.0,1.0,1.0,0.0,1.0,1.0,0.0,Female,2,White
2014128919.0,34,New Jersey,9298402,34007,Camden,525833.0,0.607980614804242,1.1549716782,2,2,2,2.0,1.0,0.0,0.0,1.0,0.0,1.0,0.0,Female,2,Black
2012571167.0,34,New Jersey,9298402,34001,Atlantic,275872.0,0.870109423746498,1.0248189375,2,2,1,2.0,1.0,1.0,1.0,1.0,1.0,1.0,1.0,Female,2,White
2031289049.0,34,New Jersey,9298402,34017,Hudson,707743.0,2.49927016885647,,1,2,2,2.0,0.0,1.0,1.0,1.0,1.0,0.0,1.0,Male,2,Black
2017016731.0,34,New Jersey,9298402,34039,Union,574934.0,2.73339687791771,2.2619044829,1,6,4,2.0,1.0,0.0,0.0,0.0,1.0,0.0,1.0,Male,4,Other
2011539987.0,34,New Jersey,9298402,34039,Union,574934.0,1.77546771955254,0.5692970517,2,6,2,2.0,1.0,1.0,1.0,1.0,1.0,1.0,1.0,Female,4,Black
2017441997.0,34,New Jersey,9298402,34017,Hudson,707743.0,1.61673957523183,,2,4,1,2.0,1.0,1.0,0.0,1.0,0.0,0.0,1.0,Female,3,White
2040025611.0,34,New Jersey,9298402,34001,Atlantic,275872.0,1.87016782447678,2.536580744,1,6,1,2.0,1.0,1.0,1.0,1.0,1.0,1.0,1.0,Male,4,White
2035655241.0,34,New Jersey,9298402,34017,Hudson,707743.0,0.496923335463705,0.6293280217,2,4,3,,0.0,0.0,1.0,1.0,0.0,1.0,0.0,Female,3,Hispanic
2017285577.0,34,New Jersey,9298402,34013,Essex,855294.0,1.70557871554587,0.5111056375,2,5,6,2.0,0.0,0.0,0.0,0.0,1.0,1.0,0.0,Female,4,Other
2012999123.0,34,New Jersey,9298402,34029,Ocean,656066.0,2.72526576854411,1.9844659837,1,6,1,2.0,1.0,1.0,1.0,1.0,1.0,0.0,1.0,Male,4,White
2010116181.0,34,New Jersey,9298402,34023,Middlesex,864552.0,0.748294494895274,0.8600724636,2,5,1,2.0,1.0,1.0,1.0,1.0,1.0,1.0,1.0,Female,4,White
2031535749.0,34,New Jersey,9298402,34007,Camden,525833.0,3.8792079703908,,2,5,1,2.0,1.0,1.0,1.0,1.0,1.0,1.0,1.0,Female,4,White
2022276421.0,34,New Jersey,9298402,34025,Monmouth,645026.0,0.633913185281481,0.7626346337000001,2,3,1,2.0,1.0,1.0,0.0,1.0,1.0,1.0,1.0,Female,3,White
2039448851.0,34,New Jersey,9298402,34003,Bergen,956251.0,0.542365618711359,0.6191703631000001,1,6,1,2.0,1.0,1.0,0.0,1.0,1.0,1.0,1.0,Male,4,White
1999716119.0,34,New Jersey,9298402,34025,Monmouth,645026.0,1.52822853745829,,2,2,7,2.0,1.0,1.0,1.0,1.0,1.0,1.0,1.0,Female,2,Other
2031209685.0,34,New Jersey,9298402,34003,Bergen,956251.0,2.06963905717631,,1,5,4,2.0,1.0,1.0,1.0,1.0,1.0,1.0,1.0,Male,4,Other
2007746611.0,34,New Jersey,9298402,34021,Mercer,387024.0,0.886406212070608,0.4816605541,2,5,1,2.0,1.0,0.0,1.0,1.0,1.0,1.0,0.0,Female,4,White
2001182537.0,34,New Jersey,9298402,34003,Bergen,956251.0,0.700275804289288,0.6175542653,1,5,1,2.0,1.0,1.0,1.0,1.0,1.0,1.0,1.0,Male,4,White
2014376127.0,34,New Jersey,9298402,34031,Passaic,516941.0,0.119793401531953,0.6281110208,2,3,2,2.0,1.0,1.0,1.0,1.0,1.0,1.0,1.0,Female,3,Black
2042373703.0,34,New Jersey,9298402,34027,Morris,511860.0,5.05327457201926,4.0915234265,1,5,1,2.0,1.0,1.0,1.0,1.0,1.0,0.0,0.0,Male,4,White
2013686219.0,34,New Jersey,9298402,34029,Ocean,656066.0,1.64927806255844,,2,1,1,2.0,1.0,1.0,1.0,0.0,0.0,0.0,0.0,Female,1,White
2036916063.0,34,New Jersey,9298402,34013,Essex,855294.0,1.02692298600855,0.7733140023,2,5,2,2.0,0.0,1.0,1.0,1.0,1.0,1.0,0.0,Female,4,Black
2034417119.0,34,New Jersey,9298402,34023,Middlesex,864552.0,0.660197654161759,,1,4,1,2.0,0.0,0.0,0.0,1.0,0.0,1.0,1.0,Male,3,White
2030902013.0,34,New Jersey,9298402,34013,Essex,855294.0,1.54009067476511,,1,5,6,1.0,1.0,0.0,1.0,1.0,1.0,0.0,1.0,Male,4,Hispanic
2039810745.0,34,New Jersey,9298402,34003,Bergen,956251.0,2.91469163588868,,2,5,1,2.0,1.0,1.0,1.0,0.0,0.0,1.0,0.0,Female,4,White
2014907427.0,34,New Jersey,9298402,34023,Middlesex,864552.0,0.52123377029004,,2,2,1,2.0,1.0,1.0,1.0,1.0,0.0,1.0,1.0,Female,2,White
2013084167.0,34,New Jersey,9298402,34039,Union,574934.0,0.759327207171943,0.724093466,1,5,1,2.0,0.0,0.0,0.0,0.0,1.0,1.0,0.0,Male,4,White
2007799395.0,34,New Jersey,9298402,34021,Mercer,387024.0,0.428150213873593,0.5042315729,1,3,1,2.0,1.0,1.0,1.0,1.0,1.0,0.0,1.0,Male,3,White
2012453743.0,34,New Jersey,9298402,34027,Morris,511860.0,0.870109423746498,1.0248189375,2,2,1,2.0,0.0,0.0,0.0,0.0,0.0,0.0,1.0,Female,2,White
2038246797.0,34,New Jersey,9298402,34025,Monmouth,645026.0,0.51236801462887,0.6219933159000001,2,3,1,2.0,1.0,1.0,1.0,1.0,1.0,1.0,1.0,Female,3,White
2016335069.0,34,New Jersey,9298402,34001,Atlantic,275872.0,1.43713438764673,1.2633535196,1,5,1,2.0,1.0,0.0,0.0,0.0,0.0,1.0,0.0,Male,4,White
2013964957.0,34,New Jersey,9298402,34039,Union,574934.0,0.825467091423285,,1,5,3,1.0,1.0,1.0,1.0,1.0,1.0,1.0,1.0,Male,4,Hispanic
2010999481.0,34,New Jersey,9298402,34023,Middlesex,864552.0,0.637737050996134,,1,3,2,2.0,0.0,1.0,1.0,1.0,1.0,1.0,1.0,Male,3,Black
2017034665.0,34,New Jersey,9298402,34003,Bergen,956251.0,0.562035274458112,0.8012723455,2,6,1,2.0,0.0,0.0,0.0,0.0,0.0,1.0,0.0,Female,4,White
2032879819.0,34,New Jersey,9298402,34027,Morris,511860.0,1.32244024249361,1.0604670323,2,5,1,2.0,1.0,1.0,1.0,1.0,1.0,1.0,1.0,Female,4,White
2009082439.0,34,New Jersey,9298402,34013,Essex,855294.0,0.700275804289288,0.6175542653,1,5,1,2.0,1.0,1.0,1.0,1.0,1.0,0.0,1.0,Male,4,White
2034581339.0,34,New Jersey,9298402,34005,Burlington,467822.0,1.53872827574577,0.3533900995,2,2,2,2.0,1.0,1.0,1.0,1.0,1.0,0.0,1.0,Female,2,Black
2027399307.0,34,New Jersey,9298402,34027,Morris,511860.0,0.807923385714005,,1,3,1,2.0,0.0,1.0,1.0,1.0,1.0,1.0,0.0,Male,3,White
2035567459.0,34,New Jersey,9298402,34003,Bergen,956251.0,2.69902277003268,,1,2,1,2.0,1.0,1.0,1.0,1.0,1.0,1.0,1.0,Male,2,White
2012238197.0,34,New Jersey,9298402,34005,Burlington,467822.0,6.2760198048384,7.7588101773,1,2,1,1.0,1.0,1.0,0.0,1.0,0.0,0.0,1.0,Male,2,Hispanic
2026743847.0,34,New Jersey,9298402,34005,Burlington,467822.0,0.842710246585103,0.6161706487,2,6,2,2.0,1.0,1.0,1.0,1.0,1.0,1.0,1.0,Female,4,Black
2008223745.0,34,New Jersey,9298402,34021,Mercer,387024.0,1.08459395185196,,2,5,1,2.0,1.0,1.0,1.0,1.0,1.0,0.0,1.0,Female,4,White
2033081233.0,34,New Jersey,9298402,34015,Gloucester,306718.0,1.55933246653798,,2,3,2,2.0,1.0,1.0,0.0,0.0,1.0,1.0,0.0,Female,3,Black
2026743465.0,34,New Jersey,9298402,34001,Atlantic,275872.0,0.565072760923837,0.5643174153,2,3,2,2.0,1.0,1.0,1.0,1.0,1.0,1.0,1.0,Female,3,Black
2010554263.0,34,New Jersey,9298402,34017,Hudson,707743.0,0.32101182246185,,2,2,1,2.0,0.0,1.0,0.0,0.0,1.0,1.0,1.0,Female,2,White
2039126277.0,34,New Jersey,9298402,34037,Sussex,145668.0,1.20657021446531,1.0055983111,2,5,1,2.0,0.0,1.0,0.0,0.0,0.0,1.0,0.0,Female,4,White
1995904669.0,34,New Jersey,9298402,34027,Morris,511860.0,0.51236801462887,0.6219933159000001,2,4,1,2.0,1.0,1.0,1.0,1.0,1.0,1.0,1.0,Female,3,White
2024762859.0,34,New Jersey,9298402,34007,Camden,525833.0,0.52123377029004,0.6709294144,2,2,1,2.0,0.0,1.0,1.0,0.0,1.0,1.0,1.0,Female,2,White
2043405231.0,34,New Jersey,9298402,34001,Atlantic,275872.0,0.905923816399335,0.9420950417,2,6,1,2.0,0.0,0.0,0.0,0.0,0.0,1.0,0.0,Female,4,White
2020188475.0,34,New Jersey,9298402,34017,Hudson,707743.0,0.827294462770537,,2,5,3,,0.0,0.0,0.0,0.0,0.0,0.0,0.0,Female,4,Hispanic
2033010371.0,34,New Jersey,9298402,34013,Essex,855294.0,1.61673957523183,1.3736704013,2,3,1,2.0,1.0,1.0,1.0,1.0,1.0,0.0,1.0,Female,3,White
2029609347.0,34,New Jersey,9298402,34029,Ocean,656066.0,1.15804202755069,,2,2,1,2.0,1.0,1.0,0.0,0.0,1.0,1.0,1.0,Female,2,White
2011646609.0,34,New Jersey,9298402,34039,Union,574934.0,2.65242896559986,,2,2,2,2.0,0.0,1.0,1.0,1.0,1.0,1.0,1.0,Female,2,Black
2034262839.0,34,New Jersey,9298402,34021,Mercer,387024.0,6.55432755353239,,1,2,3,,1.0,1.0,0.0,1.0,0.0,1.0,1.0,Male,2,Hispanic
2043492591.0,34,New Jersey,9298402,34025,Monmouth,645026.0,1.30028142280826,1.1151653355,1,3,3,2.0,1.0,1.0,1.0,1.0,1.0,1.0,1.0,Male,3,Hispanic
2011943915.0,34,New Jersey,9298402,34023,Middlesex,864552.0,0.782482779392391,0.6453484434,2,5,1,2.0,1.0,1.0,1.0,1.0,1.0,0.0,1.0,Female,4,White
2012023289.0,34,New Jersey,9298402,34003,Bergen,956251.0,0.970607467464088,0.8334057069,2,4,1,2.0,1.0,1.0,1.0,1.0,1.0,0.0,1.0,Female,3,White
2013766059.0,34,New Jersey,9298402,34003,Bergen,956251.0,6.38243179420847,,1,5,4,2.0,1.0,1.0,0.0,1.0,1.0,0.0,1.0,Male,4,Other
2032668021.0,34,New Jersey,9298402,34037,Sussex,145668.0,0.811766374812629,0.7583459731000001,2,2,1,2.0,1.0,1.0,0.0,0.0,1.0,1.0,1.0,Female,2,White
2008936695.0,34,New Jersey,9298402,34005,Burlington,467822.0,0.356691430052538,0.5600568068,1,2,1,2.0,0.0,0.0,0.0,0.0,0.0,1.0,0.0,Male,2,White
2009223375.0,34,New Jersey,9298402,34027,Morris,511860.0,1.01692020409862,1.2752484635,1,5,1,2.0,1.0,1.0,1.0,1.0,1.0,1.0,1.0,Male,4,White
2016968793.0,34,New Jersey,9298402,34003,Bergen,956251.0,0.905385381484887,,1,6,1,2.0,1.0,1.0,1.0,1.0,1.0,1.0,1.0,Male,4,White
2012045733.0,34,New Jersey,9298402,34027,Morris,511860.0,1.20657021446531,1.0055983111,2,5,1,2.0,0.0,0.0,0.0,0.0,0.0,1.0,0.0,Female,4,White
2011917531.0,34,New Jersey,9298402,34019,Hunterdon,129859.0,1.49665410028468,1.1020796027,2,4,1,2.0,1.0,1.0,1.0,0.0,1.0,1.0,1.0,Female,3,White
1984519745.0,34,New Jersey,9298402,34027,Morris,511860.0,4.24121740698288,2.8297020127,1,5,1,2.0,1.0,1.0,1.0,1.0,1.0,1.0,1.0,Male,4,White
2012685209.0,34,New Jersey,9298402,34039,Union,574934.0,0.784340391736821,,2,2,1,2.0,0.0,0.0,1.0,0.0,1.0,0.0,1.0,Female,2,White
2013532709.0,34,New Jersey,9298402,34023,Middlesex,864552.0,0.700275804289288,0.6175542653,1,5,1,2.0,1.0,1.0,1.0,1.0,1.0,1.0,1.0,Male,4,White
1993781709.0,34,New Jersey,9298402,34011,Cumberland,152025.0,0.675255201813598,0.7417602708000001,2,6,1,2.0,1.0,1.0,1.0,1.0,1.0,0.0,1.0,Female,4,White
2027059609.0,34,New Jersey,9298402,34011,Cumberland,152025.0,2.69902277003268,,1,2,1,2.0,1.0,1.0,0.0,0.0,1.0,1.0,1.0,Male,2,White
2027058255.0,34,New Jersey,9298402,34023,Middlesex,864552.0,3.31362320679182,,2,3,3,,1.0,0.0,1.0,1.0,0.0,1.0,1.0,Female,3,Hispanic
1998399871.0,34,New Jersey,9298402,34031,Passaic,516941.0,0.526445292255252,0.5329476147000001,2,2,1,2.0,1.0,1.0,1.0,1.0,1.0,0.0,1.0,Female,2,White
2013370865.0,34,New Jersey,9298402,34023,Middlesex,864552.0,1.01692020409862,,1,5,1,2.0,1.0,1.0,1.0,1.0,1.0,1.0,1.0,Male,4,White
2039699823.0,34,New Jersey,9298402,34017,Hudson,707743.0,0.782482779392391,0.6453484434,2,5,1,2.0,1.0,1.0,1.0,1.0,1.0,0.0,1.0,Female,4,White
2020148411.0,34,New Jersey,9298402,34013,Essex,855294.0,0.669571058431464,1.1982355559,2,3,3,1.0,1.0,1.0,1.0,1.0,1.0,0.0,1.0,Female,3,Hispanic
2014705255.0,34,New Jersey,9298402,34013,Essex,855294.0,2.93331854768696,,1,1,2,2.0,0.0,1.0,0.0,1.0,0.0,1.0,1.0,Male,1,Black
2010427545.0,34,New Jersey,9298402,34035,Somerset,347621.0,1.19291379585725,1.3788464124,2,5,1,2.0,1.0,0.0,0.0,0.0,1.0,1.0,0.0,Female,4,White
2010695991.0,34,New Jersey,9298402,34027,Morris,511860.0,1.92629337313507,1.6448322411,2,3,1,2.0,1.0,0.0,0.0,0.0,1.0,1.0,0.0,Female,3,White
2036933187.0,34,New Jersey,9298402,34029,Ocean,656066.0,1.65170143660601,2.3211834009,2,4,4,2.0,0.0,0.0,0.0,0.0,1.0,0.0,0.0,Female,3,Other
2041031515.0,34,New Jersey,9298402,34021,Mercer,387024.0,1.43713438764673,1.2633535196,1,5,1,2.0,0.0,0.0,0.0,0.0,0.0,1.0,0.0,Male,4,White
2041507629.0,34,New Jersey,9298402,34017,Hudson,707743.0,0.570205247881726,,1,3,1,2.0,1.0,1.0,1.0,1.0,0.0,0.0,1.0,Male,3,White
2011359319.0,34,New Jersey,9298402,34037,Sussex,145668.0,0.748294494895274,0.8600724636,2,5,1,2.0,1.0,1.0,1.0,1.0,1.0,0.0,1.0,Female,4,White
2013115431.0,34,New Jersey,9298402,34001,Atlantic,275872.0,0.870109423746498,1.0248189375,2,2,1,2.0,0.0,0.0,0.0,0.0,1.0,1.0,0.0,Female,2,White
2007526045.0,34,New Jersey,9298402,34003,Bergen,956251.0,1.43713438764673,1.2633535196,1,5,1,2.0,0.0,0.0,0.0,0.0,0.0,1.0,0.0,Male,4,White
2012126075.0,34,New Jersey,9298402,34013,Essex,855294.0,1.00015763465199,,1,2,2,2.0,0.0,1.0,1.0,1.0,1.0,1.0,1.0,Male,2,Black
2013686377.0,34,New Jersey,9298402,34039,Union,574934.0,0.504084039851987,0.5313984419000001,1,2,1,2.0,0.0,1.0,1.0,0.0,1.0,1.0,1.0,Male,2,White
2028796729.0,34,New Jersey,9298402,34025,Monmouth,645026.0,2.05985453638787,1.5966460381,1,4,1,2.0,0.0,1.0,1.0,0.0,1.0,0.0,1.0,Male,3,White
2010141409.0,34,New Jersey,9298402,34005,Burlington,467822.0,0.51236801462887,0.6219933159000001,2,3,1,2.0,1.0,1.0,1.0,1.0,1.0,0.0,1.0,Female,3,White
2043165679.0,35,New Mexico,2112859,35043,Sandoval,153386.0,0.38930448012193,1.263711952,2,2,1,2.0,0.0,0.0,0.0,0.0,1.0,0.0,0.0,Female,2,White
1998236403.0,35,New Mexico,2112859,35013,DoÃ±a Ana,,0.627480374623926,,2,6,1,2.0,1.0,1.0,1.0,1.0,1.0,1.0,1.0,Female,4,White
1982809175.0,35,New Mexico,2112859,35005,Chaves,63873.0,0.718575768120369,0.8996937781000001,2,4,1,2.0,1.0,1.0,1.0,1.0,1.0,0.0,1.0,Female,3,White
2038810783.0,35,New Mexico,2112859,35013,DoÃ±a Ana,,6.06881437407094,,2,2,3,,1.0,1.0,1.0,0.0,1.0,1.0,1.0,Female,2,Hispanic
2034465945.0,35,New Mexico,2112859,35013,DoÃ±a Ana,,7.42263983768221,0.4027162685,1,2,3,,1.0,0.0,0.0,1.0,1.0,1.0,1.0,Male,2,Hispanic
2015411065.0,35,New Mexico,2112859,35001,Bernalillo,672636.0,1.13582842997722,1.5089788122,1,1,1,2.0,1.0,0.0,1.0,1.0,1.0,1.0,0.0,Male,1,White
2031153167.0,35,New Mexico,2112859,35013,DoÃ±a Ana,,2.09973721296417,,1,4,3,,1.0,1.0,1.0,1.0,1.0,1.0,1.0,Male,3,Hispanic
2010391853.0,35,New Mexico,2112859,35001,Bernalillo,672636.0,2.26777079105141,,1,5,1,2.0,1.0,1.0,1.0,1.0,1.0,1.0,1.0,Male,4,White
2010011935.0,35,New Mexico,2112859,35001,Bernalillo,672636.0,1.83307302143005,1.7208538548,2,5,6,2.0,1.0,0.0,0.0,0.0,0.0,1.0,1.0,Female,4,Other
2024001109.0,35,New Mexico,2112859,35001,Bernalillo,672636.0,3.0116656166012,,1,4,1,2.0,0.0,1.0,0.0,1.0,1.0,1.0,1.0,Male,3,White
2014935955.0,35,New Mexico,2112859,35049,Santa Fe,155789.0,2.78197569513849,,2,5,1,2.0,1.0,1.0,1.0,1.0,1.0,0.0,1.0,Female,4,White
2031397875.0,35,New Mexico,2112859,35057,Torrance,15398.0,1.35075698714077,,2,1,1,2.0,0.0,0.0,0.0,0.0,0.0,1.0,0.0,Female,1,White
2013215287.0,35,New Mexico,2112859,35041,Roosevelt,18894.0,0.6538914943342,0.9703331866,1,2,3,,1.0,1.0,0.0,1.0,1.0,0.0,1.0,Male,2,Hispanic
2034499009.0,35,New Mexico,2112859,35013,DoÃ±a Ana,,6.06881437407094,,2,2,3,,1.0,1.0,1.0,1.0,0.0,1.0,0.0,Female,2,Hispanic
2034747453.0,35,New Mexico,2112859,35001,Bernalillo,672636.0,2.26163597777763,,1,2,2,2.0,0.0,0.0,0.0,0.0,0.0,0.0,0.0,Male,2,Black
1997425245.0,35,New Mexico,2112859,35053,Socorro,16127.0,1.57032065976543,2.2460676666,1,5,1,2.0,1.0,0.0,0.0,0.0,0.0,1.0,0.0,Male,4,White
2021407127.0,35,New Mexico,2112859,35041,Roosevelt,18894.0,1.00514159306794,,1,2,3,,1.0,1.0,1.0,1.0,1.0,1.0,1.0,Male,2,Hispanic
2035419401.0,35,New Mexico,2112859,35013,DoÃ±a Ana,,2.37223489319251,,1,3,3,,1.0,1.0,1.0,1.0,1.0,1.0,1.0,Male,3,Hispanic
2032936961.0,35,New Mexico,2112859,35043,Sandoval,153386.0,2.37223489319251,,1,4,3,,1.0,1.0,1.0,1.0,0.0,1.0,1.0,Male,3,Hispanic
2018741609.0,35,New Mexico,2112859,35001,Bernalillo,672636.0,3.0749741663546,0.6489118925,1,4,3,1.0,0.0,1.0,0.0,0.0,1.0,1.0,1.0,Male,3,Hispanic
2013892093.0,35,New Mexico,2112859,35028,Los Alamos,19198.0,1.45754048303594,2.1188708457,2,6,1,2.0,1.0,1.0,1.0,1.0,1.0,0.0,1.0,Female,4,White
2029187849.0,35,New Mexico,2112859,35005,Chaves,63873.0,6.06881437407094,1.0447860606,2,2,3,,0.0,1.0,1.0,1.0,1.0,1.0,1.0,Female,2,Hispanic
2012523011.0,35,New Mexico,2112859,35035,Otero,68851.0,0.46148498131021,0.5066676133,1,3,1,2.0,0.0,0.0,0.0,0.0,0.0,1.0,0.0,Male,3,White
2034711865.0,35,New Mexico,2112859,35061,Valencia,78236.0,3.71078465266887,,2,2,1,2.0,1.0,1.0,1.0,1.0,0.0,1.0,0.0,Female,2,White
2011006935.0,35,New Mexico,2112859,35001,Bernalillo,672636.0,0.25317464297253,0.5524831938,2,6,1,2.0,1.0,1.0,1.0,1.0,1.0,0.0,1.0,Female,4,White
2013452697.0,35,New Mexico,2112859,35043,Sandoval,153386.0,0.255724091806868,0.4013003987,1,4,1,2.0,1.0,1.0,1.0,1.0,1.0,0.0,1.0,Male,3,White
2028644163.0,35,New Mexico,2112859,35001,Bernalillo,672636.0,4.93874042241455,,2,2,1,2.0,0.0,1.0,0.0,0.0,0.0,0.0,1.0,Female,2,White
2021648987.0,35,New Mexico,2112859,35049,Santa Fe,155789.0,0.990533309073521,0.782386962,2,4,3,1.0,1.0,1.0,1.0,0.0,1.0,1.0,1.0,Female,3,Hispanic
2030813995.0,35,New Mexico,2112859,35001,Bernalillo,672636.0,1.29102915686624,2.6827662685,2,3,6,2.0,1.0,1.0,1.0,1.0,1.0,1.0,1.0,Female,3,Other
2021347375.0,35,New Mexico,2112859,35001,Bernalillo,672636.0,0.310406676112947,0.0776671153,2,3,6,1.0,1.0,1.0,1.0,1.0,1.0,0.0,1.0,Female,3,Hispanic
2042373501.0,35,New Mexico,2112859,35043,Sandoval,153386.0,3.47036465216597,1.0210510442,2,4,5,2.0,1.0,1.0,0.0,1.0,1.0,0.0,1.0,Female,3,Other
2038246037.0,35,New Mexico,2112859,35027,Lincoln,20329.0,0.255724091806868,0.4013003987,1,3,1,2.0,1.0,1.0,1.0,1.0,0.0,0.0,1.0,Male,3,White
2039190465.0,29,Missouri,6179285,29186,Ste. Genevieve,18613.0,5.62874461108365,1.1085365822,2,5,1,2.0,1.0,1.0,1.0,1.0,1.0,1.0,0.0,Female,4,White
2026740157.0,29,Missouri,6179285,29183,St. Charles,413991.0,3.63312943258176,1.1533148735,1,6,1,2.0,1.0,1.0,1.0,1.0,1.0,1.0,1.0,Male,4,White
2024949897.0,29,Missouri,6179285,29189,St. Louis,991719.0,1.78647211131726,1.0357458548,2,5,1,2.0,1.0,1.0,1.0,1.0,1.0,1.0,1.0,Female,4,White
2025238751.0,29,Missouri,6179285,29071,Franklin,105854.0,0.940106143217492,,2,2,1,2.0,1.0,1.0,1.0,1.0,1.0,0.0,1.0,Female,2,White
2015368493.0,29,Missouri,6179285,29071,Franklin,105854.0,0.966625703891065,1.0894319482,2,2,1,2.0,1.0,1.0,1.0,1.0,0.0,1.0,1.0,Female,2,White
2012659399.0,29,Missouri,6179285,29095,Jackson,717037.0,0.660070971195131,0.5544585393,1,5,1,2.0,1.0,1.0,1.0,1.0,1.0,0.0,1.0,Male,4,White
2023858477.0,29,Missouri,6179285,29021,Buchanan,83011.0,1.03387512053772,,1,3,3,,1.0,1.0,0.0,0.0,1.0,1.0,0.0,Male,3,Hispanic
1993375043.0,29,Missouri,6179285,29189,St. Louis,991719.0,1.95936753350198,1.0865317352,1,6,1,2.0,1.0,1.0,1.0,1.0,1.0,0.0,1.0,Male,4,White
1984181223.0,29,Missouri,6179285,29099,Jefferson,229270.0,0.641639098071608,0.7688959630000001,1,2,1,2.0,1.0,1.0,0.0,1.0,0.0,1.0,0.0,Male,2,White
2038668847.0,29,Missouri,6179285,29031,Cape Girardeau,82877.0,1.31941776059617,1.1579996489,1,2,1,2.0,0.0,0.0,0.0,0.0,0.0,1.0,0.0,Male,2,White
1995328891.0,29,Missouri,6179285,29069,Dunklin,27460.0,1.27210869752135,,1,5,1,2.0,0.0,0.0,0.0,0.0,0.0,1.0,0.0,Male,4,White
2019678877.0,29,Missouri,6179285,29510,St. Louis city,286509.0,2.76663812184034,1.3284472541,2,6,2,2.0,1.0,1.0,1.0,1.0,1.0,0.0,1.0,Female,4,Black
2005445309.0,29,Missouri,6179285,29510,St. Louis city,286509.0,3.38547268907879,1.6184929409,1,5,1,2.0,1.0,1.0,1.0,1.0,1.0,0.0,1.0,Male,4,White
2010461523.0,29,Missouri,6179285,29077,Greene,303279.0,1.29080124772229,1.5819782752,2,3,2,2.0,1.0,1.0,1.0,1.0,1.0,0.0,1.0,Female,3,Black
2039978571.0,29,Missouri,6179285,29105,Laclede,36320.0,1.3501988014131,1.0803813865,2,6,1,2.0,0.0,0.0,0.0,0.0,0.0,1.0,0.0,Female,4,White
2010303891.0,29,Missouri,6179285,29097,Jasper,123971.0,0.431781751020015,0.6203836424,2,3,1,2.0,1.0,1.0,1.0,1.0,1.0,0.0,1.0,Female,3,White
2039699747.0,29,Missouri,6179285,29095,Jackson,717037.0,1.36334256893174,0.9485281811,2,3,1,2.0,1.0,1.0,1.0,1.0,1.0,0.0,1.0,Female,3,White
2034712247.0,29,Missouri,6179285,29099,Jefferson,229270.0,0.761248975919046,,2,1,1,2.0,1.0,1.0,0.0,1.0,1.0,1.0,1.0,Female,1,White
2009717891.0,29,Missouri,6179285,29095,Jackson,717037.0,1.1103851164049,0.7174144358,1,6,2,2.0,1.0,1.0,1.0,1.0,1.0,1.0,1.0,Male,4,Black
2003347265.0,29,Missouri,6179285,29037,Cass,110369.0,0.309396978111273,2.6166793787,2,2,1,2.0,0.0,0.0,0.0,0.0,0.0,1.0,,Female,2,White
2013059609.0,29,Missouri,6179285,29187,St. Francois,66916.0,1.04338763560956,2.6002169814,1,3,1,2.0,0.0,0.0,0.0,0.0,0.0,1.0,0.0,Male,3,White
2014537831.0,29,Missouri,6179285,29095,Jackson,717037.0,0.78396240616985,0.67327072,1,3,1,2.0,0.0,0.0,0.0,0.0,0.0,1.0,0.0,Male,3,White
2011076127.0,29,Missouri,6179285,29183,St. Charles,413991.0,1.27210869752135,1.1346268058,1,5,1,2.0,0.0,0.0,0.0,0.0,0.0,1.0,0.0,Male,4,White
2045336861.0,29,Missouri,6179285,29510,St. Louis city,286509.0,0.168900232797243,1.0681317131,1,3,2,2.0,1.0,1.0,1.0,1.0,1.0,0.0,1.0,Male,3,Black
2011471881.0,29,Missouri,6179285,29095,Jackson,717037.0,0.149323198635036,,1,2,3,1.0,1.0,1.0,1.0,1.0,1.0,1.0,1.0,Male,2,Hispanic
2037361233.0,29,Missouri,6179285,29510,St. Louis city,286509.0,2.71383285826979,,1,3,2,2.0,1.0,1.0,1.0,1.0,1.0,1.0,0.0,Male,3,Black
2006223479.0,29,Missouri,6179285,29183,St. Charles,413991.0,0.584366242832868,0.5561347334,2,5,1,2.0,1.0,1.0,1.0,1.0,1.0,0.0,1.0,Female,4,White
2045072561.0,29,Missouri,6179285,29165,Platte,110567.0,0.700590315821095,0.5923037693000001,2,6,1,2.0,1.0,1.0,1.0,1.0,1.0,0.0,1.0,Female,4,White
2011347639.0,29,Missouri,6179285,29189,St. Louis,991719.0,2.97090845234215,1.0431320075,1,3,1,2.0,1.0,1.0,1.0,1.0,1.0,1.0,1.0,Male,3,White
2015275873.0,29,Missouri,6179285,29077,Greene,303279.0,4.41268385548118,,1,2,1,2.0,1.0,1.0,1.0,0.0,0.0,0.0,0.0,Male,2,White
2018830629.0,29,Missouri,6179285,29187,St. Francois,66916.0,1.3501988014131,1.0803813865,2,6,1,2.0,0.0,0.0,0.0,0.0,0.0,1.0,0.0,Female,4,White
1999388023.0,29,Missouri,6179285,29099,Jefferson,229270.0,1.87309974605475,2.572242465,1,3,1,2.0,0.0,0.0,1.0,1.0,1.0,1.0,1.0,Male,3,White
2033060777.0,29,Missouri,6179285,29107,Lafayette,32944.0,1.79578328660709,,2,1,1,2.0,1.0,1.0,1.0,1.0,1.0,0.0,1.0,Female,1,White
2012576429.0,29,Missouri,6179285,29077,Greene,303279.0,0.700590315821095,0.5923037693000001,2,6,1,2.0,1.0,1.0,0.0,1.0,1.0,0.0,1.0,Female,4,White
2021133001.0,29,Missouri,6179285,29007,Audrain,24468.0,1.62333068779815,1.4072972190000002,1,2,1,2.0,1.0,0.0,0.0,0.0,0.0,1.0,0.0,Male,2,White
2024758637.0,29,Missouri,6179285,29510,St. Louis city,286509.0,7.06923093756036,3.4910643564,2,2,2,2.0,1.0,1.0,0.0,1.0,0.0,0.0,0.0,Female,2,Black
1996353175.0,29,Missouri,6179285,29047,Clay,257034.0,0.916076568522299,0.930533323,2,5,1,2.0,0.0,0.0,0.0,0.0,1.0,1.0,0.0,Female,4,White
2009151845.0,29,Missouri,6179285,29143,New Madrid,15691.0,3.57362887436334,2.3341746889,1,1,1,2.0,0.0,0.0,0.0,0.0,0.0,1.0,0.0,Male,1,White
2007966713.0,29,Missouri,6179285,29095,Jackson,717037.0,0.70318096465432,0.6764271699000001,1,5,1,2.0,0.0,0.0,1.0,1.0,0.0,1.0,0.0,Male,4,White
2011835267.0,29,Missouri,6179285,29117,Livingston,14494.0,2.95692606738958,,2,2,1,2.0,1.0,1.0,1.0,0.0,1.0,1.0,1.0,Female,2,White
1999512129.0,29,Missouri,6179285,29229,Wright,19103.0,1.4534973691653,1.2036851502,2,4,1,2.0,0.0,0.0,1.0,0.0,1.0,1.0,0.0,Female,3,White
2041542267.0,29,Missouri,6179285,29123,Madison,12752.0,5.52483354694954,0.5150984089,1,2,1,2.0,1.0,0.0,1.0,0.0,1.0,0.0,1.0,Male,2,White
2018908535.0,29,Missouri,6179285,29007,Audrain,24468.0,2.7615741700374,3.4340714982,2,2,4,2.0,1.0,1.0,1.0,0.0,1.0,1.0,1.0,Female,2,Other
2025379019.0,29,Missouri,6179285,29175,Randolph,24624.0,0.151706461504242,,1,2,1,2.0,1.0,1.0,1.0,1.0,1.0,1.0,1.0,Male,2,White
2014512351.0,29,Missouri,6179285,29071,Franklin,105854.0,1.46938758978018,1.1267917617,2,6,1,2.0,0.0,0.0,0.0,0.0,0.0,1.0,0.0,Female,4,White
2012343843.0,29,Missouri,6179285,29183,St. Charles,413991.0,0.940106143217492,0.9876252496,2,2,1,2.0,0.0,1.0,0.0,0.0,0.0,1.0,0.0,Female,2,White
2018385443.0,29,Missouri,6179285,29095,Jackson,717037.0,2.22172354314207,,2,2,1,2.0,1.0,1.0,1.0,1.0,1.0,1.0,1.0,Female,2,White
2013046125.0,29,Missouri,6179285,29187,St. Francois,66916.0,0.282502388536091,0.73788736,1,2,1,2.0,0.0,1.0,1.0,1.0,1.0,1.0,1.0,Male,2,White
2014149587.0,29,Missouri,6179285,29215,Texas,25284.0,3.00532855496764,,1,2,1,2.0,0.0,1.0,0.0,0.0,1.0,1.0,0.0,Male,2,White
2015293233.0,29,Missouri,6179285,29109,Lawrence,38671.0,0.940106143217492,0.9876252496,2,2,1,2.0,0.0,0.0,1.0,1.0,1.0,1.0,1.0,Female,2,White
2017133709.0,29,Missouri,6179285,29165,Platte,110567.0,0.0652080767476045,,1,5,3,1.0,1.0,1.0,1.0,1.0,0.0,1.0,0.0,Male,4,Hispanic
2045199619.0,29,Missouri,6179285,29171,Putnam,4653.0,1.19088310537812,1.4561584899,2,5,1,2.0,0.0,0.0,0.0,0.0,0.0,1.0,0.0,Female,4,White
2011059497.0,29,Missouri,6179285,29101,Johnson,54406.0,4.2292279670755,,2,5,1,2.0,1.0,1.0,1.0,1.0,1.0,1.0,1.0,Female,4,White
2017157029.0,29,Missouri,6179285,29153,Ozark,8974.0,0.955814849038161,0.8856559282,1,5,1,2.0,0.0,0.0,0.0,0.0,0.0,1.0,0.0,Male,4,White
2002433539.0,29,Missouri,6179285,29095,Jackson,717037.0,0.19963136548459,0.8778026014,1,5,3,1.0,0.0,0.0,1.0,0.0,0.0,0.0,0.0,Male,4,Hispanic
2014290527.0,29,Missouri,6179285,29001,Adair,25124.0,4.50577772183803,2.0734750565,1,5,1,2.0,1.0,1.0,1.0,1.0,1.0,0.0,1.0,Male,4,White
2033225731.0,29,Missouri,6179285,29047,Clay,257034.0,8.06491741206707,,2,3,1,2.0,1.0,1.0,1.0,1.0,1.0,1.0,0.0,Female,3,White
2009628501.0,29,Missouri,6179285,29021,Buchanan,83011.0,0.36641226741471,0.6136409853,2,2,1,2.0,1.0,1.0,1.0,1.0,1.0,0.0,1.0,Female,2,White
2021130979.0,29,Missouri,6179285,29109,Lawrence,38671.0,0.853967353769432,0.985043901,1,2,1,2.0,0.0,0.0,0.0,0.0,0.0,1.0,0.0,Male,2,White
2015241527.0,29,Missouri,6179285,29189,St. Louis,991719.0,1.31941776059617,,1,2,1,2.0,0.0,0.0,0.0,0.0,0.0,1.0,0.0,Male,2,White
1995603287.0,29,Missouri,6179285,29183,St. Charles,413991.0,0.584366242832868,0.5561347334,2,5,1,2.0,1.0,1.0,1.0,0.0,1.0,1.0,1.0,Female,4,White
2042331089.0,29,Missouri,6179285,29510,St. Louis city,286509.0,1.12291077742324,0.7779672674,2,3,1,2.0,1.0,1.0,1.0,1.0,1.0,1.0,1.0,Female,3,White
2014970619.0,29,Missouri,6179285,29213,Taney,56748.0,4.32934972881065,5.0021088725,1,5,1,2.0,0.0,0.0,0.0,0.0,0.0,1.0,0.0,Male,4,White
2034854215.0,29,Missouri,6179285,29077,Greene,303279.0,1.3501988014131,1.0803813865,2,6,1,2.0,0.0,0.0,0.0,0.0,0.0,1.0,0.0,Female,4,White
2014706915.0,29,Missouri,6179285,29189,St. Louis,991719.0,0.426097337886654,0.2609083384,2,6,1,2.0,1.0,1.0,0.0,0.0,1.0,1.0,1.0,Female,4,White
2042331385.0,29,Missouri,6179285,29207,Stoddard,28370.0,0.935874371452143,0.8665807733,1,5,1,2.0,0.0,0.0,0.0,0.0,0.0,1.0,0.0,Male,4,White
2012895757.0,29,Missouri,6179285,29201,Scott,37861.0,2.95692606738958,0.405777891,2,2,1,2.0,0.0,0.0,1.0,1.0,1.0,1.0,0.0,Female,2,White
2013987407.0,29,Missouri,6179285,29067,Douglas,11966.0,1.4534973691653,1.2036851502,2,3,1,2.0,0.0,0.0,0.0,0.0,1.0,1.0,0.0,Female,3,White
2034686297.0,29,Missouri,6179285,29019,Boone,187514.0,5.67915714458442,2.6120110806,1,4,1,2.0,1.0,1.0,1.0,1.0,1.0,0.0,1.0,Male,3,White
2014271505.0,29,Missouri,6179285,29189,St. Louis,991719.0,1.27210869752135,1.1346268058,1,5,1,2.0,0.0,0.0,0.0,0.0,0.0,1.0,0.0,Male,4,White
2045511519.0,29,Missouri,6179285,29510,St. Louis city,286509.0,1.05871177627864,,2,5,1,2.0,1.0,1.0,1.0,1.0,1.0,1.0,1.0,Female,4,White
2021872121.0,29,Missouri,6179285,29189,St. Louis,991719.0,5.61438993102325,,1,6,1,2.0,1.0,1.0,1.0,1.0,1.0,0.0,1.0,Male,4,White
2031587195.0,29,Missouri,6179285,29071,Franklin,105854.0,1.47754108454647,0.4528687028,2,2,1,2.0,0.0,1.0,1.0,1.0,1.0,1.0,1.0,Female,2,White
2028988135.0,29,Missouri,6179285,29105,Laclede,36320.0,1.66937080724203,0.6944866764000001,2,2,1,2.0,1.0,1.0,0.0,1.0,1.0,1.0,0.0,Female,2,White
2037258507.0,29,Missouri,6179285,29095,Jackson,717037.0,0.415854494298601,,2,2,2,2.0,1.0,1.0,1.0,1.0,1.0,1.0,1.0,Female,2,Black
2038374047.0,29,Missouri,6179285,29095,Jackson,717037.0,0.646407106273506,0.8443093692,2,3,1,2.0,0.0,0.0,0.0,0.0,0.0,1.0,0.0,Female,3,White
2021804407.0,29,Missouri,6179285,29189,St. Louis,991719.0,0.693097562995745,1.0580406795,1,6,1,2.0,1.0,1.0,1.0,1.0,0.0,1.0,1.0,Male,4,White
2012536795.0,29,Missouri,6179285,29099,Jefferson,229270.0,0.431781751020015,0.6203836424,2,3,1,2.0,1.0,1.0,1.0,1.0,1.0,1.0,1.0,Female,3,White
1993384765.0,29,Missouri,6179285,29021,Buchanan,83011.0,0.106289260355063,0.1476096082,4,6,3,2.0,0.0,1.0,0.0,0.0,0.0,1.0,0.0,,4,Hispanic
2036918683.0,29,Missouri,6179285,29091,Howell,40604.0,0.638581318275605,,1,3,1,2.0,0.0,0.0,0.0,0.0,1.0,1.0,0.0,Male,3,White
2015929209.0,29,Missouri,6179285,29097,Jasper,123971.0,4.57620539332798,,2,2,4,2.0,1.0,1.0,1.0,1.0,1.0,0.0,1.0,Female,2,Other
2008622825.0,29,Missouri,6179285,29095,Jackson,717037.0,2.29560987104627,,2,4,1,2.0,1.0,1.0,1.0,0.0,1.0,0.0,1.0,Female,3,White
2012143687.0,29,Missouri,6179285,29095,Jackson,717037.0,0.409302280921344,0.4910566333,1,2,1,2.0,1.0,1.0,1.0,1.0,1.0,1.0,1.0,Male,2,White
2018558459.0,29,Missouri,6179285,29071,Franklin,105854.0,4.41018184495642,,2,1,1,2.0,0.0,0.0,0.0,0.0,0.0,1.0,0.0,Female,1,White
1880727327.0,29,Missouri,6179285,29510,St. Louis city,286509.0,5.12857727347599,,2,3,1,2.0,0.0,1.0,0.0,1.0,0.0,1.0,0.0,Female,3,White
2009359095.0,29,Missouri,6179285,29097,Jasper,123971.0,1.4534973691653,1.2036851502,2,3,1,2.0,0.0,0.0,0.0,0.0,0.0,1.0,0.0,Female,3,White
2024354071.0,29,Missouri,6179285,29021,Buchanan,83011.0,4.90980864719434,0.9160886377,2,2,1,2.0,1.0,0.0,0.0,0.0,0.0,0.0,0.0,Female,2,White
2034673635.0,29,Missouri,6179285,29215,Texas,25284.0,3.95402779687644,,1,3,1,2.0,1.0,0.0,1.0,1.0,1.0,0.0,1.0,Male,3,White
2042329535.0,29,Missouri,6179285,29097,Jasper,123971.0,1.43933288940472,1.1880956571,2,6,1,2.0,0.0,0.0,0.0,0.0,0.0,1.0,0.0,Female,4,White
1999056583.0,29,Missouri,6179285,29153,Ozark,8974.0,1.63008585918674,1.3671443402,2,3,1,2.0,0.0,0.0,0.0,0.0,1.0,1.0,0.0,Female,3,White
2042328835.0,29,Missouri,6179285,29145,Newton,60079.0,0.448559904779001,,1,5,1,2.0,1.0,1.0,1.0,1.0,1.0,1.0,1.0,Male,4,White
2024141009.0,29,Missouri,6179285,29189,St. Louis,991719.0,2.33157391789617,,2,2,2,2.0,1.0,0.0,1.0,0.0,1.0,0.0,1.0,Female,2,Black
2034552343.0,28,Mississippi,2941237,28061,Jasper,16036.0,2.18801425927123,,2,1,1,2.0,0.0,1.0,1.0,1.0,0.0,0.0,0.0,Female,1,White
1995755199.0,28,Mississippi,2941237,28089,Madison,111692.0,0.545937774607581,,1,3,2,2.0,0.0,1.0,1.0,1.0,1.0,0.0,1.0,Male,3,Black
2018873251.0,28,Mississippi,2941237,28099,Neshoba,28805.0,1.53974081771994,0.877958836,1,2,2,2.0,1.0,1.0,1.0,1.0,1.0,1.0,1.0,Male,2,Black
2029151515.0,28,Mississippi,2941237,28075,Lauderdale,71342.0,0.579377769983702,0.4299167163,2,4,2,2.0,1.0,1.0,1.0,1.0,1.0,1.0,0.0,Female,3,Black
2012374635.0,28,Mississippi,2941237,28121,Rankin,158708.0,0.845011236021847,,1,6,1,2.0,1.0,0.0,1.0,0.0,0.0,1.0,0.0,Male,4,White
2016679421.0,28,Mississippi,2941237,28105,Oktibbeha,51567.0,0.727492263492737,0.4591629514,2,2,1,2.0,1.0,0.0,0.0,0.0,0.0,0.0,0.0,Female,2,White
2024672193.0,28,Mississippi,2941237,28089,Madison,111692.0,0.581561408497426,0.5446671715,2,4,2,2.0,1.0,1.0,1.0,1.0,1.0,1.0,0.0,Female,3,Black
2024048773.0,28,Mississippi,2941237,28035,Forrest,78240.0,2.70030406783104,,1,2,1,2.0,0.0,0.0,0.0,0.0,0.0,1.0,0.0,Male,2,White
1994165275.0,28,Mississippi,2941237,28079,Leake,21260.0,0.247204306087452,0.5939903389,1,3,1,2.0,1.0,1.0,1.0,1.0,0.0,0.0,1.0,Male,3,White
2016967743.0,28,Mississippi,2941237,28047,Harrison,210909.0,2.12920068754543,,1,3,1,2.0,1.0,1.0,1.0,1.0,0.0,1.0,1.0,Male,3,White
2009545367.0,28,Mississippi,2941237,28087,Lowndes,57685.0,1.11711354643552,0.8929206534,2,4,1,2.0,1.0,1.0,1.0,1.0,1.0,1.0,1.0,Female,3,White
2042331527.0,28,Mississippi,2941237,28047,Harrison,210909.0,4.53852977015325,,2,3,1,2.0,1.0,0.0,0.0,1.0,1.0,1.0,1.0,Female,3,White
2044679557.0,28,Mississippi,2941237,28049,Hinds,217434.0,1.65915574726103,1.0172299514,2,2,2,2.0,1.0,1.0,1.0,1.0,0.0,0.0,1.0,Female,2,Black
2012681461.0,28,Mississippi,2941237,28117,Prentiss,25051.0,6.03173655056288,,1,1,1,2.0,0.0,0.0,0.0,0.0,0.0,1.0,0.0,Male,1,White
2010255463.0,28,Mississippi,2941237,28073,Lamar,65812.0,1.72739044034122,,2,5,1,2.0,0.0,0.0,0.0,0.0,0.0,1.0,0.0,Female,4,White
2010984971.0,28,Mississippi,2941237,28081,Lee,82959.0,1.22338566866999,1.5259700797,2,2,1,2.0,1.0,1.0,1.0,1.0,1.0,1.0,1.0,Female,2,White
2018556917.0,28,Mississippi,2941237,28151,Washington,42500.0,3.33929953429271,1.8636206852,1,2,2,2.0,1.0,1.0,1.0,1.0,1.0,0.0,1.0,Male,2,Black
2039948675.0,28,Mississippi,2941237,28067,Jones,66480.0,1.72911119264117,1.4092246293,2,6,1,2.0,0.0,0.0,0.0,0.0,0.0,1.0,0.0,Female,4,White
2019140659.0,28,Mississippi,2941237,28087,Lowndes,57685.0,1.2070002276688,0.5697117854,1,3,2,2.0,1.0,1.0,0.0,0.0,1.0,1.0,1.0,Male,3,Black
1994948593.0,28,Mississippi,2941237,28079,Leake,21260.0,0.496155398702621,,2,5,2,2.0,1.0,1.0,1.0,1.0,1.0,0.0,1.0,Female,4,Black
1993596077.0,28,Mississippi,2941237,28117,Prentiss,25051.0,1.35282633644714,1.2959118427,2,3,1,2.0,0.0,0.0,0.0,1.0,0.0,1.0,0.0,Female,3,White
2011196825.0,28,Mississippi,2941237,28129,Smith,14095.0,1.35088623574975,11.0844756353,1,1,1,2.0,0.0,0.0,0.0,0.0,0.0,1.0,0.0,Male,1,White
2038245991.0,28,Mississippi,2941237,28145,Union,28123.0,0.590341133289878,0.9492638815,1,4,1,2.0,1.0,0.0,1.0,0.0,0.0,1.0,0.0,Male,3,White
2029064059.0,28,Mississippi,2941237,28099,Neshoba,28805.0,0.480254569145554,4.0294156963,2,2,1,2.0,0.0,0.0,0.0,1.0,1.0,1.0,1.0,Female,2,White
2025610025.0,28,Mississippi,2941237,28107,Panola,32574.0,0.239639293728593,,1,2,1,2.0,0.0,0.0,0.0,0.0,0.0,0.0,0.0,Male,2,White
2011243445.0,28,Mississippi,2941237,28151,Washington,42500.0,0.974914630096174,2.525013144,1,1,1,2.0,0.0,1.0,1.0,1.0,0.0,0.0,0.0,Male,1,White
2042719395.0,28,Mississippi,2941237,28117,Prentiss,25051.0,2.47834316797434,,2,1,2,2.0,1.0,1.0,1.0,1.0,1.0,1.0,0.0,Female,1,Black
2014203435.0,28,Mississippi,2941237,28089,Madison,111692.0,0.450154298535477,,2,5,2,2.0,0.0,1.0,0.0,1.0,1.0,0.0,1.0,Female,4,Black
2038129791.0,28,Mississippi,2941237,28043,Grenada,21142.0,1.18326291738723,,1,2,2,2.0,1.0,1.0,1.0,1.0,1.0,1.0,1.0,Male,2,Black
2041059913.0,28,Mississippi,2941237,28033,DeSoto,191551.0,0.168098631640368,1.3115684061,1,2,1,2.0,0.0,1.0,0.0,0.0,0.0,1.0,0.0,Male,2,White
2018670447.0,28,Mississippi,2941237,28151,Washington,42500.0,0.974914630096174,2.525013144,1,1,1,2.0,1.0,1.0,1.0,1.0,1.0,1.0,0.0,Male,1,White
2041090505.0,28,Mississippi,2941237,28059,Jackson,145161.0,0.695787106308433,2.3898919906,1,5,1,2.0,1.0,1.0,1.0,1.0,1.0,0.0,1.0,Male,4,White
2012318127.0,28,Mississippi,2941237,28127,Simpson,25607.0,3.57197275171708,1.6334723521,2,2,2,2.0,1.0,0.0,1.0,1.0,0.0,0.0,0.0,Female,2,Black
2031234817.0,28,Mississippi,2941237,28047,Harrison,210909.0,0.658238469216229,0.9298762947,1,5,1,2.0,0.0,0.0,0.0,0.0,0.0,1.0,0.0,Male,4,White
1997715225.0,28,Mississippi,2941237,28049,Hinds,217434.0,4.60748587296233,,2,1,7,2.0,1.0,1.0,1.0,1.0,1.0,1.0,1.0,Female,1,Other
2017803793.0,28,Mississippi,2941237,28127,Simpson,25607.0,0.191810597741698,0.5431216146,2,3,2,2.0,1.0,0.0,0.0,0.0,0.0,0.0,1.0,Female,3,Black
2010664465.0,28,Mississippi,2941237,28139,Tippah,21487.0,1.36290834975435,,1,2,1,2.0,1.0,1.0,1.0,1.0,1.0,1.0,1.0,Male,2,White
1995449275.0,28,Mississippi,2941237,28081,Lee,82959.0,0.182005633670483,1.0495842687,1,6,1,2.0,0.0,0.0,0.0,0.0,1.0,1.0,0.0,Male,4,White
1983441039.0,28,Mississippi,2941237,28033,DeSoto,191551.0,0.138767150635846,,1,3,1,1.0,1.0,1.0,1.0,1.0,1.0,1.0,1.0,Male,3,Hispanic
2012995769.0,28,Mississippi,2941237,28089,Madison,111692.0,0.523555185201534,0.9141663072,2,2,2,2.0,0.0,1.0,1.0,1.0,1.0,1.0,1.0,Female,2,Black
2027057957.0,28,Mississippi,2941237,28029,Copiah,27820.0,5.87083438393258,1.9786748261,1,2,1,2.0,1.0,0.0,0.0,0.0,1.0,0.0,1.0,Male,2,White
2017186049.0,28,Mississippi,2941237,28037,Franklin,7617.0,1.11711354643552,,2,4,1,2.0,0.0,0.0,0.0,0.0,1.0,1.0,0.0,Female,3,White
2033770365.0,28,Mississippi,2941237,28035,Forrest,78240.0,0.232604080833382,0.7529298927,2,6,1,2.0,1.0,1.0,1.0,1.0,1.0,0.0,1.0,Female,4,White
2042351907.0,28,Mississippi,2941237,28081,Lee,82959.0,0.581561408497426,0.5446671715,2,4,2,2.0,1.0,1.0,1.0,0.0,1.0,1.0,1.0,Female,3,Black
2001182525.0,44,Rhode Island,1098275,44009,Washington,130441.0,1.00001908729436,1.4126027408,2,5,1,2.0,0.0,0.0,0.0,0.0,1.0,1.0,0.0,Female,4,White
2015153481.0,44,Rhode Island,1098275,44007,Providence,661306.0,0.779397067664677,0.7803611810000001,1,3,1,2.0,0.0,0.0,0.0,0.0,1.0,1.0,0.0,Male,3,White
2029151719.0,44,Rhode Island,1098275,44003,Kent,171386.0,1.98452538651001,,2,2,1,2.0,0.0,0.0,0.0,0.0,0.0,1.0,1.0,Female,2,White
2033125511.0,44,Rhode Island,1098275,44007,Providence,661306.0,3.59158082925125,,3,2,5,2.0,1.0,1.0,1.0,1.0,1.0,0.0,1.0,,2,Other
2014193691.0,44,Rhode Island,1098275,44007,Providence,661306.0,0.254639616683112,0.8330804675,2,5,1,2.0,1.0,1.0,1.0,1.0,1.0,0.0,1.0,Female,4,White
2014370483.0,44,Rhode Island,1098275,44007,Providence,661306.0,1.82023168379903,0.9581785306,3,6,1,1.0,1.0,1.0,1.0,1.0,1.0,0.0,1.0,,4,Hispanic
2031593097.0,44,Rhode Island,1098275,44007,Providence,661306.0,3.82571855008989,,2,3,1,2.0,1.0,1.0,1.0,1.0,1.0,0.0,1.0,Female,3,White
2028892727.0,44,Rhode Island,1098275,44003,Kent,171386.0,0.428393990988331,0.4629060938,2,2,1,2.0,1.0,1.0,1.0,1.0,1.0,1.0,1.0,Female,2,White
2038373017.0,44,Rhode Island,1098275,44003,Kent,171386.0,1.2101556127264,0.8692649248000001,1,5,1,2.0,1.0,1.0,1.0,1.0,1.0,0.0,1.0,Male,4,White
1994100317.0,44,Rhode Island,1098275,44007,Providence,661306.0,1.29208841218346,1.7183622272,2,5,1,2.0,0.0,0.0,0.0,1.0,1.0,1.0,0.0,Female,4,White
2010207167.0,44,Rhode Island,1098275,44009,Washington,130441.0,0.480365145843885,0.9696742158,2,4,1,2.0,1.0,1.0,1.0,1.0,1.0,0.0,1.0,Female,3,White
2010440347.0,44,Rhode Island,1098275,44007,Providence,661306.0,1.13919365513411,0.7689517706,1,4,2,2.0,0.0,1.0,1.0,1.0,1.0,1.0,0.0,Male,3,Black
1983202637.0,44,Rhode Island,1098275,44007,Providence,661306.0,2.46459062403036,0.2314834803,2,3,2,2.0,0.0,0.0,1.0,1.0,1.0,1.0,0.0,Female,3,Black
2018530629.0,44,Rhode Island,1098275,44007,Providence,661306.0,0.402140259551072,0.4021258607,2,2,1,2.0,1.0,1.0,1.0,1.0,0.0,0.0,1.0,Female,2,White
2020346741.0,44,Rhode Island,1098275,44009,Washington,130441.0,0.681362801202138,1.0921739874,1,5,1,2.0,1.0,1.0,1.0,1.0,1.0,0.0,1.0,Male,4,White
2028959447.0,44,Rhode Island,1098275,44007,Providence,661306.0,3.2961767879997,,1,2,1,2.0,1.0,0.0,0.0,0.0,0.0,0.0,0.0,Male,2,White
2015092163.0,32,Nevada,3177672,32510,Carson City,58223.0,0.753919975328183,0.8816293435,1,4,1,2.0,0.0,0.0,0.0,0.0,1.0,1.0,0.0,Male,3,White
1983551021.0,32,Nevada,3177672,32031,Washoe,496521.0,1.353166779791,1.1797165961,2,6,1,2.0,1.0,0.0,0.0,0.0,1.0,1.0,0.0,Female,4,White
2033033711.0,32,Nevada,3177672,32003,Clark,2323145.0,2.48778588790748,,2,2,6,1.0,1.0,1.0,1.0,1.0,1.0,1.0,1.0,Female,2,Hispanic
1997990209.0,32,Nevada,3177672,32003,Clark,2323145.0,2.18598008695134,0.6342086397000001,1,2,1,2.0,1.0,1.0,1.0,1.0,1.0,1.0,1.0,Male,2,White
2041256489.0,32,Nevada,3177672,32005,Douglas,49588.0,2.46491768454892,2.2965771493,2,2,1,2.0,1.0,1.0,1.0,1.0,1.0,0.0,1.0,Female,2,White
1993330417.0,32,Nevada,3177672,32003,Clark,2323145.0,0.564687932020484,0.7048802160000001,1,5,2,2.0,1.0,1.0,0.0,0.0,0.0,0.0,1.0,Male,4,Black
2023234235.0,32,Nevada,3177672,32003,Clark,2323145.0,4.8881516771374,,2,3,1,2.0,0.0,0.0,0.0,0.0,1.0,1.0,0.0,Female,3,White
2042979265.0,32,Nevada,3177672,32003,Clark,2323145.0,1.04896892228664,,2,2,2,2.0,1.0,0.0,1.0,0.0,0.0,1.0,0.0,Female,2,Black
2028977921.0,32,Nevada,3177672,32003,Clark,2323145.0,2.74436836705464,,2,2,2,2.0,1.0,1.0,1.0,1.0,1.0,1.0,1.0,Female,2,Black
2029570403.0,32,Nevada,3177672,32003,Clark,2323145.0,1.17572572660653,,1,3,1,1.0,1.0,1.0,1.0,1.0,0.0,1.0,1.0,Male,3,Hispanic
2034411105.0,32,Nevada,3177672,32031,Washoe,496521.0,1.1425792328051,1.7683170302,2,4,3,,1.0,1.0,1.0,1.0,1.0,1.0,1.0,Female,3,Hispanic
2000570211.0,32,Nevada,3177672,32003,Clark,2323145.0,1.16652643220776,,2,2,2,2.0,0.0,0.0,0.0,1.0,0.0,0.0,1.0,Female,2,Black
2042330459.0,32,Nevada,3177672,32003,Clark,2323145.0,5.16402244728983,,1,4,1,2.0,0.0,0.0,0.0,0.0,0.0,1.0,0.0,Male,3,White
2045194901.0,32,Nevada,3177672,32003,Clark,2323145.0,0.171700126844021,,1,4,2,2.0,0.0,0.0,0.0,0.0,0.0,0.0,0.0,Male,3,Black
2018725295.0,32,Nevada,3177672,32003,Clark,2323145.0,1.34276125389426,,1,2,7,1.0,1.0,1.0,1.0,1.0,0.0,1.0,1.0,Male,2,Hispanic
2013493531.0,32,Nevada,3177672,32031,Washoe,496521.0,1.33825859571076,2.0704943515,1,6,1,2.0,0.0,0.0,0.0,0.0,0.0,1.0,0.0,Male,4,White
2036893047.0,32,Nevada,3177672,32003,Clark,2323145.0,3.47397485573821,,2,2,3,,1.0,1.0,1.0,0.0,1.0,1.0,1.0,Female,2,Hispanic
2022009751.0,32,Nevada,3177672,32003,Clark,2323145.0,3.10374519642017,0.6213429452,1,2,2,2.0,0.0,1.0,0.0,0.0,1.0,1.0,1.0,Male,2,Black
2013092493.0,32,Nevada,3177672,32003,Clark,2323145.0,0.739535077682966,0.787521189,2,4,1,2.0,1.0,1.0,1.0,1.0,1.0,1.0,1.0,Female,3,White
2009343871.0,32,Nevada,3177672,32003,Clark,2323145.0,3.41598386404347,4.8379317603,2,3,1,2.0,1.0,1.0,1.0,0.0,1.0,0.0,1.0,Female,3,White
2009867395.0,32,Nevada,3177672,32003,Clark,2323145.0,0.75277238951238,0.8268205285,2,5,1,2.0,0.0,1.0,0.0,0.0,1.0,1.0,0.0,Female,4,White
2019108787.0,32,Nevada,3177672,32003,Clark,2323145.0,0.760082851647744,0.6817013307,1,2,1,2.0,1.0,1.0,1.0,1.0,1.0,0.0,1.0,Male,2,White
1985076715.0,32,Nevada,3177672,32003,Clark,2323145.0,1.3434049596024,4.5362602241,1,5,1,2.0,0.0,0.0,0.0,1.0,1.0,1.0,0.0,Male,4,White
1998527925.0,32,Nevada,3177672,32510,Carson City,58223.0,1.21065298768197,3.1808795825,1,5,1,2.0,1.0,0.0,1.0,1.0,0.0,1.0,0.0,Male,4,White
2043888655.0,32,Nevada,3177672,32031,Washoe,496521.0,8.53627279189884,,1,5,1,2.0,0.0,1.0,1.0,1.0,1.0,1.0,1.0,Male,4,White
1998362411.0,32,Nevada,3177672,32031,Washoe,496521.0,1.29446645014358,1.6445657198,2,5,1,2.0,0.0,1.0,0.0,0.0,0.0,1.0,0.0,Female,4,White
1998694645.0,32,Nevada,3177672,32031,Washoe,496521.0,0.109926137851346,0.0461406485,1,6,6,,0.0,0.0,0.0,0.0,1.0,1.0,0.0,Male,4,Other
2018865735.0,32,Nevada,3177672,32003,Clark,2323145.0,0.495279394042692,1.3625511478,2,2,1,2.0,0.0,0.0,0.0,0.0,1.0,1.0,1.0,Female,2,White
2012832771.0,32,Nevada,3177672,32003,Clark,2323145.0,3.41598386404347,,2,4,1,2.0,1.0,1.0,1.0,1.0,1.0,0.0,1.0,Female,3,White
2043486697.0,32,Nevada,3177672,32003,Clark,2323145.0,1.71469875246123,0.2030746356,2,2,1,2.0,1.0,1.0,1.0,1.0,1.0,1.0,1.0,Female,2,White
2042348961.0,32,Nevada,3177672,32003,Clark,2323145.0,1.05728750697557,0.3593374925,1,3,3,1.0,1.0,1.0,1.0,1.0,1.0,0.0,1.0,Male,3,Hispanic
2016570527.0,32,Nevada,3177672,32003,Clark,2323145.0,1.53545906652742,0.8119150694,2,2,1,2.0,0.0,0.0,0.0,0.0,1.0,1.0,0.0,Female,2,White
2018278083.0,32,Nevada,3177672,32003,Clark,2323145.0,1.280429431306,1.0548700446,2,1,1,2.0,1.0,1.0,1.0,1.0,1.0,0.0,1.0,Female,1,White
2015451347.0,32,Nevada,3177672,32031,Washoe,496521.0,3.11808384676967,2.8619170515,2,2,1,1.0,1.0,0.0,0.0,0.0,0.0,1.0,0.0,Female,2,Hispanic
1994337771.0,32,Nevada,3177672,32003,Clark,2323145.0,1.48335254634064,1.5685954111,1,5,1,2.0,0.0,0.0,1.0,0.0,1.0,1.0,0.0,Male,4,White
2012829455.0,32,Nevada,3177672,32031,Washoe,496521.0,0.566467243569071,0.6881736361,1,3,1,2.0,1.0,1.0,1.0,1.0,1.0,0.0,1.0,Male,3,White
1999647245.0,32,Nevada,3177672,32003,Clark,2323145.0,0.731643073163366,1.0958064165,1,4,1,2.0,0.0,0.0,0.0,0.0,1.0,1.0,,Male,3,White
1999429739.0,32,Nevada,3177672,32510,Carson City,58223.0,2.29800676787426,2.188434344,2,5,1,2.0,0.0,0.0,0.0,0.0,1.0,1.0,0.0,Female,4,White
2027105549.0,32,Nevada,3177672,32003,Clark,2323145.0,0.257802606596771,,1,5,3,,0.0,0.0,0.0,0.0,0.0,1.0,0.0,Male,4,Hispanic
1997212597.0,32,Nevada,3177672,32023,Nye,54815.0,2.61038842419697,1.1041221962,2,4,1,2.0,1.0,0.0,0.0,0.0,1.0,1.0,1.0,Female,3,White
2019808067.0,32,Nevada,3177672,32003,Clark,2323145.0,1.18711127081904,0.9253828754,2,2,1,2.0,1.0,1.0,1.0,0.0,1.0,1.0,0.0,Female,2,White
2001914443.0,32,Nevada,3177672,32003,Clark,2323145.0,4.82950126848243,3.8406695111,1,5,4,2.0,1.0,1.0,1.0,1.0,1.0,0.0,1.0,Male,4,Other
1983512433.0,32,Nevada,3177672,32005,Douglas,49588.0,0.655323060087254,,2,6,1,2.0,1.0,1.0,1.0,1.0,1.0,0.0,1.0,Female,4,White
2011871371.0,32,Nevada,3177672,32003,Clark,2323145.0,4.89638738890361,,1,5,1,2.0,0.0,0.0,1.0,1.0,1.0,1.0,0.0,Male,4,White
2012074307.0,32,Nevada,3177672,32003,Clark,2323145.0,1.71469875246123,,2,2,1,2.0,1.0,1.0,1.0,1.0,1.0,0.0,0.0,Female,2,White
2038585897.0,32,Nevada,3177672,32003,Clark,2323145.0,1.45832013365767,1.3595742485,1,5,3,1.0,1.0,1.0,0.0,1.0,0.0,1.0,1.0,Male,4,Hispanic
2041081945.0,32,Nevada,3177672,32031,Washoe,496521.0,0.763418847782935,0.7406886281,1,2,1,2.0,1.0,1.0,1.0,1.0,1.0,1.0,1.0,Male,2,White
2017116411.0,32,Nevada,3177672,32003,Clark,2323145.0,2.83175625486502,4.2363714303,2,5,1,2.0,1.0,1.0,1.0,1.0,1.0,0.0,1.0,Female,4,White
2014572153.0,11,District of Columbia,674501,11001,District of Columbia,674501.0,2.16883856632009,,1,3,2,2.0,0.0,1.0,1.0,1.0,0.0,0.0,0.0,Male,3,Black
2026740285.0,11,District of Columbia,674501,11001,District of Columbia,674501.0,1.03362813501851,0.7772675518000001,2,5,1,2.0,1.0,1.0,1.0,1.0,1.0,0.0,1.0,Female,4,White
2024537033.0,11,District of Columbia,674501,11001,District of Columbia,674501.0,3.4118050982411,,1,2,2,2.0,1.0,1.0,1.0,1.0,1.0,1.0,1.0,Male,2,Black
2011358655.0,11,District of Columbia,674501,11001,District of Columbia,674501.0,0.532435735057374,0.2264486569,2,5,1,2.0,1.0,1.0,1.0,1.0,1.0,1.0,1.0,Female,4,White
2000626419.0,11,District of Columbia,674501,11001,District of Columbia,674501.0,1.41310157635749,,2,6,1,2.0,1.0,1.0,1.0,1.0,1.0,1.0,1.0,Female,4,White
2014989747.0,11,District of Columbia,674501,11001,District of Columbia,674501.0,0.462383662629211,0.7571648176,2,3,2,2.0,1.0,1.0,1.0,1.0,1.0,0.0,1.0,Female,3,Black
2019228421.0,11,District of Columbia,674501,11001,District of Columbia,674501.0,0.906034321700163,1.9232104808,2,6,7,1.0,1.0,1.0,1.0,1.0,1.0,0.0,1.0,Female,4,Hispanic
2004594331.0,11,District of Columbia,674501,11001,District of Columbia,674501.0,0.533238635898504,,2,2,2,2.0,1.0,0.0,1.0,1.0,1.0,1.0,0.0,Female,2,Black
2013756419.0,11,District of Columbia,674501,11001,District of Columbia,674501.0,2.01243908678755,1.2782861315,2,6,1,2.0,1.0,1.0,1.0,1.0,1.0,1.0,1.0,Female,4,White
2013349015.0,11,District of Columbia,674501,11001,District of Columbia,674501.0,1.03362813501851,,2,5,1,2.0,1.0,1.0,1.0,1.0,1.0,1.0,1.0,Female,4,White
2012591581.0,02,Alaska,733659,02122,Kenai Peninsula Borough,60589.0,0.370991297396168,0.5913367206,1,2,1,2.0,1.0,1.0,1.0,0.0,1.0,0.0,1.0,Male,2,White
2014841421.0,02,Alaska,733659,02020,Anchorage Municipality,286992.0,0.993393071063126,0.8025510128000001,2,6,1,2.0,1.0,1.0,1.0,1.0,0.0,0.0,1.0,Female,4,White
2022135579.0,02,Alaska,733659,02150,Kodiak Island Borough,12613.0,0.212748400095169,,1,5,1,2.0,0.0,0.0,0.0,0.0,1.0,1.0,0.0,Male,4,White
2015105679.0,02,Alaska,733659,02020,Anchorage Municipality,286992.0,1.00573780764947,2.7984379514,2,1,6,2.0,1.0,0.0,1.0,1.0,0.0,0.0,1.0,Female,1,Other
2010326297.0,02,Alaska,733659,02090,Fairbanks North Star Borough,95954.0,4.09692427216706,1.9496670386,1,3,7,2.0,1.0,0.0,0.0,0.0,0.0,1.0,0.0,Male,3,Other
1999689067.0,02,Alaska,733659,02020,Anchorage Municipality,286992.0,1.08867179194467,0.5796174101,2,5,1,2.0,0.0,0.0,0.0,0.0,1.0,1.0,0.0,Female,4,White
2038590365.0,02,Alaska,733659,02188,Northwest Arctic Borough,7385.0,1.01031651089699,0.9847676993,2,6,1,2.0,1.0,1.0,0.0,1.0,1.0,0.0,1.0,Female,4,White
2014172681.0,02,Alaska,733659,02020,Anchorage Municipality,286992.0,1.18067881162618,0.7289447218,2,3,1,2.0,0.0,0.0,0.0,0.0,0.0,1.0,1.0,Female,3,White
1998036287.0,02,Alaska,733659,02170,Matanuska-Susitna Borough,113409.0,0.895966166311346,0.4197221218,2,3,1,2.0,1.0,1.0,1.0,1.0,1.0,1.0,1.0,Female,3,White
2012177337.0,02,Alaska,733659,02170,Matanuska-Susitna Borough,113409.0,0.246285250250398,0.1542092211,2,5,1,2.0,0.0,1.0,0.0,0.0,0.0,1.0,1.0,Female,4,White
2036873567.0,02,Alaska,733659,02110,Juneau City and Borough,31710.0,0.801293758843649,0.4390712631,2,3,1,2.0,1.0,1.0,1.0,1.0,1.0,0.0,1.0,Female,3,White
2034607319.0,01,Alabama,5076868,01117,Shelby,230157.0,1.2259233062147,,2,1,1,2.0,0.0,1.0,1.0,0.0,1.0,0.0,0.0,Female,1,White
2039507343.0,01,Alabama,5076868,01093,Marion,29183.0,0.502726588191741,1.3914574328,2,3,1,2.0,0.0,0.0,0.0,0.0,1.0,1.0,0.0,Female,3,White
2022563583.0,01,Alabama,5076868,01101,Montgomery,226551.0,0.211564421591541,0.2636699684,2,4,2,2.0,0.0,0.0,1.0,1.0,1.0,0.0,0.0,Female,3,Black
2016183065.0,01,Alabama,5076868,01039,Covington,37526.0,2.57883249337565,,1,2,1,2.0,0.0,1.0,1.0,1.0,0.0,1.0,1.0,Male,2,White
2016096527.0,01,Alabama,5076868,01089,Madison,404070.0,0.599320943853881,0.6336175111,2,2,2,2.0,1.0,1.0,1.0,1.0,0.0,0.0,1.0,Female,2,Black
2008840133.0,01,Alabama,5076868,01089,Madison,404070.0,0.576382749766227,0.238920078,1,3,1,2.0,1.0,1.0,1.0,1.0,1.0,1.0,1.0,Male,3,White
2029589735.0,01,Alabama,5076868,01067,Henry,17644.0,0.294364023964444,0.8604377138,2,2,1,2.0,0.0,0.0,1.0,1.0,0.0,0.0,0.0,Female,2,White
2025367809.0,01,Alabama,5076868,01067,Henry,17644.0,15.0614388091749,9.5396039053,2,1,2,2.0,0.0,1.0,0.0,1.0,1.0,0.0,0.0,Female,1,Black
2000153189.0,01,Alabama,5076868,01003,Baldwin,246703.0,1.03546464814732,0.2215883563,2,5,1,2.0,0.0,0.0,0.0,0.0,0.0,1.0,0.0,Female,4,White
2039699803.0,01,Alabama,5076868,01019,Cherokee,25318.0,1.18438661396961,1.4924578969,2,3,1,2.0,0.0,0.0,0.0,1.0,1.0,1.0,0.0,Female,3,White
2014586783.0,01,Alabama,5076868,01003,Baldwin,246703.0,1.65738411565795,1.4680743944,1,6,1,2.0,0.0,0.0,0.0,0.0,0.0,1.0,0.0,Male,4,White
1996451581.0,01,Alabama,5076868,01065,Hale,14601.0,1.01312918683044,1.2115236764,1,5,1,2.0,0.0,0.0,0.0,0.0,0.0,1.0,0.0,Male,4,White
2014318673.0,01,Alabama,5076868,01073,Jefferson,665691.0,3.90296415894157,,2,1,2,2.0,0.0,1.0,1.0,0.0,0.0,0.0,0.0,Female,1,Black
2038910675.0,01,Alabama,5076868,01003,Baldwin,246703.0,0.524687014526408,0.6433117384,2,5,1,2.0,0.0,1.0,0.0,0.0,1.0,1.0,0.0,Female,4,White
2042330875.0,01,Alabama,5076868,01089,Madison,404070.0,0.717166929717998,0.5091119425,2,6,1,2.0,1.0,1.0,1.0,1.0,1.0,1.0,1.0,Female,4,White
2018970841.0,01,Alabama,5076868,01073,Jefferson,665691.0,5.22238754387235,0.8808442298,2,3,2,2.0,1.0,1.0,1.0,1.0,1.0,0.0,1.0,Female,3,Black
2043899049.0,01,Alabama,5076868,01097,Mobile,411378.0,4.27856572200663,,1,1,2,2.0,1.0,0.0,0.0,1.0,0.0,1.0,1.0,Male,1,Black
2039410205.0,01,Alabama,5076868,01045,Dale,49473.0,1.43858595425456,1.8876423708,2,2,1,2.0,0.0,0.0,0.0,0.0,0.0,1.0,0.0,Female,2,White
2037775441.0,01,Alabama,5076868,01083,Limestone,110922.0,0.882179686260331,0.7515955034,2,6,1,2.0,1.0,1.0,1.0,1.0,1.0,0.0,1.0,Female,4,White
2038893085.0,01,Alabama,5076868,01043,Cullman,90600.0,0.840713728079418,,2,3,1,2.0,1.0,1.0,1.0,1.0,1.0,1.0,1.0,Female,3,White
2014476711.0,01,Alabama,5076868,01009,Blount,59450.0,0.91347323168109,0.8820090231000001,1,3,1,2.0,0.0,0.0,0.0,0.0,0.0,1.0,0.0,Male,3,White
2034684517.0,01,Alabama,5076868,01069,Houston,108170.0,3.91794584851325,,1,4,1,2.0,0.0,0.0,1.0,1.0,0.0,1.0,0.0,Male,3,White
2024574581.0,01,Alabama,5076868,01083,Limestone,110922.0,3.01417070831534,3.9755596036,1,4,2,2.0,0.0,0.0,0.0,0.0,0.0,1.0,0.0,Male,3,Black
2033280217.0,01,Alabama,5076868,01103,Morgan,124190.0,0.93569677453076,1.3411758393,2,2,1,2.0,0.0,0.0,1.0,0.0,0.0,1.0,1.0,Female,2,White
2006316739.0,01,Alabama,5076868,01089,Madison,404070.0,1.12943167203961,0.2148795661,2,4,2,2.0,1.0,1.0,1.0,1.0,1.0,0.0,1.0,Female,3,Black
2034438427.0,01,Alabama,5076868,01039,Covington,37526.0,2.58334894765627,,1,4,1,2.0,1.0,1.0,0.0,0.0,1.0,1.0,1.0,Male,3,White
2012627145.0,01,Alabama,5076868,01097,Mobile,411378.0,0.526363418728971,0.3069974897,1,5,1,2.0,1.0,1.0,1.0,1.0,1.0,1.0,1.0,Male,4,White
2039696077.0,01,Alabama,5076868,01061,Geneva,26782.0,3.013984315068,0.527184973,1,2,1,2.0,1.0,0.0,0.0,0.0,0.0,1.0,0.0,Male,2,White
2015057365.0,01,Alabama,5076868,01103,Morgan,124190.0,1.40768705982517,0.7488215225,1,6,1,2.0,0.0,0.0,0.0,0.0,0.0,1.0,0.0,Male,4,White
2008675139.0,01,Alabama,5076868,01081,Lee,180966.0,3.91794584851325,,1,3,1,2.0,0.0,0.0,0.0,0.0,1.0,1.0,0.0,Male,3,White
1998474711.0,01,Alabama,5076868,01073,Jefferson,665691.0,2.39399570963733,,2,2,1,2.0,0.0,1.0,1.0,0.0,1.0,1.0,0.0,Female,2,White
2036098677.0,01,Alabama,5076868,01101,Montgomery,226551.0,1.39760757398938,,1,2,1,2.0,0.0,1.0,1.0,1.0,1.0,1.0,0.0,Male,2,White
2023474499.0,01,Alabama,5076868,01015,Calhoun,115738.0,2.29482524610089,,1,1,1,2.0,1.0,1.0,1.0,1.0,1.0,1.0,1.0,Male,1,White
2012938213.0,01,Alabama,5076868,01073,Jefferson,665691.0,1.4229698436213,1.3974404457,1,5,1,2.0,0.0,0.0,1.0,0.0,0.0,1.0,0.0,Male,4,White
2026343267.0,01,Alabama,5076868,01073,Jefferson,665691.0,6.81498826300949,,1,1,2,2.0,0.0,1.0,1.0,1.0,1.0,1.0,0.0,Male,1,Black
2013975751.0,01,Alabama,5076868,01055,Etowah,102842.0,2.57883249337565,,1,2,1,2.0,0.0,0.0,0.0,1.0,1.0,1.0,0.0,Male,2,White
2016848889.0,01,Alabama,5076868,01073,Jefferson,665691.0,3.46461653067396,2.0462586468,1,2,2,2.0,1.0,1.0,1.0,1.0,1.0,0.0,1.0,Male,2,Black
2038655127.0,01,Alabama,5076868,01003,Baldwin,246703.0,1.89385247174474,1.7902814611000002,1,5,1,2.0,1.0,0.0,1.0,0.0,0.0,1.0,0.0,Male,4,White
2030898041.0,01,Alabama,5076868,01003,Baldwin,246703.0,2.45687431114309,3.0526021411,2,4,1,2.0,0.0,0.0,0.0,0.0,1.0,1.0,0.0,Female,3,White
2034765439.0,01,Alabama,5076868,01073,Jefferson,665691.0,0.29289562502712,,2,4,2,2.0,0.0,1.0,1.0,1.0,1.0,1.0,1.0,Female,3,Black
2045591161.0,01,Alabama,5076868,01079,Lawrence,33187.0,2.0534525527942,,2,1,1,2.0,1.0,0.0,0.0,0.0,1.0,1.0,0.0,Female,1,White
2011173899.0,01,Alabama,5076868,01043,Cullman,90600.0,0.889903759670805,1.1649682321,2,4,1,2.0,0.0,1.0,0.0,0.0,0.0,1.0,0.0,Female,3,White
2012453519.0,01,Alabama,5076868,01089,Madison,404070.0,4.53987013310159,,2,2,1,2.0,0.0,0.0,0.0,0.0,0.0,0.0,0.0,Female,2,White
1998601945.0,01,Alabama,5076868,01001,Autauga,59755.0,0.383489842898924,4.1556816759,2,1,2,2.0,1.0,1.0,1.0,0.0,0.0,1.0,1.0,Female,1,Black
2023319305.0,01,Alabama,5076868,01021,Chilton,45868.0,1.08089962703141,,2,2,1,2.0,0.0,1.0,0.0,0.0,1.0,1.0,0.0,Female,2,White
2033868291.0,01,Alabama,5076868,01097,Mobile,411378.0,1.20121206841969,,2,3,2,2.0,0.0,1.0,1.0,0.0,1.0,0.0,1.0,Female,3,Black
2013139929.0,01,Alabama,5076868,01069,Houston,108170.0,0.932008942444413,,2,3,6,2.0,1.0,1.0,1.0,1.0,1.0,0.0,1.0,Female,3,Other
1993325333.0,01,Alabama,5076868,01069,Houston,108170.0,1.31482864069838,1.1332506719,1,5,1,2.0,0.0,1.0,0.0,0.0,0.0,1.0,0.0,Male,4,White
2028841667.0,01,Alabama,5076868,01069,Houston,108170.0,2.39399570963733,,2,2,1,2.0,1.0,1.0,1.0,1.0,1.0,0.0,0.0,Female,2,White
2045129239.0,01,Alabama,5076868,01015,Calhoun,115738.0,1.93763818701442,0.8471957645,1,2,1,2.0,1.0,0.0,0.0,0.0,1.0,0.0,1.0,Male,2,White
2012794333.0,01,Alabama,5076868,01043,Cullman,90600.0,1.18438661396961,1.4924578969,2,4,1,2.0,0.0,1.0,0.0,0.0,1.0,1.0,1.0,Female,3,White
2007853153.0,01,Alabama,5076868,01015,Calhoun,115738.0,2.55673700901961,0.4945829784,2,2,2,2.0,0.0,0.0,0.0,0.0,0.0,1.0,0.0,Female,2,Black
2012760505.0,01,Alabama,5076868,01003,Baldwin,246703.0,1.3194808778199,,1,2,1,2.0,0.0,0.0,1.0,0.0,1.0,1.0,0.0,Male,2,White
2016252959.0,01,Alabama,5076868,01097,Mobile,411378.0,2.26459497425278,,1,2,1,2.0,0.0,0.0,0.0,0.0,1.0,0.0,0.0,Male,2,White
2012136931.0,01,Alabama,5076868,01073,Jefferson,665691.0,1.37811584137829,1.253231789,2,5,1,2.0,0.0,0.0,0.0,0.0,0.0,1.0,0.0,Female,4,White
2014433609.0,01,Alabama,5076868,01083,Limestone,110922.0,1.36549615815012,1.5268299467,2,3,1,2.0,0.0,0.0,0.0,0.0,0.0,1.0,0.0,Female,3,White
2029090037.0,01,Alabama,5076868,01073,Jefferson,665691.0,1.213630088542,,1,2,1,2.0,1.0,0.0,1.0,0.0,1.0,1.0,0.0,Male,2,White
2013869145.0,01,Alabama,5076868,01033,Colbert,58048.0,1.34838923205334,1.5521007599,1,5,1,2.0,0.0,0.0,0.0,0.0,0.0,1.0,0.0,Male,4,White
2015064465.0,01,Alabama,5076868,01049,DeKalb,72064.0,0.502726588191741,1.3914574328,2,3,1,2.0,1.0,0.0,1.0,0.0,0.0,1.0,0.0,Female,3,White
1995765853.0,01,Alabama,5076868,01101,Montgomery,226551.0,1.65738411565795,1.4680743944,1,6,1,2.0,0.0,0.0,0.0,0.0,1.0,1.0,0.0,Male,4,White
2042329375.0,01,Alabama,5076868,01101,Montgomery,226551.0,1.34838923205334,1.5521007599,1,5,1,2.0,0.0,0.0,0.0,0.0,0.0,1.0,0.0,Male,4,White
2015355341.0,01,Alabama,5076868,01001,Autauga,59755.0,0.91347323168109,1.559277269,1,3,1,2.0,1.0,0.0,0.0,0.0,0.0,1.0,0.0,Male,3,White
1998330793.0,01,Alabama,5076868,01097,Mobile,411378.0,0.46996374596868,0.3304392685,2,5,1,2.0,1.0,1.0,1.0,1.0,1.0,0.0,1.0,Female,4,White
2028985651.0,01,Alabama,5076868,01127,Walker,64437.0,0.771621388015231,,2,1,1,2.0,0.0,0.0,0.0,0.0,1.0,1.0,0.0,Female,1,White
1995001001.0,01,Alabama,5076868,01113,Russell,58533.0,0.711423514645261,0.7991621052000001,2,6,1,2.0,0.0,1.0,0.0,1.0,1.0,1.0,0.0,Female,4,White
1998375917.0,01,Alabama,5076868,01073,Jefferson,665691.0,0.202147149810042,0.4032159471,1,5,1,2.0,0.0,0.0,0.0,0.0,0.0,1.0,0.0,Male,4,White
1998545425.0,01,Alabama,5076868,01003,Baldwin,246703.0,1.36549615815012,1.5268299467,2,4,1,2.0,0.0,0.0,0.0,0.0,0.0,1.0,0.0,Female,3,White
2024000217.0,01,Alabama,5076868,01121,Talladega,80664.0,0.250109597643096,0.2268653208,2,2,6,1.0,1.0,1.0,1.0,1.0,0.0,0.0,1.0,Female,2,Hispanic
2042331257.0,01,Alabama,5076868,01055,Etowah,102842.0,1.27089985085711,1.277729041,2,5,1,2.0,0.0,0.0,0.0,0.0,0.0,1.0,0.0,Female,4,White
2016571239.0,01,Alabama,5076868,01073,Jefferson,665691.0,0.530469739713975,0.3895381077,1,4,2,2.0,1.0,1.0,1.0,0.0,1.0,1.0,1.0,Male,3,Black
2014371193.0,01,Alabama,5076868,01073,Jefferson,665691.0,0.750679870674831,0.5877228545000001,2,1,1,2.0,1.0,1.0,0.0,0.0,1.0,1.0,1.0,Female,1,White
2035419853.0,01,Alabama,5076868,01101,Montgomery,226551.0,0.179149520321121,0.8146157154,2,4,2,2.0,1.0,1.0,1.0,1.0,1.0,1.0,1.0,Female,3,Black
2034535447.0,01,Alabama,5076868,01077,Lauderdale,95916.0,0.208516278931099,0.3165293867,1,3,3,,0.0,0.0,1.0,1.0,1.0,1.0,0.0,Male,3,Hispanic
2011469831.0,01,Alabama,5076868,01073,Jefferson,665691.0,1.80026274454193,2.3521888569,1,2,2,2.0,1.0,1.0,1.0,1.0,1.0,1.0,1.0,Male,2,Black
1998319649.0,01,Alabama,5076868,01127,Walker,64437.0,0.580519603864451,0.6314275881,2,4,1,2.0,1.0,1.0,1.0,1.0,1.0,0.0,1.0,Female,3,White
2014587205.0,01,Alabama,5076868,01097,Mobile,411378.0,1.6914601772308,1.6369174239,2,5,1,2.0,0.0,0.0,0.0,0.0,0.0,1.0,0.0,Female,4,White
2037444751.0,15,Hawaii,1437812,15003,Honolulu,993798.0,5.79731040665473,,1,3,4,2.0,0.0,0.0,0.0,0.0,0.0,0.0,1.0,Male,3,Other
2034632063.0,15,Hawaii,1437812,15003,Honolulu,993798.0,4.87940686064677,,2,2,7,2.0,1.0,0.0,1.0,1.0,1.0,1.0,0.0,Female,2,Other
2034352655.0,15,Hawaii,1437812,15003,Honolulu,993798.0,3.06619456412193,,1,1,1,2.0,1.0,1.0,1.0,1.0,1.0,1.0,1.0,Male,1,White
2038760125.0,15,Hawaii,1437812,15003,Honolulu,993798.0,3.49832636049767,,1,1,7,2.0,1.0,1.0,1.0,1.0,1.0,1.0,1.0,Male,1,Other
2013186499.0,15,Hawaii,1437812,15003,Honolulu,993798.0,1.06808541747648,,2,5,4,2.0,1.0,1.0,0.0,0.0,1.0,1.0,0.0,Female,4,Other
2014750151.0,15,Hawaii,1437812,15001,Hawaii,206031.0,1.58436559320727,0.6293688404000001,1,6,4,2.0,0.0,1.0,1.0,0.0,1.0,1.0,1.0,Male,4,Other
1998172187.0,15,Hawaii,1437812,15003,Honolulu,993798.0,1.46252597746383,,1,3,1,2.0,0.0,0.0,0.0,0.0,1.0,1.0,0.0,Male,3,White
1175838609.0,15,Hawaii,1437812,15003,Honolulu,993798.0,6.49407771015523,,2,2,5,2.0,1.0,0.0,0.0,1.0,0.0,0.0,0.0,Female,2,Other
2028889447.0,15,Hawaii,1437812,15003,Honolulu,993798.0,8.93334020938244,,1,3,4,2.0,1.0,1.0,1.0,1.0,1.0,0.0,1.0,Male,3,Other
2011792163.0,15,Hawaii,1437812,15003,Honolulu,993798.0,0.444153075664794,0.3673438565,2,6,2,2.0,0.0,0.0,1.0,0.0,1.0,0.0,0.0,Female,4,Black
1999430697.0,15,Hawaii,1437812,15001,Hawaii,206031.0,0.572654742954342,0.5928554731,2,5,1,2.0,1.0,1.0,1.0,1.0,1.0,1.0,1.0,Female,4,White
2036932291.0,15,Hawaii,1437812,15003,Honolulu,993798.0,1.8434126397735,3.9934777482,2,4,4,2.0,1.0,1.0,1.0,1.0,1.0,0.0,1.0,Female,3,Other
2036926503.0,15,Hawaii,1437812,15003,Honolulu,993798.0,0.891875434664488,1.1564607115,1,3,4,2.0,1.0,1.0,1.0,1.0,0.0,0.0,1.0,Male,3,Other
2011899461.0,15,Hawaii,1437812,15007,Kauai,73707.0,1.16098339642504,1.1450143015,1,6,4,2.0,1.0,1.0,1.0,1.0,0.0,1.0,1.0,Male,4,Other
2040878899.0,15,Hawaii,1437812,15003,Honolulu,993798.0,1.25442411319204,,2,5,1,2.0,1.0,1.0,1.0,1.0,1.0,1.0,1.0,Female,4,White
2037423601.0,15,Hawaii,1437812,15003,Honolulu,993798.0,0.570546097800921,,1,4,4,2.0,1.0,1.0,0.0,1.0,1.0,0.0,1.0,Male,3,Other
2033210885.0,15,Hawaii,1437812,15003,Honolulu,993798.0,1.23743151890796,2.5812880787,1,2,1,2.0,1.0,0.0,0.0,0.0,0.0,1.0,0.0,Male,2,White
2030368335.0,15,Hawaii,1437812,15003,Honolulu,993798.0,0.947746094462498,0.4350811091,1,5,4,2.0,1.0,1.0,1.0,1.0,1.0,1.0,1.0,Male,4,Other
2040400097.0,15,Hawaii,1437812,15003,Honolulu,993798.0,0.551559587862958,0.4270363924,1,5,1,2.0,1.0,1.0,1.0,0.0,1.0,1.0,1.0,Male,4,White
2042720327.0,15,Hawaii,1437812,15003,Honolulu,993798.0,6.45624804755658,,2,3,6,1.0,0.0,0.0,0.0,0.0,1.0,0.0,1.0,Female,3,Hispanic
2021119757.0,15,Hawaii,1437812,15003,Honolulu,993798.0,10.9582798695835,,2,2,4,2.0,1.0,1.0,1.0,1.0,0.0,1.0,1.0,Female,2,Other
2013731215.0,38,North Dakota,780191,38059,Morton,33744.0,1.13186580541375,0.8476320968000001,1,3,1,2.0,0.0,0.0,0.0,0.0,0.0,1.0,0.0,Male,3,White
2014620703.0,38,North Dakota,780191,38035,Grand Forks,72014.0,9.01484819494143,,2,2,1,2.0,0.0,0.0,0.0,0.0,0.0,1.0,0.0,Female,2,White
2031153063.0,38,North Dakota,780191,38003,Barnes,10741.0,2.4102752326132,,2,1,1,2.0,1.0,0.0,0.0,0.0,0.0,0.0,0.0,Female,1,White
2029043073.0,38,North Dakota,780191,38015,Burleigh,100302.0,15.0614388091749,2.701072972,1,4,1,2.0,1.0,1.0,0.0,0.0,1.0,1.0,1.0,Male,3,White
1998600931.0,38,North Dakota,780191,38017,Cass,193289.0,1.58927237424183,2.2599934579,2,2,1,2.0,0.0,0.0,0.0,0.0,0.0,1.0,0.0,Female,2,White
2007942401.0,38,North Dakota,780191,38099,Walsh,10478.0,1.55010931411497,1.5114846387,2,3,1,2.0,0.0,0.0,0.0,0.0,1.0,1.0,0.0,Female,3,White
2034312391.0,38,North Dakota,780191,38015,Burleigh,100302.0,1.02204963080978,1.3313000566,2,4,1,2.0,0.0,0.0,0.0,0.0,1.0,1.0,0.0,Female,3,White
2033649533.0,38,North Dakota,780191,38035,Grand Forks,72014.0,2.17934450576722,2.45156806,1,2,1,2.0,0.0,0.0,0.0,0.0,0.0,1.0,0.0,Male,2,White
2040078565.0,38,North Dakota,780191,38089,Stark,32737.0,0.418832442908735,1.5945405189,2,4,1,2.0,0.0,0.0,0.0,0.0,0.0,1.0,1.0,Female,3,White
2015394107.0,38,North Dakota,780191,38099,Walsh,10478.0,0.503423615465887,,2,2,1,2.0,1.0,1.0,1.0,1.0,1.0,1.0,1.0,Female,2,White
2030902233.0,38,North Dakota,780191,38017,Cass,193289.0,2.51355543817499,,1,5,1,2.0,1.0,0.0,1.0,1.0,0.0,1.0,1.0,Male,4,White
2031549659.0,38,North Dakota,780191,38017,Cass,193289.0,1.50641762569684,1.0859139174,1,3,1,2.0,0.0,0.0,0.0,0.0,0.0,1.0,0.0,Male,3,White
2012785031.0,10,Delaware,1020279,10003,New Castle,575913.0,3.15816438002263,1.5239081097,1,5,1,2.0,1.0,0.0,0.0,0.0,0.0,1.0,0.0,Male,4,White
2001380665.0,10,Delaware,1020279,10003,New Castle,575913.0,1.86775438888521,2.6472208835,1,5,1,2.0,1.0,1.0,1.0,1.0,1.0,0.0,1.0,Male,4,White
2036926519.0,10,Delaware,1020279,10005,Sussex,256536.0,0.798709792937311,0.8901274679000001,2,6,4,2.0,0.0,0.0,0.0,0.0,0.0,1.0,0.0,Female,4,Other
1995055263.0,10,Delaware,1020279,10001,Kent,187830.0,0.679930885357501,0.7435729547000001,1,3,1,2.0,0.0,0.0,0.0,0.0,0.0,1.0,0.0,Male,3,White
2031067099.0,10,Delaware,1020279,10003,New Castle,575913.0,4.80536569343542,,1,2,2,2.0,1.0,1.0,1.0,0.0,1.0,1.0,0.0,Male,2,Black
2034525675.0,10,Delaware,1020279,10003,New Castle,575913.0,3.23623105076881,2.5157629413,2,5,1,2.0,0.0,1.0,0.0,0.0,1.0,1.0,0.0,Female,4,White
2034632567.0,10,Delaware,1020279,10001,Kent,187830.0,1.75843156073692,1.8987848275,1,3,1,2.0,0.0,0.0,1.0,0.0,1.0,0.0,0.0,Male,3,White
2007986575.0,10,Delaware,1020279,10003,New Castle,575913.0,5.80023569391729,1.2480343941,1,3,1,2.0,1.0,1.0,1.0,1.0,1.0,0.0,1.0,Male,3,White
2035527659.0,10,Delaware,1020279,10001,Kent,187830.0,6.22470117587361,,1,1,1,2.0,1.0,1.0,1.0,1.0,1.0,0.0,1.0,Male,1,White
2004140873.0,10,Delaware,1020279,10003,New Castle,575913.0,1.99063909097398,1.3104723118,2,6,1,2.0,1.0,1.0,1.0,1.0,1.0,0.0,1.0,Female,4,White
2038491343.0,10,Delaware,1020279,10003,New Castle,575913.0,4.5388656552991,,1,2,1,2.0,1.0,1.0,1.0,1.0,1.0,0.0,1.0,Male,2,White
2034738203.0,10,Delaware,1020279,10001,Kent,187830.0,0.299619696771106,,1,6,1,2.0,0.0,0.0,0.0,0.0,0.0,1.0,0.0,Male,4,White
2036526355.0,10,Delaware,1020279,10003,New Castle,575913.0,0.517435071674873,0.5927020973,2,3,2,2.0,1.0,1.0,1.0,1.0,1.0,1.0,1.0,Female,3,Black
2003051427.0,10,Delaware,1020279,10005,Sussex,256536.0,1.34629748563434,0.5663193348000001,2,3,1,2.0,0.0,0.0,0.0,0.0,1.0,1.0,0.0,Female,3,White
2004413141.0,10,Delaware,1020279,10003,New Castle,575913.0,0.616568746675826,0.8622212990000001,1,2,2,2.0,0.0,1.0,1.0,1.0,1.0,1.0,1.0,Male,2,Black
2034673285.0,56,Wyoming,581742,56001,Albany,38253.0,1.05099889889727,0.3395522957,1,5,1,2.0,1.0,1.0,1.0,1.0,1.0,0.0,1.0,Male,4,White
1998655475.0,56,Wyoming,581742,56037,Sweetwater,41319.0,0.779658475948118,1.4456373423,1,2,1,2.0,0.0,0.0,0.0,0.0,0.0,1.0,0.0,Male,2,White
2009920223.0,56,Wyoming,581742,56019,Johnson,8736.0,0.726354983203583,0.4564011713,2,4,1,2.0,1.0,1.0,1.0,1.0,1.0,1.0,1.0,Female,3,White
2015032123.0,56,Wyoming,581742,56007,Carbon,14509.0,1.55361172282689,1.1557021948,2,3,1,2.0,0.0,0.0,0.0,0.0,0.0,1.0,0.0,Female,3,White
2043493877.0,56,Wyoming,581742,56021,Laramie,100806.0,0.524700108025088,0.2458401111,1,5,6,1.0,1.0,1.0,1.0,1.0,1.0,1.0,1.0,Male,4,Hispanic
2025507621.0,56,Wyoming,581742,56043,Washakie,7738.0,6.00556036783154,,1,3,3,,1.0,0.0,1.0,1.0,0.0,1.0,1.0,Male,3,Hispanic
2012094735.0,56,Wyoming,581742,56025,Natrona,79585.0,1.09626950051685,3.9156527774,2,5,1,2.0,1.0,1.0,0.0,1.0,1.0,1.0,1.0,Female,4,White
2045276221.0,56,Wyoming,581742,56011,Crook,7418.0,2.44055329552057,1.0930198948,1,5,1,2.0,0.0,0.0,0.0,0.0,0.0,1.0,0.0,Male,4,White
2013723813.0,56,Wyoming,581742,56009,Converse,13773.0,1.55361172282689,1.1557021948,2,3,1,2.0,0.0,0.0,0.0,0.0,1.0,1.0,0.0,Female,3,White
2015095665.0,50,Vermont,647614,50001,Addison,37590.0,0.267799892891583,,2,6,4,2.0,1.0,1.0,1.0,1.0,1.0,0.0,1.0,Female,4,Other
2012238219.0,50,Vermont,647614,50005,Caledonia,30568.0,5.99530286633387,,1,2,1,2.0,1.0,1.0,1.0,1.0,1.0,1.0,1.0,Male,2,White
2029084269.0,50,Vermont,647614,50007,Chittenden,169727.0,2.26269175663769,,2,2,1,2.0,0.0,1.0,1.0,0.0,0.0,0.0,0.0,Female,2,White
1997340381.0,50,Vermont,647614,50003,Bennington,37346.0,0.844744311115605,0.8143874903,2,6,1,2.0,1.0,1.0,1.0,1.0,1.0,0.0,1.0,Female,4,White
2009544771.0,50,Vermont,647614,50007,Chittenden,169727.0,2.00856885275953,2.7062202561,1,2,1,2.0,1.0,1.0,0.0,1.0,1.0,0.0,1.0,Male,2,White
2014906919.0,50,Vermont,647614,50019,Orleans,27623.0,1.40793987060771,,2,2,1,2.0,1.0,1.0,1.0,0.0,0.0,1.0,1.0,Female,2,White
2005069841.0,50,Vermont,647614,50011,Franklin,50708.0,1.09706955011745,,2,5,1,2.0,1.0,1.0,1.0,1.0,1.0,1.0,1.0,Female,4,White
2021116183.0,50,Vermont,647614,50007,Chittenden,169727.0,0.809012503131384,0.3378916598,2,3,1,2.0,1.0,1.0,1.0,1.0,1.0,0.0,1.0,Female,3,White
2036004031.0,50,Vermont,647614,50007,Chittenden,169727.0,0.882087192850602,,1,1,1,2.0,1.0,1.0,0.0,0.0,1.0,0.0,1.0,Male,1,White
2015396731.0,50,Vermont,647614,50023,Washington,60145.0,2.37026884916944,1.8299889746,2,3,1,2.0,1.0,1.0,1.0,1.0,1.0,1.0,1.0,Female,3,White
