caseid,state_fips,state_name,state_pop,county_fips,county_name,county_pop,commonweight,vvweight,gender4,educ,race,hispanic,climate_problem,regulate_carbon,renewable_fuel,clean_air_water,fuel_efficiency,fossil_fuel,paris_agreement
2036974471.0,26,Michigan,10043906,26049,Genesee,401952.0,6.3957375379163,3.717917597,1,1,1,2.0,0.0,0.0,0.0,0.0,0.0,1.0,1.0
2015249863.0,26,Michigan,10043906,26099,Macomb,875065.0,1.25591240776057,1.1863570006,1,6,1,2.0,0.0,0.0,0.0,0.0,0.0,1.0,1.0
2039538027.0,26,Michigan,10043906,26115,Monroe,155376.0,0.654889560970575,0.7082088894,1,2,1,2.0,1.0,1.0,1.0,1.0,0.0,1.0,1.0
2032986953.0,26,Michigan,10043906,26163,Wayne,1761595.0,7.1518323576671,,2,5,4,2.0,1.0,1.0,1.0,1.0,1.0,1.0,1.0
1998812579.0,26,Michigan,10043906,26109,Menominee,23295.0,1.04794250409084,1.2165353465,2,3,1,2.0,1.0,1.0,0.0,0.0,1.0,1.0,1.0
2044920335.0,26,Michigan,10043906,26125,Oakland,1272787.0,2.93236322537903,,1,2,1,2.0,1.0,0.0,1.0,0.0,0.0,1.0,1.0
2036163879.0,26,Michigan,10043906,26125,Oakland,1272787.0,1.5086588616347,0.8428932269,2,5,2,2.0,1.0,1.0,1.0,1.0,1.0,0.0,1.0
2037316777.0,26,Michigan,10043906,26147,St. Clair,159886.0,0.142724543541814,,1,3,1,2.0,0.0,0.0,0.0,1.0,0.0,1.0,0.0
1999783887.0,26,Michigan,10043906,26065,Ingham,284388.0,0.779168250147768,0.7984580842000001,1,6,1,2.0,1.0,1.0,1.0,1.0,1.0,1.0,1.0
2015478053.0,26,Michigan,10043906,26163,Wayne,1761595.0,1.21839660029986,,1,2,2,2.0,1.0,1.0,1.0,1.0,1.0,1.0,1.0
2014394805.0,26,Michigan,10043906,26159,Van Buren,75681.0,3.37516722213168,,2,1,2,2.0,0.0,0.0,1.0,1.0,1.0,0.0,1.0
2042740317.0,26,Michigan,10043906,26115,Monroe,155376.0,5.38782539006574,,1,2,2,2.0,0.0,0.0,0.0,0.0,0.0,0.0,0.0
2030648313.0,26,Michigan,10043906,26025,Calhoun,133439.0,2.79385403597126,0.2553667658,2,1,1,2.0,1.0,0.0,0.0,0.0,0.0,0.0,0.0
2038586931.0,26,Michigan,10043906,26125,Oakland,1272787.0,0.778198854942588,0.4894826779,2,2,2,2.0,1.0,1.0,1.0,0.0,1.0,1.0,1.0
2006126501.0,26,Michigan,10043906,26081,Kent,659818.0,1.01949030568443,1.464880621,2,4,1,2.0,1.0,1.0,0.0,1.0,1.0,1.0,1.0
2011404803.0,26,Michigan,10043906,26139,Ottawa,300837.0,4.06825938388148,1.4273355733,2,5,1,2.0,0.0,0.0,0.0,0.0,0.0,1.0,0.0
2021915381.0,26,Michigan,10043906,26025,Calhoun,133439.0,0.610754146276672,0.6027293703000001,1,3,1,2.0,0.0,0.0,1.0,0.0,1.0,1.0,0.0
1998424307.0,26,Michigan,10043906,26163,Wayne,1761595.0,1.16639406214446,0.9215177962000001,2,4,1,2.0,0.0,0.0,0.0,0.0,0.0,1.0,0.0
2038533627.0,26,Michigan,10043906,26149,St. Joseph,60777.0,0.950067561597391,0.983291227,2,6,1,2.0,1.0,1.0,1.0,1.0,1.0,0.0,1.0
2029581119.0,26,Michigan,10043906,26099,Macomb,875065.0,3.49806653299445,,2,2,1,2.0,1.0,1.0,1.0,1.0,1.0,1.0,1.0
1519431277.0,26,Michigan,10043906,26163,Wayne,1761595.0,0.319842326741983,,2,1,2,2.0,1.0,1.0,0.0,1.0,0.0,1.0,1.0
2013191327.0,26,Michigan,10043906,26027,Cass,51422.0,0.257804380801769,0.7263033572,2,2,5,2.0,0.0,0.0,0.0,0.0,1.0,1.0,0.0
2044137447.0,26,Michigan,10043906,26163,Wayne,1761595.0,0.378911965901696,,1,3,1,2.0,1.0,1.0,1.0,1.0,1.0,0.0,1.0
2041090191.0,26,Michigan,10043906,26161,Washtenaw,367307.0,1.36358802526644,0.9906595066,1,5,1,2.0,1.0,1.0,1.0,1.0,1.0,0.0,1.0
2037088155.0,26,Michigan,10043906,26125,Oakland,1272787.0,3.05977640349708,0.8644207329,1,3,1,2.0,1.0,1.0,1.0,1.0,1.0,0.0,1.0
2009824341.0,26,Michigan,10043906,26139,Ottawa,300837.0,0.802206795230088,0.8976913786,1,5,1,2.0,0.0,0.0,0.0,0.0,0.0,0.0,0.0
2015400929.0,26,Michigan,10043906,26125,Oakland,1272787.0,1.29125037850835,0.1907079711,1,5,2,2.0,1.0,1.0,1.0,1.0,1.0,0.0,0.0
1996384897.0,26,Michigan,10043906,26065,Ingham,284388.0,1.79362322793923,1.0994052641,1,5,1,2.0,1.0,0.0,0.0,1.0,1.0,1.0,1.0
2007699863.0,26,Michigan,10043906,26145,Saginaw,188392.0,0.584709484738144,0.3820756158,2,2,2,2.0,1.0,0.0,0.0,1.0,1.0,0.0,0.0
2032667525.0,26,Michigan,10043906,26093,Livingston,196097.0,0.766006847152525,1.143442231,2,4,1,2.0,1.0,1.0,0.0,0.0,1.0,0.0,1.0
2028041305.0,26,Michigan,10043906,26163,Wayne,1761595.0,1.395332629968,1.3877430164,1,6,1,2.0,0.0,0.0,0.0,0.0,0.0,1.0,0.0
2043854005.0,26,Michigan,10043906,26081,Kent,659818.0,3.30582186122468,,3,3,3,,1.0,1.0,1.0,1.0,1.0,1.0,1.0
2012622831.0,26,Michigan,10043906,26087,Lapeer,88705.0,0.950067561597391,,2,6,1,2.0,1.0,1.0,1.0,1.0,1.0,0.0,1.0
2015486069.0,26,Michigan,10043906,26081,Kent,659818.0,0.584709484738144,0.3820756158,2,2,2,2.0,1.0,1.0,1.0,1.0,1.0,1.0,1.0
2010334809.0,26,Michigan,10043906,26161,Washtenaw,367307.0,1.11656373113983,1.2519272213,2,2,1,2.0,0.0,0.0,0.0,0.0,0.0,1.0,0.0
1998437161.0,26,Michigan,10043906,26081,Kent,659818.0,0.934517280696156,,2,6,1,2.0,1.0,1.0,1.0,0.0,0.0,1.0,1.0
2016820419.0,26,Michigan,10043906,26161,Washtenaw,367307.0,2.13172603492465,,2,2,1,2.0,1.0,1.0,1.0,1.0,1.0,0.0,1.0
2031423339.0,26,Michigan,10043906,26075,Jackson,159780.0,1.41433059658563,0.6349431226000001,2,3,1,2.0,1.0,1.0,1.0,1.0,0.0,1.0,1.0
2015184803.0,26,Michigan,10043906,26079,Kalkaska,18214.0,0.893810197487008,0.9002082708,2,6,1,2.0,1.0,1.0,1.0,1.0,0.0,1.0,1.0
2038445581.0,26,Michigan,10043906,26103,Marquette,67062.0,0.651326573223394,0.7390620576,3,3,1,2.0,1.0,1.0,1.0,1.0,1.0,0.0,1.0
2011200435.0,26,Michigan,10043906,26049,Genesee,401952.0,4.65077007424083,,2,2,1,2.0,0.0,1.0,0.0,0.0,1.0,1.0,1.0
2038641287.0,26,Michigan,10043906,26163,Wayne,1761595.0,0.50948793430853,1.0515980084,2,3,2,2.0,1.0,0.0,0.0,1.0,1.0,0.0,1.0
2038097661.0,26,Michigan,10043906,26093,Livingston,196097.0,4.81551617401181,2.2640485517,1,3,1,2.0,0.0,0.0,0.0,0.0,0.0,1.0,0.0
2014528535.0,26,Michigan,10043906,26075,Jackson,159780.0,1.60063315377037,1.5267517698000002,2,6,1,2.0,0.0,0.0,0.0,0.0,0.0,1.0,0.0
2012512315.0,26,Michigan,10043906,26033,Chippewa,36204.0,1.55237181414827,1.4919025056000002,2,3,1,2.0,0.0,0.0,0.0,0.0,0.0,1.0,0.0
2031771423.0,26,Michigan,10043906,26125,Oakland,1272787.0,1.12320059939848,0.9162124890000001,1,2,1,2.0,1.0,1.0,1.0,1.0,1.0,0.0,0.0
2002140661.0,26,Michigan,10043906,26009,Antrim,24285.0,0.911510947516346,0.9467713113,2,5,1,2.0,1.0,1.0,1.0,1.0,1.0,0.0,1.0
2010996657.0,26,Michigan,10043906,26063,Huron,31153.0,12.0831577054865,1.6061855140999999,2,3,1,2.0,0.0,0.0,0.0,0.0,1.0,1.0,0.0
1984389417.0,26,Michigan,10043906,26021,Berrien,152991.0,1.15782363918616,1.1234664186,1,4,1,2.0,0.0,0.0,0.0,0.0,0.0,1.0,0.0
2037330875.0,26,Michigan,10043906,26149,St. Joseph,60777.0,2.24015868993054,0.4131585578,2,1,1,2.0,0.0,0.0,0.0,0.0,0.0,0.0,0.0
2031165773.0,26,Michigan,10043906,26049,Genesee,401952.0,2.70771540568321,,1,5,1,2.0,0.0,1.0,0.0,0.0,1.0,1.0,0.0
2033226821.0,26,Michigan,10043906,26163,Wayne,1761595.0,0.450049498932732,0.606198737,2,1,1,1.0,0.0,1.0,1.0,1.0,1.0,1.0,1.0
2036915521.0,26,Michigan,10043906,26077,Kalamazoo,261121.0,0.579740705294741,0.4975564651,2,5,3,,1.0,1.0,1.0,1.0,1.0,1.0,1.0
2014278153.0,26,Michigan,10043906,26125,Oakland,1272787.0,15.0614388091749,1.0830538219,1,4,1,2.0,0.0,0.0,0.0,0.0,0.0,0.0,0.0
2021899605.0,26,Michigan,10043906,26081,Kent,659818.0,2.03164336274078,2.0577078313,2,3,1,2.0,0.0,0.0,0.0,0.0,0.0,1.0,0.0
1997132959.0,26,Michigan,10043906,26163,Wayne,1761595.0,1.45114362979932,1.6266567699,1,2,2,2.0,1.0,1.0,1.0,1.0,1.0,1.0,1.0
2031449551.0,26,Michigan,10043906,26075,Jackson,159780.0,0.46647455139153,,2,3,1,2.0,1.0,1.0,1.0,1.0,1.0,0.0,1.0
2015510345.0,26,Michigan,10043906,26037,Clinton,79692.0,0.911510947516346,0.9467713113,3,5,1,2.0,1.0,1.0,1.0,1.0,1.0,0.0,1.0
2022133377.0,26,Michigan,10043906,26161,Washtenaw,367307.0,0.899918582083081,0.9670294841,2,6,1,2.0,1.0,1.0,1.0,1.0,1.0,0.0,1.0
2036409687.0,26,Michigan,10043906,26049,Genesee,401952.0,5.38782539006574,0.5068993106,1,2,2,2.0,1.0,1.0,1.0,1.0,1.0,1.0,1.0
2029545221.0,26,Michigan,10043906,26157,Tuscola,52933.0,0.710270741613572,,1,4,1,2.0,1.0,0.0,1.0,1.0,1.0,0.0,0.0
2021940551.0,26,Michigan,10043906,26139,Ottawa,300837.0,0.432736023385954,,2,2,1,2.0,1.0,1.0,1.0,1.0,0.0,1.0,1.0
2021308623.0,26,Michigan,10043906,26099,Macomb,875065.0,1.04372833879328,1.1761433244,2,5,1,2.0,0.0,0.0,0.0,0.0,0.0,1.0,0.0
2010466475.0,26,Michigan,10043906,26065,Ingham,284388.0,9.89913926744683,6.0600778127,1,1,4,2.0,0.0,0.0,0.0,0.0,0.0,0.0,0.0
1995034007.0,26,Michigan,10043906,26139,Ottawa,300837.0,0.866860563589315,0.9468232470000001,2,3,1,2.0,1.0,1.0,1.0,1.0,1.0,0.0,1.0
2014658101.0,26,Michigan,10043906,26089,Leelanau,22893.0,0.893810197487008,0.9002082708,2,6,1,2.0,1.0,1.0,1.0,1.0,1.0,0.0,1.0
2011240123.0,26,Michigan,10043906,26147,St. Clair,159886.0,0.838944184722854,0.9772171428,2,2,1,2.0,0.0,0.0,0.0,0.0,0.0,1.0,0.0
2015060449.0,26,Michigan,10043906,26161,Washtenaw,367307.0,0.646540759922664,0.6957561755,1,3,1,2.0,1.0,1.0,1.0,1.0,1.0,0.0,1.0
2039395585.0,26,Michigan,10043906,26121,Muskegon,175458.0,0.651326573223394,0.7390620576,2,4,1,2.0,1.0,1.0,1.0,0.0,1.0,0.0,1.0
2011532507.0,26,Michigan,10043906,26085,Lake,12684.0,6.08280662606265,,1,2,1,2.0,1.0,1.0,1.0,1.0,1.0,1.0,1.0
1997209081.0,26,Michigan,10043906,26149,St. Joseph,60777.0,1.1758053301051,1.1668012381,1,5,1,2.0,0.0,0.0,0.0,0.0,0.0,1.0,0.0
2011308099.0,26,Michigan,10043906,26017,Bay,102736.0,0.497689218637962,0.7635060633,1,5,1,2.0,1.0,1.0,0.0,0.0,1.0,1.0,0.0
2010243175.0,26,Michigan,10043906,26005,Allegan,121299.0,0.779168250147768,0.7984580842000001,1,6,1,2.0,1.0,1.0,1.0,1.0,1.0,0.0,1.0
2031218751.0,26,Michigan,10043906,26125,Oakland,1272787.0,1.52650076038402,1.6061855140999999,2,3,1,2.0,0.0,0.0,0.0,0.0,1.0,0.0,0.0
2021030933.0,26,Michigan,10043906,26065,Ingham,284388.0,1.16639406214446,1.1645347101,2,3,1,2.0,0.0,0.0,0.0,0.0,0.0,1.0,0.0
2037292823.0,26,Michigan,10043906,26163,Wayne,1761595.0,7.01467825826171,0.7112344727000001,1,3,4,2.0,1.0,1.0,1.0,0.0,1.0,1.0,1.0
2015050847.0,26,Michigan,10043906,26057,Gratiot,41130.0,0.838944184722854,0.9772171428,2,2,1,2.0,0.0,0.0,0.0,0.0,1.0,1.0,0.0
2038251089.0,26,Michigan,10043906,26061,Houghton,37728.0,5.405570110886,,1,2,1,2.0,0.0,1.0,1.0,1.0,1.0,0.0,1.0
2009279813.0,26,Michigan,10043906,26045,Eaton,108864.0,1.25540998469898,1.2505556367000001,1,3,1,2.0,0.0,0.0,0.0,0.0,0.0,1.0,0.0
1993773079.0,26,Michigan,10043906,26063,Huron,31153.0,1.5291311485087,1.5456590262,1,6,1,2.0,0.0,0.0,0.0,0.0,0.0,1.0,0.0
1998744003.0,26,Michigan,10043906,26125,Oakland,1272787.0,10.9956610253874,1.6219471641,2,5,1,2.0,0.0,1.0,0.0,0.0,1.0,1.0,0.0
2034471163.0,26,Michigan,10043906,26163,Wayne,1761595.0,1.21314395291967,1.2129226198,2,5,1,2.0,1.0,1.0,1.0,1.0,1.0,0.0,1.0
2008974963.0,26,Michigan,10043906,26163,Wayne,1761595.0,0.982780796939089,0.7896347810000001,2,3,2,2.0,0.0,1.0,0.0,0.0,1.0,1.0,1.0
2017190063.0,26,Michigan,10043906,26163,Wayne,1761595.0,1.15782363918616,1.1234664186,1,3,1,2.0,0.0,0.0,0.0,0.0,0.0,1.0,0.0
2004313645.0,26,Michigan,10043906,26081,Kent,659818.0,3.69242237956174,0.7123660397,2,3,1,2.0,1.0,1.0,1.0,1.0,1.0,1.0,1.0
2032881195.0,26,Michigan,10043906,26073,Isabella,64486.0,3.49806653299445,,2,2,1,2.0,1.0,1.0,1.0,1.0,1.0,1.0,1.0
2014795601.0,26,Michigan,10043906,26161,Washtenaw,367307.0,1.26445954418594,1.2597088197,2,6,1,2.0,1.0,0.0,1.0,0.0,1.0,0.0,0.0
2014370405.0,26,Michigan,10043906,26163,Wayne,1761595.0,0.779168250147768,0.7984580842000001,1,6,1,2.0,1.0,1.0,1.0,1.0,0.0,0.0,1.0
2012431975.0,26,Michigan,10043906,26069,Iosco,25451.0,0.447960616323014,0.4717916547,1,5,1,2.0,1.0,1.0,1.0,1.0,1.0,0.0,1.0
2029198723.0,26,Michigan,10043906,26065,Ingham,284388.0,0.822208458488256,,1,2,3,,1.0,0.0,0.0,0.0,1.0,1.0,1.0
2013694495.0,25,Massachusetts,7025465,25025,Suffolk,778090.0,1.36579264922946,,2,6,3,1.0,1.0,1.0,1.0,1.0,1.0,0.0,1.0
1998700345.0,25,Massachusetts,7025465,25017,Middlesex,1630890.0,2.07541710986853,1.32759582,2,5,1,2.0,1.0,1.0,1.0,1.0,1.0,0.0,1.0
1999397367.0,25,Massachusetts,7025465,25005,Bristol,581598.0,2.65264163252473,,2,5,4,2.0,1.0,1.0,1.0,0.0,1.0,1.0,1.0
2042358651.0,25,Massachusetts,7025465,25023,Plymouth,534977.0,3.85662798471738,,1,1,1,1.0,0.0,0.0,1.0,1.0,1.0,0.0,0.0
2038227735.0,25,Massachusetts,7025465,25015,Hampshire,165193.0,0.817173214377796,1.1576936645,1,5,1,2.0,1.0,1.0,0.0,1.0,1.0,0.0,1.0
2033068281.0,25,Massachusetts,7025465,25009,Essex,810054.0,3.81862283906027,,1,2,1,2.0,1.0,1.0,1.0,1.0,1.0,0.0,1.0
2011779787.0,25,Massachusetts,7025465,25021,Norfolk,727727.0,2.14061660269932,1.3556629397,1,1,1,2.0,1.0,1.0,1.0,1.0,1.0,0.0,1.0
2042373243.0,25,Massachusetts,7025465,25017,Middlesex,1630890.0,1.47850012273082,1.2153552138000001,1,5,1,2.0,1.0,1.0,1.0,1.0,1.0,1.0,1.0
2036917153.0,25,Massachusetts,7025465,25025,Suffolk,778090.0,0.988576993940865,1.0113689202,2,2,1,2.0,1.0,1.0,1.0,1.0,1.0,1.0,1.0
2034077321.0,25,Massachusetts,7025465,25025,Suffolk,778090.0,1.47850012273082,1.2153552138000001,1,5,1,2.0,1.0,1.0,1.0,1.0,1.0,0.0,1.0
2015242485.0,25,Massachusetts,7025465,25027,Worcester,866439.0,0.988576993940865,1.0113689202,2,2,1,2.0,1.0,1.0,1.0,1.0,1.0,0.0,1.0
2011898617.0,25,Massachusetts,7025465,25021,Norfolk,727727.0,1.64264115318713,1.5466747235,2,5,1,2.0,0.0,0.0,0.0,0.0,0.0,1.0,0.0
1998544277.0,25,Massachusetts,7025465,25017,Middlesex,1630890.0,0.99362282583917,1.1032296155,1,2,1,2.0,0.0,0.0,0.0,0.0,0.0,1.0,0.0
2041545369.0,25,Massachusetts,7025465,25017,Middlesex,1630890.0,1.10199388183021,,1,2,1,2.0,1.0,0.0,0.0,0.0,1.0,1.0,0.0
2015310531.0,25,Massachusetts,7025465,25021,Norfolk,727727.0,2.51311457560561,,2,6,1,2.0,1.0,1.0,0.0,1.0,1.0,1.0,1.0
2009863275.0,25,Massachusetts,7025465,25009,Essex,810054.0,0.970503094690506,1.5592134288000001,2,3,1,2.0,0.0,0.0,0.0,0.0,0.0,1.0,0.0
2012481687.0,25,Massachusetts,7025465,25017,Middlesex,1630890.0,1.03592629096823,,1,2,1,2.0,0.0,0.0,0.0,0.0,1.0,1.0,0.0
2021877715.0,25,Massachusetts,7025465,25021,Norfolk,727727.0,2.07073670481727,,2,4,1,2.0,1.0,1.0,1.0,1.0,1.0,1.0,1.0
2006447871.0,25,Massachusetts,7025465,25003,Berkshire,129592.0,3.28626375710231,,2,6,2,2.0,1.0,1.0,1.0,1.0,1.0,1.0,1.0
2039911303.0,25,Massachusetts,7025465,25017,Middlesex,1630890.0,1.34068059524935,,2,6,6,2.0,1.0,1.0,0.0,1.0,1.0,1.0,1.0
2035419195.0,25,Massachusetts,7025465,25027,Worcester,866439.0,0.504861925017565,,2,1,1,2.0,1.0,1.0,0.0,1.0,0.0,0.0,0.0
2033574209.0,25,Massachusetts,7025465,25023,Plymouth,534977.0,2.198792864517,,1,3,1,2.0,1.0,1.0,1.0,1.0,0.0,1.0,0.0
2014965275.0,25,Massachusetts,7025465,25011,Franklin,71058.0,0.548131335951403,0.5281524121,1,5,1,2.0,1.0,1.0,1.0,1.0,1.0,0.0,1.0
2025032319.0,25,Massachusetts,7025465,25025,Suffolk,778090.0,1.23629349557411,,1,1,2,2.0,1.0,0.0,1.0,0.0,1.0,1.0,0.0
2021877319.0,25,Massachusetts,7025465,25017,Middlesex,1630890.0,0.545433692766277,0.5496266616000001,1,6,1,2.0,1.0,1.0,1.0,1.0,1.0,0.0,1.0
2028885601.0,25,Massachusetts,7025465,25023,Plymouth,534977.0,2.50661539498376,,1,2,1,2.0,1.0,1.0,1.0,1.0,0.0,0.0,0.0
1997989459.0,25,Massachusetts,7025465,25005,Bristol,581598.0,0.238311735298948,,2,3,1,2.0,1.0,0.0,0.0,0.0,0.0,1.0,0.0
2014684413.0,25,Massachusetts,7025465,25001,Barnstable,232970.0,1.43310087659057,,2,6,1,2.0,1.0,1.0,1.0,1.0,1.0,0.0,1.0
1995671015.0,25,Massachusetts,7025465,25023,Plymouth,534977.0,0.869490220559937,0.9515159536000001,2,3,1,2.0,0.0,0.0,0.0,0.0,0.0,1.0,0.0
2016969587.0,25,Massachusetts,7025465,25027,Worcester,866439.0,0.59526871700848,0.55632755,1,4,1,2.0,0.0,0.0,0.0,0.0,1.0,1.0,0.0
2013415407.0,25,Massachusetts,7025465,25017,Middlesex,1630890.0,1.40105477208313,1.3810002936,1,5,1,2.0,1.0,1.0,1.0,1.0,1.0,0.0,1.0
2000538037.0,25,Massachusetts,7025465,25027,Worcester,866439.0,0.785307602632436,0.8720198239,1,3,1,2.0,0.0,0.0,1.0,1.0,0.0,1.0,0.0
1997063403.0,25,Massachusetts,7025465,25017,Middlesex,1630890.0,1.0854581815688,1.2513466456,2,5,1,2.0,0.0,0.0,0.0,0.0,0.0,1.0,0.0
2022116013.0,25,Massachusetts,7025465,25023,Plymouth,534977.0,0.751689562189438,0.9541051513000001,2,6,1,2.0,1.0,1.0,1.0,1.0,1.0,0.0,1.0
2004061219.0,25,Massachusetts,7025465,25023,Plymouth,534977.0,0.976672158510868,1.6408325618,2,5,1,2.0,1.0,1.0,1.0,1.0,1.0,0.0,1.0
2043333831.0,25,Massachusetts,7025465,25017,Middlesex,1630890.0,4.48552207195761,,1,2,4,2.0,1.0,1.0,1.0,1.0,0.0,1.0,1.0
2021662701.0,25,Massachusetts,7025465,25017,Middlesex,1630890.0,1.5580695303815,1.456155772,2,6,1,2.0,0.0,1.0,0.0,0.0,1.0,1.0,0.0
2013574197.0,25,Massachusetts,7025465,25005,Bristol,581598.0,0.751689562189438,0.9541051513000001,2,6,1,2.0,1.0,1.0,1.0,1.0,1.0,0.0,1.0
2021836363.0,25,Massachusetts,7025465,25017,Middlesex,1630890.0,0.896895786747495,,1,5,1,2.0,0.0,1.0,1.0,0.0,0.0,1.0,0.0
1993289641.0,25,Massachusetts,7025465,25023,Plymouth,534977.0,0.32212603481662,0.6273491830000001,2,5,1,2.0,1.0,1.0,1.0,1.0,1.0,1.0,1.0
2042355257.0,25,Massachusetts,7025465,25023,Plymouth,534977.0,0.249960769434768,0.2792183614,1,2,1,2.0,1.0,1.0,1.0,1.0,1.0,0.0,1.0
2015567461.0,25,Massachusetts,7025465,25023,Plymouth,534977.0,2.38707372140206,2.343377424,2,2,3,1.0,1.0,1.0,1.0,1.0,1.0,0.0,1.0
2037064519.0,25,Massachusetts,7025465,25013,Hampden,461294.0,0.648428577825908,0.7594340149000001,1,3,1,2.0,1.0,1.0,1.0,1.0,1.0,1.0,1.0
1998594119.0,25,Massachusetts,7025465,25023,Plymouth,534977.0,1.76944854383072,1.8386066572000002,1,6,1,2.0,1.0,0.0,0.0,0.0,0.0,1.0,0.0
2015773505.0,25,Massachusetts,7025465,25023,Plymouth,534977.0,1.06994185587271,1.0272194778000001,2,2,1,2.0,1.0,1.0,1.0,1.0,1.0,1.0,1.0
2016508723.0,25,Massachusetts,7025465,25021,Norfolk,727727.0,1.08138560639738,1.0519091784,1,6,1,2.0,1.0,1.0,1.0,1.0,1.0,0.0,1.0
2043492191.0,25,Massachusetts,7025465,25017,Middlesex,1630890.0,0.292740173097434,,1,5,7,2.0,1.0,0.0,0.0,0.0,0.0,1.0,0.0
2021058317.0,25,Massachusetts,7025465,25027,Worcester,866439.0,0.73454419188001,0.8163123834,2,2,1,2.0,1.0,1.0,1.0,1.0,1.0,0.0,1.0
2015608789.0,25,Massachusetts,7025465,25013,Hampden,461294.0,3.22071902106159,,2,6,1,2.0,1.0,1.0,1.0,1.0,1.0,0.0,1.0
2013415561.0,25,Massachusetts,7025465,25017,Middlesex,1630890.0,1.50865821492478,1.3693931949,2,5,2,2.0,1.0,1.0,1.0,1.0,1.0,0.0,1.0
2017981923.0,25,Massachusetts,7025465,25017,Middlesex,1630890.0,0.66379209127069,0.8736725319,2,2,1,2.0,0.0,0.0,1.0,0.0,1.0,1.0,0.0
2015157189.0,25,Massachusetts,7025465,25015,Hampshire,165193.0,0.731546816974442,0.6569574672,1,5,1,2.0,1.0,1.0,1.0,1.0,1.0,1.0,1.0
1990266063.0,25,Massachusetts,7025465,25005,Bristol,581598.0,1.76944854383072,1.8386066572000002,1,6,1,2.0,0.0,0.0,0.0,0.0,0.0,1.0,0.0
2038743333.0,25,Massachusetts,7025465,25017,Middlesex,1630890.0,1.40105477208313,1.3810002936,1,5,1,2.0,1.0,1.0,1.0,1.0,0.0,0.0,1.0
2041316659.0,25,Massachusetts,7025465,25023,Plymouth,534977.0,0.616443753347793,0.7499660316000001,1,2,1,2.0,0.0,1.0,0.0,1.0,0.0,1.0,1.0
2000537475.0,25,Massachusetts,7025465,25013,Hampden,461294.0,5.98339032441385,,1,5,1,2.0,0.0,1.0,1.0,1.0,1.0,1.0,1.0
2020095949.0,25,Massachusetts,7025465,25005,Bristol,581598.0,2.69914564956072,,2,2,1,2.0,1.0,0.0,0.0,0.0,0.0,1.0,1.0
1998395757.0,25,Massachusetts,7025465,25015,Hampshire,165193.0,1.32242791590622,1.4133636493,1,2,1,2.0,0.0,0.0,1.0,0.0,1.0,1.0,0.0
2030542897.0,25,Massachusetts,7025465,25027,Worcester,866439.0,0.336200851419776,,2,2,4,2.0,1.0,1.0,1.0,1.0,1.0,1.0,1.0
2012087215.0,25,Massachusetts,7025465,25027,Worcester,866439.0,4.8540162372466,,1,1,3,1.0,1.0,1.0,1.0,1.0,1.0,0.0,1.0
2029193085.0,25,Massachusetts,7025465,25005,Bristol,581598.0,0.977616173409171,1.045789773,2,2,1,2.0,0.0,1.0,1.0,1.0,1.0,1.0,1.0
2034579469.0,25,Massachusetts,7025465,25015,Hampshire,165193.0,2.86917023644421,0.6072412909,1,2,1,2.0,1.0,1.0,0.0,1.0,1.0,0.0,1.0
2036495163.0,25,Massachusetts,7025465,25023,Plymouth,534977.0,0.785307602632436,,1,3,1,2.0,0.0,1.0,0.0,0.0,1.0,1.0,0.0
1999116911.0,42,Pennsylvania,12984655,42091,Montgomery,865483.0,3.43514761701796,,1,2,1,2.0,1.0,0.0,0.0,0.0,0.0,1.0,1.0
2041082029.0,42,Pennsylvania,12984655,42133,York,461464.0,0.976802410054898,1.7117554658,1,2,1,2.0,0.0,0.0,0.0,0.0,0.0,1.0,0.0
2011199805.0,42,Pennsylvania,12984655,42133,York,461464.0,0.964719659369508,1.0147138012,1,2,1,2.0,0.0,0.0,0.0,0.0,0.0,1.0,0.0
1995683557.0,42,Pennsylvania,12984655,42003,Allegheny,1233325.0,1.25995113990751,1.4072625266,2,6,1,2.0,1.0,1.0,0.0,1.0,1.0,1.0,1.0
2011914435.0,42,Pennsylvania,12984655,42077,Lehigh,376746.0,0.494734518224297,0.6021149427,2,2,1,2.0,1.0,1.0,0.0,1.0,1.0,1.0,1.0
2014512629.0,42,Pennsylvania,12984655,42077,Lehigh,376746.0,1.18425955811763,1.0974180713,2,6,1,2.0,0.0,0.0,0.0,0.0,1.0,1.0,0.0
2037812635.0,42,Pennsylvania,12984655,42045,Delaware,576666.0,2.18584139586981,,1,3,1,2.0,1.0,1.0,1.0,1.0,1.0,1.0,1.0
2036768251.0,42,Pennsylvania,12984655,42033,Clearfield,77846.0,1.21889444411442,1.5617743487,2,3,1,2.0,1.0,1.0,1.0,1.0,1.0,1.0,1.0
2012238815.0,42,Pennsylvania,12984655,42091,Montgomery,865483.0,12.9628652923027,1.6852774934,2,2,1,2.0,1.0,1.0,1.0,1.0,1.0,0.0,1.0
2043487109.0,42,Pennsylvania,12984655,42101,Philadelphia,1572341.0,3.43514761701796,,1,2,1,2.0,1.0,1.0,1.0,1.0,0.0,0.0,1.0
2012551889.0,42,Pennsylvania,12984655,42033,Clearfield,77846.0,1.0759394822155,0.926374863,2,4,1,2.0,0.0,0.0,0.0,0.0,0.0,1.0,0.0
2017673735.0,42,Pennsylvania,12984655,42005,Armstrong,64724.0,4.38190077266601,,2,2,1,2.0,0.0,0.0,0.0,0.0,1.0,1.0,0.0
2011815501.0,42,Pennsylvania,12984655,42029,Chester,547131.0,1.46396477308506,1.4539966804,1,2,1,2.0,0.0,1.0,0.0,0.0,0.0,1.0,0.0
2042329001.0,42,Pennsylvania,12984655,42101,Philadelphia,1572341.0,0.76611735484357,0.8342007191,1,6,1,2.0,1.0,1.0,1.0,1.0,1.0,0.0,1.0
2008586951.0,42,Pennsylvania,12984655,42079,Luzerne,326627.0,1.099968321347,1.1349465508,1,2,1,2.0,0.0,1.0,1.0,0.0,0.0,1.0,0.0
1997027011.0,42,Pennsylvania,12984655,42101,Philadelphia,1572341.0,1.4853690032933,2.8558080863,1,1,1,2.0,0.0,0.0,0.0,0.0,0.0,1.0,0.0
2015062763.0,42,Pennsylvania,12984655,42011,Berks,432214.0,0.589196155120176,0.7735251706,2,2,1,2.0,1.0,1.0,1.0,1.0,1.0,0.0,1.0
2045704209.0,42,Pennsylvania,12984655,42101,Philadelphia,1572341.0,5.98203694547162,,1,3,2,2.0,1.0,1.0,1.0,0.0,1.0,0.0,1.0
2036914355.0,42,Pennsylvania,12984655,42133,York,461464.0,0.991919903960363,1.1468001295,1,4,1,2.0,1.0,1.0,0.0,1.0,1.0,0.0,1.0
2034391751.0,42,Pennsylvania,12984655,42003,Allegheny,1233325.0,2.79754292127803,1.758489735,2,6,1,2.0,1.0,1.0,0.0,0.0,1.0,0.0,0.0
2036917343.0,42,Pennsylvania,12984655,42071,Lancaster,557092.0,1.58811613388042,,2,2,1,2.0,1.0,1.0,1.0,1.0,1.0,1.0,1.0
2039973555.0,42,Pennsylvania,12984655,42029,Chester,547131.0,0.674737752070847,0.7788055859,2,5,1,2.0,1.0,1.0,1.0,1.0,0.0,0.0,1.0
2018362371.0,42,Pennsylvania,12984655,42131,Wyoming,26039.0,0.97061907050615,0.5533743013,2,2,1,2.0,0.0,1.0,0.0,0.0,1.0,1.0,0.0
2034613615.0,42,Pennsylvania,12984655,42017,Bucks,646351.0,1.57374390015615,1.3488509516,1,5,1,2.0,0.0,0.0,0.0,0.0,0.0,1.0,0.0
2029188587.0,42,Pennsylvania,12984655,42071,Lancaster,557092.0,1.58811613388042,0.32485520160000003,2,2,1,2.0,0.0,1.0,1.0,0.0,0.0,1.0,0.0
2014401781.0,42,Pennsylvania,12984655,42129,Westmoreland,351924.0,0.840257626111938,0.76906818,2,4,1,2.0,0.0,0.0,0.0,0.0,0.0,0.0,0.0
1998958191.0,42,Pennsylvania,12984655,42129,Westmoreland,351924.0,2.17359172778637,1.1236075468,2,3,1,2.0,1.0,1.0,0.0,0.0,1.0,1.0,1.0
2026744219.0,42,Pennsylvania,12984655,42011,Berks,432214.0,1.89847486864364,3.2405961972,1,2,2,2.0,1.0,1.0,1.0,1.0,1.0,1.0,1.0
2011970177.0,42,Pennsylvania,12984655,42013,Blair,120774.0,2.84975917287769,,2,3,1,2.0,1.0,1.0,1.0,1.0,1.0,1.0,0.0
2042760547.0,42,Pennsylvania,12984655,42127,Wayne,51108.0,1.10091955884834,,2,2,3,,1.0,1.0,1.0,1.0,1.0,0.0,1.0
2011477923.0,42,Pennsylvania,12984655,42091,Montgomery,865483.0,1.28258022181996,1.4343151991,2,2,1,2.0,0.0,0.0,0.0,0.0,0.0,1.0,0.0
1999247419.0,42,Pennsylvania,12984655,42045,Delaware,576666.0,0.494734518224297,0.6021149427,2,2,1,2.0,0.0,0.0,1.0,0.0,0.0,1.0,
2037865461.0,42,Pennsylvania,12984655,42091,Montgomery,865483.0,0.783855893837054,,2,6,1,2.0,1.0,1.0,1.0,1.0,0.0,1.0,1.0
2003001403.0,42,Pennsylvania,12984655,42103,Pike,60722.0,1.39257150854118,1.3214904664,2,5,1,2.0,1.0,0.0,0.0,0.0,1.0,1.0,1.0
2009740033.0,42,Pennsylvania,12984655,42001,Adams,105994.0,1.43198442115676,1.1867924307,2,4,1,2.0,0.0,0.0,0.0,0.0,0.0,1.0,0.0
2022098203.0,42,Pennsylvania,12984655,42017,Bucks,646351.0,1.3460223685282,1.1008417814,1,5,1,2.0,1.0,1.0,1.0,1.0,1.0,0.0,1.0
2039354619.0,42,Pennsylvania,12984655,42013,Blair,120774.0,1.11831181050522,0.9852645307000001,2,3,1,2.0,0.0,0.0,0.0,0.0,0.0,1.0,0.0
2010119565.0,42,Pennsylvania,12984655,42013,Blair,120774.0,1.46396477308506,1.4539966804,1,2,1,2.0,0.0,0.0,0.0,0.0,0.0,1.0,0.0
2012400447.0,42,Pennsylvania,12984655,42003,Allegheny,1233325.0,1.04165376844269,,1,5,1,2.0,1.0,0.0,0.0,0.0,1.0,1.0,1.0
2034789349.0,42,Pennsylvania,12984655,42101,Philadelphia,1572341.0,1.79144189252352,,1,5,1,2.0,0.0,1.0,1.0,1.0,1.0,1.0,1.0
2041059839.0,42,Pennsylvania,12984655,42027,Centre,157977.0,1.75150390169251,7.7795700296,1,1,1,1.0,1.0,1.0,1.0,1.0,1.0,1.0,0.0
2016252337.0,42,Pennsylvania,12984655,42037,Columbia,65358.0,1.18975089747179,1.2054148653,1,6,1,2.0,0.0,0.0,0.0,0.0,0.0,1.0,0.0
2002135917.0,42,Pennsylvania,12984655,42003,Allegheny,1233325.0,1.22981926020282,1.1331334887,2,5,1,2.0,1.0,1.0,1.0,1.0,1.0,0.0,1.0
1983889091.0,42,Pennsylvania,12984655,42039,Crawford,82350.0,3.71384684202549,,2,2,1,2.0,0.0,1.0,0.0,0.0,1.0,1.0,0.0
2011344761.0,42,Pennsylvania,12984655,42091,Montgomery,865483.0,1.22981926020282,1.1331334887,2,5,1,2.0,1.0,1.0,1.0,1.0,1.0,1.0,1.0
1999679969.0,42,Pennsylvania,12984655,42029,Chester,547131.0,0.963682760354372,1.119583772,2,2,1,2.0,0.0,1.0,0.0,0.0,1.0,1.0,1.0
2030535119.0,42,Pennsylvania,12984655,42101,Philadelphia,1572341.0,2.006091672698,,2,3,2,2.0,1.0,1.0,1.0,1.0,1.0,1.0,1.0
1999800651.0,42,Pennsylvania,12984655,42101,Philadelphia,1572341.0,1.22981926020282,1.1331334887,2,5,1,2.0,1.0,1.0,1.0,0.0,1.0,0.0,1.0
2017336799.0,42,Pennsylvania,12984655,42101,Philadelphia,1572341.0,2.57591945509032,,2,6,2,2.0,1.0,1.0,1.0,1.0,0.0,0.0,1.0
2030986445.0,42,Pennsylvania,12984655,42101,Philadelphia,1572341.0,2.72431354469797,2.0113637213,1,3,1,2.0,1.0,1.0,1.0,1.0,1.0,0.0,1.0
2021467149.0,42,Pennsylvania,12984655,42043,Dauphin,288943.0,0.654639354070333,0.1491285413,2,4,3,1.0,1.0,1.0,1.0,1.0,1.0,0.0,1.0
2010499549.0,42,Pennsylvania,12984655,42101,Philadelphia,1572341.0,1.48505820251219,1.6709151304,1,6,1,2.0,1.0,1.0,1.0,1.0,0.0,0.0,1.0
1266151447.0,42,Pennsylvania,12984655,42049,Erie,268923.0,0.399624215737701,,1,2,1,2.0,1.0,1.0,1.0,0.0,0.0,1.0,1.0
2031770535.0,42,Pennsylvania,12984655,42091,Montgomery,865483.0,0.714697010847134,0.5348010888,2,5,1,2.0,1.0,1.0,0.0,1.0,1.0,1.0,0.0
2033692979.0,42,Pennsylvania,12984655,42129,Westmoreland,351924.0,2.54484062418112,2.3751157629,1,5,1,2.0,0.0,0.0,0.0,0.0,0.0,1.0,0.0
1999637477.0,42,Pennsylvania,12984655,42045,Delaware,576666.0,0.674737752070847,0.7788055859,2,5,1,2.0,1.0,1.0,1.0,1.0,0.0,1.0,1.0
1999897565.0,42,Pennsylvania,12984655,42077,Lehigh,376746.0,0.783855893837054,0.8136729450000001,2,6,1,2.0,1.0,1.0,1.0,1.0,1.0,0.0,1.0
2036917059.0,42,Pennsylvania,12984655,42101,Philadelphia,1572341.0,0.491429348725734,2.0502427615,2,1,1,2.0,1.0,1.0,1.0,0.0,1.0,1.0,1.0
2010868305.0,42,Pennsylvania,12984655,42013,Blair,120774.0,4.90894617161059,,2,5,1,2.0,0.0,0.0,0.0,0.0,0.0,1.0,1.0
2012682871.0,42,Pennsylvania,12984655,42131,Wyoming,26039.0,2.31959863623325,,1,6,1,2.0,0.0,0.0,0.0,0.0,1.0,1.0,0.0
2013972987.0,42,Pennsylvania,12984655,42077,Lehigh,376746.0,3.18649256271823,4.3016155027,1,1,1,2.0,0.0,0.0,0.0,0.0,0.0,1.0,0.0
2029229935.0,42,Pennsylvania,12984655,42077,Lehigh,376746.0,1.17577414270675,,2,2,3,,0.0,1.0,1.0,1.0,1.0,1.0,1.0
2043837957.0,42,Pennsylvania,12984655,42101,Philadelphia,1572341.0,1.8925365391148,,2,2,2,2.0,1.0,1.0,1.0,1.0,1.0,1.0,1.0
2012143771.0,42,Pennsylvania,12984655,42077,Lehigh,376746.0,0.964719659369508,1.0147138012,1,2,1,2.0,0.0,0.0,0.0,0.0,0.0,1.0,0.0
2042327903.0,42,Pennsylvania,12984655,42101,Philadelphia,1572341.0,0.549582821801101,0.5943600797,1,5,1,2.0,1.0,1.0,1.0,1.0,1.0,0.0,1.0
1993756579.0,42,Pennsylvania,12984655,42117,Tioga,40951.0,0.900071057244166,0.9342556909,2,5,1,2.0,1.0,1.0,1.0,1.0,1.0,0.0,1.0
2020232579.0,42,Pennsylvania,12984655,42011,Berks,432214.0,0.964719659369508,1.0147138012,1,2,1,2.0,0.0,1.0,1.0,0.0,1.0,1.0,1.0
2027105223.0,42,Pennsylvania,12984655,42101,Philadelphia,1572341.0,3.43514761701796,,1,2,1,2.0,0.0,1.0,0.0,1.0,0.0,0.0,1.0
1999149475.0,42,Pennsylvania,12984655,42027,Centre,157977.0,1.48505820251219,1.6709151304,1,6,1,2.0,1.0,1.0,1.0,1.0,1.0,0.0,1.0
2001393103.0,42,Pennsylvania,12984655,42029,Chester,547131.0,1.08963515635716,0.9954742136,2,6,1,2.0,1.0,1.0,1.0,1.0,1.0,1.0,1.0
2014106285.0,42,Pennsylvania,12984655,42129,Westmoreland,351924.0,2.82256472392188,,2,3,1,2.0,1.0,1.0,1.0,0.0,1.0,1.0,1.0
2044066841.0,42,Pennsylvania,12984655,42003,Allegheny,1233325.0,0.840257626111938,0.771725443,2,3,1,2.0,1.0,1.0,0.0,0.0,1.0,1.0,1.0
2020909373.0,42,Pennsylvania,12984655,42025,Carbon,65485.0,0.963682760354372,1.119583772,2,2,1,2.0,0.0,0.0,0.0,0.0,0.0,1.0,0.0
2042650753.0,42,Pennsylvania,12984655,42027,Centre,157977.0,5.70231402525684,,1,3,1,2.0,1.0,1.0,0.0,0.0,0.0,1.0,1.0
2036677093.0,42,Pennsylvania,12984655,42043,Dauphin,288943.0,2.72431354469797,2.0113637213,1,3,1,2.0,1.0,1.0,1.0,1.0,1.0,0.0,1.0
2015482613.0,42,Pennsylvania,12984655,42079,Luzerne,326627.0,1.08963515635716,0.9954742136,2,6,1,2.0,1.0,1.0,1.0,1.0,1.0,0.0,1.0
2034340289.0,42,Pennsylvania,12984655,42011,Berks,432214.0,2.09451998477991,1.7280327471999999,1,5,1,2.0,0.0,0.0,0.0,0.0,0.0,1.0,0.0
1992896809.0,42,Pennsylvania,12984655,42003,Allegheny,1233325.0,5.36135909507223,,2,6,4,2.0,1.0,0.0,0.0,0.0,0.0,1.0,0.0
1998568467.0,42,Pennsylvania,12984655,42011,Berks,432214.0,3.9286407300269,,2,3,1,2.0,1.0,1.0,1.0,1.0,1.0,0.0,1.0
2035496779.0,42,Pennsylvania,12984655,42101,Philadelphia,1572341.0,3.9286407300269,,2,3,1,2.0,1.0,0.0,1.0,1.0,1.0,1.0,1.0
2011374911.0,42,Pennsylvania,12984655,42077,Lehigh,376746.0,0.589196155120176,0.7735251706,2,2,1,2.0,1.0,1.0,1.0,1.0,1.0,0.0,
2018773411.0,42,Pennsylvania,12984655,42129,Westmoreland,351924.0,3.71384684202549,,2,2,1,2.0,1.0,1.0,1.0,1.0,1.0,0.0,1.0
2023098663.0,42,Pennsylvania,12984655,42033,Clearfield,77846.0,0.509261690923788,,2,2,3,,1.0,1.0,1.0,0.0,1.0,0.0,1.0
2039272275.0,42,Pennsylvania,12984655,42103,Pike,60722.0,0.732409568872911,0.7118849227,2,3,1,2.0,0.0,0.0,0.0,0.0,0.0,1.0,0.0
2019316905.0,42,Pennsylvania,12984655,42043,Dauphin,288943.0,0.574951351258695,0.6141116914,2,3,2,2.0,1.0,1.0,1.0,1.0,1.0,0.0,1.0
2015055341.0,42,Pennsylvania,12984655,42017,Bucks,646351.0,0.783855893837054,0.8136729450000001,2,6,1,2.0,1.0,1.0,1.0,1.0,1.0,0.0,1.0
2014334449.0,42,Pennsylvania,12984655,42121,Venango,49707.0,0.144395122697925,0.2004491082,1,4,1,2.0,1.0,1.0,1.0,1.0,1.0,1.0,1.0
2015025905.0,42,Pennsylvania,12984655,42003,Allegheny,1233325.0,2.09451998477991,1.7280327471999999,1,5,1,2.0,0.0,0.0,0.0,0.0,0.0,1.0,0.0
2028984765.0,42,Pennsylvania,12984655,42081,Lycoming,113195.0,0.931545062940375,1.0217874413,1,3,1,2.0,0.0,1.0,1.0,0.0,1.0,1.0,0.0
2038739167.0,42,Pennsylvania,12984655,42079,Luzerne,326627.0,0.556162614905363,0.613757078,2,3,1,2.0,1.0,1.0,1.0,1.0,1.0,0.0,1.0
2015215471.0,42,Pennsylvania,12984655,42037,Columbia,65358.0,0.840257626111938,0.76906818,2,4,1,2.0,0.0,0.0,0.0,0.0,0.0,1.0,
2011691005.0,42,Pennsylvania,12984655,42013,Blair,120774.0,1.51522469728554,,2,1,1,2.0,1.0,1.0,1.0,1.0,1.0,1.0,1.0
2011235075.0,42,Pennsylvania,12984655,42089,Monroe,167459.0,1.23417002059083,,1,3,3,1.0,1.0,1.0,0.0,1.0,0.0,1.0,0.0
2034262887.0,42,Pennsylvania,12984655,42101,Philadelphia,1572341.0,2.18320045207473,,2,1,2,2.0,0.0,1.0,1.0,1.0,1.0,1.0,1.0
2037130865.0,42,Pennsylvania,12984655,42133,York,461464.0,0.915954049254304,1.2413626549,1,2,3,,0.0,0.0,0.0,0.0,1.0,1.0,0.0
1998692529.0,42,Pennsylvania,12984655,42097,Northumberland,90075.0,2.53611427444894,,3,2,1,2.0,0.0,1.0,1.0,1.0,1.0,1.0,1.0
1998403349.0,42,Pennsylvania,12984655,42079,Luzerne,326627.0,2.33425398984626,,2,2,1,2.0,0.0,1.0,0.0,1.0,1.0,1.0,1.0
2022214699.0,42,Pennsylvania,12984655,42003,Allegheny,1233325.0,1.3460223685282,1.1008417814,1,5,1,2.0,1.0,1.0,1.0,1.0,1.0,0.0,1.0
2002433775.0,42,Pennsylvania,12984655,42129,Westmoreland,351924.0,0.964719659369508,1.0147138012,1,2,1,2.0,0.0,0.0,0.0,0.0,0.0,1.0,0.0
2037404511.0,42,Pennsylvania,12984655,42129,Westmoreland,351924.0,3.43514761701796,,1,2,1,2.0,1.0,1.0,0.0,0.0,1.0,0.0,1.0
2040054559.0,42,Pennsylvania,12984655,42101,Philadelphia,1572341.0,2.99719423140356,2.7752526708,1,1,1,2.0,1.0,0.0,0.0,0.0,0.0,0.0,0.0
2008614657.0,42,Pennsylvania,12984655,42041,Cumberland,268588.0,0.783855893837054,0.8136729450000001,2,6,1,2.0,1.0,1.0,0.0,1.0,1.0,0.0,1.0
2012647457.0,42,Pennsylvania,12984655,42071,Lancaster,557092.0,0.783855893837054,0.8136729450000001,2,6,1,2.0,1.0,1.0,1.0,1.0,1.0,0.0,1.0
2002971349.0,42,Pennsylvania,12984655,42095,Northampton,318123.0,0.840257626111938,0.76906818,2,4,1,2.0,0.0,1.0,0.0,0.0,0.0,1.0,0.0
1999322719.0,42,Pennsylvania,12984655,42045,Delaware,576666.0,0.847389959600951,0.9394618807,2,2,2,2.0,0.0,0.0,1.0,0.0,1.0,0.0,1.0
1993674979.0,42,Pennsylvania,12984655,42091,Montgomery,865483.0,1.18425955811763,1.0974180713,2,6,1,2.0,0.0,0.0,0.0,0.0,0.0,1.0,0.0
1997631901.0,42,Pennsylvania,12984655,42133,York,461464.0,2.6550759045176,2.0242877602,2,2,4,2.0,1.0,1.0,1.0,1.0,1.0,0.0,1.0
2009720225.0,42,Pennsylvania,12984655,42041,Cumberland,268588.0,1.85339485959894,1.6929808281,2,5,1,2.0,0.0,0.0,0.0,0.0,0.0,1.0,0.0
1997830689.0,42,Pennsylvania,12984655,42091,Montgomery,865483.0,4.28820980878325,2.4806854059,1,5,1,2.0,0.0,1.0,0.0,0.0,0.0,1.0,0.0
2022001471.0,42,Pennsylvania,12984655,42069,Lackawanna,215714.0,0.443176266403669,,1,2,1,2.0,1.0,0.0,1.0,0.0,0.0,1.0,1.0
2030479389.0,42,Pennsylvania,12984655,42123,Warren,37824.0,4.65771912022628,,1,2,1,2.0,0.0,1.0,1.0,0.0,1.0,1.0,0.0
2014495719.0,42,Pennsylvania,12984655,42101,Philadelphia,1572341.0,0.89393428146177,0.9409109814000001,1,6,1,2.0,0.0,0.0,0.0,0.0,0.0,1.0,0.0
2014035163.0,42,Pennsylvania,12984655,42101,Philadelphia,1572341.0,3.60254443472848,,1,2,3,1.0,1.0,1.0,1.0,0.0,1.0,0.0,1.0
2039417303.0,42,Pennsylvania,12984655,42003,Allegheny,1233325.0,0.891554991040227,0.8699040432,2,5,1,2.0,1.0,1.0,1.0,1.0,1.0,1.0,1.0
2038704575.0,42,Pennsylvania,12984655,42077,Lehigh,376746.0,1.01940246720759,1.0996122119,2,5,1,2.0,1.0,1.0,1.0,0.0,1.0,1.0,1.0
1996763411.0,42,Pennsylvania,12984655,42071,Lancaster,557092.0,0.768672863060242,0.8034774304000001,1,3,1,2.0,0.0,0.0,0.0,0.0,0.0,1.0,0.0
2009111331.0,42,Pennsylvania,12984655,42055,Franklin,157038.0,1.56171402715144,3.8505576357,1,2,1,2.0,0.0,0.0,0.0,0.0,0.0,1.0,0.0
2011277855.0,09,Connecticut,3618707,09009,New Haven,,1.00624311092454,1.1231150484,1,5,1,2.0,1.0,0.0,0.0,1.0,0.0,1.0,0.0
2010899959.0,09,Connecticut,3618707,09009,New Haven,,3.81902742039372,2.389746319,1,5,3,,1.0,1.0,1.0,1.0,1.0,1.0,0.0
2026343481.0,09,Connecticut,3618707,09003,Hartford,,3.03687646731315,,1,2,1,2.0,0.0,0.0,0.0,0.0,0.0,1.0,0.0
2015166761.0,09,Connecticut,3618707,09001,Fairfield,,0.66607425176089,,2,2,3,1.0,1.0,1.0,1.0,1.0,1.0,1.0,1.0
1995238513.0,09,Connecticut,3618707,09011,New London,,0.433620570681004,0.5737513578,2,4,1,2.0,1.0,1.0,1.0,1.0,1.0,1.0,1.0
2014897227.0,09,Connecticut,3618707,09009,New Haven,,0.698616976261607,0.5978560279,1,5,3,1.0,0.0,1.0,1.0,1.0,1.0,1.0,1.0
2020803341.0,09,Connecticut,3618707,09007,Middlesex,,0.639153176466865,0.8177383753,1,3,1,2.0,0.0,0.0,0.0,0.0,1.0,1.0,0.0
1999259165.0,09,Connecticut,3618707,09001,Fairfield,,1.0906217181369,0.8988685893,1,6,1,2.0,1.0,1.0,0.0,1.0,1.0,1.0,1.0
2038800565.0,09,Connecticut,3618707,09013,Tolland,,1.6701445063131,,2,4,1,2.0,1.0,1.0,1.0,1.0,1.0,0.0,1.0
1995151051.0,09,Connecticut,3618707,09003,Hartford,,0.887117753220796,0.709570602,1,6,1,2.0,1.0,1.0,1.0,1.0,1.0,0.0,1.0
2036916527.0,09,Connecticut,3618707,09001,Fairfield,,2.08895803120795,1.0699919548,2,4,2,1.0,1.0,1.0,1.0,0.0,1.0,1.0,1.0
1999116837.0,09,Connecticut,3618707,09009,New Haven,,3.1879905770946,,1,2,1,2.0,1.0,1.0,0.0,0.0,0.0,0.0,1.0
2038834957.0,09,Connecticut,3618707,09003,Hartford,,2.57615074487982,,2,3,6,1.0,1.0,1.0,1.0,1.0,1.0,0.0,1.0
2041598357.0,09,Connecticut,3618707,09009,New Haven,,1.84455515636179,,1,4,1,2.0,0.0,0.0,0.0,0.0,1.0,1.0,0.0
2044490191.0,09,Connecticut,3618707,09003,Hartford,,4.36444070809405,,3,1,3,,1.0,1.0,1.0,1.0,1.0,0.0,1.0
2038219283.0,09,Connecticut,3618707,09009,New Haven,,4.36444070809405,,1,1,1,1.0,1.0,1.0,1.0,1.0,1.0,1.0,1.0
2035266969.0,09,Connecticut,3618707,09003,Hartford,,1.86303290894567,,1,3,1,2.0,1.0,0.0,0.0,0.0,1.0,1.0,1.0
2027822673.0,09,Connecticut,3618707,09001,Fairfield,,1.6701445063131,1.38155338,2,3,1,2.0,1.0,1.0,1.0,1.0,1.0,0.0,1.0
2037448967.0,09,Connecticut,3618707,09001,Fairfield,,0.476764735189202,,2,5,1,2.0,1.0,1.0,1.0,1.0,1.0,0.0,1.0
2000860535.0,09,Connecticut,3618707,09009,New Haven,,1.29288065998386,1.4173196529,1,5,1,2.0,1.0,1.0,1.0,1.0,1.0,0.0,1.0
2021899037.0,09,Connecticut,3618707,09009,New Haven,,0.552032394637133,4.2491234662,2,5,4,2.0,1.0,1.0,1.0,1.0,1.0,0.0,1.0
2021500069.0,09,Connecticut,3618707,09013,Tolland,,1.17116691054693,0.8560813879,2,6,1,2.0,1.0,1.0,1.0,1.0,1.0,0.0,1.0
2039032407.0,09,Connecticut,3618707,09003,Hartford,,0.433620570681004,0.5737513578,2,4,1,2.0,1.0,1.0,1.0,0.0,1.0,1.0,1.0
2018347635.0,09,Connecticut,3618707,09013,Tolland,,0.970376892841505,1.2333930802,2,3,1,2.0,0.0,0.0,0.0,0.0,0.0,1.0,0.0
2014610995.0,09,Connecticut,3618707,09005,Litchfield,,2.91894318171986,1.1763542098,2,3,1,2.0,1.0,1.0,1.0,1.0,1.0,0.0,1.0
2029420803.0,09,Connecticut,3618707,09009,New Haven,,0.66607425176089,,2,2,3,,0.0,1.0,0.0,1.0,0.0,0.0,1.0
2011871021.0,09,Connecticut,3618707,09001,Fairfield,,1.80144773344672,1.2557743846,2,6,1,2.0,0.0,0.0,0.0,0.0,0.0,1.0,0.0
2001019791.0,09,Connecticut,3618707,09009,New Haven,,1.66367690986119,1.797396531,1,6,1,2.0,1.0,1.0,1.0,1.0,1.0,0.0,1.0
2019339509.0,09,Connecticut,3618707,09011,New London,,0.912121472381629,2.3066901457,1,2,1,2.0,0.0,1.0,1.0,0.0,0.0,0.0,1.0
2009197231.0,09,Connecticut,3618707,09003,Hartford,,2.96944227992833,,2,5,4,2.0,1.0,1.0,0.0,1.0,1.0,1.0,1.0
2014782757.0,09,Connecticut,3618707,09005,Litchfield,,1.41478870788438,1.3301751367999999,1,4,1,2.0,0.0,0.0,0.0,0.0,0.0,1.0,0.0
2013891225.0,09,Connecticut,3618707,09003,Hartford,,1.45464407680971,1.4824094676000001,1,4,1,2.0,1.0,1.0,1.0,1.0,1.0,0.0,1.0
2012635685.0,09,Connecticut,3618707,09011,New London,,1.13259407906677,0.7125524653,1,5,1,2.0,1.0,1.0,1.0,1.0,1.0,1.0,1.0
2013723689.0,24,Maryland,6183257,24031,Montgomery,1058546.0,0.664105888334885,0.49418470270000003,2,5,1,2.0,1.0,1.0,1.0,1.0,1.0,0.0,1.0
2031174969.0,24,Maryland,6183257,24003,Anne Arundel,598102.0,2.25753497776175,,1,3,1,2.0,0.0,0.0,1.0,1.0,0.0,1.0,1.0
2013123561.0,24,Maryland,6183257,24047,Worcester,53974.0,0.989778248354462,1.128180251,2,2,2,2.0,1.0,1.0,1.0,1.0,1.0,1.0,1.0
2042352987.0,24,Maryland,6183257,24031,Montgomery,1058546.0,5.57153827282132,2.7250510018,1,6,2,2.0,1.0,1.0,1.0,1.0,1.0,0.0,1.0
2042443943.0,24,Maryland,6183257,24005,Baltimore,847672.0,2.73238341187386,,1,2,2,2.0,1.0,1.0,1.0,1.0,0.0,0.0,1.0
2017068527.0,24,Maryland,6183257,24031,Montgomery,1058546.0,1.27349031160783,1.1303861546,2,6,1,2.0,1.0,1.0,1.0,1.0,1.0,0.0,1.0
2013702117.0,24,Maryland,6183257,24025,Harford,263749.0,0.666780319962019,0.4583169131,1,3,1,2.0,1.0,1.0,1.0,1.0,1.0,0.0,1.0
2019477485.0,24,Maryland,6183257,24027,Howard,335900.0,0.155240875260816,,2,5,8,2.0,0.0,1.0,1.0,1.0,1.0,1.0,1.0
2039184707.0,24,Maryland,6183257,24031,Montgomery,1058546.0,0.816718356017019,0.7573077488000001,1,5,1,2.0,1.0,0.0,0.0,1.0,0.0,1.0,0.0
2029148045.0,24,Maryland,6183257,24031,Montgomery,1058546.0,4.0738327109528,0.8878443715000001,1,2,2,2.0,0.0,1.0,1.0,1.0,1.0,1.0,0.0
2037907783.0,24,Maryland,6183257,24033,Prince George's,952326.0,6.92045346318816,,1,3,2,2.0,0.0,1.0,0.0,1.0,1.0,0.0,0.0
2018033253.0,24,Maryland,6183257,24005,Baltimore,847672.0,3.68803918410874,5.5966279806,2,1,2,2.0,1.0,1.0,1.0,0.0,1.0,1.0,1.0
2026743741.0,24,Maryland,6183257,24033,Prince George's,952326.0,1.00911167983814,1.6641171079000001,2,5,2,2.0,1.0,0.0,1.0,1.0,0.0,1.0,0.0
2012685881.0,24,Maryland,6183257,24021,Frederick,287899.0,7.38285462702979,,2,5,4,2.0,0.0,0.0,0.0,0.0,0.0,1.0,0.0
2034524903.0,24,Maryland,6183257,24047,Worcester,53974.0,0.151489953468776,,2,3,2,2.0,1.0,1.0,0.0,1.0,1.0,0.0,1.0
2011235921.0,24,Maryland,6183257,24005,Baltimore,847672.0,0.758208736255381,1.2989603051,2,5,2,2.0,1.0,1.0,1.0,1.0,1.0,1.0,1.0
2031397677.0,24,Maryland,6183257,24005,Baltimore,847672.0,1.65190125344105,1.5230317897,1,2,1,2.0,0.0,1.0,1.0,0.0,0.0,1.0,1.0
2039700021.0,24,Maryland,6183257,24003,Anne Arundel,598102.0,1.11628028328601,1.0964132023,2,3,1,2.0,0.0,0.0,0.0,0.0,0.0,1.0,0.0
1999398645.0,24,Maryland,6183257,24017,Charles,170246.0,1.27349031160783,1.1303861546,2,6,1,2.0,1.0,1.0,1.0,1.0,1.0,1.0,1.0
2026683137.0,24,Maryland,6183257,24003,Anne Arundel,598102.0,0.876172771662877,,2,3,2,2.0,0.0,1.0,1.0,1.0,1.0,1.0,0.0
1998510525.0,24,Maryland,6183257,24031,Montgomery,1058546.0,2.47675609730042,1.9705857785,1,6,4,2.0,0.0,1.0,0.0,0.0,0.0,1.0,0.0
2034261381.0,24,Maryland,6183257,24510,Baltimore city,570475.0,2.58305986571563,,2,2,1,2.0,1.0,1.0,1.0,1.0,1.0,0.0,1.0
1998582413.0,24,Maryland,6183257,24005,Baltimore,847672.0,0.410450366743728,0.7198763328000001,2,3,7,2.0,1.0,1.0,1.0,1.0,1.0,1.0,1.0
2039696447.0,24,Maryland,6183257,24031,Montgomery,1058546.0,0.773012693672555,1.0079045211,2,2,1,2.0,0.0,1.0,0.0,0.0,0.0,1.0,0.0
1999672363.0,24,Maryland,6183257,24047,Worcester,53974.0,1.0957777246396,1.9948206551,1,5,1,2.0,0.0,0.0,0.0,0.0,0.0,1.0,0.0
2043935371.0,24,Maryland,6183257,24510,Baltimore city,570475.0,11.0259259084447,,1,2,2,2.0,1.0,1.0,0.0,1.0,1.0,1.0,0.0
2037801529.0,24,Maryland,6183257,24009,Calvert,94655.0,2.05269180720315,1.1854992006,2,6,1,2.0,1.0,1.0,1.0,0.0,1.0,1.0,1.0
2023100243.0,24,Maryland,6183257,24011,Caroline,33528.0,2.58305986571563,,2,2,1,2.0,0.0,1.0,1.0,1.0,1.0,0.0,0.0
2034369849.0,24,Maryland,6183257,24033,Prince George's,952326.0,3.57418219060835,,1,1,6,2.0,1.0,0.0,1.0,0.0,1.0,0.0,1.0
2037353083.0,24,Maryland,6183257,24027,Howard,335900.0,0.892770224923871,0.9593022722000001,2,5,1,2.0,1.0,1.0,1.0,1.0,1.0,0.0,1.0
2043733251.0,24,Maryland,6183257,24033,Prince George's,952326.0,4.70062834447671,,1,2,1,2.0,1.0,0.0,0.0,0.0,0.0,0.0,0.0
2012091139.0,24,Maryland,6183257,24023,Garrett,28558.0,1.48567461435519,1.4046310423000001,2,4,1,2.0,0.0,0.0,0.0,0.0,1.0,1.0,0.0
2022707763.0,24,Maryland,6183257,24005,Baltimore,847672.0,6.58989775895037,,2,2,7,2.0,1.0,1.0,0.0,1.0,0.0,1.0,1.0
2026742381.0,24,Maryland,6183257,24041,Talbot,37901.0,1.69663455219793,1.0980237433,2,6,3,1.0,0.0,0.0,0.0,0.0,0.0,1.0,0.0
2008621265.0,24,Maryland,6183257,24033,Prince George's,952326.0,0.929971614676567,0.6522806647,1,3,1,2.0,0.0,0.0,0.0,0.0,1.0,1.0,0.0
2022098795.0,24,Maryland,6183257,24031,Montgomery,1058546.0,0.782287978141069,1.0490475497,1,6,1,2.0,0.0,0.0,0.0,0.0,0.0,1.0,0.0
2022354973.0,24,Maryland,6183257,24045,Wicomico,105131.0,4.70062834447671,,1,2,1,2.0,1.0,1.0,1.0,1.0,1.0,0.0,0.0
2015886893.0,24,Maryland,6183257,24043,Washington,154503.0,0.158174161517486,,2,2,1,2.0,,0.0,1.0,1.0,0.0,0.0,0.0
2018698297.0,24,Maryland,6183257,24001,Allegany,67013.0,4.19674159509787,,2,3,1,2.0,1.0,1.0,1.0,0.0,1.0,1.0,0.0
2035455097.0,24,Maryland,6183257,24031,Montgomery,1058546.0,3.55290533095775,,1,4,2,2.0,0.0,1.0,0.0,1.0,0.0,1.0,0.0
2037519947.0,24,Maryland,6183257,24005,Baltimore,847672.0,0.786780872241928,1.1425439274,1,3,2,2.0,0.0,0.0,0.0,0.0,1.0,1.0,1.0
2017003881.0,24,Maryland,6183257,24041,Talbot,37901.0,1.13127549414841,2.4897309732,1,5,1,2.0,0.0,1.0,0.0,1.0,0.0,1.0,0.0
2020931817.0,24,Maryland,6183257,24003,Anne Arundel,598102.0,5.31676893117595,0.7361012284,2,2,3,1.0,1.0,1.0,0.0,1.0,1.0,1.0,1.0
2042329411.0,24,Maryland,6183257,24005,Baltimore,847672.0,1.04288229208253,0.9829671439000001,1,3,1,2.0,1.0,0.0,0.0,0.0,0.0,1.0,0.0
1999631303.0,24,Maryland,6183257,24009,Calvert,94655.0,3.26701893357847,2.8309833358,1,1,1,2.0,1.0,1.0,1.0,1.0,1.0,0.0,1.0
1998928799.0,24,Maryland,6183257,24510,Baltimore city,570475.0,4.13309941404974,,1,5,1,2.0,1.0,1.0,1.0,1.0,1.0,1.0,1.0
1998601979.0,24,Maryland,6183257,24510,Baltimore city,570475.0,1.86784440887841,,2,1,5,2.0,0.0,0.0,0.0,0.0,0.0,0.0,0.0
2026743369.0,24,Maryland,6183257,24003,Anne Arundel,598102.0,0.558547740202391,1.1279774003,2,3,2,2.0,1.0,0.0,1.0,0.0,1.0,0.0,1.0
2015019065.0,24,Maryland,6183257,24045,Wicomico,105131.0,0.892770224923871,0.9593022722000001,2,5,1,2.0,1.0,1.0,0.0,1.0,1.0,1.0,1.0
2034745015.0,24,Maryland,6183257,24033,Prince George's,952326.0,10.2993683958987,,2,5,4,2.0,1.0,1.0,1.0,1.0,1.0,0.0,1.0
2030976903.0,24,Maryland,6183257,24005,Baltimore,847672.0,4.19674159509787,,2,3,1,2.0,1.0,1.0,1.0,1.0,1.0,1.0,1.0
2013809223.0,24,Maryland,6183257,24003,Anne Arundel,598102.0,2.76835871372344,1.9443878083000001,2,5,1,2.0,1.0,1.0,1.0,1.0,1.0,0.0,1.0
2039665455.0,24,Maryland,6183257,24003,Anne Arundel,598102.0,9.77802846044716,3.9240892244000003,2,2,1,2.0,0.0,1.0,1.0,1.0,1.0,1.0,0.0
2012477077.0,24,Maryland,6183257,24510,Baltimore city,570475.0,0.648013791082311,2.3156204376,2,2,1,1.0,1.0,1.0,1.0,1.0,1.0,0.0,1.0
2014044991.0,24,Maryland,6183257,24510,Baltimore city,570475.0,4.0269586459521,1.4559712407,2,3,6,2.0,1.0,1.0,1.0,1.0,1.0,0.0,1.0
2011579465.0,24,Maryland,6183257,24510,Baltimore city,570475.0,0.821734738108762,0.6654435603000001,2,6,1,2.0,1.0,1.0,1.0,1.0,1.0,0.0,1.0
2004323379.0,33,New Hampshire,1396647,33011,Hillsborough,426329.0,1.50230876375071,0.9657537085000001,1,6,1,2.0,0.0,0.0,0.0,0.0,0.0,1.0,0.0
2000603401.0,33,New Hampshire,1396647,33003,Carroll,52093.0,0.901095509191327,,2,4,1,2.0,1.0,0.0,0.0,1.0,0.0,1.0,0.0
2042330371.0,33,New Hampshire,1396647,33011,Hillsborough,426329.0,0.923884018002528,0.7244159606,1,6,1,2.0,1.0,1.0,1.0,1.0,1.0,0.0,1.0
2018039907.0,33,New Hampshire,1396647,33009,Grafton,92918.0,0.243859583628534,0.310327409,3,5,7,2.0,1.0,1.0,1.0,1.0,1.0,0.0,1.0
2015327157.0,33,New Hampshire,1396647,33015,Rockingham,319262.0,1.13612541020677,1.0459459549,2,5,1,2.0,1.0,1.0,1.0,1.0,1.0,0.0,1.0
2034525921.0,33,New Hampshire,1396647,33013,Merrimack,156220.0,3.06322295809197,,1,3,1,2.0,1.0,1.0,1.0,1.0,1.0,1.0,1.0
2026759569.0,33,New Hampshire,1396647,33015,Rockingham,319262.0,2.38205356434092,,2,2,1,2.0,1.0,1.0,0.0,1.0,1.0,1.0,1.0
2038247049.0,33,New Hampshire,1396647,33003,Carroll,52093.0,0.679845371822741,1.0279114202,2,3,1,2.0,1.0,1.0,1.0,1.0,1.0,1.0,1.0
2021070929.0,33,New Hampshire,1396647,33011,Hillsborough,426329.0,1.42776636673146,1.5607836819,1,5,1,2.0,1.0,1.0,1.0,0.0,1.0,0.0,0.0
2015339681.0,33,New Hampshire,1396647,33011,Hillsborough,426329.0,0.895176149263253,1.0114588657,2,3,1,2.0,1.0,1.0,1.0,1.0,1.0,1.0,0.0
2044125349.0,33,New Hampshire,1396647,33013,Merrimack,156220.0,0.606977451162317,,1,2,1,2.0,1.0,1.0,1.0,1.0,1.0,1.0,1.0
2034580283.0,33,New Hampshire,1396647,33001,Belknap,64643.0,6.91566416128671,,2,3,1,2.0,1.0,1.0,1.0,1.0,1.0,0.0,1.0
2039697169.0,33,New Hampshire,1396647,33005,Cheshire,77380.0,1.32511361736206,,1,4,1,2.0,0.0,0.0,0.0,0.0,0.0,1.0,0.0
1999897861.0,13,Georgia,10929992,13135,Gwinnett,979814.0,5.13873665336963,,2,3,2,2.0,1.0,1.0,1.0,1.0,1.0,0.0,1.0
2039064655.0,13,Georgia,10929992,13121,Fulton,1076385.0,1.26011580174847,,2,3,2,2.0,1.0,1.0,1.0,1.0,1.0,1.0,1.0
2028582211.0,13,Georgia,10929992,13121,Fulton,1076385.0,0.922116813664291,1.0063835556,2,2,1,2.0,0.0,1.0,0.0,1.0,1.0,1.0,0.0
1999375801.0,13,Georgia,10929992,13119,Franklin,24155.0,0.81440336813379,0.7477619323,1,2,1,2.0,0.0,0.0,0.0,0.0,0.0,1.0,0.0
2023627759.0,13,Georgia,10929992,13089,DeKalb,764752.0,1.45696349063334,,1,2,2,2.0,0.0,0.0,0.0,1.0,0.0,0.0,1.0
2031250921.0,13,Georgia,10929992,13121,Fulton,1076385.0,1.98464440583607,,2,2,2,2.0,1.0,0.0,0.0,0.0,1.0,1.0,1.0
1984366537.0,13,Georgia,10929992,13121,Fulton,1076385.0,0.860249983389748,0.9212399353,1,6,1,2.0,0.0,0.0,0.0,0.0,0.0,1.0,0.0
2016020651.0,13,Georgia,10929992,13039,Camden,57026.0,0.975615651248086,1.0141978604,2,5,1,2.0,0.0,0.0,0.0,0.0,0.0,1.0,0.0
2035020651.0,13,Georgia,10929992,13121,Fulton,1076385.0,2.86113934922402,0.3169991257,2,5,2,2.0,1.0,1.0,1.0,1.0,1.0,0.0,1.0
2012628381.0,13,Georgia,10929992,13031,Bulloch,83011.0,0.644994198673325,,1,2,3,1.0,1.0,1.0,1.0,1.0,0.0,0.0,0.0
2016249249.0,13,Georgia,10929992,13191,McIntosh,11194.0,1.22500567226559,0.4492371472,2,3,1,2.0,1.0,1.0,1.0,0.0,1.0,1.0,1.0
2016460719.0,13,Georgia,10929992,13255,Spalding,68993.0,0.247018262673107,1.1138620608,2,2,1,2.0,0.0,1.0,1.0,1.0,1.0,1.0,0.0
2013746687.0,13,Georgia,10929992,13089,DeKalb,764752.0,0.191152121297847,0.8207545241,2,6,1,2.0,1.0,0.0,0.0,0.0,1.0,1.0,0.0
2041446437.0,13,Georgia,10929992,13089,DeKalb,764752.0,4.77383452659006,0.9019012023,1,5,4,2.0,1.0,1.0,0.0,1.0,1.0,1.0,1.0
2035652949.0,13,Georgia,10929992,13245,Richmond,206837.0,2.53780067430981,,2,2,4,1.0,1.0,1.0,0.0,0.0,0.0,1.0,0.0
1999552483.0,13,Georgia,10929992,13151,Henry,248841.0,4.00519943170055,3.0161950157,1,5,2,2.0,1.0,1.0,1.0,0.0,1.0,0.0,0.0
2045862963.0,13,Georgia,10929992,13089,DeKalb,764752.0,0.949375753294544,1.0159230226,2,6,1,2.0,1.0,1.0,1.0,1.0,1.0,0.0,1.0
2039940581.0,13,Georgia,10929992,13157,Jackson,84157.0,0.586673927371287,,2,4,3,,1.0,1.0,0.0,0.0,1.0,1.0,1.0
2013240023.0,13,Georgia,10929992,13245,Richmond,206837.0,3.2547614992644,,2,3,1,2.0,1.0,0.0,1.0,0.0,1.0,0.0,0.0
2037923719.0,13,Georgia,10929992,13277,Tift,41381.0,1.13776562759222,1.143879302,1,6,1,2.0,0.0,0.0,0.0,0.0,0.0,1.0,0.0
1999239719.0,13,Georgia,10929992,13187,Lumpkin,34709.0,4.01592125595,,1,3,2,2.0,0.0,1.0,0.0,0.0,0.0,1.0,0.0
2045337691.0,13,Georgia,10929992,13245,Richmond,206837.0,0.573015139182309,0.6393116271,1,3,2,2.0,0.0,1.0,1.0,1.0,1.0,0.0,1.0
2030845255.0,13,Georgia,10929992,13067,Cobb,774481.0,5.1238458128924,,1,5,1,2.0,1.0,0.0,1.0,0.0,1.0,0.0,0.0
2028985799.0,13,Georgia,10929992,13235,Pulaski,9947.0,1.14083581673838,,2,3,2,2.0,1.0,1.0,0.0,0.0,1.0,1.0,0.0
1998892861.0,13,Georgia,10929992,13097,Douglas,147617.0,0.77860630048784,0.640818081,1,6,1,2.0,1.0,1.0,1.0,1.0,1.0,0.0,1.0
1980103139.0,13,Georgia,10929992,13063,Clayton,298010.0,8.85502654618109,,1,2,3,1.0,1.0,1.0,1.0,1.0,0.0,1.0,1.0
1993780993.0,13,Georgia,10929992,13073,Columbia,162441.0,0.629373811810401,0.5204195932,1,6,1,2.0,1.0,1.0,1.0,1.0,1.0,0.0,1.0
2011796167.0,13,Georgia,10929992,13087,Decatur,29146.0,4.9407874739041,2.2258620371,1,2,2,2.0,1.0,1.0,1.0,0.0,1.0,1.0,1.0
2002986349.0,13,Georgia,10929992,13089,DeKalb,764752.0,0.264909456444394,,1,2,2,2.0,0.0,1.0,1.0,1.0,1.0,0.0,0.0
2035418711.0,13,Georgia,10929992,13051,Chatham,301720.0,0.962808548095721,,1,5,3,,1.0,1.0,1.0,1.0,1.0,1.0,1.0
2011061471.0,13,Georgia,10929992,13135,Gwinnett,979814.0,4.83778366877761,,1,5,2,2.0,1.0,1.0,1.0,1.0,1.0,1.0,1.0
2041081951.0,13,Georgia,10929992,13115,Floyd,99425.0,3.24719508032306,,1,2,1,2.0,1.0,0.0,0.0,0.0,0.0,0.0,1.0
2029609373.0,13,Georgia,10929992,13009,Baldwin,43654.0,0.507800814365541,0.2503608396,2,3,2,2.0,1.0,1.0,0.0,0.0,1.0,1.0,1.0
1995808915.0,13,Georgia,10929992,13089,DeKalb,764752.0,0.531845391795984,0.3895816466,1,5,1,2.0,0.0,1.0,1.0,1.0,1.0,1.0,1.0
1984185095.0,13,Georgia,10929992,13089,DeKalb,764752.0,0.468786157438095,0.5367251684000001,1,3,1,2.0,1.0,1.0,1.0,1.0,1.0,1.0,1.0
1997395003.0,13,Georgia,10929992,13219,Oconee,43622.0,3.36232695885538,,1,3,1,2.0,0.0,0.0,0.0,0.0,1.0,1.0,0.0
1990001127.0,13,Georgia,10929992,13135,Gwinnett,979814.0,4.81532710909997,,1,2,4,2.0,1.0,1.0,1.0,1.0,1.0,0.0,1.0
2036627729.0,13,Georgia,10929992,13089,DeKalb,764752.0,6.82125467667791,4.7159854783,1,1,2,2.0,0.0,1.0,1.0,1.0,0.0,1.0,0.0
2037606267.0,13,Georgia,10929992,13135,Gwinnett,979814.0,1.22500567226559,1.170232488,2,4,1,2.0,0.0,0.0,0.0,0.0,0.0,1.0,0.0
1997595059.0,13,Georgia,10929992,13279,Toombs,26868.0,0.585015624066554,0.500203529,1,6,1,2.0,1.0,1.0,1.0,1.0,1.0,1.0,1.0
2042328991.0,13,Georgia,10929992,13067,Cobb,774481.0,0.782064564836921,0.7854967005,1,5,1,2.0,0.0,0.0,0.0,0.0,0.0,1.0,0.0
2034740055.0,13,Georgia,10929992,13145,Harris,36320.0,0.645917880064957,,2,2,1,2.0,1.0,0.0,1.0,1.0,1.0,0.0,1.0
2031501179.0,13,Georgia,10929992,13027,Brooks,16272.0,0.635685865216144,,1,3,2,2.0,0.0,0.0,1.0,1.0,0.0,0.0,0.0
2023332245.0,13,Georgia,10929992,13121,Fulton,1076385.0,0.949375753294544,1.0159230226,2,6,1,2.0,1.0,1.0,1.0,0.0,0.0,0.0,1.0
1995896039.0,13,Georgia,10929992,13113,Fayette,122106.0,1.04698624923847,0.9963749734,2,3,1,2.0,0.0,1.0,0.0,0.0,1.0,1.0,0.0
2011277541.0,13,Georgia,10929992,13095,Dougherty,83021.0,1.39345011764757,1.2764705993,2,3,1,2.0,0.0,0.0,0.0,0.0,0.0,1.0,0.0
2000669733.0,13,Georgia,10929992,13051,Chatham,301720.0,1.32131869952795,2.5766120304999998,2,1,2,2.0,1.0,0.0,0.0,1.0,0.0,1.0,0.0
2018918983.0,13,Georgia,10929992,13299,Ware,35660.0,8.27045617546855,0.60962174,2,1,1,2.0,0.0,0.0,1.0,0.0,0.0,1.0,1.0
2034526083.0,13,Georgia,10929992,13089,DeKalb,764752.0,1.28539002076356,1.87985838,1,2,2,2.0,1.0,1.0,0.0,0.0,1.0,1.0,1.0
2025668049.0,13,Georgia,10929992,13121,Fulton,1076385.0,1.15179896151359,1.0256442231,2,2,2,2.0,1.0,1.0,1.0,1.0,1.0,0.0,1.0
2039083325.0,13,Georgia,10929992,13067,Cobb,774481.0,0.34122728674413,,1,2,1,2.0,0.0,1.0,1.0,1.0,1.0,1.0,1.0
2009252453.0,13,Georgia,10929992,13075,Cook,17398.0,2.98467951072852,,2,1,2,2.0,1.0,0.0,0.0,0.0,0.0,0.0,0.0
350270957.0,13,Georgia,10929992,13103,Effingham,69010.0,1.3841529612993,1.523121423,1,3,1,2.0,0.0,0.0,0.0,0.0,0.0,1.0,0.0
2010392579.0,13,Georgia,10929992,13067,Cobb,774481.0,2.94988793587466,,2,5,4,2.0,1.0,1.0,1.0,1.0,1.0,1.0,1.0
2012912487.0,13,Georgia,10929992,13153,Houston,169679.0,0.130291890970802,0.7255844024,1,3,1,2.0,0.0,0.0,0.0,0.0,0.0,1.0,0.0
2032687923.0,13,Georgia,10929992,13185,Lowndes,119517.0,1.94942182617605,,1,2,1,2.0,0.0,1.0,0.0,0.0,0.0,1.0,1.0
2042375021.0,13,Georgia,10929992,13063,Clayton,298010.0,0.293744881152779,0.20221712360000002,2,2,2,2.0,1.0,1.0,1.0,1.0,0.0,0.0,1.0
2025557173.0,13,Georgia,10929992,13159,Jasper,15984.0,1.17140772913174,2.0474339603,1,5,2,2.0,1.0,1.0,1.0,1.0,1.0,1.0,1.0
1997396073.0,13,Georgia,10929992,13045,Carroll,124002.0,2.93403201605268,,2,2,1,2.0,0.0,1.0,0.0,1.0,1.0,1.0,0.0
2026743321.0,13,Georgia,10929992,13063,Clayton,298010.0,0.493270922533423,0.449036474,1,5,2,2.0,1.0,1.0,1.0,1.0,1.0,1.0,1.0
1996064521.0,13,Georgia,10929992,13185,Lowndes,119517.0,1.79623641786154,,1,5,1,2.0,0.0,0.0,0.0,0.0,0.0,1.0,0.0
2040054591.0,13,Georgia,10929992,13151,Henry,248841.0,0.603489882814302,1.0323273279,1,2,2,2.0,1.0,1.0,0.0,1.0,0.0,0.0,1.0
2008988671.0,13,Georgia,10929992,13097,Douglas,147617.0,0.58015546996565,0.796217601,1,2,1,2.0,0.0,0.0,0.0,0.0,1.0,1.0,0.0
1999002275.0,13,Georgia,10929992,13067,Cobb,774481.0,2.777777102159,0.5357285908,1,2,1,2.0,0.0,0.0,0.0,0.0,1.0,1.0,0.0
2010423453.0,13,Georgia,10929992,13135,Gwinnett,979814.0,1.25823305065428,1.2903257446,2,5,1,2.0,0.0,0.0,0.0,0.0,0.0,1.0,0.0
2038229869.0,13,Georgia,10929992,13151,Henry,248841.0,2.92417090045167,,1,2,3,1.0,1.0,1.0,1.0,1.0,1.0,1.0,1.0
2034918653.0,13,Georgia,10929992,13089,DeKalb,764752.0,3.33630841775207,4.2600553384,1,5,1,2.0,1.0,0.0,0.0,0.0,1.0,0.0,0.0
2026743827.0,13,Georgia,10929992,13151,Henry,248841.0,1.03665536489046,,2,5,2,2.0,1.0,1.0,1.0,1.0,1.0,1.0,1.0
2022141159.0,13,Georgia,10929992,13121,Fulton,1076385.0,3.37703994938979,1.0599110426,2,5,1,2.0,1.0,1.0,1.0,1.0,1.0,1.0,1.0
2004098683.0,13,Georgia,10929992,13151,Henry,248841.0,0.721665549596422,,1,6,1,2.0,0.0,1.0,1.0,0.0,0.0,1.0,1.0
2043492659.0,13,Georgia,10929992,13135,Gwinnett,979814.0,5.17571307621635,,2,4,6,2.0,0.0,1.0,1.0,1.0,1.0,1.0,1.0
2012767821.0,13,Georgia,10929992,13121,Fulton,1076385.0,0.441748190131557,0.8454179762,2,6,2,2.0,1.0,0.0,1.0,0.0,1.0,1.0,1.0
2022182581.0,13,Georgia,10929992,13021,Bibb,156302.0,0.949375753294544,,2,6,1,2.0,1.0,1.0,1.0,1.0,1.0,0.0,1.0
2031551815.0,13,Georgia,10929992,13013,Barrow,89551.0,0.762634670405836,,1,4,2,2.0,0.0,1.0,1.0,1.0,0.0,1.0,1.0
2029151945.0,13,Georgia,10929992,13115,Floyd,99425.0,0.836589770281745,,1,3,1,2.0,1.0,1.0,1.0,0.0,0.0,1.0,1.0
2043238105.0,13,Georgia,10929992,13051,Chatham,301720.0,2.78424971152207,,2,3,1,2.0,0.0,0.0,0.0,0.0,0.0,0.0,0.0
2006680035.0,13,Georgia,10929992,13233,Polk,43742.0,1.39345011764757,1.2764705993,2,4,1,2.0,0.0,1.0,1.0,0.0,1.0,1.0,0.0
2018220001.0,13,Georgia,10929992,13031,Bulloch,83011.0,3.1007924388242,,2,3,1,2.0,0.0,0.0,0.0,0.0,0.0,0.0,0.0
2015387067.0,13,Georgia,10929992,13317,Wilkes,9587.0,0.41561142404827,2.0342550581,2,3,2,2.0,1.0,1.0,0.0,0.0,0.0,1.0,1.0
2017474089.0,13,Georgia,10929992,13031,Bulloch,83011.0,3.9049483800996,,2,2,1,2.0,0.0,0.0,1.0,1.0,0.0,1.0,1.0
1998325537.0,13,Georgia,10929992,13077,Coweta,152950.0,1.08390198053129,,1,2,1,2.0,0.0,0.0,0.0,0.0,1.0,1.0,0.0
2001018295.0,13,Georgia,10929992,13067,Cobb,774481.0,0.922116813664291,1.0063835556,2,2,1,2.0,0.0,0.0,0.0,0.0,0.0,1.0,0.0
2012461465.0,13,Georgia,10929992,13135,Gwinnett,979814.0,3.72048725561744,4.8270290265,2,6,2,2.0,1.0,0.0,1.0,0.0,0.0,1.0,1.0
2012053673.0,13,Georgia,10929992,13015,Bartow,112751.0,1.11190870510295,1.0494799227,2,5,1,2.0,1.0,1.0,1.0,1.0,1.0,1.0,1.0
2015817111.0,13,Georgia,10929992,13089,DeKalb,764752.0,4.00519943170055,,1,5,2,2.0,1.0,1.0,1.0,1.0,0.0,1.0,1.0
2026318747.0,13,Georgia,10929992,13051,Chatham,301720.0,1.22725946345513,1.2892927409000001,2,2,1,2.0,0.0,0.0,0.0,0.0,1.0,1.0,1.0
2028031295.0,13,Georgia,10929992,13027,Brooks,16272.0,1.84219048546972,1.9512932054,1,3,1,2.0,0.0,0.0,0.0,0.0,0.0,1.0,0.0
2014568551.0,13,Georgia,10929992,13255,Spalding,68993.0,1.08390198053129,0.9579687842000001,1,2,1,2.0,0.0,0.0,0.0,0.0,0.0,1.0,0.0
2012191065.0,13,Georgia,10929992,13313,Whitfield,103279.0,0.708574851967932,0.34773510820000003,1,3,2,2.0,1.0,1.0,0.0,1.0,1.0,0.0,1.0
2011667933.0,13,Georgia,10929992,13151,Henry,248841.0,0.880629141382545,1.0317181464,2,3,2,2.0,0.0,0.0,0.0,0.0,0.0,0.0,1.0
2013773157.0,13,Georgia,10929992,13185,Lowndes,119517.0,0.707774715450865,0.5600220641,2,3,2,2.0,1.0,1.0,0.0,1.0,1.0,0.0,0.0
2015671219.0,13,Georgia,10929992,13047,Catoosa,68897.0,1.22439837228999,1.5985021368,1,2,2,2.0,1.0,1.0,1.0,1.0,0.0,0.0,1.0
2015456757.0,13,Georgia,10929992,13057,Cherokee,281158.0,3.8596321673193,,1,1,3,1.0,1.0,1.0,1.0,1.0,1.0,1.0,1.0
2012030643.0,13,Georgia,10929992,13083,Dade,16105.0,6.00872163436922,,2,2,1,2.0,1.0,1.0,1.0,0.0,1.0,1.0,1.0
2020601097.0,13,Georgia,10929992,13157,Jackson,84157.0,1.25823305065428,1.2903257446,2,5,1,2.0,0.0,0.0,0.0,0.0,0.0,1.0,0.0
2021684587.0,13,Georgia,10929992,13285,Troup,70608.0,1.25823305065428,1.2903257446,2,5,1,2.0,0.0,0.0,0.0,0.0,0.0,1.0,0.0
2031305991.0,13,Georgia,10929992,13073,Columbia,162441.0,1.22500567226559,1.170232488,2,3,1,2.0,1.0,0.0,0.0,0.0,1.0,1.0,0.0
2029038873.0,13,Georgia,10929992,13021,Bibb,156302.0,0.899044997092196,,2,2,2,2.0,1.0,1.0,0.0,0.0,0.0,0.0,0.0
2031376061.0,48,Texas,30118002,48133,Eastland,17895.0,3.4326260283362,,2,2,1,2.0,1.0,0.0,0.0,0.0,0.0,1.0,0.0
2014707465.0,48,Texas,30118002,48187,Guadalupe,183092.0,0.889561299198305,1.0144877433,1,5,1,2.0,1.0,1.0,1.0,1.0,1.0,0.0,1.0
2036914255.0,48,Texas,30118002,48201,Harris,4809691.0,0.838010915879665,,2,6,1,2.0,1.0,1.0,1.0,1.0,1.0,0.0,1.0
2024083183.0,48,Texas,30118002,48215,Hidalgo,888619.0,12.6267563151882,,1,3,3,1.0,1.0,1.0,1.0,1.0,1.0,0.0,1.0
2018152563.0,48,Texas,30118002,48029,Bexar,2065661.0,2.52190166699603,0.8192649161000001,1,6,3,1.0,0.0,0.0,0.0,0.0,0.0,1.0,0.0
2030612243.0,48,Texas,30118002,48201,Harris,4809691.0,1.62606004171056,,1,2,1,2.0,1.0,1.0,1.0,1.0,1.0,1.0,0.0
2015433809.0,48,Texas,30118002,48251,Johnson,195956.0,1.76028920405741,1.2930314347,1,5,3,1.0,0.0,0.0,0.0,0.0,1.0,1.0,0.0
2022074893.0,48,Texas,30118002,48121,Denton,980835.0,0.854167378763948,2.2217082904,1,5,2,2.0,1.0,1.0,1.0,1.0,1.0,0.0,1.0
2030462071.0,48,Texas,30118002,48071,Chambers,51348.0,1.38968746921355,1.6872213294,2,3,1,2.0,0.0,0.0,0.0,0.0,0.0,1.0,0.0
2040921647.0,48,Texas,30118002,48439,Tarrant,2160356.0,4.40320709206831,,2,3,2,2.0,0.0,1.0,1.0,0.0,1.0,0.0,0.0
2042138775.0,48,Texas,30118002,48215,Hidalgo,888619.0,15.0614388091749,0.9805527115,1,3,3,,1.0,0.0,0.0,1.0,0.0,0.0,0.0
2021282355.0,48,Texas,30118002,48381,Randall,146088.0,1.37193805723519,1.5437551991,2,5,1,2.0,0.0,0.0,0.0,0.0,1.0,1.0,0.0
2022642935.0,48,Texas,30118002,48201,Harris,4809691.0,0.572706293049119,0.5440642122,2,3,2,2.0,1.0,1.0,1.0,1.0,1.0,0.0,1.0
2037647351.0,48,Texas,30118002,48039,Brazoria,388637.0,0.659363109015274,,1,2,1,2.0,0.0,0.0,0.0,0.0,0.0,1.0,0.0
2013809427.0,48,Texas,30118002,48439,Tarrant,2160356.0,2.18363007874754,,2,3,7,1.0,0.0,0.0,0.0,0.0,0.0,1.0,0.0
2039117799.0,48,Texas,30118002,48201,Harris,4809691.0,2.19934354637596,3.770352515,2,5,2,2.0,0.0,1.0,0.0,0.0,0.0,0.0,1.0
2017187831.0,48,Texas,30118002,48469,Victoria,91138.0,1.06254587574579,1.169641278,2,3,3,1.0,0.0,0.0,0.0,0.0,0.0,0.0,0.0
2001258091.0,48,Texas,30118002,48157,Fort Bend,893314.0,0.414774730381588,0.2121735163,1,5,6,2.0,0.0,0.0,0.0,0.0,0.0,1.0,0.0
1998327611.0,48,Texas,30118002,48029,Bexar,2065661.0,1.6040144758031,0.6402526835,2,2,1,2.0,1.0,1.0,0.0,0.0,0.0,0.0,0.0
2036985965.0,48,Texas,30118002,48085,Collin,1163646.0,1.90081403462179,0.9493423473,2,5,1,2.0,0.0,0.0,1.0,0.0,1.0,0.0,0.0
1998054475.0,48,Texas,30118002,48029,Bexar,2065661.0,2.15262206359531,,1,5,3,1.0,1.0,1.0,1.0,1.0,1.0,0.0,1.0
2014198233.0,48,Texas,30118002,48221,Hood,66299.0,3.01582053282331,,2,2,1,2.0,1.0,1.0,1.0,1.0,1.0,0.0,1.0
2015025663.0,48,Texas,30118002,48029,Bexar,2065661.0,1.32261540473541,,1,5,1,1.0,0.0,0.0,0.0,0.0,1.0,1.0,0.0
2011154759.0,48,Texas,30118002,48363,Palo Pinto,29312.0,0.900982925546363,0.9445841482,1,2,1,2.0,0.0,0.0,0.0,0.0,1.0,1.0,0.0
2014231191.0,48,Texas,30118002,48121,Denton,980835.0,0.16010609256582,0.45929519700000004,1,3,1,2.0,1.0,1.0,1.0,1.0,1.0,1.0,1.0
2032460617.0,48,Texas,30118002,48453,Travis,1335984.0,3.48728189909225,,2,6,1,2.0,1.0,1.0,1.0,1.0,1.0,0.0,1.0
1984568125.0,48,Texas,30118002,48209,Hays,269554.0,4.34392858437796,,2,3,3,1.0,1.0,1.0,1.0,1.0,1.0,1.0,1.0
2038782229.0,48,Texas,30118002,48439,Tarrant,2160356.0,5.37934557681581,,1,2,3,,1.0,1.0,0.0,1.0,1.0,1.0,1.0
2039699719.0,48,Texas,30118002,48115,Dawson,12167.0,0.984639333532489,0.9109939431,1,6,1,2.0,0.0,0.0,0.0,0.0,0.0,1.0,0.0
2015591831.0,48,Texas,30118002,48201,Harris,4809691.0,15.0614388091749,15.0172750693,2,1,3,1.0,0.0,0.0,0.0,0.0,0.0,0.0,0.0
2010215063.0,48,Texas,30118002,48453,Travis,1335984.0,1.66060823911952,1.7147260887,2,5,1,2.0,1.0,1.0,1.0,1.0,1.0,0.0,1.0
2029335159.0,48,Texas,30118002,48149,Fayette,24972.0,3.25193041990053,,2,1,6,1.0,1.0,1.0,1.0,0.0,1.0,1.0,0.0
2001999819.0,48,Texas,30118002,48005,Angelina,87209.0,1.64231984935675,1.5696436247,2,3,1,2.0,1.0,1.0,1.0,1.0,0.0,1.0,1.0
2015570309.0,48,Texas,30118002,48201,Harris,4809691.0,1.72723431622277,0.8289583357,2,4,1,2.0,1.0,1.0,1.0,1.0,1.0,0.0,1.0
2043994445.0,48,Texas,30118002,48441,Taylor,145346.0,1.95657046416001,,2,2,3,,0.0,0.0,0.0,1.0,0.0,0.0,0.0
2045336783.0,48,Texas,30118002,48029,Bexar,2065661.0,0.572706293049119,0.5440642122,2,3,2,2.0,1.0,1.0,1.0,1.0,1.0,1.0,1.0
2036629721.0,48,Texas,30118002,48015,Austin,31110.0,0.790826192050864,,2,2,1,2.0,1.0,1.0,1.0,1.0,0.0,1.0,1.0
2014159481.0,48,Texas,30118002,48467,Van Zandt,62858.0,1.6140981750233,1.5923414035999999,2,5,1,2.0,0.0,0.0,0.0,0.0,0.0,1.0,0.0
2033280277.0,48,Texas,30118002,48113,Dallas,2613911.0,2.5178642059821,,2,5,1,2.0,0.0,0.0,0.0,0.0,1.0,0.0,0.0
2034455539.0,48,Texas,30118002,48139,Ellis,212488.0,4.48403453942263,,2,3,1,2.0,1.0,1.0,0.0,1.0,1.0,0.0,0.0
2014994145.0,48,Texas,30118002,48113,Dallas,2613911.0,0.889561299198305,,1,5,1,2.0,1.0,1.0,1.0,1.0,1.0,0.0,1.0
2028714901.0,48,Texas,30118002,48453,Travis,1335984.0,0.759811505096499,0.6471528857000001,2,5,1,2.0,1.0,1.0,1.0,1.0,1.0,0.0,1.0
1983228057.0,48,Texas,30118002,48201,Harris,4809691.0,0.590480768287943,0.7108301192,1,3,1,2.0,0.0,0.0,0.0,0.0,0.0,1.0,0.0
2012113635.0,48,Texas,30118002,48113,Dallas,2613911.0,1.80465897510715,,1,5,1,2.0,1.0,1.0,1.0,1.0,1.0,1.0,1.0
2022956251.0,48,Texas,30118002,48085,Collin,1163646.0,0.953187126629107,0.9285369934000001,2,5,1,2.0,1.0,1.0,1.0,1.0,1.0,0.0,1.0
2009977353.0,48,Texas,30118002,48201,Harris,4809691.0,0.302031933495823,0.4120763213,2,3,2,2.0,0.0,1.0,1.0,0.0,0.0,1.0,0.0
2010363593.0,48,Texas,30118002,48469,Victoria,91138.0,0.685011521647632,0.8430501333,2,3,1,2.0,1.0,1.0,1.0,1.0,1.0,0.0,1.0
2038905601.0,48,Texas,30118002,48201,Harris,4809691.0,0.737767351479449,0.903313212,2,3,3,1.0,1.0,0.0,0.0,0.0,1.0,1.0,0.0
2045589695.0,48,Texas,30118002,48113,Dallas,2613911.0,3.5441550514837,,2,4,3,,1.0,1.0,1.0,1.0,1.0,1.0,1.0
2026416849.0,48,Texas,30118002,48201,Harris,4809691.0,4.43820322084076,,2,1,3,,1.0,1.0,1.0,1.0,0.0,1.0,0.0
2039087031.0,48,Texas,30118002,48201,Harris,4809691.0,2.51100076850026,,1,5,1,2.0,1.0,1.0,1.0,1.0,1.0,1.0,1.0
2045751579.0,48,Texas,30118002,48085,Collin,1163646.0,4.1645570716471,,1,3,3,,0.0,1.0,0.0,1.0,1.0,1.0,0.0
2008144527.0,48,Texas,30118002,48481,Wharton,41815.0,0.715716380008614,0.7499289401,1,4,1,2.0,0.0,0.0,0.0,0.0,0.0,1.0,0.0
2017945511.0,48,Texas,30118002,48141,El Paso,868332.0,1.93369640819446,0.8894979873000001,1,6,3,1.0,1.0,1.0,1.0,1.0,1.0,0.0,1.0
2014916033.0,48,Texas,30118002,48029,Bexar,2065661.0,0.891720748101041,0.7163294075000001,2,5,3,1.0,1.0,1.0,1.0,1.0,1.0,0.0,1.0
1998892907.0,48,Texas,30118002,48201,Harris,4809691.0,7.53636148945599,,1,6,4,2.0,0.0,0.0,0.0,0.0,0.0,1.0,1.0
2033556233.0,48,Texas,30118002,48141,El Paso,868332.0,0.668935187146498,0.3409274762,2,2,3,1.0,1.0,0.0,0.0,0.0,1.0,0.0,1.0
2018371211.0,48,Texas,30118002,48201,Harris,4809691.0,4.174400040885,2.7410581321,1,5,2,2.0,0.0,1.0,1.0,0.0,1.0,1.0,0.0
2020211709.0,48,Texas,30118002,48027,Bell,387775.0,1.64069788858451,,2,4,3,,1.0,1.0,1.0,1.0,0.0,1.0,1.0
2009583085.0,48,Texas,30118002,48439,Tarrant,2160356.0,4.04582077409679,0.5891389199,2,3,2,2.0,1.0,1.0,1.0,0.0,1.0,1.0,1.0
2011214295.0,48,Texas,30118002,48453,Travis,1335984.0,2.58979842477456,,1,5,2,2.0,1.0,1.0,1.0,1.0,1.0,1.0,1.0
2042357899.0,48,Texas,30118002,48039,Brazoria,388637.0,1.69575605673277,,2,2,7,1.0,1.0,1.0,1.0,1.0,0.0,1.0,0.0
1996994167.0,48,Texas,30118002,48157,Fort Bend,893314.0,0.796385810886512,0.5706074112,2,5,2,2.0,1.0,1.0,0.0,1.0,1.0,0.0,1.0
2011202551.0,48,Texas,30118002,48157,Fort Bend,893314.0,2.67306061195032,1.9632994664,1,5,1,2.0,1.0,1.0,1.0,1.0,1.0,1.0,1.0
1997099543.0,48,Texas,30118002,48409,San Patricio,70043.0,1.77085352076413,1.9524456348,2,6,1,2.0,0.0,0.0,0.0,0.0,0.0,1.0,0.0
2021517065.0,48,Texas,30118002,48201,Harris,4809691.0,1.05252275390778,1.2381386908,2,2,1,2.0,0.0,0.0,0.0,0.0,0.0,1.0,0.0
2028888681.0,48,Texas,30118002,48029,Bexar,2065661.0,1.49555658084925,1.1763403842,2,2,3,,1.0,1.0,0.0,1.0,1.0,0.0,0.0
2021417273.0,48,Texas,30118002,48113,Dallas,2613911.0,1.54416388108793,,1,2,1,2.0,0.0,1.0,0.0,1.0,0.0,0.0,1.0
1998204841.0,48,Texas,30118002,48373,Polk,52834.0,0.767857338909704,0.4407966441,2,1,5,2.0,1.0,1.0,0.0,1.0,1.0,0.0,1.0
2013084067.0,48,Texas,30118002,48113,Dallas,2613911.0,0.53538571808478,0.5211952994,2,3,1,2.0,1.0,1.0,1.0,1.0,1.0,0.0,1.0
2039431221.0,48,Texas,30118002,48245,Jefferson,252341.0,2.74159828372576,,2,2,2,2.0,1.0,1.0,0.0,0.0,1.0,0.0,0.0
2031020031.0,48,Texas,30118002,48201,Harris,4809691.0,3.5441550514837,,2,4,3,,1.0,1.0,1.0,1.0,1.0,1.0,0.0
2031332481.0,48,Texas,30118002,48381,Randall,146088.0,2.12641584862788,0.9763420094,2,3,1,2.0,1.0,1.0,1.0,1.0,1.0,0.0,1.0
2032396143.0,48,Texas,30118002,48367,Parker,165814.0,1.47009379503298,,2,2,3,1.0,0.0,1.0,1.0,1.0,0.0,1.0,1.0
2036251069.0,48,Texas,30118002,48491,Williamson,674478.0,11.101660826,,1,1,3,,1.0,1.0,1.0,1.0,1.0,1.0,1.0
1998388905.0,48,Texas,30118002,48251,Johnson,195956.0,1.32787320828802,3.3210870819,1,1,1,2.0,0.0,1.0,0.0,0.0,0.0,1.0,0.0
2014193569.0,48,Texas,30118002,48029,Bexar,2065661.0,3.05923291961696,,2,2,3,1.0,1.0,0.0,0.0,1.0,0.0,1.0,1.0
2024672433.0,48,Texas,30118002,48339,Montgomery,681285.0,1.05252275390778,,2,2,1,2.0,0.0,0.0,0.0,0.0,1.0,0.0,0.0
2015209727.0,48,Texas,30118002,48113,Dallas,2613911.0,0.896423833707922,,2,6,2,2.0,1.0,1.0,1.0,1.0,1.0,1.0,1.0
2039366697.0,48,Texas,30118002,48439,Tarrant,2160356.0,1.37193805723519,1.5437551991,2,5,1,2.0,0.0,0.0,0.0,0.0,0.0,1.0,0.0
2016555327.0,48,Texas,30118002,48473,Waller,62110.0,7.54148881107655,,1,6,2,2.0,1.0,1.0,1.0,1.0,1.0,0.0,1.0
2034943903.0,48,Texas,30118002,48039,Brazoria,388637.0,1.62606004171056,,1,2,1,2.0,1.0,1.0,0.0,0.0,1.0,0.0,0.0
2039641925.0,48,Texas,30118002,48041,Brazos,242285.0,2.94368395984349,,1,3,1,2.0,1.0,1.0,1.0,1.0,1.0,0.0,1.0
2021804063.0,48,Texas,30118002,48451,Tom Green,118979.0,1.28167520310644,1.1892830026,2,6,1,2.0,1.0,0.0,0.0,0.0,1.0,1.0,0.0
2042330623.0,48,Texas,30118002,48135,Ector,161879.0,0.466281902775537,0.39058137460000003,2,5,1,2.0,1.0,1.0,1.0,1.0,1.0,1.0,1.0
2028892973.0,48,Texas,30118002,48183,Gregg,125614.0,0.452060510987993,0.35372126740000004,1,4,2,2.0,0.0,1.0,1.0,1.0,1.0,0.0,1.0
2039562799.0,48,Texas,30118002,48157,Fort Bend,893314.0,1.96360200329152,1.9027131316,2,3,4,2.0,1.0,1.0,0.0,0.0,0.0,1.0,1.0
2014193695.0,48,Texas,30118002,48321,Matagorda,36107.0,6.26299681641652,,2,3,1,2.0,1.0,1.0,1.0,0.0,1.0,1.0,1.0
2021899197.0,48,Texas,30118002,48085,Collin,1163646.0,9.9789509063458,12.7731321542,2,6,4,2.0,0.0,1.0,0.0,0.0,1.0,1.0,1.0
2022038703.0,48,Texas,30118002,48201,Harris,4809691.0,1.79650541067107,2.118030434,1,2,2,2.0,1.0,1.0,1.0,1.0,1.0,1.0,1.0
1999601329.0,48,Texas,30118002,48095,Concho,3392.0,4.01380197621813,,2,2,1,2.0,0.0,0.0,0.0,0.0,1.0,1.0,0.0
2016023023.0,48,Texas,30118002,48201,Harris,4809691.0,2.76121627561382,4.1016753586,2,1,1,2.0,1.0,1.0,0.0,0.0,1.0,1.0,0.0
2042330227.0,48,Texas,30118002,48201,Harris,4809691.0,0.972644365570082,0.8725295184,1,5,1,2.0,1.0,0.0,1.0,0.0,0.0,1.0,1.0
2030879433.0,48,Texas,30118002,48441,Taylor,145346.0,0.952557948732081,0.6583525905000001,1,3,1,2.0,1.0,1.0,1.0,1.0,0.0,1.0,0.0
2008742667.0,48,Texas,30118002,48113,Dallas,2613911.0,1.9337371180357,2.1897354058,2,5,1,2.0,0.0,0.0,0.0,0.0,0.0,1.0,0.0
2014965673.0,48,Texas,30118002,48171,Gillespie,27540.0,1.02513907221256,0.8884696389000001,2,6,1,2.0,0.0,0.0,0.0,0.0,0.0,1.0,0.0
2011644961.0,48,Texas,30118002,48113,Dallas,2613911.0,2.05993430812043,,2,2,2,2.0,0.0,1.0,1.0,1.0,1.0,0.0,1.0
1993755369.0,48,Texas,30118002,48029,Bexar,2065661.0,4.32804425988214,,2,1,1,1.0,0.0,0.0,1.0,1.0,1.0,0.0,0.0
2042202781.0,48,Texas,30118002,48491,Williamson,674478.0,2.15462697181397,,2,3,3,,1.0,1.0,1.0,0.0,1.0,1.0,1.0
2014270413.0,48,Texas,30118002,48147,Fannin,37219.0,0.773096417491207,,2,4,1,2.0,1.0,1.0,1.0,1.0,1.0,1.0,1.0
2029187519.0,48,Texas,30118002,48439,Tarrant,2160356.0,0.217418555148781,0.6496387255,2,3,3,,0.0,1.0,0.0,0.0,1.0,0.0,0.0
1984166745.0,48,Texas,30118002,48121,Denton,980835.0,0.45631870372205,0.5786387963,1,5,4,2.0,1.0,0.0,0.0,0.0,1.0,1.0,0.0
2014183395.0,48,Texas,30118002,48215,Hidalgo,888619.0,13.246881727957,,2,1,3,1.0,0.0,1.0,0.0,0.0,1.0,1.0,1.0
2034401621.0,48,Texas,30118002,48201,Harris,4809691.0,1.24618939313664,,1,4,1,2.0,0.0,1.0,1.0,0.0,1.0,1.0,0.0
2030939485.0,48,Texas,30118002,48113,Dallas,2613911.0,1.66060823911952,,2,5,1,2.0,1.0,1.0,1.0,1.0,1.0,1.0,1.0
2045149017.0,48,Texas,30118002,48423,Smith,242225.0,1.37193805723519,1.5437551991,2,5,1,2.0,0.0,0.0,0.0,0.0,0.0,1.0,1.0
2030542891.0,48,Texas,30118002,48141,El Paso,868332.0,0.382666073483036,,1,2,1,2.0,1.0,1.0,1.0,0.0,0.0,0.0,1.0
2020989033.0,48,Texas,30118002,48201,Harris,4809691.0,3.19312551465307,,1,2,1,2.0,1.0,1.0,1.0,1.0,1.0,1.0,1.0
2042268015.0,48,Texas,30118002,48201,Harris,4809691.0,15.0614388091749,,1,1,3,1.0,1.0,1.0,0.0,1.0,1.0,0.0,1.0
2034607731.0,48,Texas,30118002,48201,Harris,4809691.0,0.765508453915185,,2,1,1,2.0,0.0,0.0,1.0,0.0,1.0,1.0,1.0
2044028595.0,48,Texas,30118002,48375,Potter,115110.0,0.53538571808478,0.5211952994,2,3,1,2.0,1.0,1.0,1.0,1.0,0.0,0.0,1.0
2036915333.0,48,Texas,30118002,48029,Bexar,2065661.0,0.704488744473644,,2,2,3,,1.0,1.0,1.0,1.0,1.0,1.0,1.0
2039953329.0,48,Texas,30118002,48141,El Paso,868332.0,0.80297929975832,0.6778971274000001,2,6,1,2.0,1.0,1.0,1.0,1.0,1.0,1.0,1.0
2001101409.0,48,Texas,30118002,48201,Harris,4809691.0,0.699638211840791,,2,5,4,2.0,1.0,1.0,1.0,1.0,1.0,0.0,1.0
2034156967.0,48,Texas,30118002,48491,Williamson,674478.0,0.80297929975832,0.6778971274000001,2,6,1,2.0,1.0,1.0,1.0,1.0,1.0,0.0,1.0
2018613783.0,48,Texas,30118002,48491,Williamson,674478.0,5.2180074193563,,1,1,1,1.0,0.0,1.0,1.0,1.0,1.0,1.0,1.0
2025811267.0,48,Texas,30118002,48167,Galveston,357747.0,5.88501067956746,,3,3,1,2.0,1.0,1.0,1.0,1.0,1.0,0.0,1.0
2031168537.0,48,Texas,30118002,48491,Williamson,674478.0,4.1645570716471,,1,3,1,1.0,1.0,1.0,1.0,1.0,1.0,0.0,1.0
2044726389.0,48,Texas,30118002,48061,Cameron,425841.0,0.651366004348982,,1,3,3,,1.0,1.0,1.0,0.0,1.0,0.0,1.0
2039695977.0,48,Texas,30118002,48121,Denton,980835.0,1.7757361460072,0.5111593131000001,2,2,1,2.0,0.0,0.0,0.0,0.0,1.0,1.0,0.0
2014236703.0,48,Texas,30118002,48201,Harris,4809691.0,3.05923291961696,,2,2,3,1.0,1.0,1.0,1.0,0.0,1.0,1.0,1.0
2034763213.0,48,Texas,30118002,48213,Henderson,84610.0,8.03050895289108,,2,5,1,2.0,1.0,1.0,1.0,1.0,1.0,0.0,1.0
2035497519.0,48,Texas,30118002,48113,Dallas,2613911.0,0.868584665862581,,1,2,3,,0.0,0.0,1.0,1.0,1.0,1.0,1.0
2013891463.0,48,Texas,30118002,48061,Cameron,425841.0,1.76028920405741,,1,5,3,1.0,0.0,0.0,0.0,0.0,1.0,1.0,0.0
2002994891.0,48,Texas,30118002,48113,Dallas,2613911.0,1.43019331122448,,4,3,7,2.0,0.0,0.0,0.0,0.0,0.0,1.0,0.0
1995818847.0,48,Texas,30118002,48453,Travis,1335984.0,2.03768125542124,,1,3,3,1.0,1.0,1.0,0.0,1.0,1.0,1.0,0.0
2036915033.0,48,Texas,30118002,48453,Travis,1335984.0,1.93369640819446,0.5817189244000001,1,6,3,1.0,1.0,1.0,1.0,1.0,1.0,0.0,1.0
2021433407.0,48,Texas,30118002,48201,Harris,4809691.0,0.721641636709042,,1,3,3,,0.0,0.0,0.0,0.0,0.0,1.0,0.0
2045310185.0,48,Texas,30118002,48113,Dallas,2613911.0,1.97491345836197,1.0116734851,1,3,3,,1.0,1.0,1.0,1.0,1.0,1.0,1.0
2020065377.0,48,Texas,30118002,48029,Bexar,2065661.0,0.946283447783068,0.5453146839,2,6,3,1.0,1.0,1.0,1.0,1.0,1.0,1.0,1.0
2041058153.0,48,Texas,30118002,48201,Harris,4809691.0,4.04183886993824,2.1897545224,1,2,3,1.0,1.0,1.0,1.0,1.0,1.0,1.0,1.0
2016683701.0,48,Texas,30118002,48453,Travis,1335984.0,3.55385383609253,,1,5,1,2.0,1.0,1.0,1.0,1.0,1.0,0.0,1.0
2037423889.0,48,Texas,30118002,48389,Reeves,11771.0,1.28205223318849,,2,1,3,,0.0,1.0,1.0,1.0,1.0,1.0,0.0
1998295569.0,48,Texas,30118002,48141,El Paso,868332.0,1.70580125942786,1.5236079063,2,6,1,2.0,0.0,0.0,0.0,0.0,0.0,1.0,0.0
2037826015.0,48,Texas,30118002,48355,Nueces,351831.0,2.1641483429908,,1,2,1,2.0,0.0,0.0,0.0,0.0,1.0,1.0,0.0
2040050583.0,48,Texas,30118002,48491,Williamson,674478.0,1.5252791975338,0.6411531144,2,6,3,1.0,1.0,1.0,1.0,0.0,1.0,0.0,1.0
2038727647.0,48,Texas,30118002,48085,Collin,1163646.0,0.972644365570082,0.8725295184,1,5,1,2.0,0.0,0.0,0.0,0.0,0.0,1.0,0.0
1995905175.0,48,Texas,30118002,48355,Nueces,351831.0,1.35404486482462,1.02510904,1,5,2,2.0,1.0,1.0,1.0,1.0,1.0,0.0,1.0
1997208223.0,48,Texas,30118002,48157,Fort Bend,893314.0,1.01087135035368,1.0326867998,1,6,1,2.0,0.0,0.0,0.0,0.0,0.0,1.0,0.0
2000589233.0,48,Texas,30118002,48307,McCulloch,7505.0,4.28870504069873,4.4321864903,1,2,1,2.0,0.0,0.0,0.0,1.0,0.0,0.0,0.0
2032774613.0,48,Texas,30118002,48441,Taylor,145346.0,3.31262119327182,,1,2,3,,1.0,1.0,1.0,0.0,1.0,1.0,1.0
2034527375.0,48,Texas,30118002,48115,Dawson,12167.0,4.17955108078717,,1,3,2,2.0,0.0,1.0,1.0,0.0,0.0,0.0,0.0
2036747611.0,48,Texas,30118002,48201,Harris,4809691.0,0.553048292029365,0.8856772658000001,2,3,2,2.0,0.0,1.0,1.0,1.0,1.0,1.0,1.0
2039182663.0,48,Texas,30118002,48121,Denton,980835.0,0.723369539702199,0.9661502107000001,2,5,1,2.0,1.0,1.0,1.0,1.0,1.0,0.0,1.0
2033894101.0,48,Texas,30118002,48091,Comal,184600.0,1.02513907221256,0.8884696389000001,2,6,1,2.0,0.0,0.0,0.0,0.0,1.0,1.0,0.0
2037826415.0,48,Texas,30118002,48187,Guadalupe,183092.0,1.04415913607436,,2,3,1,2.0,1.0,1.0,1.0,1.0,1.0,1.0,1.0
1997463371.0,48,Texas,30118002,48141,El Paso,868332.0,0.590480768287943,0.7108301192,1,3,1,2.0,0.0,0.0,0.0,0.0,0.0,1.0,0.0
2013158979.0,48,Texas,30118002,48113,Dallas,2613911.0,1.23254008518619,0.9249178912,1,5,1,2.0,1.0,1.0,1.0,1.0,1.0,1.0,1.0
2030498525.0,48,Texas,30118002,48141,El Paso,868332.0,3.5441550514837,,2,4,3,,1.0,1.0,1.0,1.0,1.0,1.0,0.0
2039851275.0,48,Texas,30118002,48439,Tarrant,2160356.0,5.98694211208326,2.8925697187,1,3,1,2.0,1.0,1.0,1.0,1.0,1.0,0.0,1.0
1982863467.0,48,Texas,30118002,48491,Williamson,674478.0,3.01582053282331,,2,2,1,2.0,0.0,0.0,0.0,0.0,1.0,1.0,1.0
2022390813.0,48,Texas,30118002,48201,Harris,4809691.0,5.93905092708002,,2,2,2,2.0,0.0,1.0,0.0,1.0,1.0,1.0,0.0
2032877191.0,48,Texas,30118002,48113,Dallas,2613911.0,0.508624779920175,,3,1,3,,1.0,1.0,1.0,1.0,1.0,0.0,1.0
1995230433.0,48,Texas,30118002,48029,Bexar,2065661.0,3.31159106663292,0.6853102685,1,3,3,1.0,1.0,0.0,1.0,1.0,1.0,1.0,0.0
2016883057.0,48,Texas,30118002,48183,Gregg,125614.0,1.9337371180357,2.1897354058,2,5,1,2.0,1.0,1.0,1.0,0.0,1.0,1.0,1.0
2036916213.0,48,Texas,30118002,48201,Harris,4809691.0,0.459035863985432,0.7799954798000001,2,6,2,2.0,1.0,1.0,1.0,1.0,1.0,0.0,1.0
2029848327.0,48,Texas,30118002,48203,Harrison,69995.0,4.17524806112143,,1,1,2,2.0,1.0,0.0,1.0,0.0,1.0,0.0,0.0
2012682501.0,48,Texas,30118002,48329,Midland,172955.0,3.20767256518304,2.6523085825,1,6,1,2.0,1.0,0.0,0.0,0.0,0.0,1.0,0.0
2039594381.0,48,Texas,30118002,48439,Tarrant,2160356.0,1.47009379503298,0.5099930058000001,2,2,3,,1.0,1.0,1.0,1.0,1.0,0.0,1.0
2015096727.0,48,Texas,30118002,48403,Sabine,10039.0,1.02513907221256,0.8884696389000001,2,6,1,2.0,0.0,0.0,0.0,0.0,1.0,1.0,0.0
2039581339.0,48,Texas,30118002,48085,Collin,1163646.0,1.35404486482462,1.02510904,1,5,2,2.0,1.0,1.0,1.0,1.0,1.0,0.0,1.0
2014554005.0,48,Texas,30118002,48309,McLennan,266125.0,1.12694323610679,1.1555818705,2,5,1,2.0,0.0,1.0,0.0,1.0,1.0,1.0,0.0
2028972849.0,48,Texas,30118002,48215,Hidalgo,888619.0,3.31159106663292,,1,3,3,,1.0,1.0,1.0,1.0,1.0,1.0,1.0
2016508401.0,48,Texas,30118002,48181,Grayson,143277.0,0.885643127941194,,1,2,1,2.0,1.0,0.0,0.0,0.0,0.0,1.0,1.0
2014140155.0,48,Texas,30118002,48121,Denton,980835.0,0.721641636709042,0.7651611633000001,1,4,1,1.0,1.0,1.0,1.0,1.0,1.0,1.0,1.0
2011396389.0,48,Texas,30118002,48203,Harrison,69995.0,2.69189085484505,0.626566142,2,5,2,2.0,1.0,1.0,1.0,1.0,1.0,1.0,1.0
2014433289.0,48,Texas,30118002,48451,Tom Green,118979.0,0.900982925546363,0.9445841482,1,2,1,2.0,0.0,0.0,0.0,0.0,0.0,1.0,0.0
2034491723.0,48,Texas,30118002,48201,Harris,4809691.0,3.12213809671458,,1,2,3,,0.0,1.0,0.0,0.0,0.0,0.0,1.0
2038229901.0,48,Texas,30118002,48029,Bexar,2065661.0,3.86389035355814,,2,5,3,2.0,1.0,1.0,1.0,1.0,1.0,0.0,1.0
2043472997.0,48,Texas,30118002,48139,Ellis,212488.0,1.4806126282553,,2,1,1,2.0,1.0,1.0,1.0,1.0,0.0,1.0,1.0
2014539769.0,48,Texas,30118002,48201,Harris,4809691.0,4.21568715606714,,1,2,1,2.0,1.0,0.0,1.0,0.0,1.0,0.0,0.0
2016556921.0,48,Texas,30118002,48201,Harris,4809691.0,1.64231984935675,1.5696436247,2,3,1,2.0,0.0,0.0,0.0,0.0,0.0,1.0,0.0
2009242821.0,48,Texas,30118002,48439,Tarrant,2160356.0,0.394685076965753,0.4383171773,1,3,2,2.0,1.0,1.0,1.0,1.0,0.0,0.0,0.0
2027512633.0,48,Texas,30118002,48201,Harris,4809691.0,0.900985967600138,,2,3,2,2.0,0.0,1.0,1.0,1.0,0.0,0.0,1.0
2045958805.0,48,Texas,30118002,48141,El Paso,868332.0,1.68070682890857,0.7398897369,2,3,6,1.0,1.0,1.0,1.0,1.0,1.0,0.0,1.0
2034410919.0,48,Texas,30118002,48201,Harris,4809691.0,4.32823973842507,,2,3,2,2.0,1.0,0.0,0.0,1.0,0.0,0.0,0.0
2029123737.0,48,Texas,30118002,48029,Bexar,2065661.0,2.53208995853124,1.9963224583999999,1,2,3,,1.0,1.0,0.0,0.0,0.0,1.0,0.0
2016383159.0,48,Texas,30118002,48029,Bexar,2065661.0,0.632210516450966,0.37092738340000003,2,4,1,1.0,0.0,0.0,0.0,0.0,1.0,1.0,0.0
2042348647.0,48,Texas,30118002,48355,Nueces,351831.0,0.188676340007919,,1,3,3,1.0,1.0,1.0,1.0,1.0,1.0,0.0,1.0
2021833283.0,48,Texas,30118002,48497,Wise,74888.0,1.23397764824963,1.2252171148,2,3,1,2.0,0.0,0.0,0.0,0.0,0.0,1.0,0.0
2008597721.0,48,Texas,30118002,48397,Rockwall,123439.0,0.333528794015005,0.8267244549,2,5,1,2.0,1.0,1.0,1.0,1.0,1.0,1.0,1.0
2015127821.0,48,Texas,30118002,48029,Bexar,2065661.0,0.887253810415188,1.3168467965000001,2,2,3,1.0,0.0,0.0,0.0,0.0,1.0,1.0,0.0
1998593569.0,48,Texas,30118002,48201,Harris,4809691.0,0.221282176151355,,1,5,1,2.0,0.0,0.0,0.0,0.0,0.0,1.0,0.0
2011977879.0,48,Texas,30118002,48453,Travis,1335984.0,0.699155756299044,0.6734984263,2,5,1,2.0,1.0,1.0,1.0,1.0,1.0,0.0,1.0
1993058245.0,48,Texas,30118002,48361,Orange,85103.0,0.202665568196125,0.32748979910000003,2,1,1,2.0,1.0,1.0,1.0,0.0,1.0,0.0,0.0
2018215181.0,48,Texas,30118002,48167,Galveston,357747.0,1.36293774514409,1.7463719167,2,4,2,2.0,1.0,1.0,1.0,0.0,1.0,1.0,1.0
2030935685.0,48,Texas,30118002,48201,Harris,4809691.0,1.08579823752189,1.5608850212,2,5,1,1.0,0.0,1.0,0.0,0.0,1.0,0.0,1.0
2014406637.0,48,Texas,30118002,48187,Guadalupe,183092.0,1.6858840872789,1.729802125,1,6,2,2.0,1.0,1.0,1.0,1.0,1.0,0.0,1.0
2015025335.0,48,Texas,30118002,48029,Bexar,2065661.0,0.790826192050864,0.9664542261,2,2,1,2.0,1.0,1.0,1.0,0.0,1.0,1.0,0.0
2043216795.0,48,Texas,30118002,48113,Dallas,2613911.0,0.442921748004389,1.4359203828,1,5,2,2.0,1.0,1.0,1.0,1.0,1.0,1.0,1.0
2035640395.0,48,Texas,30118002,48091,Comal,184600.0,0.231578224301742,,2,1,1,2.0,0.0,0.0,1.0,1.0,1.0,1.0,1.0
2024755871.0,48,Texas,30118002,48113,Dallas,2613911.0,1.25476924883493,,1,3,1,2.0,0.0,1.0,1.0,1.0,1.0,1.0,1.0
2014291953.0,48,Texas,30118002,48113,Dallas,2613911.0,0.17061241925698,,2,2,2,2.0,1.0,0.0,1.0,1.0,0.0,0.0,0.0
2041538057.0,48,Texas,30118002,48453,Travis,1335984.0,0.773096417491207,0.7517017111000001,2,3,1,2.0,1.0,1.0,1.0,1.0,1.0,0.0,1.0
2012885237.0,48,Texas,30118002,48491,Williamson,674478.0,0.81254434033552,,1,5,1,2.0,0.0,0.0,0.0,0.0,0.0,1.0,0.0
2014777033.0,48,Texas,30118002,48259,Kendall,49058.0,0.885274079094772,,1,6,3,1.0,0.0,0.0,0.0,0.0,0.0,1.0,0.0
2042356787.0,48,Texas,30118002,48213,Henderson,84610.0,1.74550312792485,,2,2,1,2.0,1.0,1.0,1.0,0.0,1.0,1.0,1.0
2022139971.0,48,Texas,30118002,48439,Tarrant,2160356.0,0.751746308486579,0.8903037936,2,2,1,2.0,1.0,1.0,0.0,0.0,1.0,0.0,0.0
2030233611.0,48,Texas,30118002,48009,Archer,8866.0,0.789363242039167,0.7913717783,2,3,1,2.0,0.0,0.0,0.0,0.0,0.0,1.0,0.0
2031413771.0,48,Texas,30118002,48419,Shelby,24165.0,5.88501067956746,1.2540505667000001,1,3,1,2.0,1.0,1.0,1.0,1.0,0.0,1.0,0.0
2013668759.0,48,Texas,30118002,48145,Falls,16946.0,1.6140981750233,1.042807351,2,5,1,2.0,1.0,1.0,1.0,0.0,1.0,1.0,1.0
2012513749.0,48,Texas,30118002,48473,Waller,62110.0,0.424123639639049,0.4102298602,1,2,1,2.0,1.0,1.0,1.0,1.0,1.0,0.0,1.0
2013718393.0,48,Texas,30118002,48181,Grayson,143277.0,0.403781885276343,,1,2,1,2.0,0.0,1.0,1.0,1.0,0.0,0.0,0.0
2010285527.0,48,Texas,30118002,48423,Smith,242225.0,1.05252275390778,1.2381386908,2,2,1,2.0,0.0,0.0,0.0,0.0,0.0,1.0,0.0
2040050831.0,48,Texas,30118002,48469,Victoria,91138.0,4.98835227318463,,2,5,3,2.0,1.0,1.0,0.0,0.0,0.0,0.0,1.0
2014168521.0,48,Texas,30118002,48303,Lubbock,317940.0,5.90687299353035,,2,1,3,1.0,1.0,1.0,1.0,1.0,1.0,0.0,1.0
2026983849.0,48,Texas,30118002,48089,Colorado,20895.0,1.74550312792485,,2,2,1,2.0,1.0,1.0,1.0,1.0,1.0,0.0,1.0
2036926607.0,48,Texas,30118002,48113,Dallas,2613911.0,5.02046712636041,2.5017748034,1,6,4,2.0,0.0,0.0,0.0,0.0,0.0,1.0,0.0
2036916247.0,48,Texas,30118002,48113,Dallas,2613911.0,2.57008236262664,0.527917022,2,3,2,2.0,1.0,0.0,1.0,0.0,0.0,0.0,0.0
2018558035.0,48,Texas,30118002,48183,Gregg,125614.0,1.06254587574579,1.169641278,2,4,3,,0.0,0.0,0.0,0.0,0.0,1.0,0.0
2020829371.0,48,Texas,30118002,48091,Comal,184600.0,0.790826192050864,0.9664542261,2,2,1,2.0,0.0,1.0,0.0,0.0,1.0,1.0,0.0
2045847575.0,48,Texas,30118002,48085,Collin,1163646.0,1.69319631632846,,1,5,4,2.0,1.0,0.0,1.0,1.0,1.0,0.0,1.0
2032576297.0,48,Texas,30118002,48029,Bexar,2065661.0,0.213990411612832,0.12249048480000001,2,5,7,2.0,1.0,1.0,1.0,1.0,1.0,0.0,1.0
2038555053.0,48,Texas,30118002,48215,Hidalgo,888619.0,4.04183886993824,,1,2,1,1.0,1.0,1.0,1.0,1.0,1.0,0.0,1.0
2040051661.0,48,Texas,30118002,48029,Bexar,2065661.0,3.86389035355814,,2,5,3,1.0,1.0,1.0,1.0,1.0,1.0,0.0,1.0
2036783505.0,48,Texas,30118002,48113,Dallas,2613911.0,3.08599371747448,,2,1,3,1.0,1.0,0.0,0.0,1.0,0.0,0.0,0.0
2011506579.0,48,Texas,30118002,48167,Galveston,357747.0,3.04282486562485,,1,6,1,2.0,0.0,0.0,0.0,0.0,1.0,1.0,0.0
2026991977.0,48,Texas,30118002,48141,El Paso,868332.0,9.11087184150419,,1,1,3,,1.0,1.0,1.0,1.0,1.0,1.0,1.0
1999593665.0,48,Texas,30118002,48039,Brazoria,388637.0,0.386592405058209,,2,2,5,2.0,1.0,0.0,1.0,0.0,1.0,1.0,1.0
2043897667.0,48,Texas,30118002,48113,Dallas,2613911.0,0.229933004834567,,2,2,1,1.0,1.0,1.0,0.0,1.0,1.0,0.0,0.0
2014752287.0,48,Texas,30118002,48441,Taylor,145346.0,2.32311698528056,,2,2,1,2.0,1.0,1.0,1.0,1.0,1.0,0.0,1.0
1995553987.0,48,Texas,30118002,48029,Bexar,2065661.0,3.18554563313286,,2,5,1,2.0,1.0,1.0,1.0,0.0,1.0,0.0,1.0
2044044055.0,48,Texas,30118002,48439,Tarrant,2160356.0,5.35306812159804,,1,1,3,,1.0,1.0,0.0,1.0,1.0,1.0,0.0
2000035803.0,48,Texas,30118002,48157,Fort Bend,893314.0,1.01737861755443,0.8001696185,1,5,2,2.0,1.0,1.0,0.0,1.0,1.0,1.0,1.0
1996046895.0,48,Texas,30118002,48029,Bexar,2065661.0,0.868584665862581,2.1245004908,1,2,1,1.0,1.0,1.0,1.0,1.0,1.0,0.0,1.0
2013194571.0,48,Texas,30118002,48157,Fort Bend,893314.0,1.4857972874523,1.4115739616,2,2,2,2.0,1.0,1.0,1.0,1.0,1.0,1.0,1.0
1998471209.0,48,Texas,30118002,48005,Angelina,87209.0,3.64226890832129,,2,3,1,2.0,0.0,1.0,0.0,0.0,1.0,1.0,0.0
2019603593.0,48,Texas,30118002,48201,Harris,4809691.0,11.0197949273993,,2,2,4,2.0,1.0,1.0,1.0,1.0,1.0,0.0,1.0
2022187015.0,48,Texas,30118002,48439,Tarrant,2160356.0,0.188890003351503,0.5425203663,2,3,2,2.0,1.0,1.0,1.0,1.0,1.0,1.0,1.0
2014334441.0,48,Texas,30118002,48347,Nacogdoches,65015.0,0.925386411923525,0.6964607184,2,6,1,2.0,1.0,1.0,0.0,1.0,0.0,0.0,1.0
1997202671.0,48,Texas,30118002,48203,Harrison,69995.0,0.80297929975832,0.6778971274000001,2,6,1,2.0,1.0,1.0,1.0,1.0,1.0,0.0,1.0
1999533989.0,48,Texas,30118002,48085,Collin,1163646.0,1.0308228924313,0.8257353116,2,5,1,2.0,1.0,1.0,1.0,1.0,1.0,1.0,1.0
2014661491.0,48,Texas,30118002,48499,Wood,47141.0,2.2880895870792,,1,5,1,2.0,1.0,1.0,1.0,1.0,1.0,1.0,1.0
1998529255.0,48,Texas,30118002,48181,Grayson,143277.0,1.57670512651698,0.2775764523,2,2,1,2.0,0.0,1.0,1.0,1.0,1.0,1.0,1.0
2034248423.0,48,Texas,30118002,48149,Fayette,24972.0,4.93048803628218,,1,3,3,,1.0,1.0,0.0,1.0,0.0,1.0,1.0
2012060457.0,48,Texas,30118002,48439,Tarrant,2160356.0,1.05057569121484,1.0138379978,2,3,1,2.0,1.0,1.0,0.0,0.0,0.0,0.0,
2013325321.0,48,Texas,30118002,48113,Dallas,2613911.0,0.53538571808478,0.5211952994,2,3,1,2.0,1.0,1.0,1.0,1.0,1.0,1.0,1.0
2016503081.0,48,Texas,30118002,48157,Fort Bend,893314.0,2.43769296626445,,2,6,3,,1.0,1.0,1.0,1.0,1.0,0.0,1.0
2017138727.0,48,Texas,30118002,48039,Brazoria,388637.0,1.05057569121484,1.0138379978,2,3,1,2.0,0.0,1.0,0.0,0.0,0.0,0.0,0.0
1981897009.0,48,Texas,30118002,48085,Collin,1163646.0,1.6140981750233,1.5923414035999999,2,5,1,2.0,0.0,0.0,0.0,0.0,0.0,1.0,0.0
2000883525.0,48,Texas,30118002,48439,Tarrant,2160356.0,1.64231984935675,1.5696436247,2,3,1,2.0,0.0,0.0,0.0,0.0,0.0,1.0,0.0
2039686203.0,48,Texas,30118002,48439,Tarrant,2160356.0,0.934000348312211,0.5285884504,1,6,3,2.0,1.0,1.0,1.0,1.0,1.0,1.0,1.0
1983297749.0,48,Texas,30118002,48029,Bexar,2065661.0,0.946283447783068,0.5453146839,2,6,3,1.0,1.0,1.0,1.0,1.0,1.0,0.0,1.0
2019903747.0,48,Texas,30118002,48085,Collin,1163646.0,0.633318618543433,0.5744016947,1,6,1,2.0,1.0,1.0,1.0,1.0,1.0,1.0,1.0
2021082349.0,48,Texas,30118002,48361,Orange,85103.0,7.2090717240243,,3,2,6,1.0,1.0,1.0,1.0,1.0,1.0,0.0,1.0
2015070367.0,48,Texas,30118002,48183,Gregg,125614.0,0.952557948732081,0.9607449696,1,4,1,2.0,0.0,0.0,0.0,0.0,0.0,1.0,0.0
2036926263.0,48,Texas,30118002,48339,Montgomery,681285.0,15.0614388091749,4.2276924343,1,5,4,2.0,0.0,0.0,0.0,0.0,0.0,1.0,0.0
2038533611.0,48,Texas,30118002,48439,Tarrant,2160356.0,0.314380201036379,0.9259021609,2,5,1,2.0,1.0,1.0,1.0,1.0,1.0,0.0,1.0
2013536459.0,48,Texas,30118002,48491,Williamson,674478.0,1.80465897510715,2.4517192036,1,5,1,2.0,0.0,0.0,0.0,0.0,0.0,1.0,0.0
2013131517.0,48,Texas,30118002,48453,Travis,1335984.0,1.38968746921355,1.6872213294,2,4,1,2.0,1.0,1.0,1.0,1.0,0.0,0.0,1.0
2021184701.0,48,Texas,30118002,48439,Tarrant,2160356.0,2.70901495108523,,2,1,2,2.0,0.0,0.0,1.0,0.0,1.0,1.0,0.0
2032878691.0,48,Texas,30118002,48029,Bexar,2065661.0,1.95657046416001,,2,2,3,,1.0,0.0,1.0,0.0,0.0,1.0,1.0
2013017303.0,48,Texas,30118002,48029,Bexar,2065661.0,0.701772893828235,0.4126004183,1,6,3,1.0,1.0,1.0,1.0,1.0,1.0,0.0,1.0
2014915979.0,48,Texas,30118002,48367,Parker,165814.0,1.64231984935675,1.5696436247,2,3,1,2.0,0.0,0.0,0.0,0.0,0.0,1.0,0.0
2043190111.0,48,Texas,30118002,48005,Angelina,87209.0,0.570563270977484,,2,1,1,2.0,1.0,1.0,1.0,1.0,0.0,1.0,1.0
1997578111.0,48,Texas,30118002,48201,Harris,4809691.0,0.475458331121015,0.48118517850000003,2,3,2,2.0,1.0,1.0,1.0,1.0,1.0,0.0,1.0
2019863835.0,48,Texas,30118002,48029,Bexar,2065661.0,0.932169480222745,,2,2,3,,1.0,1.0,1.0,1.0,1.0,1.0,1.0
2034542593.0,48,Texas,30118002,48099,Coryell,84160.0,4.48403453942263,,2,3,1,2.0,1.0,1.0,1.0,0.0,1.0,1.0,1.0
1997561089.0,48,Texas,30118002,48273,Kleberg,30437.0,0.395990226473157,1.5792140943000001,1,3,3,1.0,0.0,1.0,0.0,1.0,1.0,1.0,1.0
2008632089.0,48,Texas,30118002,48085,Collin,1163646.0,0.972644365570082,0.8725295184,1,5,1,2.0,0.0,0.0,0.0,0.0,0.0,1.0,0.0
2042451867.0,48,Texas,30118002,48439,Tarrant,2160356.0,2.31870014327221,,2,1,3,1.0,1.0,1.0,1.0,1.0,1.0,1.0,1.0
1984423029.0,48,Texas,30118002,48091,Comal,184600.0,1.02176575592039,1.5234514162,2,4,1,1.0,1.0,1.0,1.0,1.0,0.0,0.0,1.0
2009861771.0,48,Texas,30118002,48439,Tarrant,2160356.0,0.715716380008614,0.7499289401,1,3,1,2.0,0.0,0.0,0.0,0.0,0.0,1.0,0.0
1995508535.0,48,Texas,30118002,48113,Dallas,2613911.0,1.33780569195439,,2,5,2,2.0,1.0,1.0,1.0,1.0,1.0,1.0,1.0
2000510091.0,48,Texas,30118002,48113,Dallas,2613911.0,2.5178642059821,3.5589278082,2,5,1,2.0,1.0,0.0,1.0,0.0,1.0,1.0,0.0
2029583317.0,48,Texas,30118002,48201,Harris,4809691.0,1.47009379503298,,2,2,3,,1.0,0.0,1.0,1.0,0.0,1.0,0.0
2012487453.0,48,Texas,30118002,48121,Denton,980835.0,0.81254434033552,0.8599864348,1,5,1,2.0,0.0,0.0,0.0,0.0,0.0,1.0,0.0
2026580823.0,48,Texas,30118002,48141,El Paso,868332.0,5.58065972902862,,1,2,3,1.0,1.0,1.0,1.0,1.0,1.0,1.0,0.0
2028890667.0,48,Texas,30118002,48091,Comal,184600.0,3.70458411868882,0.7947668321,1,3,1,1.0,0.0,1.0,0.0,1.0,1.0,0.0,1.0
2039471239.0,48,Texas,30118002,48141,El Paso,868332.0,1.1866006437944,1.492009495,1,4,1,2.0,0.0,0.0,0.0,0.0,1.0,1.0,1.0
1984263341.0,48,Texas,30118002,48201,Harris,4809691.0,1.23408057299681,1.7647497251000002,2,4,1,2.0,1.0,1.0,1.0,1.0,1.0,0.0,1.0
2038227751.0,37,North Carolina,10705768,37135,Orange,150554.0,0.408419323119779,1.4551687547,2,3,7,2.0,1.0,1.0,1.0,1.0,1.0,0.0,1.0
2026743705.0,37,North Carolina,10705768,37157,Rockingham,92013.0,3.00559389554312,2.2732710958,2,1,2,2.0,1.0,1.0,1.0,1.0,1.0,1.0,1.0
2002398359.0,37,North Carolina,10705768,37101,Johnston,234667.0,1.99199265875063,,2,4,1,2.0,0.0,1.0,1.0,1.0,1.0,1.0,0.0
2034736915.0,37,North Carolina,10705768,37107,Lenoir,54540.0,0.296172211384297,,2,2,1,2.0,1.0,1.0,1.0,0.0,1.0,1.0,1.0
2038246489.0,37,North Carolina,10705768,37051,Cumberland,338521.0,1.13779252137489,0.9671599243000001,1,3,1,2.0,0.0,0.0,0.0,0.0,0.0,1.0,0.0
2011660189.0,37,North Carolina,10705768,37015,Bertie,16951.0,1.1715784881531,0.9142040786000001,2,6,2,2.0,0.0,1.0,1.0,1.0,0.0,0.0,1.0
2041484827.0,37,North Carolina,10705768,37051,Cumberland,338521.0,1.59267338998986,1.6726544547,2,5,1,2.0,0.0,0.0,0.0,0.0,0.0,1.0,0.0
2015665055.0,37,North Carolina,10705768,37081,Guilford,546589.0,2.51128959910837,,2,2,2,2.0,1.0,0.0,0.0,1.0,1.0,0.0,0.0
2024880605.0,37,North Carolina,10705768,37085,Harnett,138514.0,1.08467097584883,,2,5,1,2.0,1.0,0.0,0.0,0.0,1.0,1.0,0.0
2044279819.0,37,North Carolina,10705768,37025,Cabarrus,236041.0,1.52862101959273,1.3910855703,1,5,1,2.0,0.0,0.0,0.0,0.0,0.0,1.0,0.0
2013910781.0,37,North Carolina,10705768,37127,Nash,96364.0,0.96764930971294,0.9614344911,1,3,1,2.0,0.0,0.0,0.0,0.0,0.0,1.0,0.0
2036249757.0,37,North Carolina,10705768,37145,Person,39402.0,3.40469927555943,,1,2,1,2.0,0.0,1.0,0.0,0.0,0.0,1.0,0.0
2013031555.0,37,North Carolina,10705768,37067,Forsyth,389389.0,1.18156527683849,1.2275654794,1,6,1,2.0,0.0,0.0,0.0,0.0,0.0,1.0,0.0
2035462025.0,37,North Carolina,10705768,37021,Buncombe,274019.0,2.53183649773463,,1,3,1,2.0,1.0,1.0,1.0,0.0,1.0,1.0,1.0
2024313213.0,37,North Carolina,10705768,37071,Gaston,234245.0,3.31421847354016,,1,2,1,2.0,1.0,1.0,1.0,1.0,1.0,1.0,1.0
2010171241.0,37,North Carolina,10705768,37119,Mecklenburg,1148324.0,0.892548747118265,0.9878127352,2,5,1,2.0,1.0,1.0,1.0,1.0,1.0,0.0,1.0
2014841187.0,37,North Carolina,10705768,37101,Johnston,234667.0,1.23557542452611,1.123750661,2,4,1,2.0,0.0,0.0,0.0,0.0,0.0,1.0,0.0
2013046855.0,37,North Carolina,10705768,37119,Mecklenburg,1148324.0,1.0872888138699,0.6525991522,1,6,1,2.0,1.0,1.0,1.0,1.0,1.0,0.0,1.0
1998461069.0,37,North Carolina,10705768,37021,Buncombe,274019.0,0.674676736108167,1.1100441414,1,4,1,2.0,1.0,1.0,1.0,1.0,1.0,0.0,1.0
1995131933.0,37,North Carolina,10705768,37085,Harnett,138514.0,2.86194151397827,2.482581478,2,6,1,2.0,1.0,0.0,0.0,0.0,1.0,1.0,0.0
2011544465.0,37,North Carolina,10705768,37063,Durham,331135.0,0.962523066240718,0.7903928406,2,6,1,2.0,1.0,1.0,1.0,1.0,0.0,0.0,1.0
1993375427.0,37,North Carolina,10705768,37099,Jackson,43920.0,1.23440368756675,1.0085262775,1,6,1,2.0,0.0,0.0,0.0,0.0,0.0,1.0,0.0
2002641161.0,37,North Carolina,10705768,37081,Guilford,546589.0,1.1854780162535,1.3687781391,1,5,1,2.0,1.0,1.0,1.0,1.0,1.0,0.0,1.0
1948588147.0,37,North Carolina,10705768,37063,Durham,331135.0,1.22858540703967,1.5496705784,3,5,1,2.0,1.0,1.0,1.0,1.0,1.0,1.0,1.0
2031560487.0,37,North Carolina,10705768,37119,Mecklenburg,1148324.0,0.913239914754482,1.4537171237,2,2,1,2.0,0.0,1.0,0.0,0.0,1.0,1.0,1.0
2033285423.0,37,North Carolina,10705768,37133,Onslow,206682.0,1.52073351426599,,2,2,1,2.0,1.0,1.0,1.0,1.0,1.0,0.0,1.0
2012975241.0,37,North Carolina,10705768,37159,Rowan,149498.0,0.559738843888425,,2,2,1,2.0,1.0,1.0,1.0,1.0,1.0,0.0,1.0
2039530233.0,37,North Carolina,10705768,37067,Forsyth,389389.0,1.46004556100427,2.2560170329,1,3,1,2.0,1.0,1.0,1.0,1.0,1.0,1.0,1.0
2022487833.0,37,North Carolina,10705768,37081,Guilford,546589.0,0.727055463646518,0.75046716,1,3,1,2.0,0.0,0.0,0.0,0.0,0.0,1.0,0.0
1999506683.0,37,North Carolina,10705768,37119,Mecklenburg,1148324.0,1.19105374332482,,2,3,2,2.0,1.0,1.0,1.0,1.0,1.0,1.0,1.0
2000084659.0,37,North Carolina,10705768,37025,Cabarrus,236041.0,1.31320786767327,,1,2,1,2.0,0.0,1.0,1.0,0.0,1.0,0.0,0.0
2030979921.0,37,North Carolina,10705768,37071,Gaston,234245.0,2.93417411543731,,1,5,3,,1.0,1.0,1.0,1.0,1.0,0.0,0.0
1999463211.0,37,North Carolina,10705768,37119,Mecklenburg,1148324.0,4.06661220936055,,2,2,4,2.0,1.0,1.0,1.0,1.0,1.0,1.0,1.0
2017628123.0,37,North Carolina,10705768,37129,New Hanover,236065.0,0.212330218429125,1.4782945253,2,1,1,2.0,1.0,1.0,0.0,1.0,1.0,0.0,1.0
2036916127.0,37,North Carolina,10705768,37125,Moore,105484.0,1.38775856885825,1.8880389199,2,3,2,2.0,0.0,0.0,0.0,0.0,1.0,1.0,0.0
1984285437.0,37,North Carolina,10705768,37171,Surry,71536.0,0.856732863210892,,2,2,1,2.0,1.0,1.0,1.0,0.0,1.0,1.0,1.0
1992712947.0,37,North Carolina,10705768,37157,Rockingham,92013.0,1.13779252137489,0.9671599243000001,1,4,1,2.0,0.0,0.0,0.0,0.0,0.0,1.0,0.0
2040026841.0,37,North Carolina,10705768,37071,Gaston,234245.0,1.76149982022251,,2,2,1,2.0,1.0,1.0,1.0,1.0,1.0,1.0,1.0
2021361417.0,37,North Carolina,10705768,37021,Buncombe,274019.0,3.72501763817844,2.4380813983,1,5,1,2.0,1.0,1.0,1.0,1.0,1.0,0.0,1.0
1999530617.0,37,North Carolina,10705768,37179,Union,249615.0,0.232154287706173,0.4331892291,2,5,6,2.0,1.0,1.0,1.0,1.0,0.0,1.0,1.0
2039699631.0,37,North Carolina,10705768,37155,Robeson,116281.0,1.42396823223156,1.3221626385,2,6,1,2.0,0.0,0.0,0.0,0.0,1.0,1.0,0.0
2039234999.0,37,North Carolina,10705768,37081,Guilford,546589.0,0.730277388097717,0.5976246856,1,5,1,2.0,1.0,1.0,1.0,1.0,1.0,1.0,1.0
2019244287.0,37,North Carolina,10705768,37183,Wake,1173034.0,0.57950606718956,0.5211287655,1,2,1,2.0,1.0,1.0,1.0,1.0,1.0,0.0,1.0
2026759315.0,37,North Carolina,10705768,37129,New Hanover,236065.0,1.25457036762983,1.4276912696,1,2,1,2.0,0.0,1.0,0.0,0.0,0.0,1.0,0.0
2012037363.0,37,North Carolina,10705768,37147,Pitt,177028.0,0.242735373498081,0.4549388379,2,5,1,2.0,1.0,1.0,1.0,1.0,1.0,0.0,1.0
1997310401.0,37,North Carolina,10705768,37025,Cabarrus,236041.0,14.7814717128949,,1,1,2,2.0,0.0,1.0,0.0,1.0,1.0,1.0,
2022884403.0,37,North Carolina,10705768,37063,Durham,331135.0,1.56916258397293,1.4217013694,2,2,2,2.0,0.0,1.0,1.0,0.0,0.0,1.0,0.0
2011402719.0,37,North Carolina,10705768,37151,Randolph,146192.0,9.41347410028057,9.5233660754,2,1,1,2.0,0.0,0.0,0.0,0.0,0.0,0.0,0.0
2029574669.0,37,North Carolina,10705768,37051,Cumberland,338521.0,0.913239914754482,,2,2,1,2.0,0.0,1.0,0.0,0.0,0.0,1.0,0.0
2037481125.0,37,North Carolina,10705768,37023,Burke,87801.0,3.22051093966371,,1,2,1,2.0,1.0,1.0,1.0,1.0,1.0,0.0,1.0
1992962179.0,37,North Carolina,10705768,37069,Franklin,74294.0,1.23440368756675,1.0085262775,1,6,1,2.0,0.0,0.0,0.0,0.0,0.0,1.0,0.0
2020567375.0,37,North Carolina,10705768,37183,Wake,1173034.0,0.735963118647873,0.7157507754,2,5,1,2.0,1.0,1.0,1.0,1.0,1.0,0.0,1.0
2010973617.0,37,North Carolina,10705768,37191,Wayne,118206.0,1.07208940766446,0.39465586810000003,1,5,2,2.0,1.0,1.0,1.0,1.0,1.0,1.0,1.0
2038695905.0,37,North Carolina,10705768,37005,Alleghany,11200.0,1.1854780162535,,1,5,1,2.0,1.0,1.0,1.0,1.0,1.0,1.0,1.0
2011757921.0,37,North Carolina,10705768,37179,Union,249615.0,1.26841373240736,1.1607572996,2,2,1,2.0,0.0,0.0,0.0,0.0,0.0,1.0,0.0
2026544315.0,37,North Carolina,10705768,37025,Cabarrus,236041.0,0.504862895269304,,2,3,2,2.0,1.0,1.0,1.0,1.0,0.0,0.0,1.0
2020865437.0,37,North Carolina,10705768,37183,Wake,1173034.0,4.44238351111192,0.9968870233,2,2,2,2.0,0.0,1.0,0.0,0.0,0.0,0.0,0.0
2014523005.0,37,North Carolina,10705768,37067,Forsyth,389389.0,2.90357858528654,0.995983292,2,6,1,2.0,1.0,1.0,1.0,1.0,1.0,0.0,1.0
2030851851.0,37,North Carolina,10705768,37151,Randolph,146192.0,1.44360530045623,2.0316599468,2,5,1,2.0,1.0,0.0,0.0,0.0,1.0,0.0,1.0
2032674891.0,37,North Carolina,10705768,37067,Forsyth,389389.0,0.953038590586729,,2,2,1,2.0,1.0,1.0,1.0,0.0,0.0,1.0,1.0
2021834743.0,37,North Carolina,10705768,37147,Pitt,177028.0,5.12543730152837,2.7220850757,1,2,2,2.0,0.0,0.0,0.0,0.0,0.0,1.0,0.0
2034444999.0,37,North Carolina,10705768,37027,Caldwell,80298.0,0.514990742127975,,1,2,2,2.0,1.0,1.0,1.0,1.0,1.0,0.0,1.0
2045063787.0,37,North Carolina,10705768,37119,Mecklenburg,1148324.0,3.27617041944416,,1,1,2,2.0,1.0,1.0,0.0,1.0,1.0,1.0,1.0
2013593733.0,37,North Carolina,10705768,37077,Granville,60878.0,3.06711618042488,,2,5,1,2.0,0.0,1.0,1.0,1.0,1.0,0.0,0.0
2018470897.0,37,North Carolina,10705768,37133,Onslow,206682.0,2.47838411969728,,2,2,1,2.0,0.0,0.0,0.0,1.0,0.0,1.0,0.0
1982530829.0,37,North Carolina,10705768,37183,Wake,1173034.0,3.7395444411783,,2,4,1,2.0,1.0,1.0,1.0,1.0,1.0,0.0,0.0
2035419141.0,37,North Carolina,10705768,37067,Forsyth,389389.0,1.30861279841494,3.4082718015,1,3,3,,1.0,1.0,1.0,1.0,1.0,1.0,1.0
2018780895.0,37,North Carolina,10705768,37025,Cabarrus,236041.0,1.17901001796369,1.1097377918,2,2,2,2.0,1.0,1.0,1.0,1.0,1.0,1.0,1.0
2013985363.0,37,North Carolina,10705768,37183,Wake,1173034.0,0.990382134602707,,1,6,4,2.0,1.0,1.0,1.0,1.0,1.0,1.0,1.0
1998294247.0,37,North Carolina,10705768,37119,Mecklenburg,1148324.0,0.895967246332968,0.9968870233,2,2,2,2.0,0.0,1.0,1.0,1.0,1.0,1.0,1.0
2030875263.0,37,North Carolina,10705768,37065,Edgecombe,48470.0,0.754214337218186,,2,3,1,2.0,1.0,1.0,0.0,1.0,1.0,0.0,1.0
1999592437.0,37,North Carolina,10705768,37105,Lee,65613.0,0.279934236275457,0.030850781,1,5,1,2.0,0.0,0.0,0.0,0.0,0.0,0.0,0.0
2042373821.0,37,North Carolina,10705768,37129,New Hanover,236065.0,0.683667826247394,,3,5,8,2.0,1.0,1.0,0.0,1.0,0.0,0.0,0.0
2008044859.0,37,North Carolina,10705768,37119,Mecklenburg,1148324.0,1.59267338998986,1.6726544547,2,5,1,2.0,1.0,1.0,0.0,0.0,1.0,1.0,0.0
2008626587.0,37,North Carolina,10705768,37037,Chatham,80039.0,0.479503982084045,,2,1,1,2.0,1.0,1.0,1.0,1.0,1.0,1.0,1.0
2038227679.0,37,North Carolina,10705768,37081,Guilford,546589.0,3.72501763817844,2.4380813983,1,5,1,2.0,1.0,1.0,1.0,1.0,1.0,0.0,1.0
2041125785.0,37,North Carolina,10705768,37119,Mecklenburg,1148324.0,0.313133418569648,,1,2,1,2.0,0.0,1.0,1.0,1.0,1.0,1.0,1.0
2010605453.0,37,North Carolina,10705768,37191,Wayne,118206.0,3.0357960231632,,2,3,2,2.0,1.0,1.0,1.0,1.0,0.0,0.0,1.0
2015711171.0,37,North Carolina,10705768,37047,Columbus,50037.0,0.140405251411567,0.4552400293,2,2,1,2.0,1.0,0.0,1.0,1.0,1.0,1.0,1.0
2033225235.0,37,North Carolina,10705768,37065,Edgecombe,48470.0,1.08658852563612,,2,2,1,2.0,0.0,0.0,1.0,0.0,0.0,0.0,0.0
2034993407.0,37,North Carolina,10705768,37137,Pamlico,12255.0,2.65117369660595,,2,4,1,2.0,1.0,1.0,0.0,0.0,1.0,1.0,1.0
2014281437.0,37,North Carolina,10705768,37051,Cumberland,338521.0,0.340452734718231,,2,5,3,,1.0,1.0,1.0,1.0,1.0,0.0,1.0
2018478519.0,37,North Carolina,10705768,37147,Pitt,177028.0,0.611458555280079,0.7120904362,2,3,2,2.0,1.0,1.0,0.0,0.0,1.0,0.0,1.0
2033370191.0,37,North Carolina,10705768,37081,Guilford,546589.0,1.08894092404257,,2,4,2,2.0,1.0,1.0,0.0,1.0,0.0,1.0,1.0
2033199731.0,37,North Carolina,10705768,37159,Rowan,149498.0,9.1005838096062,,2,2,1,2.0,1.0,1.0,0.0,1.0,1.0,1.0,1.0
2033883291.0,37,North Carolina,10705768,37035,Catawba,163274.0,1.23557542452611,1.123750661,2,4,1,2.0,0.0,0.0,0.0,0.0,0.0,1.0,0.0
2021899195.0,37,North Carolina,10705768,37031,Carteret,69335.0,1.64288687164286,1.2920378133,1,6,1,2.0,0.0,0.0,1.0,0.0,0.0,1.0,0.0
1999083453.0,37,North Carolina,10705768,37021,Buncombe,274019.0,0.218046266460946,0.6569016507000001,2,6,1,2.0,1.0,1.0,1.0,1.0,1.0,0.0,1.0
2038403163.0,37,North Carolina,10705768,37081,Guilford,546589.0,1.13017707662501,1.1392761892,2,5,1,2.0,0.0,0.0,0.0,0.0,0.0,1.0,0.0
2038779831.0,37,North Carolina,10705768,37027,Caldwell,80298.0,3.11560683936837,,1,1,1,2.0,0.0,1.0,0.0,1.0,1.0,1.0,0.0
2035458271.0,37,North Carolina,10705768,37119,Mecklenburg,1148324.0,2.96530290183188,,3,2,2,1.0,1.0,1.0,1.0,1.0,1.0,0.0,1.0
1998975691.0,37,North Carolina,10705768,37171,Surry,71536.0,1.29998492430596,1.6090830154,1,3,4,2.0,1.0,1.0,1.0,0.0,1.0,0.0,1.0
2010290691.0,37,North Carolina,10705768,37057,Davidson,172376.0,2.51128959910837,,2,2,2,2.0,0.0,0.0,0.0,0.0,0.0,0.0,0.0
2033687311.0,37,North Carolina,10705768,37171,Surry,71536.0,1.70836345694822,,1,1,3,,0.0,0.0,1.0,1.0,1.0,1.0,1.0
1993729235.0,37,North Carolina,10705768,37035,Catawba,163274.0,1.49812180286049,1.4672221181,2,6,1,2.0,1.0,1.0,1.0,1.0,1.0,1.0,1.0
2043487525.0,37,North Carolina,10705768,37089,Henderson,118337.0,0.208421801506396,,2,2,1,2.0,1.0,1.0,1.0,0.0,1.0,1.0,1.0
2014658051.0,22,Louisiana,4600892,22069,Natchitoches Parish,36724.0,0.638926037883344,0.0990980835,1,5,1,2.0,0.0,0.0,0.0,0.0,0.0,1.0,0.0
2034241465.0,22,Louisiana,4600892,22079,Rapides Parish,127018.0,0.138915671982683,,2,1,1,1.0,0.0,0.0,0.0,0.0,0.0,0.0,0.0
2039941067.0,22,Louisiana,4600892,22055,Lafayette Parish,248406.0,0.517142781004206,1.1154239703,2,2,2,2.0,1.0,1.0,1.0,1.0,1.0,1.0,1.0
2015150147.0,22,Louisiana,4600892,22109,Terrebonne Parish,104798.0,1.18599542124386,1.3782762991,2,2,1,2.0,1.0,1.0,1.0,1.0,1.0,1.0,0.0
2014394139.0,22,Louisiana,4600892,22051,Jefferson Parish,430086.0,0.401150450490049,0.6152968603,2,2,1,2.0,1.0,1.0,0.0,1.0,1.0,0.0,1.0
2028990507.0,22,Louisiana,4600892,22057,Lafourche Parish,95738.0,1.12270554478785,,2,2,2,2.0,1.0,1.0,0.0,1.0,0.0,1.0,1.0
1280829241.0,22,Louisiana,4600892,22017,Caddo Parish,229272.0,0.849529648928968,,2,1,2,2.0,1.0,1.0,1.0,1.0,1.0,0.0,0.0
2015675417.0,22,Louisiana,4600892,22105,Tangipahoa Parish,136814.0,1.18599542124386,1.3782762991,2,2,1,2.0,0.0,1.0,0.0,0.0,0.0,1.0,1.0
2027485149.0,22,Louisiana,4600892,22117,Washington Parish,45020.0,4.61278296915869,,1,2,2,2.0,1.0,1.0,1.0,1.0,1.0,1.0,1.0
2042657027.0,22,Louisiana,4600892,22033,East Baton Rouge Parish,451837.0,4.61278296915869,,1,2,2,2.0,1.0,1.0,1.0,1.0,1.0,0.0,1.0
2018440311.0,22,Louisiana,4600892,22103,St. Tammany Parish,273650.0,3.56128272202773,,2,2,1,2.0,1.0,1.0,1.0,1.0,1.0,1.0,1.0
2010539893.0,22,Louisiana,4600892,22015,Bossier Parish,129355.0,3.04819915202311,2.3672097723,1,1,1,2.0,0.0,1.0,0.0,0.0,0.0,1.0,0.0
2006883545.0,22,Louisiana,4600892,22119,Webster Parish,35636.0,12.9654072138688,,1,3,1,2.0,0.0,0.0,0.0,0.0,0.0,1.0,0.0
2010190265.0,22,Louisiana,4600892,22119,Webster Parish,35636.0,6.41053931768521,4.1772726811,1,1,2,2.0,0.0,1.0,1.0,1.0,1.0,0.0,1.0
2031587203.0,22,Louisiana,4600892,22071,Orleans Parish,371038.0,1.0014061505021,,1,2,2,2.0,0.0,1.0,0.0,0.0,1.0,1.0,0.0
2013636157.0,22,Louisiana,4600892,22051,Jefferson Parish,430086.0,13.2453636281014,,1,1,2,2.0,1.0,1.0,1.0,1.0,1.0,1.0,1.0
2041090849.0,22,Louisiana,4600892,22017,Caddo Parish,229272.0,8.15408261396986,,2,5,1,2.0,1.0,1.0,1.0,1.0,1.0,0.0,1.0
2012539879.0,22,Louisiana,4600892,22093,St. James Parish,19395.0,0.119481759889114,0.2029434939,1,2,1,2.0,0.0,0.0,0.0,0.0,0.0,1.0,0.0
1999203409.0,22,Louisiana,4600892,22071,Orleans Parish,371038.0,0.941733899739447,,1,3,2,2.0,1.0,1.0,1.0,1.0,1.0,0.0,1.0
2034662103.0,22,Louisiana,4600892,22061,Lincoln Parish,48050.0,3.7708580633224,,1,2,1,2.0,0.0,0.0,1.0,0.0,0.0,1.0,0.0
2039693775.0,22,Louisiana,4600892,22071,Orleans Parish,371038.0,0.903927455226639,0.8176531958000001,2,3,2,2.0,1.0,1.0,1.0,1.0,1.0,1.0,1.0
2013520611.0,22,Louisiana,4600892,22001,Acadia Parish,56961.0,2.3689820894591,,2,2,1,2.0,0.0,1.0,1.0,0.0,1.0,1.0,1.0
2010673417.0,22,Louisiana,4600892,22071,Orleans Parish,371038.0,3.3333605046431,3.4740783103,1,5,1,2.0,0.0,0.0,0.0,0.0,0.0,1.0,0.0
2006322779.0,22,Louisiana,4600892,22103,St. Tammany Parish,273650.0,2.70982448423131,,1,5,1,2.0,1.0,1.0,1.0,1.0,1.0,1.0,1.0
2022115631.0,22,Louisiana,4600892,22073,Ouachita Parish,157979.0,0.252889911051394,0.365036201,2,5,1,2.0,1.0,1.0,1.0,1.0,1.0,0.0,1.0
2018638263.0,22,Louisiana,4600892,22079,Rapides Parish,127018.0,0.398791524274295,,1,2,2,2.0,0.0,0.0,1.0,0.0,0.0,1.0,0.0
2012858481.0,22,Louisiana,4600892,22105,Tangipahoa Parish,136814.0,1.13996397134526,1.0418751638,2,6,2,2.0,1.0,1.0,1.0,1.0,1.0,1.0,1.0
1997367767.0,22,Louisiana,4600892,22063,Livingston Parish,148332.0,4.07761940405006,2.2959949421,2,5,1,2.0,1.0,0.0,0.0,0.0,0.0,0.0,1.0
2020164523.0,22,Louisiana,4600892,22105,Tangipahoa Parish,136814.0,0.777146945138126,0.4908191181,1,2,1,2.0,0.0,1.0,1.0,0.0,1.0,1.0,1.0
2030939519.0,22,Louisiana,4600892,22019,Calcasieu Parish,202821.0,2.38297370581874,,1,4,2,2.0,,1.0,1.0,1.0,1.0,0.0,1.0
2020607011.0,22,Louisiana,4600892,22019,Calcasieu Parish,202821.0,0.27396076979212,,2,1,3,,1.0,0.0,0.0,1.0,0.0,0.0,0.0
1999558999.0,22,Louisiana,4600892,22051,Jefferson Parish,430086.0,0.731497020135754,,2,2,1,2.0,1.0,1.0,1.0,1.0,1.0,0.0,1.0
2012843691.0,22,Louisiana,4600892,22051,Jefferson Parish,430086.0,1.01027572642731,0.7430969104,2,6,1,2.0,1.0,1.0,0.0,0.0,1.0,1.0,1.0
2013849911.0,22,Louisiana,4600892,22015,Bossier Parish,129355.0,6.32908820232426,,1,2,2,2.0,0.0,0.0,0.0,0.0,1.0,1.0,0.0
2034677925.0,22,Louisiana,4600892,22033,East Baton Rouge Parish,451837.0,1.70100402071586,,2,3,1,2.0,0.0,1.0,0.0,0.0,1.0,1.0,0.0
2039540651.0,22,Louisiana,4600892,22009,Avoyelles Parish,38772.0,3.54810045710308,,2,3,2,2.0,0.0,0.0,0.0,1.0,1.0,0.0,0.0
2039923853.0,22,Louisiana,4600892,22079,Rapides Parish,127018.0,12.672798869191,,1,2,1,2.0,0.0,0.0,0.0,0.0,0.0,0.0,0.0
2045232495.0,22,Louisiana,4600892,22017,Caddo Parish,229272.0,1.21370165934659,,1,2,1,2.0,0.0,0.0,1.0,0.0,1.0,1.0,1.0
2045014775.0,22,Louisiana,4600892,22045,Iberia Parish,68397.0,1.25355197271761,1.126469812,2,5,1,2.0,0.0,0.0,0.0,0.0,0.0,1.0,0.0
2042330301.0,22,Louisiana,4600892,22067,Morehouse Parish,24466.0,1.32162958796285,1.2102023735,2,3,1,2.0,0.0,0.0,0.0,0.0,0.0,1.0,0.0
1998654973.0,22,Louisiana,4600892,22105,Tangipahoa Parish,136814.0,0.37073808551526,,2,2,1,2.0,0.0,0.0,0.0,0.0,1.0,1.0,0.0
2009825085.0,45,South Carolina,5288957,45015,Berkeley,245656.0,5.42587908285067,2.9892483016,1,5,1,2.0,0.0,0.0,0.0,0.0,0.0,1.0,0.0
2012940935.0,45,South Carolina,5288957,45003,Aiken,173545.0,7.24916126602601,2.2140172072,1,3,1,2.0,1.0,1.0,0.0,1.0,1.0,0.0,1.0
2021939895.0,45,South Carolina,5288957,45055,Kershaw,67989.0,0.762679498995258,0.8185070346000001,2,3,2,2.0,1.0,0.0,0.0,0.0,0.0,0.0,0.0
2001125211.0,45,South Carolina,5288957,45015,Berkeley,245656.0,0.462670459102282,0.48171944240000003,1,3,1,2.0,0.0,0.0,0.0,0.0,0.0,1.0,0.0
2038216777.0,45,South Carolina,5288957,45083,Spartanburg,346466.0,1.06469814689691,0.6828328003,2,5,1,2.0,1.0,1.0,1.0,1.0,1.0,0.0,1.0
2027277441.0,45,South Carolina,5288957,45003,Aiken,173545.0,6.11959256854722,3.5002609339,2,1,1,2.0,0.0,0.0,0.0,0.0,1.0,1.0,0.0
2019270919.0,45,South Carolina,5288957,45051,Horry,383626.0,0.994291868783299,0.9081536152,2,5,1,2.0,1.0,0.0,0.0,0.0,0.0,1.0,0.0
2010607119.0,45,South Carolina,5288957,45045,Greenville,548763.0,3.80420029910131,,2,2,1,2.0,0.0,1.0,1.0,0.0,1.0,1.0,1.0
2012567131.0,45,South Carolina,5288957,45051,Horry,383626.0,0.733979677066878,1.3330666494,2,2,1,2.0,0.0,0.0,0.0,0.0,0.0,1.0,0.0
2010384833.0,45,South Carolina,5288957,45019,Charleston,420325.0,0.453913006458449,0.39380054340000004,2,3,1,2.0,1.0,1.0,0.0,1.0,1.0,0.0,1.0
2038822763.0,45,South Carolina,5288957,45079,Richland,421786.0,0.199022152328271,,1,3,1,2.0,1.0,1.0,1.0,1.0,1.0,0.0,1.0
2026622583.0,45,South Carolina,5288957,45043,Georgetown,64762.0,6.19882738467293,,1,3,2,2.0,1.0,1.0,1.0,1.0,1.0,1.0,1.0
2034473719.0,45,South Carolina,5288957,45073,Oconee,80280.0,2.62058445037014,,2,2,1,1.0,1.0,1.0,1.0,1.0,0.0,0.0,1.0
2013121973.0,45,South Carolina,5288957,45045,Greenville,548763.0,6.11959256854722,3.5002609339,2,1,1,2.0,0.0,0.0,0.0,0.0,0.0,1.0,0.0
2014908463.0,45,South Carolina,5288957,45047,Greenwood,69301.0,0.132018938370966,0.3548747131,2,5,1,2.0,1.0,1.0,1.0,1.0,1.0,1.0,1.0
2014126049.0,45,South Carolina,5288957,45019,Charleston,420325.0,1.12073534210595,0.8487194149,2,6,1,2.0,1.0,1.0,1.0,1.0,1.0,0.0,1.0
2034606055.0,45,South Carolina,5288957,45019,Charleston,420325.0,3.12063629212401,,1,1,2,2.0,1.0,0.0,0.0,1.0,1.0,0.0,0.0
2034449261.0,45,South Carolina,5288957,45045,Greenville,548763.0,0.867748851750794,0.8554996205000001,1,6,1,2.0,1.0,0.0,0.0,0.0,1.0,1.0,1.0
2010701345.0,45,South Carolina,5288957,45007,Anderson,210142.0,1.43526042602805,1.1719606695,2,5,1,2.0,0.0,0.0,0.0,0.0,0.0,1.0,0.0
2040026445.0,45,South Carolina,5288957,45075,Orangeburg,83183.0,4.14655941342103,,2,2,2,2.0,1.0,1.0,1.0,1.0,0.0,1.0,0.0
2005864995.0,45,South Carolina,5288957,45045,Greenville,548763.0,0.615775236911716,0.6171378464,1,3,1,2.0,0.0,0.0,0.0,0.0,0.0,1.0,0.0
2039699925.0,45,South Carolina,5288957,45015,Berkeley,245656.0,0.867748851750794,0.550116268,1,6,1,2.0,0.0,0.0,0.0,0.0,0.0,1.0,0.0
1999672041.0,45,South Carolina,5288957,45079,Richland,421786.0,1.15645378897182,0.8534489093000001,1,5,1,2.0,1.0,1.0,1.0,1.0,1.0,0.0,1.0
2012538571.0,45,South Carolina,5288957,45045,Greenville,548763.0,1.41908283933427,0.5488620861,2,4,2,2.0,0.0,1.0,1.0,0.0,1.0,1.0,1.0
2037756807.0,45,South Carolina,5288957,45051,Horry,383626.0,0.747073685065367,,2,5,1,2.0,1.0,1.0,0.0,0.0,1.0,1.0,0.0
2010608409.0,45,South Carolina,5288957,45041,Florence,136895.0,14.0376214727411,,2,2,1,2.0,1.0,1.0,1.0,1.0,0.0,0.0,0.0
2014890185.0,45,South Carolina,5288957,45015,Berkeley,245656.0,3.79359509682013,0.8667369809000001,2,3,1,2.0,0.0,1.0,1.0,0.0,1.0,1.0,0.0
2016641197.0,45,South Carolina,5288957,45045,Greenville,548763.0,2.45324833438056,0.7481831008000001,1,2,3,1.0,0.0,0.0,0.0,0.0,0.0,1.0,0.0
2012267339.0,45,South Carolina,5288957,45075,Orangeburg,83183.0,0.910202919652881,2.2309787276,2,2,1,2.0,0.0,0.0,0.0,0.0,0.0,1.0,1.0
2033168423.0,45,South Carolina,5288957,45063,Lexington,305297.0,3.02417503885178,,1,6,1,2.0,0.0,0.0,0.0,0.0,1.0,1.0,0.0
2037169895.0,45,South Carolina,5288957,45071,Newberry,38342.0,0.741359788721028,0.1536676004,2,1,6,2.0,0.0,1.0,1.0,1.0,1.0,1.0,0.0
2038030641.0,45,South Carolina,5288957,45079,Richland,421786.0,0.994291868783299,0.9081536152,2,5,1,2.0,1.0,0.0,0.0,0.0,1.0,1.0,1.0
2014205027.0,45,South Carolina,5288957,45045,Greenville,548763.0,2.32069151406368,2.1636808848,1,2,1,2.0,0.0,0.0,0.0,0.0,0.0,1.0,0.0
2020536721.0,45,South Carolina,5288957,45063,Lexington,305297.0,1.33388010232607,0.384170334,2,6,3,1.0,1.0,1.0,1.0,1.0,1.0,1.0,1.0
2010903327.0,45,South Carolina,5288957,45015,Berkeley,245656.0,1.85754312376001,1.9187828895,1,6,1,2.0,1.0,0.0,0.0,1.0,1.0,1.0,1.0
2010461185.0,45,South Carolina,5288957,45003,Aiken,173545.0,1.12752790253587,0.8528107880000001,2,3,1,2.0,0.0,0.0,0.0,0.0,1.0,1.0,0.0
2042329531.0,45,South Carolina,5288957,45043,Georgetown,64762.0,1.12752790253587,0.8528107880000001,2,3,1,2.0,1.0,1.0,1.0,1.0,1.0,1.0,0.0
2039506257.0,45,South Carolina,5288957,45013,Beaufort,196266.0,1.67081088325462,,1,3,1,2.0,0.0,1.0,1.0,1.0,1.0,1.0,1.0
2034611399.0,45,South Carolina,5288957,45073,Oconee,80280.0,2.71919288801048,,1,6,1,2.0,0.0,1.0,0.0,0.0,0.0,1.0,0.0
2020300881.0,45,South Carolina,5288957,45073,Oconee,80280.0,0.439384982444334,0.9718423453,2,2,1,2.0,1.0,1.0,0.0,0.0,1.0,0.0,0.0
2017374701.0,45,South Carolina,5288957,45045,Greenville,548763.0,0.716149740562661,1.1856090105,2,2,1,2.0,0.0,1.0,1.0,1.0,1.0,1.0,1.0
2021100391.0,45,South Carolina,5288957,45083,Spartanburg,346466.0,0.434888381857626,,2,2,2,2.0,0.0,1.0,0.0,0.0,0.0,1.0,1.0
2015762461.0,45,South Carolina,5288957,45039,Fairfield,20455.0,1.05521844074144,0.691749178,2,6,2,2.0,1.0,1.0,1.0,1.0,1.0,1.0,1.0
2009094299.0,45,South Carolina,5288957,45071,Newberry,38342.0,4.01770899588549,,1,2,2,2.0,1.0,0.0,1.0,0.0,1.0,1.0,1.0
2007219197.0,45,South Carolina,5288957,45045,Greenville,548763.0,1.44016647777156,0.5609657589,2,2,1,2.0,0.0,0.0,0.0,0.0,0.0,0.0,0.0
2042872289.0,45,South Carolina,5288957,45085,Sumter,103890.0,1.41739751731191,0.8034389139,2,4,1,2.0,1.0,1.0,1.0,1.0,1.0,0.0,1.0
2018444033.0,45,South Carolina,5288957,45079,Richland,421786.0,2.32069151406368,2.1636808848,1,2,1,2.0,0.0,0.0,0.0,0.0,0.0,1.0,0.0
2041081667.0,45,South Carolina,5288957,45035,Dorchester,166125.0,2.69311810241615,2.8115595141,1,3,1,2.0,1.0,0.0,1.0,1.0,1.0,1.0,1.0
2002031175.0,53,Washington,7786828,53033,King,2265822.0,0.791606232947743,0.6479298969,2,6,1,2.0,1.0,1.0,1.0,1.0,1.0,0.0,1.0
2019893317.0,53,Washington,7786828,53053,Pierce,927456.0,1.12100488367913,,1,2,1,1.0,1.0,1.0,1.0,0.0,1.0,0.0,1.0
2009739669.0,53,Washington,7786828,53025,Grant,101277.0,1.07061000512256,1.2525520225,1,4,1,2.0,1.0,0.0,0.0,0.0,0.0,1.0,0.0
2011081867.0,53,Washington,7786828,53033,King,2265822.0,0.988688979280013,1.0165221344,1,6,1,2.0,1.0,1.0,1.0,1.0,1.0,0.0,1.0
1993701689.0,53,Washington,7786828,53057,Skagit,131116.0,1.10589355211009,0.889734668,2,5,1,2.0,1.0,1.0,1.0,1.0,1.0,0.0,1.0
1998749933.0,53,Washington,7786828,53063,Spokane,549602.0,5.00524066021151,1.1696836808,2,3,1,2.0,0.0,0.0,0.0,0.0,1.0,1.0,0.0
2039869839.0,53,Washington,7786828,53035,Kitsap,277805.0,2.43674595653875,2.278648387,2,5,1,2.0,0.0,0.0,0.0,1.0,0.0,1.0,0.0
2012146883.0,53,Washington,7786828,53033,King,2265822.0,1.6415843430645,0.2586529171,1,5,7,2.0,0.0,0.0,0.0,0.0,0.0,1.0,0.0
2022964407.0,53,Washington,7786828,53053,Pierce,927456.0,10.4536738777332,,1,1,4,2.0,1.0,1.0,1.0,1.0,1.0,0.0,1.0
2014060379.0,53,Washington,7786828,53053,Pierce,927456.0,1.1509582355974,0.7132249028000001,2,3,3,1.0,1.0,0.0,0.0,0.0,0.0,0.0,0.0
2011404853.0,53,Washington,7786828,53025,Grant,101277.0,2.43674595653875,2.278648387,2,5,1,2.0,1.0,0.0,0.0,1.0,1.0,1.0,0.0
2017654693.0,53,Washington,7786828,53075,Whitman,47507.0,4.82053430583052,4.4113045724,1,4,1,2.0,1.0,1.0,1.0,1.0,1.0,0.0,1.0
2008614271.0,53,Washington,7786828,53053,Pierce,927456.0,1.10616874196808,,1,5,1,2.0,0.0,0.0,0.0,0.0,0.0,1.0,0.0
2043221679.0,53,Washington,7786828,53049,Pacific,24091.0,1.86968463924149,1.7683924105000002,1,6,1,2.0,0.0,0.0,0.0,0.0,0.0,1.0,0.0
2036788107.0,53,Washington,7786828,53029,Island,86738.0,1.39315515914453,1.3980686659,2,3,1,2.0,0.0,0.0,0.0,0.0,1.0,1.0,0.0
2034579693.0,53,Washington,7786828,53021,Franklin,98445.0,4.28860544664916,,1,2,3,,1.0,1.0,1.0,1.0,1.0,0.0,1.0
2015135683.0,53,Washington,7786828,53063,Spokane,549602.0,2.44972855545312,,2,1,1,2.0,0.0,1.0,0.0,0.0,0.0,0.0,0.0
2000910379.0,53,Washington,7786828,53033,King,2265822.0,3.14532111914651,,1,4,1,2.0,1.0,1.0,1.0,1.0,1.0,0.0,1.0
2041565963.0,53,Washington,7786828,53035,Kitsap,277805.0,1.91199582028411,1.9617689355,1,2,1,2.0,0.0,0.0,0.0,0.0,0.0,1.0,0.0
2012097585.0,53,Washington,7786828,53033,King,2265822.0,1.37395470585277,4.7001554745,2,2,1,1.0,0.0,0.0,0.0,0.0,0.0,1.0,0.0
1997222945.0,53,Washington,7786828,53033,King,2265822.0,1.47820421670907,1.8927503645,1,5,1,2.0,0.0,0.0,0.0,0.0,0.0,1.0,0.0
2013117879.0,53,Washington,7786828,53005,Benton,212818.0,1.91199582028411,1.9617689355,1,2,1,2.0,0.0,0.0,0.0,0.0,0.0,1.0,0.0
2036916971.0,53,Washington,7786828,53011,Clark,516807.0,1.620927324118,1.1015216518,2,2,1,2.0,0.0,0.0,0.0,0.0,1.0,1.0,
2026405393.0,53,Washington,7786828,53033,King,2265822.0,0.743962512617499,,1,2,5,2.0,1.0,1.0,1.0,1.0,1.0,0.0,1.0
2034661157.0,53,Washington,7786828,53045,Mason,68244.0,0.926144763984005,1.1858334032,1,4,1,2.0,1.0,1.0,1.0,1.0,1.0,0.0,1.0
2009940823.0,53,Washington,7786828,53033,King,2265822.0,1.15106072382776,0.9221310338,3,5,1,2.0,1.0,1.0,1.0,1.0,1.0,0.0,1.0
2042329135.0,53,Washington,7786828,53011,Clark,516807.0,0.53379937228701,0.5025888781,1,6,1,2.0,1.0,1.0,1.0,1.0,0.0,1.0,1.0
2015070115.0,53,Washington,7786828,53033,King,2265822.0,0.134626128980855,0.0874626634,1,5,7,2.0,1.0,1.0,1.0,1.0,1.0,0.0,1.0
2028887135.0,53,Washington,7786828,53033,King,2265822.0,0.666793401903719,0.6786980971000001,2,2,1,2.0,1.0,1.0,1.0,1.0,1.0,1.0,1.0
1982013403.0,53,Washington,7786828,53061,Snohomish,840860.0,2.10676855831979,,1,4,1,2.0,1.0,1.0,1.0,1.0,0.0,1.0,1.0
2044567345.0,53,Washington,7786828,53011,Clark,516807.0,1.51175756468274,,2,5,1,2.0,1.0,1.0,0.0,1.0,1.0,1.0,0.0
2012200665.0,53,Washington,7786828,53011,Clark,516807.0,0.830927011679077,0.6945004113000001,2,5,1,2.0,1.0,1.0,1.0,1.0,1.0,0.0,1.0
1997025275.0,53,Washington,7786828,53065,Stevens,48282.0,0.773408446182495,0.8920523695,1,3,1,2.0,0.0,0.0,0.0,0.0,0.0,1.0,0.0
2015225845.0,53,Washington,7786828,53077,Yakima,256550.0,0.337014977364919,0.7232204640000001,2,4,1,2.0,1.0,1.0,1.0,0.0,1.0,0.0,0.0
1998991307.0,53,Washington,7786828,53011,Clark,516807.0,1.39315515914453,1.3980686659,2,3,1,2.0,1.0,1.0,1.0,0.0,0.0,1.0,0.0
2027089627.0,53,Washington,7786828,53063,Spokane,549602.0,2.90222237896739,,1,4,1,2.0,0.0,0.0,0.0,0.0,1.0,1.0,0.0
2014195183.0,53,Washington,7786828,53041,Lewis,85293.0,0.840883493389895,0.5380639743,1,5,7,2.0,0.0,0.0,0.0,0.0,0.0,1.0,0.0
2041773767.0,53,Washington,7786828,53033,King,2265822.0,0.960796840327492,0.9851803792,1,5,1,2.0,1.0,1.0,1.0,1.0,1.0,1.0,1.0
2013052005.0,53,Washington,7786828,53061,Snohomish,840860.0,1.95138608518487,,1,5,2,2.0,0.0,0.0,0.0,0.0,0.0,1.0,0.0
2033753173.0,53,Washington,7786828,53057,Skagit,131116.0,2.04703788049724,5.3444111003,1,2,1,2.0,1.0,1.0,1.0,1.0,1.0,1.0,1.0
2015374171.0,53,Washington,7786828,53005,Benton,212818.0,1.53196443812316,,2,5,1,2.0,1.0,1.0,1.0,1.0,1.0,1.0,1.0
2030683923.0,53,Washington,7786828,53011,Clark,516807.0,2.95881934658808,,1,1,1,2.0,1.0,0.0,1.0,1.0,1.0,1.0,1.0
2022641961.0,53,Washington,7786828,53033,King,2265822.0,1.18885741642947,1.3501659336,2,5,3,1.0,1.0,1.0,1.0,1.0,1.0,1.0,1.0
2014825875.0,53,Washington,7786828,53067,Thurston,298556.0,3.14532111914651,,1,3,1,2.0,1.0,1.0,1.0,1.0,0.0,0.0,1.0
2038225651.0,53,Washington,7786828,53035,Kitsap,277805.0,1.44165619884729,1.638339231,2,3,1,2.0,1.0,1.0,1.0,1.0,1.0,0.0,1.0
2004353599.0,53,Washington,7786828,53033,King,2265822.0,1.15035926815553,1.3778010753,1,5,1,2.0,1.0,1.0,1.0,1.0,1.0,1.0,1.0
2031360289.0,53,Washington,7786828,53033,King,2265822.0,1.02418606837111,1.0427318132,1,3,1,2.0,0.0,0.0,0.0,0.0,0.0,0.0,0.0
2038693577.0,53,Washington,7786828,53033,King,2265822.0,2.59393901526825,,2,5,6,2.0,1.0,1.0,0.0,1.0,0.0,1.0,0.0
1994126073.0,53,Washington,7786828,53033,King,2265822.0,1.10616874196808,1.2521410103,1,5,1,2.0,0.0,1.0,0.0,0.0,0.0,1.0,0.0
2015185917.0,53,Washington,7786828,53033,King,2265822.0,0.830927011679077,0.6945004113000001,2,5,1,2.0,1.0,1.0,1.0,1.0,1.0,0.0,1.0
2039093197.0,53,Washington,7786828,53073,Whatcom,230641.0,0.572430201140233,0.572746331,2,5,1,2.0,0.0,0.0,0.0,0.0,1.0,1.0,0.0
2034614551.0,53,Washington,7786828,53033,King,2265822.0,0.877823457065888,0.6266002663,1,3,4,2.0,1.0,1.0,1.0,1.0,1.0,0.0,1.0
2044246247.0,53,Washington,7786828,53057,Skagit,131116.0,1.40481103909407,1.3803545041,1,6,1,2.0,1.0,0.0,0.0,0.0,0.0,1.0,0.0
2012986461.0,53,Washington,7786828,53033,King,2265822.0,3.60425309576401,4.5779826676,2,2,6,2.0,1.0,1.0,0.0,0.0,1.0,1.0,0.0
2042765447.0,53,Washington,7786828,53033,King,2265822.0,0.87090837017441,2.8929270637,1,1,1,2.0,1.0,1.0,1.0,1.0,1.0,1.0,1.0
2014150005.0,53,Washington,7786828,53063,Spokane,549602.0,1.5414900308597,,1,2,5,2.0,1.0,1.0,1.0,1.0,1.0,1.0,1.0
2034524865.0,53,Washington,7786828,53033,King,2265822.0,1.70136453262644,1.5939856519,2,3,1,2.0,1.0,1.0,1.0,1.0,1.0,0.0,1.0
2013696861.0,53,Washington,7786828,53033,King,2265822.0,0.938161496396468,0.7990068738,2,6,1,2.0,1.0,1.0,1.0,1.0,1.0,0.0,1.0
2018998465.0,53,Washington,7786828,53061,Snohomish,840860.0,4.17607965866735,,1,2,1,2.0,1.0,1.0,1.0,1.0,1.0,1.0,1.0
2033321783.0,53,Washington,7786828,53021,Franklin,98445.0,2.40472192490227,,1,2,2,2.0,1.0,0.0,1.0,0.0,0.0,1.0,0.0
2016684911.0,53,Washington,7786828,53063,Spokane,549602.0,0.960796840327492,0.9851803792,1,5,1,2.0,1.0,1.0,1.0,1.0,1.0,1.0,1.0
2038238589.0,53,Washington,7786828,53033,King,2265822.0,6.61065076530651,2.242069655,1,3,1,2.0,1.0,1.0,1.0,1.0,1.0,0.0,1.0
2014675965.0,53,Washington,7786828,53077,Yakima,256550.0,2.86995868207607,,2,2,3,,1.0,0.0,1.0,0.0,0.0,1.0,1.0
2028991519.0,53,Washington,7786828,53053,Pierce,927456.0,1.14663393251581,0.2711788875,2,2,1,2.0,1.0,1.0,1.0,1.0,1.0,1.0,1.0
2014437083.0,53,Washington,7786828,53067,Thurston,298556.0,0.938161496396468,0.7990068738,2,6,1,2.0,1.0,1.0,1.0,1.0,1.0,0.0,1.0
2013975059.0,53,Washington,7786828,53033,King,2265822.0,2.04703788049724,,1,2,1,2.0,1.0,1.0,0.0,1.0,0.0,1.0,0.0
1998432577.0,53,Washington,7786828,53033,King,2265822.0,1.20971144962013,1.943512445,1,2,1,2.0,1.0,1.0,1.0,1.0,1.0,0.0,1.0
1998698541.0,53,Washington,7786828,53033,King,2265822.0,4.08052145281598,15.0172750693,3,2,1,2.0,1.0,1.0,1.0,1.0,1.0,0.0,1.0
2031153489.0,53,Washington,7786828,53033,King,2265822.0,0.830927011679077,0.6945004113000001,2,5,1,2.0,1.0,1.0,1.0,1.0,1.0,0.0,1.0
2028851985.0,53,Washington,7786828,53033,King,2265822.0,0.816250208864408,1.2126841476,2,6,4,2.0,1.0,1.0,1.0,1.0,1.0,0.0,1.0
2025449155.0,23,Maine,1391585,23031,York,217376.0,1.39080386428892,,1,2,1,2.0,1.0,0.0,0.0,0.0,1.0,1.0,0.0
1987877713.0,23,Maine,1391585,23019,Penobscot,154948.0,1.18880679499265,1.0099609999,2,6,1,2.0,1.0,1.0,1.0,1.0,1.0,0.0,1.0
2012191411.0,23,Maine,1391585,23025,Somerset,51052.0,1.00484922470751,,2,2,1,2.0,1.0,0.0,0.0,0.0,0.0,0.0,1.0
2009073867.0,23,Maine,1391585,23019,Penobscot,154948.0,0.938454486990916,,2,3,1,2.0,1.0,1.0,1.0,1.0,1.0,1.0,1.0
2034581053.0,23,Maine,1391585,23011,Kennebec,127182.0,0.630352498187872,0.6505146958,1,3,1,2.0,1.0,1.0,1.0,1.0,1.0,0.0,1.0
2038924495.0,23,Maine,1391585,23011,Kennebec,127182.0,4.95009587524936,,1,4,1,2.0,1.0,1.0,1.0,1.0,1.0,1.0,1.0
2011507147.0,23,Maine,1391585,23019,Penobscot,154948.0,3.39415335282077,0.38563078510000004,1,2,1,2.0,0.0,0.0,0.0,0.0,0.0,1.0,0.0
2026759825.0,23,Maine,1391585,23027,Waldo,40196.0,0.962825522996632,,2,1,7,2.0,1.0,0.0,0.0,1.0,1.0,1.0,0.0
1999176323.0,23,Maine,1391585,23003,Aroostook,67295.0,2.27207815591247,,1,3,2,2.0,1.0,1.0,0.0,1.0,0.0,1.0,0.0
2011823669.0,23,Maine,1391585,23019,Penobscot,154948.0,2.9550395494996,4.0880761776,1,3,1,2.0,1.0,1.0,1.0,1.0,1.0,1.0,0.0
1999176539.0,23,Maine,1391585,23011,Kennebec,127182.0,1.43079614201836,0.6817835972,1,1,2,2.0,0.0,0.0,0.0,0.0,0.0,1.0,0.0
2011154703.0,23,Maine,1391585,23001,Androscoggin,113437.0,1.27845842685333,1.4027402867,2,2,1,2.0,0.0,0.0,0.0,0.0,1.0,1.0,0.0
2031113795.0,51,Virginia,8681038,51107,Loudoun,432672.0,0.879705529055325,,1,2,3,,1.0,1.0,1.0,1.0,1.0,0.0,0.0
2041446263.0,51,Virginia,8681038,51059,Fairfax,1138853.0,3.08232111035708,,1,5,4,2.0,1.0,1.0,0.0,1.0,1.0,0.0,1.0
2010673931.0,51,Virginia,8681038,51045,Craig,4855.0,1.28877530778376,1.0200330469,2,3,1,2.0,0.0,0.0,0.0,0.0,1.0,1.0,1.0
2021360947.0,51,Virginia,8681038,51085,Hanover,112955.0,0.773842426822086,0.6785185418,2,6,1,2.0,1.0,1.0,1.0,1.0,0.0,0.0,1.0
2032643237.0,51,Virginia,8681038,51087,Henrico,335033.0,0.474406363609328,0.4695982061,1,3,1,2.0,1.0,0.0,0.0,0.0,0.0,1.0,0.0
2043481223.0,51,Virginia,8681038,51820,Waynesboro city,22748.0,3.15206361429545,,2,2,1,2.0,1.0,1.0,1.0,1.0,1.0,1.0,1.0
2026974335.0,51,Virginia,8681038,51087,Henrico,335033.0,11.9458986541316,,1,3,4,2.0,1.0,1.0,1.0,0.0,1.0,1.0,0.0
2012650849.0,51,Virginia,8681038,51790,Staunton city,25924.0,2.62603066019137,1.7919388102,2,2,2,2.0,1.0,1.0,1.0,1.0,1.0,1.0,1.0
2028888481.0,51,Virginia,8681038,51670,Hopewell city,22857.0,12.719452079418,,2,2,1,2.0,1.0,1.0,0.0,1.0,1.0,1.0,1.0
2012973291.0,51,Virginia,8681038,51059,Fairfax,1138853.0,3.73864777362473,4.0828325511,2,6,4,2.0,1.0,1.0,1.0,1.0,1.0,0.0,1.0
2039665477.0,51,Virginia,8681038,51770,Roanoke city,97922.0,1.5940418426622,,1,4,1,2.0,1.0,1.0,1.0,1.0,1.0,0.0,1.0
2011369027.0,51,Virginia,8681038,51133,Northumberland,12262.0,3.04083873214696,3.9249332532,1,1,1,2.0,0.0,0.0,0.0,0.0,0.0,1.0,0.0
2031374333.0,51,Virginia,8681038,51760,Richmond city,228936.0,2.41532049254818,,2,3,6,2.0,0.0,1.0,1.0,1.0,1.0,1.0,1.0
1984633313.0,51,Virginia,8681038,51197,Wythe,28149.0,0.88323466976538,0.9982766987,2,4,1,2.0,1.0,1.0,1.0,1.0,1.0,1.0,0.0
2014681325.0,51,Virginia,8681038,51095,James City,81458.0,0.5412631753214,0.5218573773,2,5,1,2.0,1.0,1.0,1.0,1.0,0.0,1.0,1.0
2039699973.0,51,Virginia,8681038,51041,Chesterfield,378739.0,1.42394125803719,1.2012097949,2,6,1,2.0,0.0,0.0,0.0,0.0,1.0,1.0,0.0
2015516311.0,51,Virginia,8681038,51081,Greensville,11217.0,0.483301506600796,,2,6,7,2.0,0.0,1.0,1.0,1.0,1.0,1.0,1.0
2042331521.0,51,Virginia,8681038,51680,Lynchburg city,79278.0,0.511131517462532,0.4659380833,1,3,1,2.0,1.0,1.0,1.0,1.0,0.0,1.0,1.0
2039307821.0,51,Virginia,8681038,51141,Patrick,17559.0,5.54815959322068,,1,3,1,2.0,0.0,1.0,1.0,1.0,0.0,1.0,0.0
2022340011.0,51,Virginia,8681038,51107,Loudoun,432672.0,2.2344149041062,3.3515318527,2,5,4,2.0,1.0,1.0,1.0,1.0,1.0,0.0,1.0
2018081069.0,51,Virginia,8681038,51013,Arlington,233476.0,0.515909961879711,0.5351644835,1,6,4,1.0,1.0,1.0,1.0,1.0,1.0,1.0,1.0
2028995691.0,51,Virginia,8681038,51085,Hanover,112955.0,1.59719111703482,1.3128848103,2,2,1,2.0,1.0,1.0,1.0,1.0,1.0,0.0,1.0
2013732195.0,51,Virginia,8681038,51683,Manassas city,42734.0,0.441808163319887,,1,5,6,2.0,1.0,1.0,1.0,1.0,1.0,0.0,1.0
2009979009.0,51,Virginia,8681038,51031,Campbell,55034.0,2.00019807333253,2.1589499285000002,1,5,1,2.0,0.0,0.0,0.0,0.0,1.0,1.0,0.0
2041446259.0,51,Virginia,8681038,51059,Fairfax,1138853.0,4.2615439222522,3.8312492178,1,5,4,2.0,0.0,0.0,0.0,0.0,1.0,1.0,0.0
2036914457.0,51,Virginia,8681038,51660,Harrisonburg city,51011.0,1.84993010443391,,2,5,3,,1.0,1.0,1.0,1.0,1.0,1.0,1.0
2038258941.0,51,Virginia,8681038,51023,Botetourt,34088.0,2.30316092940924,1.6924507293,1,5,1,2.0,1.0,1.0,0.0,0.0,0.0,1.0,1.0
2044587301.0,51,Virginia,8681038,51683,Manassas city,42734.0,1.68777443527503,,2,6,4,2.0,1.0,1.0,1.0,1.0,1.0,0.0,1.0
2034472077.0,51,Virginia,8681038,51019,Bedford,80832.0,3.38649289664853,,2,3,1,2.0,1.0,1.0,1.0,1.0,1.0,1.0,1.0
2033876639.0,51,Virginia,8681038,51035,Carroll,29097.0,1.06989615057418,0.9376286286000001,2,6,1,2.0,0.0,0.0,1.0,0.0,0.0,1.0,0.0
2034785009.0,51,Virginia,8681038,51059,Fairfax,1138853.0,1.05141645176307,,1,5,1,2.0,1.0,1.0,1.0,1.0,1.0,0.0,1.0
2016418547.0,51,Virginia,8681038,51087,Henrico,335033.0,1.00791778537337,0.6568997334000001,2,5,2,2.0,1.0,1.0,1.0,1.0,1.0,0.0,1.0
2015971397.0,51,Virginia,8681038,51041,Chesterfield,378739.0,1.58716356816932,,1,1,3,,1.0,1.0,0.0,0.0,1.0,1.0,0.0
2010979427.0,51,Virginia,8681038,51550,Chesapeake city,252431.0,0.435811705380409,0.7101428296000001,2,3,3,1.0,1.0,1.0,1.0,0.0,1.0,1.0,1.0
2029609333.0,51,Virginia,8681038,51117,Mecklenburg,30494.0,2.73715341002313,,1,1,2,2.0,,0.0,0.0,0.0,1.0,1.0,1.0
2013032383.0,51,Virginia,8681038,51059,Fairfax,1138853.0,5.60193524879499,,2,3,4,2.0,0.0,0.0,0.0,0.0,1.0,0.0,0.0
2012651387.0,51,Virginia,8681038,51710,Norfolk city,232960.0,1.40030556675674,1.3140760976,1,3,2,2.0,0.0,0.0,0.0,0.0,0.0,1.0,0.0
2025201293.0,51,Virginia,8681038,51700,Newport News city,183976.0,0.375973250635144,,1,4,2,2.0,1.0,1.0,1.0,1.0,1.0,1.0,0.0
2015212121.0,51,Virginia,8681038,51510,Alexandria city,154880.0,1.04264382669956,,2,5,1,2.0,1.0,1.0,0.0,0.0,0.0,0.0,0.0
2011496793.0,51,Virginia,8681038,51035,Carroll,29097.0,5.54815959322068,1.7380193006,1,4,1,2.0,0.0,0.0,0.0,0.0,1.0,0.0,0.0
2035366001.0,51,Virginia,8681038,51059,Fairfax,1138853.0,0.773842426822086,0.6785185418,2,6,1,2.0,1.0,1.0,1.0,1.0,1.0,0.0,1.0
2039311441.0,51,Virginia,8681038,51041,Chesterfield,378739.0,0.641352268549326,0.437958006,2,5,1,2.0,1.0,0.0,1.0,1.0,1.0,0.0,1.0
2009146289.0,51,Virginia,8681038,51107,Loudoun,432672.0,1.29012038790015,,2,1,1,2.0,1.0,1.0,1.0,1.0,1.0,0.0,1.0
1984207337.0,51,Virginia,8681038,51650,Hampton city,137889.0,1.50287394719795,1.6852120831000001,1,5,1,2.0,0.0,0.0,1.0,1.0,1.0,1.0,0.0
2013621449.0,51,Virginia,8681038,51630,Fredericksburg city,28708.0,2.48236779028412,,1,3,2,2.0,0.0,0.0,1.0,0.0,1.0,0.0,0.0
2037094543.0,51,Virginia,8681038,51009,Amherst,31525.0,2.00895985458398,,2,1,2,2.0,0.0,1.0,1.0,1.0,1.0,1.0,0.0
2037589535.0,51,Virginia,8681038,51121,Montgomery,98746.0,0.97835080292076,,1,5,1,2.0,1.0,0.0,0.0,0.0,0.0,1.0,0.0
2001420633.0,51,Virginia,8681038,51065,Fluvanna,28126.0,0.773842426822086,0.6785185418,2,6,1,2.0,1.0,1.0,1.0,1.0,1.0,0.0,1.0
2033668381.0,51,Virginia,8681038,51059,Fairfax,1138853.0,1.09185474030926,1.1205754583,1,3,1,2.0,0.0,0.0,0.0,0.0,0.0,1.0,0.0
1999515487.0,51,Virginia,8681038,51059,Fairfax,1138853.0,0.596028495370627,,1,5,1,2.0,1.0,1.0,1.0,1.0,0.0,0.0,1.0
2014368061.0,51,Virginia,8681038,51710,Norfolk city,232960.0,1.10916625646816,,2,2,1,2.0,1.0,1.0,1.0,1.0,1.0,1.0,1.0
2045755147.0,51,Virginia,8681038,51041,Chesterfield,378739.0,1.18802738757562,1.0912741802,2,2,1,2.0,1.0,1.0,1.0,1.0,1.0,1.0,1.0
2010409745.0,51,Virginia,8681038,51680,Lynchburg city,79278.0,1.38767072063818,,2,5,1,2.0,1.0,0.0,1.0,1.0,1.0,1.0,1.0
2005633069.0,51,Virginia,8681038,51087,Henrico,335033.0,15.0614388091749,,1,1,2,2.0,1.0,0.0,0.0,1.0,1.0,1.0,0.0
2015295933.0,51,Virginia,8681038,51003,Albemarle,114871.0,0.824054834326319,0.8055483590000001,1,5,1,2.0,0.0,0.0,0.0,0.0,0.0,1.0,0.0
2028706127.0,51,Virginia,8681038,51001,Accomack,33221.0,0.765041976493461,0.6580552948,1,4,1,2.0,0.0,0.0,0.0,0.0,1.0,1.0,0.0
2039694113.0,51,Virginia,8681038,51800,Suffolk city,98626.0,1.00791778537337,0.6568997334000001,2,5,2,2.0,1.0,1.0,1.0,1.0,1.0,1.0,0.0
2041446353.0,51,Virginia,8681038,51087,Henrico,335033.0,1.32382485529928,1.8025889918,1,5,4,2.0,1.0,1.0,1.0,1.0,1.0,0.0,1.0
1997890345.0,51,Virginia,8681038,51127,New Kent,24972.0,0.574823898849791,0.5136583853,1,4,1,2.0,0.0,0.0,0.0,0.0,0.0,1.0,0.0
2036063463.0,51,Virginia,8681038,51087,Henrico,335033.0,1.35722557828129,,2,6,3,,1.0,1.0,1.0,1.0,1.0,1.0,0.0
2012594693.0,51,Virginia,8681038,51059,Fairfax,1138853.0,2.45155553777241,1.5860273368,2,5,2,2.0,1.0,1.0,1.0,1.0,1.0,0.0,1.0
2039693963.0,51,Virginia,8681038,51550,Chesapeake city,252431.0,0.363445912537181,1.2121842989,2,4,2,2.0,1.0,1.0,1.0,1.0,1.0,0.0,1.0
2030948209.0,51,Virginia,8681038,51590,Danville city,42068.0,0.737634783060591,0.4997779611,2,4,2,2.0,1.0,1.0,1.0,1.0,1.0,1.0,1.0
1999394517.0,51,Virginia,8681038,51003,Albemarle,114871.0,6.73497437810266,1.5801385082000001,1,1,1,2.0,0.0,0.0,0.0,0.0,1.0,1.0,0.0
2037678697.0,51,Virginia,8681038,51195,Wise,35341.0,1.83740505340592,,2,2,3,1.0,1.0,1.0,0.0,0.0,1.0,0.0,0.0
2009974753.0,51,Virginia,8681038,51029,Buckingham,16979.0,1.105678301096,1.1064259677,2,5,1,2.0,0.0,0.0,0.0,0.0,0.0,1.0,0.0
2015101625.0,51,Virginia,8681038,51083,Halifax,33612.0,1.06989615057418,0.9376286286000001,2,6,1,2.0,0.0,1.0,1.0,0.0,1.0,1.0,0.0
2021159791.0,51,Virginia,8681038,51750,Radford city,16710.0,2.07868087779694,1.4246725481,2,6,2,2.0,1.0,1.0,1.0,1.0,1.0,1.0,1.0
2018890041.0,51,Virginia,8681038,51041,Chesterfield,378739.0,1.30031066259372,2.2810881396,2,5,2,2.0,0.0,1.0,1.0,1.0,1.0,0.0,1.0
2031166317.0,51,Virginia,8681038,51610,Falls Church city,14520.0,0.723594912264965,0.4195560011,2,6,1,2.0,1.0,0.0,0.0,0.0,1.0,1.0,1.0
2030539457.0,51,Virginia,8681038,51161,Roanoke,96878.0,1.45316628317194,,1,3,1,2.0,0.0,0.0,0.0,0.0,0.0,1.0,1.0
2038230315.0,51,Virginia,8681038,51059,Fairfax,1138853.0,1.84993010443391,,2,5,3,1.0,1.0,1.0,1.0,0.0,1.0,0.0,1.0
2045605261.0,51,Virginia,8681038,51013,Arlington,233476.0,0.792599752493961,0.8009750887,2,6,1,2.0,1.0,1.0,1.0,1.0,1.0,0.0,1.0
2021432859.0,51,Virginia,8681038,51191,Washington,53863.0,0.793101594775742,,1,2,1,2.0,0.0,0.0,0.0,0.0,0.0,1.0,0.0
1998930411.0,51,Virginia,8681038,51770,Roanoke city,97922.0,2.49347293857222,,1,3,6,2.0,0.0,0.0,1.0,0.0,1.0,1.0,0.0
2033340701.0,51,Virginia,8681038,51670,Hopewell city,22857.0,1.29012038790015,1.3498608024,2,1,1,2.0,0.0,0.0,0.0,0.0,0.0,0.0,0.0
2044268995.0,51,Virginia,8681038,51087,Henrico,335033.0,0.793731925902716,0.7358763201,2,2,1,2.0,1.0,1.0,1.0,1.0,0.0,1.0,1.0
2013593833.0,51,Virginia,8681038,51197,Wythe,28149.0,0.596028495370627,0.5196023563000001,1,5,1,2.0,1.0,1.0,1.0,1.0,1.0,1.0,1.0
2018272563.0,18,Indiana,6841491,18113,Noble,47266.0,0.66566076904214,1.3748762729,2,2,1,2.0,1.0,1.0,1.0,1.0,1.0,0.0,1.0
2012989667.0,18,Indiana,6841491,18097,Marion,974293.0,3.17086668019368,,2,1,1,2.0,1.0,0.0,0.0,0.0,0.0,0.0,0.0
1994409707.0,18,Indiana,6841491,18143,Scott,24442.0,1.46835042557148,1.6966693821,1,3,1,2.0,0.0,0.0,0.0,0.0,0.0,1.0,0.0
2031412729.0,18,Indiana,6841491,18175,Washington,28152.0,1.37009820632083,,2,1,1,2.0,1.0,1.0,1.0,0.0,1.0,1.0,1.0
2014439325.0,18,Indiana,6841491,18003,Allen,391751.0,1.42238953773441,1.3193436985,2,6,1,2.0,0.0,1.0,1.0,0.0,0.0,1.0,0.0
2034164539.0,18,Indiana,6841491,18035,Delaware,112091.0,2.41062164567202,0.37842175850000004,2,5,5,1.0,1.0,1.0,0.0,1.0,1.0,1.0,1.0
2037725703.0,18,Indiana,6841491,18057,Hamilton,366036.0,0.72557783479882,0.7702149102,1,6,1,2.0,1.0,0.0,0.0,0.0,0.0,1.0,1.0
2036916767.0,18,Indiana,6841491,18005,Bartholomew,83542.0,1.75983892232598,,2,2,1,2.0,0.0,1.0,1.0,1.0,1.0,1.0,1.0
2015431321.0,18,Indiana,6841491,18141,St. Joseph,272478.0,0.453133748094034,0.5657954001000001,1,4,1,2.0,1.0,1.0,1.0,1.0,1.0,0.0,1.0
2014153421.0,18,Indiana,6841491,18129,Posey,25081.0,1.94523863040586,,2,3,1,2.0,0.0,0.0,0.0,0.0,0.0,0.0,0.0
2034488087.0,18,Indiana,6841491,18097,Marion,974293.0,2.78439844126873,,1,3,2,2.0,1.0,1.0,1.0,1.0,1.0,1.0,1.0
2035652727.0,18,Indiana,6841491,18003,Allen,391751.0,1.82348479569346,,2,1,1,2.0,0.0,0.0,1.0,1.0,1.0,1.0,0.0
2019609113.0,18,Indiana,6841491,18141,St. Joseph,272478.0,15.0614388091749,,2,1,1,2.0,1.0,1.0,1.0,1.0,0.0,0.0,1.0
2039601485.0,18,Indiana,6841491,18097,Marion,974293.0,0.221546458907707,0.3313629997,1,2,2,2.0,0.0,1.0,0.0,1.0,1.0,0.0,1.0
2004221659.0,18,Indiana,6841491,18135,Randolph,24396.0,0.978724015297141,1.7459505946,2,4,1,2.0,0.0,0.0,0.0,0.0,0.0,1.0,1.0
2038369249.0,18,Indiana,6841491,18097,Marion,974293.0,0.41536147152894,0.45579543110000004,2,3,1,2.0,1.0,1.0,1.0,1.0,1.0,1.0,1.0
1999344875.0,18,Indiana,6841491,18097,Marion,974293.0,0.745265659954759,0.559989678,1,4,1,2.0,1.0,1.0,1.0,1.0,1.0,0.0,1.0
2008772421.0,18,Indiana,6841491,18105,Monroe,144456.0,0.522212370993905,0.4960041497,2,5,1,2.0,1.0,1.0,1.0,1.0,1.0,0.0,1.0
2022095271.0,18,Indiana,6841491,18003,Allen,391751.0,0.234975406309794,0.428807769,1,5,1,2.0,0.0,0.0,0.0,0.0,0.0,1.0,0.0
1996910031.0,18,Indiana,6841491,18097,Marion,974293.0,1.49030106480118,1.3519625613000001,1,6,1,2.0,0.0,0.0,1.0,0.0,0.0,1.0,0.0
1996005395.0,18,Indiana,6841491,18119,Owen,21381.0,1.10326353643154,1.3243696419,1,3,1,2.0,0.0,0.0,0.0,0.0,0.0,1.0,0.0
1983126173.0,18,Indiana,6841491,18057,Hamilton,366036.0,0.978724015297141,1.7459505946,2,4,1,2.0,0.0,1.0,1.0,0.0,1.0,1.0,0.0
2016470915.0,18,Indiana,6841491,18067,Howard,83479.0,0.862825645679067,0.8994732881,1,5,1,2.0,0.0,0.0,0.0,0.0,0.0,1.0,0.0
2034432327.0,18,Indiana,6841491,18035,Delaware,112091.0,1.89308013370597,1.6902305722,2,6,1,2.0,0.0,0.0,0.0,0.0,1.0,1.0,0.0
1995435345.0,18,Indiana,6841491,18097,Marion,974293.0,2.39270386895663,2.4822060132,1,5,1,2.0,1.0,1.0,0.0,1.0,1.0,1.0,0.0
2030738043.0,18,Indiana,6841491,18097,Marion,974293.0,1.90731262334637,,1,4,1,2.0,1.0,1.0,1.0,0.0,1.0,1.0,1.0
2037093621.0,18,Indiana,6841491,18127,Porter,174767.0,1.46835042557148,1.6966693821,1,4,1,2.0,0.0,0.0,0.0,0.0,0.0,1.0,0.0
2009742173.0,18,Indiana,6841491,18147,Spencer,19886.0,1.79778810706655,1.9375361656,1,5,1,2.0,0.0,0.0,0.0,0.0,0.0,1.0,0.0
2006993785.0,18,Indiana,6841491,18097,Marion,974293.0,1.11975642494217,1.055301753,1,6,1,2.0,0.0,0.0,0.0,0.0,0.0,1.0,0.0
2038691445.0,18,Indiana,6841491,18003,Allen,391751.0,3.22795728260595,,2,2,2,2.0,1.0,1.0,1.0,0.0,1.0,1.0,1.0
2021806783.0,18,Indiana,6841491,18151,Steuben,34716.0,0.91432345938797,0.9712061464,2,4,1,2.0,0.0,1.0,0.0,0.0,1.0,1.0,0.0
2036657797.0,18,Indiana,6841491,18157,Tippecanoe,188836.0,8.31567130045758,,1,3,4,2.0,1.0,1.0,1.0,1.0,1.0,0.0,1.0
1999210529.0,18,Indiana,6841491,18067,Howard,83479.0,0.91432345938797,0.9712061464,2,4,1,2.0,0.0,0.0,0.0,0.0,0.0,1.0,0.0
2014891521.0,18,Indiana,6841491,18039,Elkhart,207185.0,1.21264000007286,1.1099513201,1,5,1,2.0,0.0,0.0,0.0,0.0,0.0,1.0,0.0
2034418209.0,18,Indiana,6841491,18057,Hamilton,366036.0,3.08899306105577,,2,5,1,2.0,1.0,1.0,1.0,1.0,1.0,1.0,1.0
2012423545.0,18,Indiana,6841491,18025,Crawford,10521.0,2.43833067080344,2.6771286474,1,2,1,2.0,0.0,0.0,0.0,0.0,0.0,1.0,0.0
2034527161.0,18,Indiana,6841491,18177,Wayne,66238.0,5.45585237247875,,1,2,1,2.0,0.0,0.0,1.0,0.0,0.0,0.0,0.0
2020280045.0,18,Indiana,6841491,18039,Elkhart,207185.0,1.23583709606291,1.3922692403,1,2,1,2.0,0.0,0.0,0.0,0.0,0.0,1.0,0.0
2034515289.0,18,Indiana,6841491,18023,Clinton,32870.0,2.57392617079179,,2,3,1,2.0,1.0,1.0,1.0,1.0,1.0,1.0,1.0
2018441589.0,18,Indiana,6841491,18175,Washington,28152.0,0.879194010280907,,2,2,1,2.0,0.0,0.0,0.0,0.0,0.0,1.0,0.0
2013726597.0,18,Indiana,6841491,18003,Allen,391751.0,0.386564441647959,,2,5,5,2.0,1.0,1.0,1.0,1.0,0.0,1.0,1.0
2011123195.0,18,Indiana,6841491,18141,St. Joseph,272478.0,1.09154899462712,0.6513205138,2,4,4,2.0,0.0,0.0,0.0,0.0,1.0,1.0,0.0
2010947293.0,18,Indiana,6841491,18029,Dearborn,50978.0,1.17013284362813,1.991092491,2,2,1,2.0,0.0,0.0,0.0,0.0,0.0,1.0,1.0
2000490117.0,18,Indiana,6841491,18101,Martin,9813.0,5.96755547501133,3.4264730185,1,5,1,2.0,0.0,0.0,0.0,0.0,0.0,0.0,0.0
1998772801.0,18,Indiana,6841491,18023,Clinton,32870.0,0.41536147152894,0.45579543110000004,2,4,1,2.0,1.0,1.0,1.0,1.0,1.0,1.0,1.0
2010166301.0,18,Indiana,6841491,18169,Wabash,30811.0,1.32678196959918,1.3456065697000001,2,3,1,2.0,0.0,1.0,0.0,0.0,0.0,1.0,0.0
2010165571.0,18,Indiana,6841491,18057,Hamilton,366036.0,0.805385530785347,,2,5,1,2.0,0.0,1.0,1.0,1.0,0.0,1.0,1.0
2015306467.0,18,Indiana,6841491,18105,Monroe,144456.0,2.43752813727478,,1,4,1,2.0,0.0,0.0,0.0,0.0,1.0,0.0,0.0
2045355763.0,18,Indiana,6841491,18167,Vigo,106014.0,1.05137246517919,0.9376494825,1,5,1,2.0,1.0,1.0,1.0,1.0,1.0,0.0,1.0
2003981753.0,18,Indiana,6841491,18097,Marion,974293.0,0.735376582798309,1.3628370902,2,3,1,2.0,0.0,1.0,0.0,0.0,0.0,1.0,0.0
2030620861.0,18,Indiana,6841491,18097,Marion,974293.0,0.88606149925445,,2,1,1,,0.0,0.0,0.0,0.0,0.0,0.0,0.0
2017497955.0,18,Indiana,6841491,18089,Lake,499630.0,1.27436259217937,0.9820091795,1,3,1,2.0,0.0,0.0,0.0,0.0,0.0,1.0,0.0
2015025397.0,18,Indiana,6841491,18141,St. Joseph,272478.0,1.14953132225957,1.2453761334,2,5,1,2.0,0.0,0.0,0.0,0.0,1.0,1.0,0.0
2038895591.0,18,Indiana,6841491,18141,St. Joseph,272478.0,0.526864792722594,,1,2,1,2.0,0.0,0.0,0.0,0.0,0.0,0.0,0.0
2043919229.0,18,Indiana,6841491,18141,St. Joseph,272478.0,1.93778427460299,,2,2,2,2.0,0.0,0.0,0.0,0.0,0.0,0.0,0.0
2038861841.0,18,Indiana,6841491,18089,Lake,499630.0,0.535297162741739,0.7650216161000001,1,5,1,2.0,1.0,1.0,1.0,1.0,1.0,1.0,1.0
2010628653.0,18,Indiana,6841491,18105,Monroe,144456.0,0.804113352805941,0.5786197201000001,2,4,2,2.0,1.0,1.0,0.0,1.0,1.0,1.0,1.0
2011607345.0,18,Indiana,6841491,18039,Elkhart,207185.0,0.997470503457392,1.2354704483,1,3,1,2.0,0.0,0.0,0.0,0.0,0.0,1.0,0.0
2030664703.0,18,Indiana,6841491,18057,Hamilton,366036.0,1.98766510511817,,1,3,2,2.0,1.0,0.0,1.0,1.0,1.0,1.0,1.0
2012238491.0,18,Indiana,6841491,18045,Fountain,16597.0,1.17013284362813,1.991092491,2,2,1,2.0,1.0,0.0,0.0,1.0,0.0,1.0,0.0
2033102157.0,18,Indiana,6841491,18019,Clark,124254.0,0.959617018949426,1.1311153048,2,5,1,2.0,0.0,0.0,0.0,0.0,0.0,1.0,0.0
2023648441.0,06,California,39125347,06071,San Bernardino,2196267.0,0.420111134243689,,2,4,6,1.0,1.0,1.0,1.0,1.0,1.0,0.0,1.0
2022271985.0,06,California,39125347,06071,San Bernardino,2196267.0,0.890548339580501,2.19347525,2,2,6,1.0,0.0,1.0,1.0,1.0,0.0,0.0,1.0
2038926061.0,06,California,39125347,06111,Ventura,834675.0,1.35967101650884,,2,3,1,2.0,1.0,1.0,1.0,1.0,1.0,0.0,1.0
2034502951.0,06,California,39125347,06023,Humboldt,134979.0,5.75068788451091,4.4092222139,1,1,1,2.0,1.0,1.0,0.0,0.0,1.0,0.0,1.0
1992014517.0,06,California,39125347,06001,Alameda,1633138.0,1.96514426147991,,1,6,1,2.0,0.0,1.0,1.0,1.0,1.0,1.0,1.0
1995553823.0,06,California,39125347,06077,San Joaquin,795443.0,0.99138493133416,1.2762470618,2,2,1,2.0,0.0,0.0,0.0,0.0,0.0,1.0,0.0
2026742809.0,06,California,39125347,06037,Los Angeles,9748524.0,2.19113546106936,3.136508694,1,2,3,1.0,1.0,1.0,1.0,1.0,1.0,0.0,1.0
2017745185.0,06,California,39125347,06037,Los Angeles,9748524.0,2.52554103960238,,2,1,6,1.0,1.0,1.0,1.0,1.0,0.0,0.0,0.0
2012192567.0,06,California,39125347,06037,Los Angeles,9748524.0,0.725584070792997,1.3148311041,1,3,3,1.0,1.0,1.0,1.0,1.0,1.0,0.0,1.0
2013736849.0,06,California,39125347,06037,Los Angeles,9748524.0,0.914845003420164,0.8481476678000001,2,5,3,1.0,0.0,0.0,0.0,0.0,0.0,1.0,0.0
2036151271.0,06,California,39125347,06019,Fresno,1017870.0,3.92627390041949,,2,3,3,,0.0,1.0,1.0,0.0,0.0,0.0,1.0
2038882593.0,06,California,39125347,06019,Fresno,1017870.0,3.38814288769501,,2,3,4,2.0,0.0,1.0,0.0,0.0,1.0,1.0,
2022885183.0,06,California,39125347,06037,Los Angeles,9748524.0,2.734307612477,,2,2,4,2.0,1.0,1.0,1.0,1.0,1.0,1.0,1.0
2014744625.0,06,California,39125347,06085,Santa Clara,1880151.0,5.03775994265413,,2,6,4,2.0,1.0,1.0,1.0,1.0,1.0,0.0,1.0
2013084081.0,06,California,39125347,06037,Los Angeles,9748524.0,1.45893944377429,1.1803461598,1,5,4,2.0,1.0,1.0,1.0,1.0,1.0,1.0,1.0
2019930821.0,06,California,39125347,06059,Orange,3156252.0,2.740162231524,,2,2,3,1.0,1.0,1.0,1.0,1.0,1.0,0.0,0.0
2013945203.0,06,California,39125347,06029,Kern,917074.0,3.75918830134597,2.0751538581,1,2,3,1.0,1.0,1.0,1.0,1.0,1.0,1.0,1.0
2023103611.0,06,California,39125347,06029,Kern,917074.0,4.20676828455326,,1,2,3,,1.0,1.0,1.0,1.0,1.0,0.0,1.0
2032708407.0,06,California,39125347,06037,Los Angeles,9748524.0,1.72541625050425,0.9374833048000001,2,3,3,,1.0,1.0,1.0,1.0,1.0,0.0,1.0
1997797617.0,06,California,39125347,06073,San Diego,3279089.0,0.813643246212848,0.8948889822,2,3,3,1.0,1.0,1.0,1.0,1.0,1.0,1.0,1.0
1983126033.0,06,California,39125347,06037,Los Angeles,9748524.0,1.22631272478392,0.8426041507,1,6,1,1.0,1.0,1.0,1.0,1.0,1.0,1.0,1.0
2011579543.0,06,California,39125347,06071,San Bernardino,2196267.0,0.769705147037487,0.9262186985,1,5,3,1.0,1.0,1.0,1.0,1.0,1.0,0.0,1.0
2040554185.0,06,California,39125347,06081,San Mateo,732245.0,0.652088773161213,2.6406343238,2,5,4,2.0,1.0,1.0,1.0,1.0,1.0,1.0,1.0
2031057675.0,06,California,39125347,06065,Riverside,2479339.0,0.862328036275487,1.1829924008,2,2,1,2.0,1.0,0.0,1.0,1.0,0.0,1.0,1.0
2008676435.0,06,California,39125347,06071,San Bernardino,2196267.0,0.811569799054499,,1,4,1,2.0,0.0,1.0,1.0,1.0,1.0,1.0,0.0
2040191797.0,06,California,39125347,06065,Riverside,2479339.0,3.92627390041949,,2,3,3,,1.0,1.0,1.0,1.0,1.0,0.0,1.0
2016963731.0,06,California,39125347,06013,Contra Costa,1160163.0,0.909118582309511,1.1148650786,2,5,3,1.0,1.0,1.0,1.0,1.0,1.0,1.0,1.0
2016968243.0,06,California,39125347,06023,Humboldt,134979.0,1.12287420183089,1.0494378026,2,5,1,2.0,1.0,1.0,1.0,1.0,1.0,0.0,1.0
2041446817.0,06,California,39125347,06085,Santa Clara,1880151.0,1.59071965185514,1.329578812,1,6,4,2.0,1.0,1.0,1.0,1.0,1.0,1.0,1.0
1996933819.0,06,California,39125347,06059,Orange,3156252.0,1.10942403771162,1.2388899888,1,6,1,2.0,0.0,1.0,1.0,1.0,1.0,1.0,0.0
2011669901.0,06,California,39125347,06059,Orange,3156252.0,1.31944946765672,1.6350188386,2,2,1,2.0,1.0,0.0,0.0,0.0,1.0,1.0,0.0
2026428199.0,06,California,39125347,06037,Los Angeles,9748524.0,2.35502726258409,,1,2,3,,0.0,1.0,0.0,0.0,0.0,0.0,0.0
2010768095.0,06,California,39125347,06037,Los Angeles,9748524.0,0.843685636143392,0.8191599268,2,5,1,2.0,1.0,1.0,1.0,1.0,1.0,0.0,1.0
2032832623.0,06,California,39125347,06095,Solano,449852.0,7.76964421518753,2.8649219488,1,3,2,2.0,0.0,1.0,1.0,1.0,1.0,1.0,1.0
2011667875.0,06,California,39125347,06059,Orange,3156252.0,1.14889516930811,2.0592170976,2,3,4,2.0,0.0,0.0,0.0,0.0,0.0,1.0,0.0
1998545691.0,06,California,39125347,06081,San Mateo,732245.0,0.690465347640433,0.6495497452,2,5,1,2.0,1.0,1.0,1.0,1.0,1.0,0.0,1.0
2011444953.0,06,California,39125347,06029,Kern,917074.0,1.49446861501933,2.0881650138,1,5,1,1.0,0.0,0.0,0.0,0.0,0.0,1.0,0.0
2014589209.0,06,California,39125347,06077,San Joaquin,795443.0,1.34393807742333,,2,5,2,1.0,1.0,0.0,0.0,0.0,0.0,1.0,0.0
2010140627.0,06,California,39125347,06111,Ventura,834675.0,0.325801703621476,,2,6,1,2.0,0.0,1.0,1.0,0.0,1.0,1.0,1.0
1999876917.0,06,California,39125347,06061,Placer,418469.0,1.244968314512,1.4079337011,2,4,1,2.0,0.0,0.0,0.0,0.0,0.0,1.0,0.0
2039913757.0,06,California,39125347,06037,Los Angeles,9748524.0,8.38766217952242,,1,2,4,2.0,1.0,1.0,1.0,1.0,1.0,1.0,1.0
2012706751.0,06,California,39125347,06111,Ventura,834675.0,4.01861836837448,,2,2,2,2.0,1.0,1.0,1.0,1.0,1.0,0.0,1.0
2014469105.0,06,California,39125347,06037,Los Angeles,9748524.0,0.935422581349505,1.0989911595,2,3,1,2.0,0.0,0.0,0.0,0.0,0.0,1.0,0.0
1996762023.0,06,California,39125347,06073,San Diego,3279089.0,3.43678182823963,,2,4,1,2.0,1.0,0.0,0.0,0.0,0.0,0.0,0.0
2014465003.0,06,California,39125347,06073,San Diego,3279089.0,2.34950622228092,1.6585320297,1,6,1,2.0,1.0,0.0,0.0,0.0,0.0,1.0,1.0
2005488423.0,06,California,39125347,06037,Los Angeles,9748524.0,1.17781822815792,,2,6,3,1.0,0.0,0.0,0.0,0.0,1.0,1.0,0.0
2028986313.0,06,California,39125347,06037,Los Angeles,9748524.0,1.6953207775818,,1,2,2,2.0,1.0,1.0,1.0,1.0,1.0,1.0,1.0
2011281507.0,06,California,39125347,06065,Riverside,2479339.0,0.769650261681138,0.7241352026,2,5,2,2.0,1.0,1.0,1.0,1.0,1.0,1.0,1.0
2040054575.0,06,California,39125347,06071,San Bernardino,2196267.0,2.14089993194145,0.38647514040000003,1,3,6,2.0,1.0,0.0,0.0,0.0,0.0,1.0,0.0
2042351691.0,06,California,39125347,06073,San Diego,3279089.0,0.602783717291615,0.5977563061,1,4,2,2.0,1.0,1.0,1.0,0.0,1.0,1.0,1.0
1998668997.0,06,California,39125347,06075,San Francisco,813266.0,0.463994276579937,,2,3,3,1.0,1.0,1.0,1.0,0.0,1.0,0.0,0.0
1999408419.0,06,California,39125347,06037,Los Angeles,9748524.0,6.19407740490291,,1,2,1,1.0,0.0,0.0,0.0,1.0,0.0,1.0,0.0
1999600077.0,06,California,39125347,06037,Los Angeles,9748524.0,1.06583150692226,0.9877591904,2,3,1,2.0,1.0,0.0,0.0,0.0,1.0,1.0,0.0
2029290227.0,06,California,39125347,06113,Yolo,222854.0,0.569076829250999,0.7042677136000001,2,3,3,,1.0,1.0,1.0,1.0,1.0,1.0,1.0
2000357123.0,06,California,39125347,06019,Fresno,1017870.0,1.2048673892126,1.2446467252,1,6,1,2.0,0.0,0.0,0.0,0.0,1.0,1.0,0.0
2039600797.0,06,California,39125347,06113,Yolo,222854.0,1.35967101650884,1.6803167927,2,3,1,2.0,1.0,1.0,1.0,1.0,1.0,0.0,1.0
2036127973.0,06,California,39125347,06061,Placer,418469.0,0.725584070792997,,1,3,3,,1.0,1.0,1.0,1.0,0.0,1.0,1.0
2038801645.0,06,California,39125347,06073,San Diego,3279089.0,4.69710916335458,,1,2,2,2.0,1.0,0.0,0.0,0.0,0.0,0.0,0.0
2020988601.0,06,California,39125347,06065,Riverside,2479339.0,0.27236040993096,2.6909729129,2,1,1,1.0,1.0,1.0,1.0,1.0,1.0,1.0,1.0
2042360893.0,06,California,39125347,06037,Los Angeles,9748524.0,1.96630691256278,2.326927807,1,5,4,2.0,0.0,1.0,1.0,0.0,1.0,1.0,1.0
1995904933.0,06,California,39125347,06037,Los Angeles,9748524.0,0.597908843193046,0.5559740037,1,5,1,2.0,1.0,1.0,1.0,1.0,1.0,0.0,1.0
2014888425.0,06,California,39125347,06095,Solano,449852.0,0.663994573170138,0.6631195515,2,5,2,2.0,0.0,1.0,1.0,1.0,0.0,0.0,0.0
2013573451.0,06,California,39125347,06073,San Diego,3279089.0,1.33548878855205,1.3029079735,1,5,1,2.0,1.0,1.0,1.0,1.0,1.0,0.0,1.0
2043775581.0,06,California,39125347,06037,Los Angeles,9748524.0,1.27375872779055,2.1879827791,2,3,3,1.0,1.0,1.0,1.0,1.0,1.0,0.0,1.0
2024758947.0,06,California,39125347,06037,Los Angeles,9748524.0,4.05415047501135,,2,2,4,2.0,0.0,1.0,1.0,1.0,1.0,1.0,1.0
2038637267.0,06,California,39125347,06067,Sacramento,1588707.0,1.88729487633817,,1,2,1,2.0,1.0,1.0,1.0,1.0,1.0,1.0,1.0
2009856621.0,06,California,39125347,06029,Kern,917074.0,1.51854513530783,2.5396927245,1,3,1,2.0,1.0,1.0,1.0,1.0,1.0,1.0,1.0
2043786883.0,06,California,39125347,06081,San Mateo,732245.0,0.881850774088744,4.9955365154999996,2,1,1,2.0,1.0,1.0,1.0,1.0,1.0,1.0,1.0
2018802763.0,06,California,39125347,06037,Los Angeles,9748524.0,3.49151932122683,,2,2,1,2.0,0.0,1.0,1.0,1.0,1.0,1.0,0.0
2013570919.0,06,California,39125347,06077,San Joaquin,795443.0,0.729290009114452,0.8528305624,2,2,1,2.0,1.0,1.0,1.0,0.0,1.0,1.0,1.0
2045013647.0,06,California,39125347,06037,Los Angeles,9748524.0,0.442438551343287,0.41031666,1,6,1,2.0,1.0,1.0,1.0,1.0,1.0,1.0,1.0
2014629633.0,06,California,39125347,06099,Stanislaus,552453.0,4.47225004146413,,2,1,3,,0.0,1.0,1.0,0.0,1.0,0.0,1.0
2014887191.0,06,California,39125347,06037,Los Angeles,9748524.0,0.462373424076016,,2,3,3,,1.0,0.0,1.0,0.0,0.0,0.0,1.0
2026072233.0,06,California,39125347,06037,Los Angeles,9748524.0,1.65121240653532,1.7423906755,1,5,3,,1.0,1.0,1.0,1.0,1.0,1.0,1.0
2000631091.0,06,California,39125347,06075,San Francisco,813266.0,0.539493531514391,0.6238885204,2,3,1,2.0,1.0,1.0,1.0,1.0,1.0,0.0,1.0
2013473097.0,06,California,39125347,06025,Imperial,179421.0,15.0614388091749,,1,1,3,,1.0,1.0,0.0,1.0,1.0,1.0,1.0
2010710933.0,06,California,39125347,06059,Orange,3156252.0,1.45928190588555,1.5801565994,2,5,1,2.0,0.0,1.0,0.0,0.0,1.0,1.0,
1999281723.0,06,California,39125347,06083,Santa Barbara,445401.0,3.20127006484798,,2,4,3,1.0,1.0,1.0,1.0,1.0,0.0,1.0,1.0
2039352085.0,06,California,39125347,06107,Tulare,478037.0,0.692065552285456,,1,5,1,2.0,1.0,1.0,1.0,1.0,1.0,1.0,1.0
2026742395.0,06,California,39125347,06029,Kern,917074.0,1.22631272478392,0.8426041507,1,6,3,1.0,0.0,0.0,0.0,0.0,0.0,1.0,0.0
2014554531.0,06,California,39125347,06037,Los Angeles,9748524.0,10.1018727631558,,1,1,3,,0.0,0.0,0.0,1.0,1.0,0.0,0.0
2011368449.0,06,California,39125347,06019,Fresno,1017870.0,2.40977117197291,1.9777838081999999,2,2,3,1.0,1.0,1.0,1.0,1.0,1.0,1.0,1.0
2015284579.0,06,California,39125347,06073,San Diego,3279089.0,4.325744712714,,2,6,4,2.0,1.0,1.0,1.0,1.0,1.0,0.0,1.0
2030543107.0,06,California,39125347,06053,Monterey,435884.0,3.15170917937402,,1,2,1,2.0,0.0,0.0,0.0,0.0,0.0,1.0,0.0
2042760065.0,06,California,39125347,06065,Riverside,2479339.0,4.21616811998893,4.1257971184,2,1,1,1.0,0.0,0.0,0.0,0.0,0.0,0.0,0.0
2036914727.0,06,California,39125347,06073,San Diego,3279089.0,1.82592710415006,1.5078977786,2,6,3,1.0,1.0,1.0,1.0,1.0,1.0,0.0,1.0
2013615773.0,06,California,39125347,06059,Orange,3156252.0,8.62199235188279,,1,6,4,2.0,1.0,1.0,1.0,1.0,1.0,0.0,1.0
2014127817.0,06,California,39125347,06037,Los Angeles,9748524.0,3.21415506943043,,2,5,1,2.0,1.0,1.0,1.0,1.0,1.0,0.0,1.0
2016016083.0,06,California,39125347,06077,San Joaquin,795443.0,1.10228169979741,,1,3,4,2.0,1.0,1.0,1.0,1.0,1.0,0.0,1.0
2023771125.0,06,California,39125347,06037,Los Angeles,9748524.0,0.371422715810804,,1,3,2,2.0,0.0,1.0,0.0,1.0,1.0,0.0,1.0
2015731565.0,06,California,39125347,06071,San Bernardino,2196267.0,1.01990824554835,1.2312172883999999,1,3,1,2.0,0.0,0.0,0.0,0.0,0.0,1.0,0.0
2031436817.0,06,California,39125347,06107,Tulare,478037.0,0.709708810115869,0.9484677732000001,2,3,3,,1.0,1.0,1.0,1.0,1.0,1.0,1.0
2021131581.0,06,California,39125347,06099,Stanislaus,552453.0,0.791612534405306,1.3315309561,1,4,1,2.0,0.0,0.0,0.0,0.0,0.0,1.0,0.0
2014457375.0,06,California,39125347,06085,Santa Clara,1880151.0,3.21415506943043,,2,5,1,2.0,1.0,1.0,1.0,1.0,1.0,1.0,1.0
2014613897.0,06,California,39125347,06025,Imperial,179421.0,0.205444064925927,,1,3,3,,0.0,1.0,0.0,0.0,0.0,0.0,0.0
1999083569.0,06,California,39125347,06065,Riverside,2479339.0,0.563726699600575,0.6743254836,1,3,1,2.0,1.0,1.0,1.0,1.0,1.0,1.0,1.0
2009206779.0,06,California,39125347,06071,San Bernardino,2196267.0,0.934772968918828,0.8483587441,2,3,1,2.0,1.0,1.0,1.0,1.0,1.0,0.0,1.0
2034724079.0,06,California,39125347,06001,Alameda,1633138.0,1.99743281601935,1.3273891066,1,6,4,2.0,0.0,0.0,0.0,0.0,0.0,1.0,0.0
2014790277.0,06,California,39125347,06037,Los Angeles,9748524.0,0.431793602758959,,2,2,3,,0.0,0.0,0.0,1.0,1.0,1.0,0.0
2011107989.0,06,California,39125347,06001,Alameda,1633138.0,1.09891170331471,1.3081001367,1,2,1,2.0,1.0,1.0,1.0,1.0,1.0,0.0,1.0
2022992795.0,06,California,39125347,06061,Placer,418469.0,2.40977117197291,1.9777838081999999,2,2,3,,1.0,0.0,0.0,0.0,1.0,1.0,1.0
2036178155.0,06,California,39125347,06037,Los Angeles,9748524.0,0.804296916244381,,1,5,3,,1.0,1.0,1.0,1.0,1.0,1.0,1.0
2011364077.0,06,California,39125347,06017,El Dorado,192914.0,1.41853156122495,1.2654327932,2,4,1,2.0,0.0,0.0,0.0,0.0,1.0,1.0,0.0
2038883553.0,06,California,39125347,06037,Los Angeles,9748524.0,0.788294455222239,,2,3,3,,0.0,1.0,0.0,0.0,1.0,1.0,0.0
2042850031.0,06,California,39125347,06095,Solano,449852.0,0.569076829250999,,2,3,1,1.0,1.0,1.0,1.0,1.0,1.0,1.0,1.0
2026740117.0,06,California,39125347,06111,Ventura,834675.0,1.80024939365339,1.3587264169,1,5,3,1.0,1.0,1.0,0.0,1.0,0.0,0.0,1.0
2031636577.0,06,California,39125347,06071,San Bernardino,2196267.0,1.99622404565578,,1,3,3,,1.0,1.0,0.0,1.0,1.0,0.0,1.0
1996385913.0,06,California,39125347,06071,San Bernardino,2196267.0,10.1018727631558,,1,1,1,1.0,1.0,0.0,1.0,0.0,0.0,0.0,0.0
2041090115.0,06,California,39125347,06075,San Francisco,813266.0,1.33548878855205,1.3029079735,1,5,1,2.0,1.0,1.0,1.0,1.0,1.0,0.0,1.0
2041057421.0,06,California,39125347,06073,San Diego,3279089.0,1.96534757726303,,2,1,3,1.0,1.0,1.0,1.0,1.0,1.0,0.0,1.0
2024641949.0,06,California,39125347,06037,Los Angeles,9748524.0,3.35514685490064,,1,2,2,2.0,0.0,0.0,1.0,0.0,0.0,0.0,0.0
1982093407.0,06,California,39125347,06073,San Diego,3279089.0,2.90633433677776,,2,5,3,1.0,1.0,1.0,0.0,1.0,1.0,0.0,0.0
1995238749.0,06,California,39125347,06037,Los Angeles,9748524.0,3.72216766410608,0.6238885204,2,3,1,2.0,1.0,1.0,1.0,1.0,1.0,0.0,1.0
2032879687.0,06,California,39125347,06037,Los Angeles,9748524.0,4.20676828455326,,1,2,3,,1.0,1.0,1.0,1.0,1.0,1.0,1.0
2035349253.0,06,California,39125347,06075,San Francisco,813266.0,0.347410080124114,1.5309171519,2,3,3,,1.0,1.0,0.0,0.0,1.0,0.0,1.0
2039731329.0,06,California,39125347,06071,San Bernardino,2196267.0,0.709708810115869,0.9484677732000001,2,4,3,,1.0,1.0,1.0,1.0,1.0,0.0,1.0
2018450387.0,06,California,39125347,06037,Los Angeles,9748524.0,0.99138493133416,,2,2,1,2.0,0.0,0.0,0.0,0.0,0.0,1.0,0.0
2017088201.0,06,California,39125347,06037,Los Angeles,9748524.0,1.96514426147991,,1,6,1,2.0,1.0,1.0,1.0,1.0,1.0,1.0,1.0
1983464849.0,06,California,39125347,06037,Los Angeles,9748524.0,4.1007439409824,0.8387414473,2,5,3,1.0,0.0,1.0,0.0,0.0,1.0,1.0,0.0
2036478507.0,06,California,39125347,06079,San Luis Obispo,282747.0,1.12287420183089,1.0494378026,2,5,1,2.0,1.0,1.0,1.0,1.0,1.0,0.0,1.0
2014290963.0,06,California,39125347,06019,Fresno,1017870.0,0.253864170113302,,1,5,3,,1.0,1.0,1.0,1.0,1.0,0.0,1.0
2040052171.0,06,California,39125347,06077,San Joaquin,795443.0,1.83491371481729,3.3184693554,1,2,3,,1.0,1.0,0.0,1.0,1.0,0.0,1.0
2013824111.0,06,California,39125347,06075,San Francisco,813266.0,0.692065552285456,0.6116442131000001,1,5,1,2.0,1.0,1.0,1.0,1.0,1.0,0.0,1.0
2023344693.0,06,California,39125347,06071,San Bernardino,2196267.0,0.292530652301142,,2,2,2,2.0,1.0,1.0,1.0,1.0,0.0,1.0,1.0
2013131661.0,06,California,39125347,06041,Marin,257038.0,0.720958500872133,0.6798522096,1,6,1,2.0,1.0,1.0,1.0,1.0,1.0,1.0,1.0
2008431813.0,06,California,39125347,06001,Alameda,1633138.0,0.690465347640433,0.6495497452,2,5,1,2.0,1.0,1.0,1.0,1.0,1.0,0.0,1.0
2037261111.0,06,California,39125347,06107,Tulare,478037.0,3.15120257623368,,2,4,8,2.0,1.0,1.0,1.0,1.0,0.0,0.0,0.0
2018585765.0,06,California,39125347,06071,San Bernardino,2196267.0,0.709708810115869,0.9484677732000001,2,3,3,,1.0,1.0,0.0,0.0,1.0,1.0,1.0
2021455099.0,06,California,39125347,06111,Ventura,834675.0,1.13267471188995,,2,2,1,1.0,0.0,0.0,1.0,1.0,0.0,0.0,0.0
2044821015.0,06,California,39125347,06071,San Bernardino,2196267.0,1.46417235968676,,1,1,3,,1.0,1.0,1.0,1.0,0.0,0.0,1.0
2044679809.0,06,California,39125347,06097,Sonoma,483236.0,1.40731639507718,,2,3,3,1.0,0.0,0.0,0.0,0.0,0.0,1.0,0.0
2039699567.0,06,California,39125347,06037,Los Angeles,9748524.0,1.18234667017285,1.0638155634,2,6,1,2.0,1.0,1.0,1.0,1.0,1.0,0.0,1.0
2010472241.0,06,California,39125347,06071,San Bernardino,2196267.0,1.01367426487928,,2,2,3,1.0,0.0,0.0,0.0,0.0,0.0,1.0,1.0
2026889099.0,06,California,39125347,06059,Orange,3156252.0,0.891852456506336,0.8168325811,1,3,1,1.0,0.0,0.0,0.0,1.0,0.0,0.0,1.0
2039686859.0,06,California,39125347,06053,Monterey,435884.0,0.356426280178621,0.7380412012,1,3,3,,1.0,1.0,1.0,1.0,1.0,0.0,1.0
2014637973.0,06,California,39125347,06065,Riverside,2479339.0,1.12287420183089,1.0494378026,2,5,1,2.0,1.0,1.0,1.0,1.0,1.0,0.0,1.0
1999226131.0,06,California,39125347,06059,Orange,3156252.0,0.938607320413328,1.06446607,2,5,1,2.0,0.0,0.0,0.0,0.0,1.0,1.0,0.0
2038679017.0,06,California,39125347,06071,San Bernardino,2196267.0,1.21021038478921,2.0332850086,2,4,4,2.0,1.0,0.0,1.0,1.0,0.0,1.0,0.0
2017641261.0,06,California,39125347,06053,Monterey,435884.0,4.57874856942978,,1,2,1,2.0,0.0,0.0,0.0,1.0,1.0,1.0,0.0
2040051361.0,06,California,39125347,06037,Los Angeles,9748524.0,1.05333228665113,2.0378745798,2,4,3,1.0,1.0,0.0,1.0,1.0,1.0,1.0,1.0
2028889039.0,06,California,39125347,06071,San Bernardino,2196267.0,4.91908462067556,,2,2,7,2.0,1.0,0.0,1.0,0.0,0.0,0.0,1.0
2015227277.0,06,California,39125347,06115,Yuba,84355.0,0.869011986718956,0.9568906794,1,5,1,2.0,0.0,0.0,0.0,0.0,0.0,1.0,0.0
2014587229.0,06,California,39125347,06037,Los Angeles,9748524.0,1.41853156122495,1.2654327932,2,3,1,2.0,0.0,0.0,0.0,0.0,1.0,1.0,0.0
2015022613.0,06,California,39125347,06073,San Diego,3279089.0,4.27909118321156,5.058918221,1,2,4,2.0,0.0,0.0,1.0,0.0,1.0,1.0,0.0
2000082445.0,06,California,39125347,06037,Los Angeles,9748524.0,0.717543297394489,,1,5,1,2.0,0.0,0.0,0.0,0.0,0.0,1.0,0.0
2036927219.0,06,California,39125347,06085,Santa Clara,1880151.0,5.5504563675661,,1,5,4,2.0,1.0,1.0,1.0,1.0,1.0,1.0,1.0
2039417725.0,06,California,39125347,06071,San Bernardino,2196267.0,1.4180427119416,4.6038359078,1,2,1,2.0,1.0,1.0,1.0,1.0,1.0,1.0,1.0
2012937327.0,06,California,39125347,06037,Los Angeles,9748524.0,8.46929201634186,1.2540827461,1,2,1,1.0,1.0,1.0,1.0,1.0,0.0,0.0,1.0
2013222803.0,06,California,39125347,06001,Alameda,1633138.0,1.16027773237041,,2,5,4,2.0,0.0,0.0,1.0,0.0,0.0,1.0,0.0
2040078637.0,06,California,39125347,06071,San Bernardino,2196267.0,2.145551096013,1.42107148,2,5,6,1.0,1.0,1.0,1.0,1.0,1.0,0.0,1.0
1992865463.0,06,California,39125347,06067,Sacramento,1588707.0,0.692065552285456,0.6116442131000001,1,5,1,2.0,1.0,1.0,1.0,1.0,1.0,1.0,1.0
2018686161.0,06,California,39125347,06037,Los Angeles,9748524.0,0.791612534405306,,1,3,1,2.0,0.0,0.0,0.0,0.0,0.0,1.0,0.0
2016416653.0,06,California,39125347,06085,Santa Clara,1880151.0,1.73222766727187,2.5841434287,2,6,4,2.0,1.0,1.0,1.0,1.0,1.0,1.0,1.0
2033184897.0,06,California,39125347,06037,Los Angeles,9748524.0,0.752912606253868,1.1217249043,2,2,1,2.0,1.0,1.0,1.0,0.0,1.0,1.0,1.0
2008665255.0,06,California,39125347,06073,San Diego,3279089.0,0.935422581349505,1.0989911595,2,4,1,2.0,0.0,0.0,0.0,0.0,1.0,1.0,0.0
2031368049.0,06,California,39125347,06037,Los Angeles,9748524.0,0.829500138352577,0.5824197888,2,3,3,1.0,0.0,1.0,1.0,0.0,0.0,0.0,0.0
2013975965.0,06,California,39125347,06037,Los Angeles,9748524.0,1.18234667017285,1.0638155634,2,6,1,2.0,1.0,1.0,1.0,1.0,1.0,0.0,1.0
2029251741.0,06,California,39125347,06037,Los Angeles,9748524.0,6.36350894057466,0.9788996813,1,2,3,,1.0,1.0,1.0,1.0,1.0,1.0,1.0
1995263801.0,06,California,39125347,06037,Los Angeles,9748524.0,2.21022048839677,,2,3,2,2.0,0.0,1.0,0.0,0.0,1.0,1.0,0.0
2020618419.0,06,California,39125347,06071,San Bernardino,2196267.0,0.205444064925927,0.5383276519,1,3,3,,1.0,1.0,1.0,1.0,1.0,0.0,1.0
2011061923.0,06,California,39125347,06019,Fresno,1017870.0,0.605965330161286,0.5994132553,1,3,1,2.0,1.0,1.0,1.0,1.0,1.0,0.0,1.0
2001823419.0,06,California,39125347,06085,Santa Clara,1880151.0,3.41249637549173,2.5011865214,1,6,4,2.0,1.0,1.0,1.0,1.0,1.0,0.0,1.0
2010563319.0,06,California,39125347,06037,Los Angeles,9748524.0,0.934772968918828,,2,3,1,2.0,1.0,1.0,1.0,1.0,1.0,0.0,1.0
2013934543.0,06,California,39125347,06043,Mariposa,17066.0,15.0614388091749,15.0172750693,2,1,1,1.0,0.0,1.0,0.0,0.0,1.0,1.0,0.0
1999126981.0,06,California,39125347,06037,Los Angeles,9748524.0,1.15594568954253,0.7067755273,2,5,3,1.0,1.0,1.0,1.0,1.0,1.0,0.0,1.0
2039693883.0,06,California,39125347,06041,Marin,257038.0,1.10506552560522,2.141437116,2,6,2,2.0,1.0,1.0,1.0,1.0,1.0,0.0,1.0
2014992531.0,06,California,39125347,06017,El Dorado,192914.0,0.935422581349505,1.0989911595,2,3,1,2.0,0.0,0.0,0.0,0.0,0.0,1.0,0.0
2038667433.0,06,California,39125347,06001,Alameda,1633138.0,1.50262892727267,,2,4,4,2.0,0.0,0.0,0.0,0.0,0.0,1.0,0.0
2045173099.0,06,California,39125347,06067,Sacramento,1588707.0,0.810658811429931,1.3953878977,1,5,1,2.0,1.0,1.0,1.0,1.0,0.0,0.0,1.0
1998358687.0,06,California,39125347,06037,Los Angeles,9748524.0,2.3986090937536,,1,4,2,2.0,1.0,1.0,0.0,1.0,1.0,1.0,1.0
2031256605.0,06,California,39125347,06065,Riverside,2479339.0,6.18125326383746,3.8159734162000003,2,1,3,,0.0,0.0,0.0,0.0,0.0,1.0,0.0
2040040635.0,06,California,39125347,06071,San Bernardino,2196267.0,1.27375872779055,2.1879827791,2,3,1,1.0,1.0,1.0,1.0,1.0,1.0,0.0,1.0
2030685613.0,06,California,39125347,06111,Ventura,834675.0,0.99138493133416,1.2762470618,2,2,1,2.0,1.0,1.0,1.0,1.0,1.0,1.0,1.0
2014890657.0,06,California,39125347,06075,San Francisco,813266.0,0.759817135248071,1.5754075015,2,5,1,2.0,1.0,1.0,1.0,1.0,1.0,0.0,1.0
2014159585.0,06,California,39125347,06065,Riverside,2479339.0,0.99138493133416,1.2762470618,2,2,1,2.0,0.0,0.0,0.0,0.0,0.0,1.0,0.0
1995141807.0,06,California,39125347,06037,Los Angeles,9748524.0,0.955707174447724,0.6018574704,2,6,3,1.0,1.0,1.0,1.0,1.0,1.0,0.0,1.0
2019553663.0,06,California,39125347,06031,Kings,152763.0,0.811569799054499,,1,3,1,2.0,1.0,0.0,1.0,0.0,0.0,1.0,0.0
2045757307.0,06,California,39125347,06071,San Bernardino,2196267.0,13.3013709386323,,1,1,3,,1.0,1.0,1.0,1.0,0.0,1.0,0.0
2043965019.0,06,California,39125347,06065,Riverside,2479339.0,6.19407740490291,,1,2,3,,1.0,1.0,1.0,1.0,1.0,0.0,1.0
2034445941.0,06,California,39125347,06073,San Diego,3279089.0,2.35406691369589,3.6623315652,1,2,3,,0.0,0.0,0.0,0.0,1.0,1.0,0.0
2013519523.0,06,California,39125347,06059,Orange,3156252.0,0.446421922289937,0.8302311539,2,5,4,2.0,1.0,1.0,1.0,1.0,1.0,0.0,1.0
2041494877.0,06,California,39125347,06071,San Bernardino,2196267.0,0.707645714104206,1.0675547575,2,5,3,,1.0,1.0,1.0,1.0,1.0,0.0,1.0
1995989137.0,06,California,39125347,06037,Los Angeles,9748524.0,0.720958500872133,,1,6,1,2.0,1.0,1.0,1.0,1.0,1.0,0.0,1.0
2036915281.0,06,California,39125347,06073,San Diego,3279089.0,2.19113546106936,,1,2,3,,1.0,1.0,1.0,1.0,1.0,0.0,1.0
2039366713.0,06,California,39125347,06073,San Diego,3279089.0,0.915832916903216,1.0123637188,2,3,1,2.0,1.0,1.0,1.0,1.0,1.0,0.0,1.0
2000082373.0,06,California,39125347,06081,San Mateo,732245.0,0.895323452348833,0.7123837903,1,5,4,2.0,1.0,1.0,1.0,1.0,1.0,0.0,1.0
1997530719.0,06,California,39125347,06111,Ventura,834675.0,0.597908843193046,0.5559740037,1,5,1,2.0,1.0,1.0,1.0,1.0,0.0,0.0,1.0
2039005215.0,06,California,39125347,06037,Los Angeles,9748524.0,0.609731877470765,,1,2,1,1.0,1.0,1.0,0.0,1.0,1.0,0.0,1.0
2006859711.0,06,California,39125347,06085,Santa Clara,1880151.0,0.613204132789873,0.6303963769,1,6,1,2.0,1.0,1.0,1.0,1.0,1.0,0.0,1.0
2021303839.0,06,California,39125347,06037,Los Angeles,9748524.0,0.729290009114452,0.8528305624,2,2,1,2.0,1.0,1.0,1.0,1.0,1.0,0.0,1.0
2042328073.0,06,California,39125347,06037,Los Angeles,9748524.0,0.930289226732393,0.874970698,2,6,1,2.0,1.0,1.0,1.0,1.0,1.0,0.0,1.0
2023764953.0,06,California,39125347,06073,San Diego,3279089.0,3.49151932122683,,2,2,1,2.0,1.0,1.0,0.0,0.0,1.0,1.0,0.0
2014869843.0,06,California,39125347,06037,Los Angeles,9748524.0,0.752912606253868,,2,2,1,2.0,1.0,1.0,1.0,1.0,1.0,1.0,1.0
2015921313.0,06,California,39125347,06037,Los Angeles,9748524.0,0.420111134243689,,2,3,1,1.0,1.0,1.0,0.0,1.0,1.0,0.0,0.0
1997799817.0,06,California,39125347,06095,Solano,449852.0,0.709708810115869,0.9484677732000001,2,3,6,1.0,1.0,1.0,1.0,1.0,1.0,0.0,1.0
2043040291.0,06,California,39125347,06037,Los Angeles,9748524.0,5.54914526144828,,1,5,3,,1.0,1.0,1.0,1.0,1.0,0.0,1.0
2012117843.0,06,California,39125347,06067,Sacramento,1588707.0,0.905338717935425,1.0761086961,2,5,1,2.0,1.0,1.0,1.0,1.0,1.0,0.0,1.0
2010584413.0,06,California,39125347,06085,Santa Clara,1880151.0,1.07126639608983,1.1854959141,2,2,2,2.0,1.0,1.0,1.0,0.0,0.0,1.0,1.0
1997726291.0,06,California,39125347,06001,Alameda,1633138.0,4.19465826794191,1.4919659251000001,1,2,1,2.0,0.0,0.0,0.0,0.0,0.0,1.0,0.0
2043477109.0,06,California,39125347,06037,Los Angeles,9748524.0,1.81815284046427,,2,2,3,,1.0,1.0,1.0,1.0,1.0,1.0,1.0
1999083491.0,06,California,39125347,06111,Ventura,834675.0,0.791612534405306,,1,3,1,2.0,0.0,1.0,1.0,1.0,1.0,1.0,1.0
2038557803.0,06,California,39125347,06085,Santa Clara,1880151.0,2.77162008192121,,2,5,2,2.0,1.0,1.0,0.0,0.0,1.0,0.0,1.0
2034432831.0,06,California,39125347,06059,Orange,3156252.0,3.15170917937402,1.1645842135,1,2,1,2.0,1.0,1.0,1.0,0.0,1.0,0.0,0.0
2038882039.0,06,California,39125347,06029,Kern,917074.0,1.27375872779055,2.1879827791,2,4,3,,1.0,1.0,1.0,1.0,1.0,0.0,1.0
2045260221.0,06,California,39125347,06083,Santa Barbara,445401.0,1.09891170331471,,1,2,1,2.0,1.0,1.0,0.0,1.0,0.0,1.0,1.0
2039353173.0,06,California,39125347,06037,Los Angeles,9748524.0,0.843685636143392,0.8191599268,2,5,1,2.0,1.0,1.0,1.0,1.0,1.0,0.0,1.0
2041081955.0,06,California,39125347,06037,Los Angeles,9748524.0,4.9032630028366,,1,4,1,2.0,1.0,1.0,1.0,1.0,1.0,0.0,1.0
2000598433.0,06,California,39125347,06113,Yolo,222854.0,2.02212924376083,,1,5,2,2.0,1.0,1.0,1.0,1.0,1.0,0.0,1.0
2037761441.0,06,California,39125347,06037,Los Angeles,9748524.0,1.68300661190374,1.4451175087,1,5,4,2.0,1.0,1.0,1.0,1.0,1.0,0.0,1.0
2018676229.0,06,California,39125347,06085,Santa Clara,1880151.0,3.6469240992112,,2,2,3,1.0,1.0,1.0,1.0,0.0,1.0,0.0,1.0
2022050007.0,06,California,39125347,06037,Los Angeles,9748524.0,1.18234667017285,1.0638155634,2,6,1,2.0,0.0,1.0,1.0,1.0,0.0,1.0,1.0
2041284547.0,06,California,39125347,06085,Santa Clara,1880151.0,5.03705681309092,,2,5,4,,0.0,1.0,1.0,1.0,1.0,1.0,0.0
2045007053.0,06,California,39125347,06037,Los Angeles,9748524.0,1.10406072118188,0.7011877387000001,1,6,1,1.0,1.0,1.0,1.0,1.0,1.0,0.0,1.0
2034444045.0,06,California,39125347,06099,Stanislaus,552453.0,1.21571350318712,,1,2,4,2.0,0.0,1.0,1.0,1.0,0.0,0.0,1.0
2017673699.0,06,California,39125347,06037,Los Angeles,9748524.0,5.75068788451091,,1,1,1,2.0,1.0,1.0,0.0,0.0,0.0,0.0,0.0
2016898575.0,06,California,39125347,06037,Los Angeles,9748524.0,6.36350894057466,,1,2,3,1.0,1.0,1.0,1.0,1.0,1.0,1.0,1.0
2014744287.0,06,California,39125347,06037,Los Angeles,9748524.0,0.99138493133416,,2,2,1,2.0,0.0,0.0,0.0,0.0,0.0,1.0,0.0
2014370109.0,06,California,39125347,06059,Orange,3156252.0,1.30291171603718,,2,6,2,2.0,0.0,1.0,1.0,1.0,1.0,0.0,1.0
1998569115.0,06,California,39125347,06037,Los Angeles,9748524.0,1.07126639608983,1.1854959141,2,2,2,2.0,0.0,1.0,1.0,1.0,0.0,0.0,0.0
1998368547.0,06,California,39125347,06073,San Diego,3279089.0,0.360587605583906,0.2806495939,1,5,1,2.0,1.0,1.0,1.0,1.0,1.0,0.0,1.0
2037382823.0,06,California,39125347,06065,Riverside,2479339.0,0.848809086358372,0.7624175675,2,3,1,2.0,1.0,1.0,1.0,1.0,1.0,1.0,1.0
2015217637.0,06,California,39125347,06071,San Bernardino,2196267.0,1.97710486203522,2.6481487563,2,5,4,2.0,1.0,1.0,1.0,1.0,1.0,0.0,1.0
2043269377.0,06,California,39125347,06059,Orange,3156252.0,1.08280696464737,1.6491741049000002,2,2,1,2.0,1.0,1.0,1.0,1.0,1.0,1.0,1.0
2028972885.0,06,California,39125347,06031,Kings,152763.0,4.20676828455326,,1,2,1,1.0,1.0,0.0,0.0,1.0,0.0,1.0,1.0
1994786723.0,06,California,39125347,06073,San Diego,3279089.0,0.935422581349505,1.0989911595,2,4,1,2.0,1.0,1.0,1.0,1.0,1.0,1.0,1.0
2006859681.0,06,California,39125347,06079,San Luis Obispo,282747.0,3.04929004833612,,1,3,1,2.0,1.0,1.0,1.0,1.0,1.0,0.0,1.0
2011059141.0,06,California,39125347,06067,Sacramento,1588707.0,2.45352066643907,,1,3,1,2.0,0.0,0.0,1.0,0.0,0.0,1.0,0.0
2045088859.0,06,California,39125347,06041,Marin,257038.0,1.30667087569623,1.553119557,1,5,1,2.0,1.0,1.0,1.0,1.0,1.0,0.0,1.0
2011307679.0,06,California,39125347,06037,Los Angeles,9748524.0,0.692065552285456,0.6116442131000001,1,5,1,2.0,1.0,1.0,1.0,1.0,0.0,1.0,1.0
2020151299.0,06,California,39125347,06067,Sacramento,1588707.0,2.30373258087859,2.0970977406,2,5,1,2.0,1.0,1.0,1.0,1.0,1.0,0.0,1.0
2041446295.0,06,California,39125347,06037,Los Angeles,9748524.0,2.43818271996682,1.6527281803,1,5,4,2.0,1.0,0.0,0.0,0.0,0.0,1.0,0.0
2038230615.0,06,California,39125347,06001,Alameda,1633138.0,6.15322368266971,,1,3,3,,1.0,1.0,1.0,1.0,1.0,1.0,1.0
2012112641.0,06,California,39125347,06001,Alameda,1633138.0,1.97710486203522,2.6481487563,2,5,4,2.0,1.0,1.0,1.0,1.0,0.0,0.0,1.0
1996138165.0,06,California,39125347,06053,Monterey,435884.0,0.759817135248071,1.5754075015,2,5,1,2.0,1.0,1.0,1.0,1.0,1.0,0.0,1.0
2003760489.0,06,California,39125347,06077,San Joaquin,795443.0,1.66611418732441,3.306195083,2,1,1,2.0,1.0,1.0,0.0,0.0,0.0,1.0,0.0
1997661167.0,06,California,39125347,06067,Sacramento,1588707.0,1.07026822893759,,2,5,2,2.0,1.0,1.0,1.0,1.0,1.0,0.0,1.0
2010767507.0,06,California,39125347,06067,Sacramento,1588707.0,0.688122566035152,0.7902209999,2,3,1,2.0,1.0,1.0,1.0,1.0,1.0,0.0,1.0
2023934127.0,06,California,39125347,06013,Contra Costa,1160163.0,0.280358544586393,,2,2,2,2.0,1.0,1.0,1.0,1.0,1.0,0.0,1.0
2042331873.0,06,California,39125347,06073,San Diego,3279089.0,0.930289226732393,0.874970698,2,6,1,2.0,1.0,1.0,1.0,0.0,1.0,0.0,1.0
2017283665.0,06,California,39125347,06067,Sacramento,1588707.0,2.49916089221844,1.5705548833,1,6,2,2.0,1.0,1.0,1.0,1.0,1.0,1.0,1.0
2029600339.0,06,California,39125347,06037,Los Angeles,9748524.0,4.9032630028366,,1,3,1,2.0,1.0,0.0,1.0,0.0,1.0,0.0,0.0
2011282733.0,06,California,39125347,06073,San Diego,3279089.0,1.21480897650799,2.1449019789,1,1,1,2.0,0.0,0.0,0.0,0.0,0.0,1.0,0.0
2036926361.0,06,California,39125347,06075,San Francisco,813266.0,1.16420905915505,1.8195544891000002,1,6,4,2.0,1.0,0.0,1.0,1.0,1.0,0.0,1.0
2029280707.0,06,California,39125347,06083,Santa Barbara,445401.0,0.569076829250999,,2,3,3,,1.0,1.0,1.0,1.0,0.0,0.0,1.0
2039283833.0,06,California,39125347,06013,Contra Costa,1160163.0,0.597908843193046,0.5559740037,1,5,1,2.0,1.0,1.0,1.0,1.0,0.0,0.0,1.0
2014490217.0,06,California,39125347,06019,Fresno,1017870.0,8.24379297708826,,1,2,3,,1.0,0.0,1.0,1.0,0.0,0.0,1.0
1998921027.0,06,California,39125347,06029,Kern,917074.0,0.630925381927426,1.0182450383,1,4,3,1.0,0.0,0.0,0.0,0.0,0.0,1.0,0.0
2011925615.0,06,California,39125347,06075,San Francisco,813266.0,1.18234667017285,,2,6,1,2.0,1.0,1.0,1.0,1.0,1.0,0.0,1.0
2015156363.0,06,California,39125347,06111,Ventura,834675.0,0.308306843097372,0.6373144673000001,2,3,1,2.0,1.0,1.0,1.0,1.0,1.0,0.0,1.0
2014026583.0,06,California,39125347,06073,San Diego,3279089.0,0.836480537894153,0.6148155151,2,5,7,2.0,1.0,1.0,1.0,1.0,1.0,0.0,1.0
2036926507.0,06,California,39125347,06059,Orange,3156252.0,1.39489208750176,1.4104579914,1,5,4,2.0,0.0,0.0,0.0,0.0,0.0,1.0,0.0
2021563659.0,06,California,39125347,06001,Alameda,1633138.0,0.811569799054499,1.2488176046000001,1,4,1,2.0,1.0,1.0,1.0,1.0,1.0,1.0,1.0
2010335337.0,06,California,39125347,06077,San Joaquin,795443.0,1.91985029257753,,2,5,1,2.0,0.0,0.0,0.0,0.0,0.0,1.0,1.0
2031337561.0,06,California,39125347,06059,Orange,3156252.0,2.41155093667434,,1,2,1,2.0,1.0,1.0,1.0,0.0,1.0,0.0,1.0
2031480079.0,06,California,39125347,06065,Riverside,2479339.0,2.87802021135012,,1,5,1,2.0,1.0,1.0,1.0,1.0,1.0,1.0,1.0
2014500225.0,06,California,39125347,06037,Los Angeles,9748524.0,0.698546528269596,1.690056078,2,5,2,2.0,1.0,1.0,1.0,0.0,0.0,1.0,0.0
2011978803.0,06,California,39125347,06073,San Diego,3279089.0,1.18234667017285,1.0638155634,2,6,1,2.0,1.0,1.0,1.0,1.0,1.0,0.0,1.0
2034679217.0,06,California,39125347,06067,Sacramento,1588707.0,2.35008435304132,,1,1,1,2.0,1.0,1.0,0.0,1.0,1.0,0.0,1.0
2009626309.0,06,California,39125347,06037,Los Angeles,9748524.0,9.25468210470882,12.5416086912,2,1,4,2.0,1.0,1.0,1.0,1.0,1.0,1.0,1.0
2041060601.0,06,California,39125347,06073,San Diego,3279089.0,1.14768565916971,1.515548924,2,2,1,2.0,1.0,1.0,1.0,1.0,1.0,1.0,1.0
2010487833.0,06,California,39125347,06013,Contra Costa,1160163.0,0.420111134243689,1.6436832755,2,3,3,1.0,1.0,1.0,1.0,1.0,1.0,1.0,1.0
2016908951.0,06,California,39125347,06037,Los Angeles,9748524.0,1.08280696464737,1.6491741049000002,2,2,1,2.0,0.0,0.0,0.0,0.0,0.0,1.0,0.0
2020264421.0,06,California,39125347,06013,Contra Costa,1160163.0,8.46929201634186,,1,2,3,1.0,1.0,1.0,1.0,1.0,1.0,1.0,1.0
2019794525.0,06,California,39125347,06071,San Bernardino,2196267.0,2.52093173395184,,1,2,2,2.0,1.0,1.0,0.0,1.0,0.0,0.0,0.0
2015400115.0,06,California,39125347,06037,Los Angeles,9748524.0,5.91895399743231,,2,1,2,2.0,1.0,1.0,1.0,1.0,1.0,1.0,1.0
2017164761.0,06,California,39125347,06067,Sacramento,1588707.0,3.31865324800047,0.43154523110000004,2,3,1,2.0,1.0,0.0,1.0,1.0,1.0,1.0,0.0
2014467861.0,06,California,39125347,06041,Marin,257038.0,1.0593980995153,1.2505488377,2,5,1,2.0,0.0,0.0,0.0,0.0,0.0,1.0,0.0
1997964315.0,06,California,39125347,06073,San Diego,3279089.0,0.766320871519086,0.9610515853,1,3,1,2.0,1.0,0.0,0.0,0.0,0.0,1.0,0.0
2026742635.0,06,California,39125347,06019,Fresno,1017870.0,2.35406691369589,2.776026504,1,2,3,1.0,0.0,0.0,1.0,1.0,0.0,0.0,1.0
2011969997.0,06,California,39125347,06071,San Bernardino,2196267.0,1.41853156122495,1.2654327932,2,4,1,2.0,0.0,0.0,0.0,0.0,0.0,1.0,0.0
2030621913.0,06,California,39125347,06037,Los Angeles,9748524.0,0.983911942432076,,2,2,2,2.0,1.0,0.0,1.0,1.0,0.0,0.0,1.0
1996260335.0,06,California,39125347,06071,San Bernardino,2196267.0,10.6542306943682,,2,5,4,2.0,0.0,0.0,0.0,0.0,0.0,1.0,0.0
2045403365.0,06,California,39125347,06037,Los Angeles,9748524.0,0.341339265008441,,1,2,6,1.0,1.0,1.0,1.0,1.0,1.0,1.0,1.0
2016812441.0,06,California,39125347,06085,Santa Clara,1880151.0,3.70539746270452,2.4008143251,2,5,4,,1.0,1.0,1.0,1.0,1.0,0.0,1.0
2041090093.0,06,California,39125347,06059,Orange,3156252.0,2.30373258087859,2.0970977406,2,5,1,2.0,1.0,1.0,1.0,1.0,1.0,0.0,1.0
2015125441.0,06,California,39125347,06059,Orange,3156252.0,0.869011986718956,0.9568906794,1,5,1,2.0,0.0,0.0,0.0,0.0,0.0,1.0,0.0
1997029769.0,06,California,39125347,06103,Tehama,65312.0,0.930289226732393,0.874970698,2,6,1,2.0,1.0,1.0,1.0,1.0,1.0,0.0,1.0
2038750353.0,06,California,39125347,06037,Los Angeles,9748524.0,0.930289226732393,0.874970698,2,6,1,2.0,1.0,1.0,1.0,1.0,1.0,0.0,1.0
2031220595.0,06,California,39125347,06071,San Bernardino,2196267.0,0.437779956391465,,1,2,2,2.0,0.0,1.0,1.0,1.0,1.0,1.0,1.0
2037404383.0,06,California,39125347,06001,Alameda,1633138.0,4.325744712714,1.1720203497,2,6,4,2.0,1.0,1.0,1.0,1.0,1.0,0.0,1.0
2015187065.0,06,California,39125347,06059,Orange,3156252.0,4.83644437968985,3.9766793856,2,3,4,2.0,1.0,0.0,0.0,0.0,1.0,1.0,1.0
2030626367.0,06,California,39125347,06065,Riverside,2479339.0,5.92181984105982,,1,2,1,2.0,1.0,1.0,1.0,0.0,1.0,1.0,0.0
2039700061.0,06,California,39125347,06037,Los Angeles,9748524.0,1.41853156122495,1.2654327932,2,3,1,2.0,0.0,0.0,0.0,0.0,0.0,1.0,0.0
2029815965.0,06,California,39125347,06029,Kern,917074.0,2.70791699597645,,2,2,3,,1.0,1.0,0.0,1.0,0.0,0.0,0.0
2031431403.0,06,California,39125347,06025,Imperial,179421.0,2.97910557193473,0.6416315045000001,2,2,3,,0.0,0.0,1.0,0.0,0.0,0.0,0.0
1850621227.0,06,California,39125347,06037,Los Angeles,9748524.0,0.783464306623374,,2,1,3,,1.0,1.0,1.0,1.0,1.0,1.0,1.0
2043640607.0,06,California,39125347,06037,Los Angeles,9748524.0,1.56422339241833,,2,5,1,2.0,1.0,1.0,1.0,1.0,1.0,1.0,1.0
2013412423.0,06,California,39125347,06071,San Bernardino,2196267.0,0.729290009114452,,2,2,1,2.0,1.0,1.0,1.0,1.0,1.0,1.0,1.0
2038712429.0,06,California,39125347,06107,Tulare,478037.0,1.18234667017285,1.0638155634,2,6,1,2.0,1.0,1.0,1.0,1.0,1.0,0.0,1.0
2019172539.0,06,California,39125347,06099,Stanislaus,552453.0,0.79899429749472,1.7505645395,2,2,3,1.0,1.0,1.0,1.0,1.0,1.0,1.0,1.0
2034490711.0,06,California,39125347,06067,Sacramento,1588707.0,3.31865324800047,,2,4,1,2.0,0.0,1.0,1.0,1.0,1.0,1.0,0.0
2016890987.0,06,California,39125347,06029,Kern,917074.0,0.935422581349505,1.0989911595,2,3,1,2.0,0.0,0.0,0.0,0.0,0.0,1.0,0.0
2010776771.0,06,California,39125347,06037,Los Angeles,9748524.0,1.01367426487928,2.2093378718,2,2,3,1.0,0.0,0.0,0.0,0.0,0.0,1.0,0.0
2035596205.0,06,California,39125347,06115,Yuba,84355.0,1.48871271221707,1.3890693386000001,1,5,3,1.0,1.0,1.0,0.0,0.0,0.0,0.0,1.0
2000845183.0,06,California,39125347,06067,Sacramento,1588707.0,1.82592710415006,1.5078977786,2,6,3,1.0,0.0,1.0,1.0,1.0,1.0,1.0,1.0
2010638055.0,06,California,39125347,06059,Orange,3156252.0,0.155846440470217,0.8822758260000001,2,2,1,1.0,1.0,0.0,1.0,1.0,0.0,0.0,0.0
2029582659.0,06,California,39125347,06037,Los Angeles,9748524.0,1.83161310555363,,2,2,2,2.0,1.0,1.0,1.0,1.0,1.0,1.0,0.0
2035675999.0,06,California,39125347,06037,Los Angeles,9748524.0,2.56658450799426,,2,2,4,2.0,0.0,0.0,0.0,1.0,0.0,0.0,0.0
2040051933.0,06,California,39125347,06075,San Francisco,813266.0,2.79646861496941,1.3030586105,3,2,3,1.0,1.0,0.0,1.0,1.0,1.0,1.0,1.0
2013159187.0,06,California,39125347,06071,San Bernardino,2196267.0,1.76875774540658,2.8587070614,1,2,3,1.0,0.0,0.0,0.0,0.0,0.0,1.0,0.0
1999481405.0,06,California,39125347,06037,Los Angeles,9748524.0,1.07891829236602,,1,5,1,2.0,0.0,1.0,1.0,1.0,1.0,1.0,1.0
2043994201.0,06,California,39125347,06077,San Joaquin,795443.0,5.45815902647336,,1,3,2,2.0,0.0,0.0,0.0,1.0,0.0,0.0,0.0
2005380805.0,06,California,39125347,06081,San Mateo,732245.0,2.68852216824402,,1,2,4,2.0,1.0,1.0,1.0,1.0,1.0,0.0,1.0
2010676475.0,06,California,39125347,06079,San Luis Obispo,282747.0,2.12639693624646,,2,1,1,2.0,0.0,0.0,0.0,0.0,1.0,1.0,0.0
2013370559.0,06,California,39125347,06057,Nevada,102377.0,0.679267299207069,1.5098398957999999,1,2,1,2.0,1.0,1.0,1.0,1.0,1.0,0.0,1.0
2021243683.0,06,California,39125347,06037,Los Angeles,9748524.0,1.05289955862337,,1,3,2,2.0,0.0,1.0,1.0,1.0,1.0,1.0,1.0
2040240653.0,06,California,39125347,06065,Riverside,2479339.0,0.219796580129552,,2,2,2,2.0,1.0,1.0,1.0,0.0,1.0,1.0,1.0
2036385847.0,06,California,39125347,06029,Kern,917074.0,4.20676828455326,,1,2,3,,0.0,1.0,0.0,1.0,0.0,1.0,0.0
2034501091.0,06,California,39125347,06067,Sacramento,1588707.0,3.20127006484798,,2,3,3,,1.0,0.0,0.0,0.0,0.0,0.0,0.0
2010106761.0,06,California,39125347,06075,San Francisco,813266.0,3.70539746270452,2.4008143251,2,5,4,2.0,1.0,1.0,1.0,1.0,1.0,1.0,1.0
2014495723.0,06,California,39125347,06059,Orange,3156252.0,1.90578075154225,1.6501178245,2,6,1,2.0,1.0,1.0,1.0,0.0,1.0,0.0,1.0
2017157597.0,06,California,39125347,06037,Los Angeles,9748524.0,5.90716646351797,0.6308291020000001,1,5,4,2.0,1.0,1.0,0.0,1.0,1.0,1.0,0.0
2003729855.0,06,California,39125347,06037,Los Angeles,9748524.0,15.0614388091749,,1,5,7,1.0,0.0,1.0,1.0,1.0,0.0,1.0,1.0
2012117853.0,06,California,39125347,06037,Los Angeles,9748524.0,0.524861708567109,1.3192074934,2,5,2,,1.0,1.0,1.0,0.0,1.0,1.0,1.0
2011367433.0,06,California,39125347,06065,Riverside,2479339.0,0.881815932433382,,1,2,1,2.0,1.0,1.0,1.0,1.0,1.0,1.0,1.0
1999569845.0,06,California,39125347,06037,Los Angeles,9748524.0,0.692065552285456,0.6116442131000001,1,5,1,2.0,1.0,1.0,1.0,1.0,1.0,0.0,1.0
2020558915.0,06,California,39125347,06037,Los Angeles,9748524.0,1.10406072118188,0.7011877387000001,1,6,6,1.0,1.0,1.0,1.0,1.0,1.0,0.0,1.0
2034444967.0,06,California,39125347,06037,Los Angeles,9748524.0,1.98901128733445,,1,5,1,1.0,0.0,1.0,1.0,1.0,1.0,1.0,1.0
1995771351.0,06,California,39125347,06085,Santa Clara,1880151.0,3.31692158813766,,1,6,1,2.0,1.0,1.0,1.0,1.0,0.0,1.0,1.0
2017590809.0,06,California,39125347,06071,San Bernardino,2196267.0,0.845398919969727,0.440094445,1,6,4,1.0,1.0,0.0,1.0,1.0,0.0,0.0,1.0
2035644249.0,06,California,39125347,06081,San Mateo,732245.0,3.99181071529585,0.4122881776,2,6,3,1.0,1.0,1.0,1.0,1.0,1.0,0.0,1.0
2038186193.0,06,California,39125347,06037,Los Angeles,9748524.0,0.688122566035152,0.7902209999,2,4,1,2.0,1.0,1.0,1.0,1.0,1.0,1.0,1.0
2015745701.0,06,California,39125347,06059,Orange,3156252.0,1.15594568954253,0.7067755273,2,5,3,1.0,1.0,1.0,1.0,1.0,1.0,0.0,1.0
2036478917.0,06,California,39125347,06037,Los Angeles,9748524.0,0.843685636143392,0.8191599268,2,5,1,2.0,1.0,1.0,1.0,1.0,1.0,0.0,1.0
2012177495.0,06,California,39125347,06037,Los Angeles,9748524.0,2.23519361625103,2.1973495747,2,5,1,2.0,1.0,1.0,1.0,1.0,0.0,0.0,1.0
2014126225.0,06,California,39125347,06037,Los Angeles,9748524.0,0.760897770026653,0.7958221487,1,3,1,2.0,0.0,0.0,0.0,0.0,0.0,1.0,0.0
2010166119.0,06,California,39125347,06073,San Diego,3279089.0,1.87978355630298,2.5370751565000003,2,5,4,2.0,1.0,1.0,1.0,1.0,1.0,1.0,1.0
2017093161.0,06,California,39125347,06001,Alameda,1633138.0,4.06142517782715,,2,1,3,1.0,1.0,1.0,1.0,1.0,1.0,1.0,1.0
2012185139.0,06,California,39125347,06073,San Diego,3279089.0,1.47653582534609,,1,6,1,2.0,1.0,1.0,1.0,1.0,1.0,0.0,1.0
2030719739.0,06,California,39125347,06071,San Bernardino,2196267.0,1.83650358979926,2.3941151982,1,2,1,2.0,0.0,0.0,0.0,0.0,0.0,1.0,0.0
2013964609.0,06,California,39125347,06067,Sacramento,1588707.0,2.49916089221844,1.961473937,1,6,2,2.0,1.0,0.0,0.0,0.0,1.0,0.0,1.0
1999633153.0,06,California,39125347,06059,Orange,3156252.0,0.935422581349505,1.0989911595,2,3,1,2.0,0.0,0.0,0.0,0.0,1.0,1.0,0.0
2013571099.0,06,California,39125347,06071,San Bernardino,2196267.0,0.818395940525926,1.8231017441000001,2,2,6,2.0,0.0,1.0,0.0,0.0,1.0,1.0,1.0
2013052511.0,06,California,39125347,06029,Kern,917074.0,5.75343170639994,4.6803441578000005,2,1,3,1.0,1.0,1.0,1.0,1.0,1.0,1.0,1.0
1976215945.0,06,California,39125347,06075,San Francisco,813266.0,0.524861708567109,1.0527846056,2,5,2,2.0,1.0,1.0,0.0,1.0,0.0,1.0,1.0
2011153643.0,06,California,39125347,06075,San Francisco,813266.0,1.10228169979741,,1,3,4,2.0,1.0,1.0,1.0,1.0,1.0,0.0,1.0
2036884103.0,06,California,39125347,06053,Monterey,435884.0,4.57874856942978,,1,2,1,2.0,1.0,1.0,1.0,0.0,1.0,0.0,0.0
2042732049.0,06,California,39125347,06041,Marin,257038.0,0.882085485096872,,1,2,1,1.0,1.0,1.0,1.0,1.0,1.0,0.0,1.0
2018940421.0,06,California,39125347,06081,San Mateo,732245.0,0.46459387472683,,4,5,7,2.0,1.0,1.0,1.0,1.0,0.0,1.0,1.0
2031104567.0,06,California,39125347,06067,Sacramento,1588707.0,1.72541625050425,0.9374833048000001,2,3,3,2.0,0.0,0.0,1.0,0.0,1.0,0.0,1.0
2039887213.0,06,California,39125347,06037,Los Angeles,9748524.0,2.30373258087859,,2,5,1,2.0,1.0,1.0,1.0,1.0,1.0,0.0,1.0
2043494455.0,06,California,39125347,06017,El Dorado,192914.0,1.15594568954253,0.7067755273,2,5,3,1.0,1.0,1.0,0.0,1.0,1.0,1.0,1.0
2029147935.0,06,California,39125347,06037,Los Angeles,9748524.0,5.22553837974043,,2,3,3,,1.0,1.0,1.0,1.0,0.0,1.0,1.0
2040293933.0,06,California,39125347,06037,Los Angeles,9748524.0,1.80960708824428,,2,3,1,2.0,0.0,1.0,1.0,1.0,1.0,1.0,1.0
2041639361.0,06,California,39125347,06037,Los Angeles,9748524.0,2.50829900759296,,1,3,4,2.0,1.0,1.0,1.0,1.0,1.0,1.0,1.0
2036932351.0,06,California,39125347,06087,Santa Cruz,265786.0,6.43689828283477,5.0945823148,2,4,4,2.0,1.0,1.0,1.0,1.0,1.0,1.0,0.0
2017012899.0,06,California,39125347,06001,Alameda,1633138.0,1.47653582534609,2.2169988138,1,6,1,2.0,1.0,1.0,1.0,1.0,1.0,1.0,1.0
1998321107.0,06,California,39125347,06037,Los Angeles,9748524.0,1.83282231845408,,2,4,1,2.0,0.0,0.0,1.0,0.0,1.0,0.0,0.0
1977023505.0,06,California,39125347,06075,San Francisco,813266.0,2.80213578326501,,1,5,1,2.0,1.0,1.0,1.0,1.0,1.0,0.0,1.0
2017281769.0,06,California,39125347,06037,Los Angeles,9748524.0,0.298598837729903,,2,5,1,2.0,1.0,1.0,1.0,1.0,1.0,0.0,1.0
2018642781.0,06,California,39125347,06067,Sacramento,1588707.0,0.219869760171339,,1,2,1,2.0,0.0,0.0,1.0,0.0,1.0,1.0,0.0
2014334133.0,21,Kentucky,4521238,21067,Fayette,321332.0,0.667173838315569,0.8439992964,2,5,1,2.0,1.0,1.0,1.0,1.0,1.0,0.0,1.0
2021357509.0,21,Kentucky,4521238,21111,Jefferson,778999.0,1.1870313406103,1.0228653137000001,1,2,1,2.0,0.0,0.0,0.0,0.0,0.0,1.0,0.0
2019607843.0,21,Kentucky,4521238,21179,Nelson,47430.0,0.386958817080626,0.3362074391,1,2,1,2.0,1.0,1.0,1.0,1.0,1.0,0.0,1.0
2036994861.0,21,Kentucky,4521238,21111,Jefferson,778999.0,1.99840149116017,,1,4,2,2.0,1.0,1.0,1.0,1.0,0.0,0.0,
1999042869.0,21,Kentucky,4521238,21117,Kenton,170432.0,1.58070705595774,,2,2,1,2.0,0.0,1.0,1.0,1.0,1.0,1.0,1.0
2010576995.0,21,Kentucky,4521238,21145,McCracken,67370.0,1.40098629119378,1.4043917857000001,2,3,1,2.0,0.0,0.0,0.0,0.0,1.0,1.0,0.0
2034449129.0,21,Kentucky,4521238,21227,Warren,140434.0,2.00347612999703,1.6563303918,1,6,1,2.0,0.0,0.0,0.0,0.0,0.0,1.0,0.0
2037826569.0,21,Kentucky,4521238,21067,Fayette,321332.0,1.57851913508362,,2,2,2,2.0,0.0,0.0,0.0,0.0,0.0,0.0,0.0
2036932335.0,21,Kentucky,4521238,21117,Kenton,170432.0,1.47994105490368,2.0920269215,2,2,4,2.0,0.0,1.0,0.0,0.0,0.0,1.0,0.0
2037680613.0,21,Kentucky,4521238,21025,Breathitt,13338.0,3.47450154119452,1.8342210190000001,1,6,1,2.0,0.0,0.0,0.0,0.0,0.0,1.0,0.0
2039375169.0,21,Kentucky,4521238,21229,Washington,12067.0,1.30568253472192,2.426141073,2,4,1,2.0,0.0,0.0,0.0,0.0,1.0,1.0,0.0
2013186729.0,21,Kentucky,4521238,21111,Jefferson,778999.0,1.1870313406103,,1,2,1,2.0,0.0,0.0,0.0,0.0,0.0,1.0,0.0
2014556881.0,21,Kentucky,4521238,21037,Campbell,93323.0,0.955400720575116,,2,2,1,2.0,0.0,0.0,0.0,0.0,0.0,1.0,0.0
2011787133.0,21,Kentucky,4521238,21029,Bullitt,83946.0,0.980048931872806,1.6375777753,1,4,1,2.0,1.0,1.0,0.0,1.0,1.0,1.0,0.0
2021520833.0,21,Kentucky,4521238,21111,Jefferson,778999.0,0.799332719041876,,2,6,4,2.0,1.0,1.0,1.0,1.0,1.0,0.0,1.0
2041060313.0,21,Kentucky,4521238,21067,Fayette,321332.0,4.58711869085622,,1,2,1,2.0,1.0,1.0,1.0,0.0,1.0,1.0,1.0
2013530297.0,21,Kentucky,4521238,21015,Boone,139429.0,1.2715575275743,1.5396899253,2,2,1,2.0,1.0,0.0,1.0,0.0,0.0,1.0,0.0
2014012937.0,21,Kentucky,4521238,21117,Kenton,170432.0,0.891890908253108,0.7984182325,1,2,1,2.0,0.0,0.0,0.0,0.0,0.0,1.0,0.0
2012618917.0,21,Kentucky,4521238,21055,Crittenden,8973.0,2.10635288994864,,2,3,1,2.0,0.0,1.0,1.0,1.0,1.0,0.0,0.0
2008845681.0,21,Kentucky,4521238,21151,Madison,95227.0,3.1384881089534,0.8318773861000001,2,2,1,2.0,1.0,1.0,1.0,1.0,1.0,1.0,1.0
1988773613.0,21,Kentucky,4521238,21155,Marion,19720.0,1.06514472791061,1.17447756,1,2,1,2.0,1.0,0.0,1.0,1.0,1.0,0.0,1.0
1996137561.0,21,Kentucky,4521238,21037,Campbell,93323.0,3.81497015097927,0.7781595909,2,2,1,2.0,1.0,1.0,1.0,1.0,0.0,1.0,1.0
2041448087.0,21,Kentucky,4521238,21111,Jefferson,778999.0,1.85047483685655,1.1347894017,1,5,4,2.0,1.0,1.0,0.0,1.0,1.0,1.0,1.0
2014610711.0,21,Kentucky,4521238,21095,Harlan,25603.0,3.07866258777164,2.780064753,2,5,1,2.0,0.0,0.0,0.0,0.0,1.0,1.0,0.0
2036717047.0,21,Kentucky,4521238,21193,Perry,27366.0,3.548384567568,,1,3,1,2.0,1.0,0.0,0.0,0.0,1.0,1.0,1.0
2030498457.0,21,Kentucky,4521238,21111,Jefferson,778999.0,3.56293615286644,1.329535241,1,2,2,2.0,1.0,1.0,1.0,1.0,1.0,1.0,0.0
2009785807.0,21,Kentucky,4521238,21207,Russell,18167.0,2.33413216047427,1.574219742,1,5,1,2.0,0.0,0.0,1.0,0.0,1.0,1.0,0.0
2009025405.0,21,Kentucky,4521238,21185,Oldham,69549.0,0.95462319434487,0.9356479317,1,3,1,2.0,0.0,0.0,0.0,0.0,1.0,1.0,0.0
2035477801.0,21,Kentucky,4521238,21193,Perry,27366.0,1.58070705595774,,2,2,1,2.0,1.0,1.0,1.0,1.0,1.0,1.0,1.0
2011636907.0,21,Kentucky,4521238,21083,Graves,36546.0,0.866364552863064,1.3649466619,2,4,1,2.0,1.0,0.0,0.0,0.0,0.0,1.0,0.0
2038674189.0,21,Kentucky,4521238,21163,Meade,30048.0,1.78656098691773,1.6912321729,2,6,1,2.0,0.0,1.0,1.0,0.0,1.0,1.0,0.0
2001290789.0,21,Kentucky,4521238,21227,Warren,140434.0,1.99724295390357,2.0629657652,2,5,1,2.0,0.0,0.0,0.0,0.0,0.0,1.0,0.0
2029612657.0,21,Kentucky,4521238,21111,Jefferson,778999.0,1.58070705595774,,2,2,1,2.0,0.0,0.0,0.0,0.0,0.0,1.0,0.0
2035195707.0,21,Kentucky,4521238,21215,Spencer,20191.0,1.24768135148807,,2,4,1,2.0,0.0,0.0,0.0,0.0,1.0,1.0,0.0
2011241281.0,21,Kentucky,4521238,21111,Jefferson,778999.0,1.1870313406103,1.0228653137000001,1,2,1,2.0,0.0,0.0,0.0,0.0,0.0,1.0,0.0
2011976401.0,21,Kentucky,4521238,21111,Jefferson,778999.0,0.23247378851,0.6464005041,2,5,1,2.0,1.0,1.0,1.0,1.0,1.0,1.0,1.0
2041082681.0,21,Kentucky,4521238,21059,Daviess,103358.0,3.58382377794891,,1,2,1,2.0,1.0,0.0,1.0,0.0,1.0,0.0,1.0
2014370093.0,21,Kentucky,4521238,21015,Boone,139429.0,0.305750201096251,0.5310676632,2,3,1,2.0,1.0,1.0,1.0,1.0,1.0,1.0,1.0
2014962283.0,21,Kentucky,4521238,21081,Grant,25473.0,0.746118841001166,0.7703051882,1,4,1,2.0,1.0,1.0,1.0,1.0,0.0,0.0,0.0
2011199717.0,21,Kentucky,4521238,21227,Warren,140434.0,0.260186601580583,1.1923530034,2,2,1,2.0,0.0,0.0,0.0,0.0,1.0,1.0,0.0
2034272709.0,21,Kentucky,4521238,21111,Jefferson,778999.0,0.924809970377272,0.5150085604,2,4,2,2.0,1.0,1.0,1.0,0.0,1.0,1.0,1.0
2035529497.0,36,New York,19713025,36059,Nassau,1388346.0,4.38505525356584,,2,3,1,2.0,1.0,1.0,1.0,1.0,1.0,0.0,1.0
2014555379.0,36,New York,19713025,36047,Kings,2600751.0,0.359863943350895,0.4193169373,1,5,6,1.0,1.0,1.0,1.0,1.0,1.0,0.0,1.0
2038246795.0,36,New York,19713025,36111,Ulster,182546.0,5.90304102186517,,2,6,1,2.0,1.0,1.0,1.0,1.0,1.0,1.0,0.0
2010550811.0,36,New York,19713025,36081,Queens,2291363.0,3.13762318699469,5.242251746,1,2,2,2.0,1.0,1.0,1.0,1.0,1.0,1.0,1.0
1984167577.0,36,New York,19713025,36107,Tioga,47724.0,3.64512545990415,,2,5,1,2.0,1.0,1.0,1.0,1.0,1.0,0.0,1.0
2019662451.0,36,New York,19713025,36081,Queens,2291363.0,1.5269482847,2.9732924835,1,5,1,2.0,1.0,1.0,1.0,1.0,1.0,1.0,1.0
2045444203.0,36,New York,19713025,36055,Monroe,750469.0,0.671980800305002,0.5197537138,1,5,1,2.0,1.0,1.0,1.0,1.0,1.0,0.0,1.0
1995264001.0,36,New York,19713025,36061,New York,1593919.0,1.31560280593652,2.6513177449,1,5,2,2.0,1.0,1.0,1.0,1.0,1.0,1.0,1.0
2010790727.0,36,New York,19713025,36047,Kings,2600751.0,0.320600852536753,0.5994974572,1,6,1,2.0,1.0,0.0,0.0,0.0,0.0,1.0,0.0
2017571791.0,36,New York,19713025,36119,Westchester,994313.0,3.7446996750897,,1,4,1,2.0,1.0,1.0,1.0,1.0,1.0,1.0,1.0
2037894201.0,36,New York,19713025,36007,Broome,197171.0,1.57664931604514,1.5293320553,1,2,2,2.0,1.0,1.0,1.0,0.0,1.0,0.0,1.0
1998413355.0,36,New York,19713025,36119,Westchester,994313.0,0.842073658024648,1.2141539494,1,6,1,2.0,0.0,0.0,1.0,0.0,0.0,1.0,0.0
2009591401.0,36,New York,19713025,36061,New York,1593919.0,0.857627774784585,0.6947428064000001,2,6,1,2.0,1.0,1.0,1.0,1.0,0.0,0.0,1.0
2033576617.0,36,New York,19713025,36119,Westchester,994313.0,0.877104707845683,0.7951506128,2,6,1,2.0,1.0,1.0,1.0,1.0,1.0,0.0,1.0
2014520507.0,36,New York,19713025,36103,Suffolk,1531736.0,2.8832235190481,,2,2,2,2.0,1.0,1.0,1.0,1.0,1.0,1.0,1.0
2010069685.0,36,New York,19713025,36123,Yates,24455.0,1.62452932961523,0.7921134699,2,5,1,2.0,1.0,1.0,1.0,1.0,1.0,0.0,1.0
2009878587.0,36,New York,19713025,36103,Suffolk,1531736.0,0.842073658024648,1.2141539494,1,6,1,2.0,0.0,0.0,0.0,0.0,1.0,1.0,0.0
2015139883.0,36,New York,19713025,36055,Monroe,750469.0,0.520010515348693,,1,2,2,2.0,1.0,1.0,1.0,1.0,1.0,1.0,1.0
2017001083.0,36,New York,19713025,36085,Richmond,492579.0,1.5862676982027,,1,6,1,2.0,1.0,0.0,0.0,0.0,0.0,1.0,0.0
2039446779.0,36,New York,19713025,36061,New York,1593919.0,0.424935970981432,1.2048018039,1,3,1,2.0,1.0,1.0,1.0,1.0,1.0,0.0,1.0
2028991285.0,36,New York,19713025,36073,Orleans,39510.0,2.40467776490459,,1,2,1,2.0,1.0,1.0,1.0,1.0,1.0,1.0,1.0
2031166011.0,36,New York,19713025,36061,New York,1593919.0,0.77105944489338,0.6134496285000001,2,3,1,2.0,1.0,1.0,1.0,1.0,1.0,0.0,1.0
2036926617.0,36,New York,19713025,36029,Erie,949276.0,15.0614388091749,,1,2,4,2.0,1.0,1.0,0.0,1.0,1.0,1.0,1.0
2015150425.0,36,New York,19713025,36029,Erie,949276.0,4.38505525356584,1.1283785531000001,2,3,1,2.0,1.0,1.0,0.0,1.0,1.0,0.0,0.0
2015051003.0,36,New York,19713025,36081,Queens,2291363.0,0.629316307201359,0.7156927779000001,1,2,1,2.0,0.0,0.0,0.0,0.0,0.0,0.0,0.0
2041232485.0,36,New York,19713025,36047,Kings,2600751.0,4.82020729630816,,1,5,1,2.0,0.0,0.0,0.0,0.0,0.0,1.0,0.0
2011779623.0,36,New York,19713025,36089,St. Lawrence,106900.0,0.857627774784585,0.6947428064000001,2,6,1,2.0,1.0,1.0,1.0,1.0,1.0,0.0,1.0
2034411199.0,36,New York,19713025,36045,Jefferson,115493.0,0.166924158136588,,1,2,1,2.0,1.0,1.0,1.0,1.0,1.0,0.0,1.0
2034611431.0,36,New York,19713025,36061,New York,1593919.0,15.0614388091749,,2,6,4,2.0,1.0,1.0,1.0,1.0,1.0,1.0,1.0
1994124525.0,36,New York,19713025,36119,Westchester,994313.0,0.877104707845683,0.7951506128,2,6,1,2.0,1.0,1.0,1.0,1.0,1.0,0.0,1.0
2016043797.0,36,New York,19713025,36071,Orange,407314.0,0.893285981816311,0.6642590286000001,2,5,3,1.0,1.0,1.0,1.0,1.0,0.0,1.0,1.0
2010563215.0,36,New York,19713025,36011,Cayuga,74730.0,0.2690112061376,,1,3,2,1.0,1.0,1.0,1.0,1.0,1.0,1.0,1.0
2010115273.0,36,New York,19713025,36081,Queens,2291363.0,1.61029882764286,1.5401169588,2,3,1,2.0,0.0,0.0,0.0,0.0,0.0,1.0,0.0
2016517953.0,36,New York,19713025,36081,Queens,2291363.0,0.498749702997317,0.2571340997,2,2,3,1.0,1.0,1.0,1.0,1.0,0.0,1.0,1.0
2011362247.0,36,New York,19713025,36061,New York,1593919.0,9.45517919658451,,3,5,1,2.0,1.0,0.0,1.0,1.0,1.0,1.0,1.0
2037256735.0,36,New York,19713025,36091,Saratoga,238523.0,0.435098009839295,0.4298209664,1,4,1,2.0,1.0,1.0,1.0,1.0,1.0,0.0,1.0
2038246803.0,36,New York,19713025,36059,Nassau,1388346.0,1.01581880856809,1.1576760793,2,5,1,2.0,0.0,1.0,0.0,0.0,1.0,1.0,0.0
2037448981.0,36,New York,19713025,36055,Monroe,750469.0,1.00911528864852,3.951263579,1,2,1,2.0,0.0,0.0,0.0,1.0,0.0,1.0,0.0
2012562037.0,36,New York,19713025,36079,Putnam,98361.0,0.585965962956765,,2,3,1,2.0,1.0,1.0,1.0,1.0,1.0,1.0,1.0
2012652209.0,36,New York,19713025,36033,Franklin,46112.0,0.854582611189606,0.9607614133000001,2,2,1,2.0,1.0,0.0,0.0,1.0,1.0,1.0,0.0
2012022387.0,36,New York,19713025,36005,Bronx,1384053.0,2.16634620765651,2.4904843376,2,2,2,2.0,1.0,1.0,1.0,1.0,1.0,1.0,1.0
2001754317.0,36,New York,19713025,36047,Kings,2600751.0,2.32662624623835,0.7153662246,1,5,2,2.0,1.0,1.0,1.0,1.0,1.0,1.0,1.0
2043047087.0,36,New York,19713025,36075,Oswego,118150.0,2.87379678911414,,1,2,1,2.0,1.0,1.0,0.0,1.0,1.0,0.0,1.0
2013850005.0,36,New York,19713025,36037,Genesee,57584.0,1.37632059552347,0.6124211171,2,6,1,2.0,0.0,1.0,1.0,0.0,1.0,1.0,1.0
2011397395.0,36,New York,19713025,36007,Broome,197171.0,4.23852489584578,0.7217578423000001,1,6,1,2.0,1.0,0.0,0.0,0.0,1.0,1.0,1.0
2038002517.0,36,New York,19713025,36059,Nassau,1388346.0,1.5269482847,,1,5,1,2.0,1.0,1.0,1.0,1.0,1.0,1.0,1.0
2013432275.0,36,New York,19713025,36061,New York,1593919.0,0.939609226162967,,1,5,1,2.0,0.0,1.0,0.0,1.0,0.0,1.0,1.0
1995079663.0,36,New York,19713025,36087,Rockland,342154.0,1.24309262221021,1.313109121,2,6,1,2.0,1.0,1.0,1.0,1.0,1.0,0.0,1.0
2008170413.0,36,New York,19713025,36047,Kings,2600751.0,0.760413986167134,0.6702055706000001,2,5,2,2.0,1.0,1.0,1.0,1.0,1.0,1.0,1.0
2028859453.0,36,New York,19713025,36103,Suffolk,1531736.0,2.65624067020748,,1,2,1,1.0,1.0,1.0,1.0,1.0,1.0,1.0,1.0
2036340715.0,36,New York,19713025,36047,Kings,2600751.0,5.92183339372714,,2,1,3,,0.0,0.0,0.0,0.0,0.0,0.0,0.0
2011087287.0,36,New York,19713025,36005,Bronx,1384053.0,2.39999841573298,,2,3,6,1.0,1.0,1.0,1.0,1.0,1.0,1.0,1.0
2041446315.0,36,New York,19713025,36047,Kings,2600751.0,0.354912686403266,0.5640547960000001,1,5,4,2.0,1.0,1.0,1.0,1.0,1.0,0.0,1.0
2038848987.0,36,New York,19713025,36079,Putnam,98361.0,0.700828247880355,0.5381631339,2,5,1,2.0,1.0,1.0,1.0,1.0,1.0,1.0,1.0
2038827543.0,36,New York,19713025,36061,New York,1593919.0,3.2004226577455,,1,2,1,2.0,1.0,1.0,0.0,0.0,0.0,1.0,1.0
2011152331.0,36,New York,19713025,36103,Suffolk,1531736.0,0.434971272289094,,2,5,4,2.0,1.0,1.0,1.0,0.0,1.0,1.0,1.0
1996108055.0,36,New York,19713025,36061,New York,1593919.0,3.38526784043712,,1,5,1,2.0,1.0,1.0,1.0,1.0,1.0,1.0,1.0
2039233597.0,36,New York,19713025,36063,Niagara,210403.0,0.585965962956765,0.5587224423,2,4,1,2.0,1.0,1.0,1.0,1.0,1.0,0.0,1.0
2013277461.0,36,New York,19713025,36019,Clinton,78011.0,0.854582611189606,0.9607614133000001,2,2,1,2.0,0.0,0.0,0.0,0.0,0.0,1.0,0.0
2026992815.0,36,New York,19713025,36071,Orange,407314.0,0.854582611189606,,2,2,1,2.0,0.0,0.0,0.0,0.0,1.0,1.0,0.0
2034794163.0,36,New York,19713025,36081,Queens,2291363.0,6.94194443390648,,1,2,2,2.0,1.0,1.0,1.0,0.0,1.0,0.0,1.0
2000946377.0,36,New York,19713025,36081,Queens,2291363.0,2.050260342019,0.6640813640000001,2,4,4,2.0,0.0,0.0,0.0,0.0,0.0,0.0,0.0
2026740197.0,36,New York,19713025,36047,Kings,2600751.0,2.0395336031133,2.0041792,2,2,4,2.0,1.0,1.0,1.0,1.0,1.0,1.0,0.0
2041446877.0,36,New York,19713025,36081,Queens,2291363.0,1.02199275665242,1.3347925921,2,6,4,2.0,1.0,1.0,1.0,0.0,1.0,0.0,1.0
2033790975.0,36,New York,19713025,36081,Queens,2291363.0,0.390379816241232,,2,2,3,,0.0,0.0,1.0,0.0,1.0,0.0,0.0
2015249699.0,36,New York,19713025,36067,Onondaga,469910.0,0.6159254468775,0.8230126550000001,1,4,1,2.0,1.0,1.0,1.0,0.0,0.0,1.0,0.0
2039700467.0,36,New York,19713025,36061,New York,1593919.0,1.59685121558683,,1,5,1,2.0,1.0,1.0,1.0,1.0,1.0,1.0,1.0
2019468513.0,36,New York,19713025,36081,Queens,2291363.0,0.990907480860098,1.085364799,2,5,4,2.0,1.0,1.0,1.0,1.0,1.0,0.0,1.0
2034705853.0,36,New York,19713025,36061,New York,1593919.0,4.38505525356584,,2,3,1,2.0,1.0,1.0,1.0,1.0,1.0,0.0,1.0
2038246723.0,36,New York,19713025,36059,Nassau,1388346.0,1.37632059552347,1.6772202220999999,2,6,1,2.0,1.0,1.0,0.0,0.0,1.0,1.0,0.0
2034763831.0,36,New York,19713025,36027,Dutchess,297214.0,3.44856316436157,,1,2,2,2.0,1.0,0.0,1.0,1.0,1.0,0.0,1.0
1999891913.0,36,New York,19713025,36047,Kings,2600751.0,0.546588056330747,0.8258168749,2,3,2,2.0,1.0,1.0,1.0,1.0,0.0,1.0,1.0
2011575517.0,36,New York,19713025,36061,New York,1593919.0,0.979906197137663,1.4940845607,1,6,1,2.0,1.0,1.0,1.0,1.0,1.0,1.0,1.0
2018191013.0,36,New York,19713025,36047,Kings,2600751.0,0.652177225877972,1.4161614476,1,1,2,2.0,0.0,1.0,0.0,1.0,0.0,0.0,0.0
2018040983.0,36,New York,19713025,36047,Kings,2600751.0,0.544610342935666,0.4556195965,2,2,1,2.0,1.0,1.0,0.0,0.0,1.0,0.0,1.0
2023439487.0,36,New York,19713025,36047,Kings,2600751.0,2.16634620765651,2.4904843376,2,2,2,2.0,1.0,1.0,1.0,1.0,1.0,1.0,1.0
2036689397.0,36,New York,19713025,36005,Bronx,1384053.0,0.473950835592449,1.0087601614,2,3,2,2.0,1.0,1.0,1.0,1.0,1.0,0.0,1.0
2041266667.0,36,New York,19713025,36061,New York,1593919.0,0.864872858054265,,1,3,6,1.0,1.0,1.0,1.0,1.0,1.0,1.0,1.0
2011843849.0,36,New York,19713025,36115,Washington,60808.0,5.5729085271992,0.9220019500000001,2,3,4,2.0,0.0,0.0,0.0,0.0,0.0,0.0,0.0
2014193765.0,36,New York,19713025,36047,Kings,2600751.0,0.857627774784585,0.6947428064000001,2,6,1,2.0,1.0,1.0,1.0,1.0,1.0,0.0,1.0
2030661069.0,36,New York,19713025,36055,Monroe,750469.0,4.58974580668077,,1,2,2,2.0,1.0,1.0,1.0,1.0,1.0,1.0,1.0
2019378425.0,36,New York,19713025,36103,Suffolk,1531736.0,0.854582611189606,0.9607614133000001,2,2,1,2.0,0.0,0.0,0.0,0.0,0.0,1.0,0.0
2036917019.0,36,New York,19713025,36081,Queens,2291363.0,0.21180343417119,0.5588974259,2,2,1,1.0,1.0,1.0,1.0,1.0,1.0,0.0,1.0
2040050957.0,36,New York,19713025,36061,New York,1593919.0,2.1330604258774,,2,6,3,1.0,1.0,1.0,1.0,1.0,1.0,0.0,1.0
2033776099.0,36,New York,19713025,36047,Kings,2600751.0,1.48420904149223,,2,2,2,2.0,1.0,1.0,0.0,0.0,0.0,0.0,0.0
2041446501.0,36,New York,19713025,36081,Queens,2291363.0,1.48489743826924,1.6781856831000002,2,5,4,2.0,1.0,0.0,0.0,0.0,1.0,1.0,1.0
2014086729.0,36,New York,19713025,36027,Dutchess,297214.0,0.544610342935666,0.4556195965,2,2,1,2.0,1.0,1.0,1.0,1.0,1.0,1.0,1.0
2028875165.0,36,New York,19713025,36005,Bronx,1384053.0,0.359843118994339,,1,3,2,2.0,1.0,1.0,1.0,1.0,0.0,0.0,1.0
2016934947.0,36,New York,19713025,36081,Queens,2291363.0,4.32847051575042,,1,6,1,2.0,1.0,1.0,1.0,1.0,1.0,1.0,1.0
2045014565.0,36,New York,19713025,36061,New York,1593919.0,1.01581880856809,1.1576760793,2,5,1,2.0,0.0,0.0,0.0,0.0,0.0,1.0,0.0
1997995377.0,36,New York,19713025,36061,New York,1593919.0,0.476719728470419,,2,4,1,2.0,1.0,1.0,0.0,1.0,0.0,0.0,1.0
2015126075.0,36,New York,19713025,36057,Montgomery,49454.0,0.77105944489338,0.6134496285000001,2,3,1,2.0,1.0,1.0,1.0,1.0,1.0,0.0,1.0
2039662503.0,36,New York,19713025,36061,New York,1593919.0,1.10954660982098,,1,5,1,2.0,0.0,1.0,1.0,1.0,1.0,1.0,1.0
2013016673.0,36,New York,19713025,36055,Monroe,750469.0,1.13666117212548,0.9644975216,2,6,3,1.0,1.0,1.0,1.0,1.0,1.0,0.0,1.0
2036070221.0,36,New York,19713025,36055,Monroe,750469.0,1.89530656210782,,1,3,4,2.0,1.0,1.0,1.0,0.0,1.0,1.0,1.0
2013819691.0,36,New York,19713025,36007,Broome,197171.0,1.86410214724202,2.0920384503,2,5,1,2.0,0.0,0.0,0.0,0.0,1.0,1.0,0.0
2044840339.0,36,New York,19713025,36047,Kings,2600751.0,3.08836118638388,,2,2,6,1.0,0.0,1.0,1.0,1.0,1.0,1.0,1.0
2039940609.0,36,New York,19713025,36047,Kings,2600751.0,0.486482387846206,,2,6,6,2.0,1.0,1.0,1.0,1.0,1.0,0.0,1.0
2010475801.0,36,New York,19713025,36117,Wayne,90839.0,1.1004618327472,1.239756475,1,2,1,2.0,0.0,0.0,0.0,0.0,1.0,1.0,0.0
2035462585.0,36,New York,19713025,36047,Kings,2600751.0,5.35717370550619,,1,2,2,2.0,0.0,1.0,1.0,1.0,1.0,1.0,0.0
2012680843.0,36,New York,19713025,36043,Herkimer,59581.0,2.31846083839686,0.3069329127,1,2,7,2.0,0.0,0.0,0.0,0.0,0.0,1.0,0.0
2026434435.0,36,New York,19713025,36047,Kings,2600751.0,0.837566761688702,0.9168845199000001,1,2,1,2.0,0.0,1.0,1.0,1.0,0.0,1.0,0.0
2029489019.0,36,New York,19713025,36059,Nassau,1388346.0,4.23738238340898,,1,1,7,1.0,1.0,1.0,1.0,1.0,1.0,0.0,1.0
2038551207.0,36,New York,19713025,36061,New York,1593919.0,0.56914779710731,1.0163507855,2,3,3,,1.0,1.0,1.0,1.0,1.0,1.0,1.0
1993290443.0,36,New York,19713025,36059,Nassau,1388346.0,0.629316307201359,0.7156927779000001,1,2,1,2.0,1.0,1.0,1.0,0.0,1.0,0.0,1.0
2011058933.0,36,New York,19713025,36037,Genesee,57584.0,0.629316307201359,0.7156927779000001,1,2,1,2.0,0.0,0.0,0.0,0.0,1.0,1.0,0.0
2032876717.0,36,New York,19713025,36027,Dutchess,297214.0,4.82020729630816,,1,5,1,2.0,1.0,1.0,0.0,1.0,1.0,1.0,1.0
2021607433.0,36,New York,19713025,36061,New York,1593919.0,0.736264829973757,1.1662379574,1,6,1,2.0,1.0,1.0,1.0,1.0,1.0,0.0,1.0
2017401469.0,36,New York,19713025,36061,New York,1593919.0,2.93480147677561,,2,3,2,2.0,1.0,1.0,0.0,1.0,0.0,1.0,1.0
1996960819.0,36,New York,19713025,36081,Queens,2291363.0,3.50444794848032,6.6140686835,1,2,4,2.0,1.0,1.0,1.0,1.0,1.0,1.0,1.0
2013941817.0,36,New York,19713025,36061,New York,1593919.0,0.661928716761429,,2,5,3,1.0,0.0,1.0,0.0,1.0,0.0,0.0,1.0
2033793643.0,36,New York,19713025,36061,New York,1593919.0,2.99571369246076,,2,4,1,2.0,0.0,1.0,0.0,0.0,1.0,0.0,0.0
1993676193.0,36,New York,19713025,36037,Genesee,57584.0,1.08314093229527,1.7399172059999999,1,5,1,2.0,1.0,1.0,1.0,1.0,1.0,0.0,1.0
2014827297.0,36,New York,19713025,36071,Orange,407314.0,1.5111761428404,,1,2,2,2.0,0.0,1.0,0.0,1.0,0.0,1.0,1.0
2042328015.0,36,New York,19713025,36055,Monroe,750469.0,1.19692275086789,1.2917795035,1,5,1,2.0,0.0,0.0,0.0,0.0,0.0,1.0,0.0
1995126421.0,36,New York,19713025,36055,Monroe,750469.0,0.77105944489338,0.6134496285000001,2,3,1,2.0,1.0,1.0,1.0,1.0,1.0,1.0,1.0
2012068673.0,36,New York,19713025,36103,Suffolk,1531736.0,0.849331128065222,1.0199889292,2,3,1,2.0,0.0,0.0,0.0,0.0,1.0,1.0,0.0
2039396359.0,36,New York,19713025,36029,Erie,949276.0,1.05793789737539,2.0245017101,1,5,1,2.0,0.0,0.0,0.0,0.0,0.0,1.0,0.0
2034712083.0,36,New York,19713025,36033,Franklin,46112.0,0.37068823568695,1.1586955588,2,1,1,2.0,0.0,0.0,0.0,0.0,1.0,0.0,0.0
2039823443.0,36,New York,19713025,36027,Dutchess,297214.0,0.544626434495788,2.2266892097,1,3,1,2.0,1.0,1.0,1.0,1.0,1.0,1.0,1.0
2011240017.0,36,New York,19713025,36051,Livingston,61356.0,2.89278324314448,1.126259735,2,2,1,2.0,0.0,0.0,0.0,0.0,1.0,1.0,0.0
2019043027.0,36,New York,19713025,36047,Kings,2600751.0,3.14103858848342,0.6207151825,2,5,2,2.0,0.0,1.0,1.0,1.0,1.0,1.0,0.0
2036149701.0,36,New York,19713025,36083,Rensselaer,159213.0,1.32151128194395,,1,1,1,2.0,0.0,0.0,1.0,1.0,1.0,0.0,0.0
2011197659.0,36,New York,19713025,36061,New York,1593919.0,0.825844536550586,1.1357151312,2,5,1,2.0,1.0,1.0,0.0,1.0,1.0,1.0,1.0
1993407435.0,36,New York,19713025,36111,Ulster,182546.0,0.857627774784585,0.6947428064000001,2,6,1,2.0,1.0,1.0,1.0,1.0,1.0,0.0,1.0
2043493527.0,36,New York,19713025,36081,Queens,2291363.0,2.08249596800526,2.0854653831,2,2,3,2.0,1.0,1.0,1.0,1.0,1.0,1.0,1.0
2032876731.0,36,New York,19713025,36029,Erie,949276.0,5.24943387356897,,1,3,1,2.0,0.0,1.0,1.0,1.0,1.0,1.0,0.0
2028708413.0,36,New York,19713025,36075,Oswego,118150.0,1.81478845535493,,2,2,1,2.0,0.0,1.0,0.0,0.0,0.0,1.0,0.0
2034678525.0,36,New York,19713025,36047,Kings,2600751.0,3.44856316436157,,1,2,2,2.0,1.0,1.0,1.0,1.0,1.0,0.0,1.0
2015954669.0,36,New York,19713025,36029,Erie,949276.0,0.512975274066117,0.2890795685,1,2,1,2.0,1.0,1.0,1.0,0.0,1.0,1.0,1.0
2015754661.0,36,New York,19713025,36063,Niagara,210403.0,0.38833939706861,,1,2,1,2.0,1.0,1.0,1.0,1.0,1.0,1.0,1.0
2028892603.0,36,New York,19713025,36073,Orleans,39510.0,4.62706699923358,,2,2,1,2.0,1.0,1.0,1.0,1.0,0.0,0.0,1.0
2010540781.0,36,New York,19713025,36081,Queens,2291363.0,1.20991825136386,1.2021694779,2,4,1,2.0,0.0,0.0,0.0,0.0,1.0,1.0,0.0
2039899303.0,36,New York,19713025,36067,Onondaga,469910.0,0.892588097440865,0.7071655459,2,5,1,2.0,1.0,1.0,1.0,1.0,1.0,0.0,1.0
2037910783.0,36,New York,19713025,36029,Erie,949276.0,0.435098009839295,,1,4,1,2.0,1.0,1.0,1.0,1.0,1.0,0.0,1.0
2013976487.0,36,New York,19713025,36055,Monroe,750469.0,0.6159254468775,0.8230126550000001,1,3,1,2.0,0.0,0.0,0.0,0.0,1.0,1.0,0.0
2022929709.0,36,New York,19713025,36055,Monroe,750469.0,0.826845821107099,,1,2,1,2.0,0.0,0.0,1.0,0.0,0.0,1.0,0.0
2002446953.0,36,New York,19713025,36111,Ulster,182546.0,0.482092655640169,0.5356523123,1,6,1,2.0,1.0,0.0,0.0,0.0,0.0,1.0,1.0
2042356903.0,36,New York,19713025,36061,New York,1593919.0,0.177232762080208,,2,2,8,1.0,1.0,1.0,1.0,1.0,0.0,0.0,0.0
2040552015.0,36,New York,19713025,36119,Westchester,994313.0,1.59685121558683,,1,5,1,2.0,1.0,1.0,1.0,1.0,1.0,1.0,1.0
2041968579.0,36,New York,19713025,36047,Kings,2600751.0,0.6159254468775,0.8230126550000001,1,3,1,2.0,0.0,1.0,1.0,1.0,1.0,1.0,0.0
2013167293.0,36,New York,19713025,36015,Chemung,81535.0,2.46123131480236,,1,5,1,2.0,1.0,0.0,0.0,0.0,0.0,1.0,1.0
2008681173.0,36,New York,19713025,36035,Fulton,52403.0,2.40467776490459,,1,2,1,2.0,0.0,0.0,0.0,1.0,1.0,1.0,0.0
2011119137.0,36,New York,19713025,36103,Suffolk,1531736.0,2.46595914977158,,1,1,1,2.0,1.0,1.0,1.0,1.0,1.0,1.0,1.0
1998656335.0,36,New York,19713025,36029,Erie,949276.0,0.876689405720152,1.6281512023,2,4,2,2.0,1.0,1.0,1.0,1.0,1.0,1.0,1.0
2000038171.0,36,New York,19713025,36047,Kings,2600751.0,0.478920746917201,,1,3,2,2.0,1.0,1.0,0.0,1.0,0.0,1.0,1.0
1997968597.0,36,New York,19713025,36119,Westchester,994313.0,4.05205055322342,,2,2,2,2.0,0.0,1.0,0.0,1.0,0.0,0.0,0.0
2045206457.0,36,New York,19713025,36105,Sullivan,79868.0,0.857627774784585,0.6947428064000001,2,6,1,2.0,1.0,1.0,1.0,1.0,1.0,0.0,1.0
1996736865.0,36,New York,19713025,36059,Nassau,1388346.0,1.04006437683445,2.5145547267,1,1,1,2.0,1.0,1.0,1.0,1.0,1.0,0.0,1.0
2001291553.0,36,New York,19713025,36083,Rensselaer,159213.0,0.700828247880355,0.5594875525,2,5,1,2.0,1.0,1.0,0.0,1.0,1.0,0.0,1.0
2038231269.0,36,New York,19713025,36029,Erie,949276.0,0.914799648657018,,2,2,1,2.0,0.0,1.0,0.0,0.0,1.0,1.0,1.0
2022375355.0,36,New York,19713025,36103,Suffolk,1531736.0,0.825206274250224,0.7156157430000001,2,5,1,2.0,1.0,1.0,0.0,1.0,1.0,1.0,1.0
2035619185.0,36,New York,19713025,36029,Erie,949276.0,4.62706699923358,,2,2,1,2.0,1.0,1.0,0.0,1.0,1.0,1.0,1.0
2028415725.0,36,New York,19713025,36047,Kings,2600751.0,1.707023959589,2.9901562802,2,4,2,2.0,1.0,1.0,1.0,1.0,0.0,1.0,1.0
2039721153.0,36,New York,19713025,36061,New York,1593919.0,0.123157520973426,,2,4,3,,1.0,1.0,1.0,1.0,1.0,0.0,1.0
2028890799.0,36,New York,19713025,36061,New York,1593919.0,0.87431628688459,1.0856909112,2,3,2,2.0,1.0,1.0,1.0,1.0,1.0,1.0,1.0
2019340101.0,36,New York,19713025,36081,Queens,2291363.0,5.21993845305719,,2,2,4,2.0,0.0,0.0,0.0,0.0,0.0,1.0,0.0
2015691361.0,36,New York,19713025,36047,Kings,2600751.0,1.65741297859935,,2,3,2,2.0,1.0,1.0,1.0,1.0,1.0,1.0,0.0
2013983751.0,36,New York,19713025,36119,Westchester,994313.0,4.53074941851412,,1,2,1,1.0,1.0,1.0,1.0,1.0,1.0,1.0,1.0
2016638445.0,36,New York,19713025,36085,Richmond,492579.0,1.1021162378171,0.6927633752,2,4,1,2.0,1.0,0.0,0.0,0.0,1.0,1.0,1.0
2037289295.0,36,New York,19713025,36045,Jefferson,115493.0,2.87379678911414,,1,2,1,2.0,0.0,0.0,1.0,0.0,1.0,1.0,1.0
2009505437.0,36,New York,19713025,36071,Orange,407314.0,1.13440143606915,1.076883216,2,1,2,2.0,1.0,1.0,1.0,1.0,1.0,0.0,1.0
2007038411.0,36,New York,19713025,36013,Chautauqua,125558.0,0.854582611189606,0.9607614133000001,2,2,1,2.0,1.0,1.0,1.0,1.0,1.0,1.0,1.0
2038813597.0,36,New York,19713025,36011,Cayuga,74730.0,2.6616429835054,,1,3,1,2.0,0.0,1.0,0.0,1.0,1.0,0.0,0.0
2013615991.0,36,New York,19713025,36119,Westchester,994313.0,0.557624631958697,0.5075003362,1,5,1,2.0,0.0,0.0,0.0,0.0,1.0,1.0,0.0
2030983079.0,36,New York,19713025,36059,Nassau,1388346.0,3.49649509956031,,2,5,3,,1.0,0.0,1.0,1.0,1.0,0.0,0.0
2039392829.0,36,New York,19713025,36103,Suffolk,1531736.0,3.39947793967179,,1,2,7,2.0,1.0,1.0,1.0,1.0,1.0,1.0,1.0
1998593419.0,36,New York,19713025,36103,Suffolk,1531736.0,0.847748507166075,0.967907531,1,4,1,2.0,1.0,0.0,1.0,1.0,1.0,1.0,1.0
2032955251.0,36,New York,19713025,36055,Monroe,750469.0,0.700828247880355,1.4738520046,2,5,1,2.0,1.0,1.0,0.0,1.0,1.0,1.0,1.0
2013159429.0,36,New York,19713025,36061,New York,1593919.0,1.80643008957067,,2,4,4,2.0,,0.0,0.0,0.0,0.0,0.0,0.0
2010861839.0,36,New York,19713025,36061,New York,1593919.0,0.825206274250224,,2,5,1,2.0,1.0,1.0,0.0,1.0,1.0,1.0,1.0
2030625223.0,36,New York,19713025,36035,Fulton,52403.0,2.50936107797706,,2,2,1,2.0,1.0,1.0,1.0,1.0,1.0,0.0,1.0
2040886531.0,36,New York,19713025,36059,Nassau,1388346.0,0.18925894576602,0.7161708866000001,2,5,1,2.0,0.0,1.0,1.0,0.0,1.0,1.0,1.0
2012218661.0,36,New York,19713025,36029,Erie,949276.0,2.14071901482221,,1,3,1,2.0,0.0,0.0,0.0,0.0,0.0,1.0,0.0
2017035503.0,36,New York,19713025,36047,Kings,2600751.0,0.255019211235393,0.8371428347000001,1,6,1,2.0,0.0,0.0,1.0,0.0,1.0,0.0,0.0
2012979163.0,36,New York,19713025,36047,Kings,2600751.0,1.66163607241721,,2,5,2,2.0,1.0,0.0,0.0,0.0,1.0,0.0,1.0
2020795167.0,36,New York,19713025,36029,Erie,949276.0,0.544610342935666,,2,2,1,2.0,1.0,1.0,1.0,1.0,1.0,0.0,1.0
2018029971.0,41,Oregon,4245964,41015,Curry,23613.0,3.66827474319298,,2,2,1,2.0,0.0,0.0,0.0,0.0,0.0,1.0,0.0
2021941797.0,41,Oregon,4245964,41067,Washington,600063.0,0.927609202451556,0.8447281247,2,3,1,2.0,1.0,1.0,1.0,1.0,1.0,0.0,1.0
2019171881.0,41,Oregon,4245964,41067,Washington,600063.0,1.18307646792047,0.8885422468,1,5,1,2.0,1.0,1.0,1.0,1.0,1.0,0.0,1.0
1999480639.0,41,Oregon,4245964,41051,Multnomah,796165.0,1.93240866353226,1.3623317209999999,2,5,1,2.0,1.0,1.0,1.0,1.0,1.0,0.0,1.0
2031201625.0,41,Oregon,4245964,41029,Jackson,222097.0,1.12342142815395,1.221252231,2,3,1,2.0,1.0,1.0,1.0,1.0,1.0,0.0,1.0
2029564859.0,41,Oregon,4245964,41019,Douglas,112247.0,7.84653085379011,,1,2,1,2.0,1.0,1.0,1.0,1.0,1.0,1.0,1.0
2030622045.0,41,Oregon,4245964,41043,Linn,130555.0,4.32170761438232,,2,3,3,,0.0,0.0,0.0,0.0,0.0,0.0,1.0
1995691867.0,41,Oregon,4245964,41047,Marion,348364.0,2.36754107593524,1.1364761402,2,3,1,2.0,1.0,1.0,1.0,1.0,1.0,1.0,1.0
2014748565.0,41,Oregon,4245964,41029,Jackson,222097.0,3.9682234289525,,1,3,1,2.0,1.0,1.0,1.0,0.0,1.0,1.0,0.0
2013891895.0,41,Oregon,4245964,41019,Douglas,112247.0,1.07028597043201,1.5751329659,2,5,1,2.0,0.0,0.0,1.0,0.0,0.0,1.0,0.0
1997109253.0,41,Oregon,4245964,41039,Lane,386268.0,1.15336449167201,1.2355510218,1,5,1,2.0,1.0,0.0,0.0,0.0,0.0,1.0,0.0
2009977859.0,41,Oregon,4245964,41039,Lane,386268.0,2.43924753817217,1.7788545213,1,2,1,2.0,,1.0,1.0,1.0,1.0,1.0,1.0
2012462037.0,41,Oregon,4245964,41053,Polk,89923.0,2.11237985683058,2.1032643309,1,6,1,2.0,0.0,0.0,0.0,0.0,0.0,1.0,0.0
2032807335.0,41,Oregon,4245964,41051,Multnomah,796165.0,0.886325978265675,0.8319284764,1,6,1,2.0,1.0,1.0,1.0,1.0,1.0,0.0,1.0
2010386133.0,41,Oregon,4245964,41033,Josephine,87793.0,0.627527970077306,0.7210604780000001,2,4,1,2.0,1.0,1.0,1.0,1.0,1.0,1.0,1.0
2039403085.0,41,Oregon,4245964,41067,Washington,600063.0,0.696970826105653,0.6593696426,2,3,1,2.0,1.0,1.0,1.0,1.0,1.0,0.0,1.0
2017138551.0,41,Oregon,4245964,41051,Multnomah,796165.0,0.546584806919676,0.6350925097,1,4,1,2.0,1.0,1.0,1.0,1.0,1.0,0.0,1.0
2034594129.0,41,Oregon,4245964,41029,Jackson,222097.0,1.50864734765964,1.5723351345,2,6,1,2.0,1.0,1.0,1.0,1.0,1.0,0.0,1.0
2014941593.0,41,Oregon,4245964,41033,Josephine,87793.0,12.9218200418658,1.5113025587,2,3,1,2.0,0.0,0.0,0.0,0.0,0.0,1.0,0.0
2014657749.0,41,Oregon,4245964,41053,Polk,89923.0,0.860158236601208,0.35896482220000003,2,5,6,2.0,1.0,1.0,1.0,1.0,1.0,0.0,1.0
2043492177.0,41,Oregon,4245964,41051,Multnomah,796165.0,1.32633154858366,1.5042744634,1,5,3,1.0,1.0,1.0,1.0,1.0,1.0,1.0,1.0
2015653541.0,41,Oregon,4245964,41047,Marion,348364.0,1.50864734765964,1.5723351345,2,6,1,2.0,1.0,1.0,1.0,1.0,1.0,0.0,1.0
2016295703.0,41,Oregon,4245964,41017,Deschutes,206421.0,15.0614388091749,1.048998047,2,3,1,2.0,1.0,1.0,1.0,0.0,1.0,1.0,1.0
2021986923.0,41,Oregon,4245964,41001,Baker,16925.0,1.2165352381819,1.384820881,4,3,1,2.0,0.0,0.0,0.0,0.0,1.0,1.0,0.0
2034526465.0,41,Oregon,4245964,41043,Linn,130555.0,0.137215806792019,,2,1,1,2.0,1.0,1.0,1.0,1.0,1.0,1.0,1.0
1996057303.0,41,Oregon,4245964,41005,Clackamas,423098.0,1.65063168029663,,1,6,1,2.0,0.0,0.0,0.0,0.0,0.0,1.0,0.0
2016591085.0,41,Oregon,4245964,41067,Washington,600063.0,0.495259798600406,0.6371066028,1,3,1,2.0,1.0,1.0,1.0,1.0,1.0,0.0,1.0
2014502739.0,41,Oregon,4245964,41033,Josephine,87793.0,4.03840567960018,0.6640239482,1,3,1,2.0,1.0,1.0,1.0,1.0,1.0,0.0,1.0
2042356011.0,41,Oregon,4245964,41051,Multnomah,796165.0,4.83572259056106,,1,1,1,2.0,1.0,0.0,1.0,1.0,0.0,0.0,1.0
2015727473.0,41,Oregon,4245964,41047,Marion,348364.0,1.50864734765964,1.5723351345,2,6,1,2.0,1.0,1.0,1.0,1.0,1.0,0.0,1.0
2044046557.0,41,Oregon,4245964,41029,Jackson,222097.0,0.696970826105653,0.6593696426,2,3,1,2.0,1.0,1.0,1.0,1.0,1.0,0.0,1.0
2013892465.0,41,Oregon,4245964,41051,Multnomah,796165.0,2.36227601457868,0.7337610386000001,2,6,1,2.0,1.0,1.0,1.0,1.0,1.0,0.0,1.0
2003095973.0,41,Oregon,4245964,41039,Lane,386268.0,2.71251901236018,3.4432349102,2,6,1,2.0,1.0,1.0,1.0,1.0,1.0,0.0,1.0
2007523853.0,41,Oregon,4245964,41041,Lincoln,50747.0,3.85750977998661,,2,2,1,2.0,1.0,0.0,1.0,1.0,0.0,0.0,1.0
1998468987.0,41,Oregon,4245964,41047,Marion,348364.0,1.3026750478938,1.4917325106,1,4,1,2.0,0.0,0.0,0.0,0.0,0.0,1.0,0.0
1983125963.0,41,Oregon,4245964,41051,Multnomah,796165.0,1.53503055821397,1.5828825445999999,1,5,1,2.0,0.0,1.0,0.0,0.0,0.0,1.0,0.0
2014231593.0,41,Oregon,4245964,41041,Lincoln,50747.0,0.238300990333747,0.9612300806,2,5,1,2.0,1.0,1.0,1.0,1.0,1.0,1.0,1.0
2037560155.0,41,Oregon,4245964,41071,Yamhill,107681.0,0.449267294565404,,1,2,1,2.0,1.0,1.0,1.0,1.0,1.0,0.0,1.0
2032993867.0,05,Arkansas,3047429,05041,Desha,10754.0,2.35043620303962,0.8564495588000001,2,5,2,2.0,1.0,1.0,1.0,0.0,1.0,0.0,1.0
1993729819.0,05,Arkansas,3047429,05045,Faulkner,127693.0,3.65372110078495,0.8660331225000001,1,5,1,2.0,1.0,1.0,1.0,1.0,1.0,0.0,1.0
2019912347.0,05,Arkansas,3047429,05121,Randolph,18811.0,0.70359197139055,,1,4,3,1.0,0.0,1.0,1.0,1.0,1.0,0.0,1.0
2004361621.0,05,Arkansas,3047429,05123,St. Francis,22360.0,3.56015594730617,0.6802288156,1,3,2,2.0,1.0,1.0,1.0,1.0,1.0,1.0,1.0
2042443125.0,05,Arkansas,3047429,05007,Benton,303380.0,1.35374125456077,0.8573213315,1,3,1,2.0,0.0,1.0,0.0,1.0,1.0,1.0,0.0
2007222011.0,05,Arkansas,3047429,05051,Garland,99975.0,1.48568571049604,,2,5,1,2.0,1.0,1.0,0.0,1.0,1.0,1.0,0.0
2028795843.0,05,Arkansas,3047429,05143,Washington,257206.0,2.17226821180703,,1,2,1,2.0,0.0,0.0,0.0,0.0,0.0,0.0,0.0
2012665057.0,05,Arkansas,3047429,05045,Faulkner,127693.0,3.6362999203776,2.8942148782,1,5,2,2.0,1.0,0.0,0.0,0.0,0.0,1.0,1.0
2029545453.0,05,Arkansas,3047429,05031,Craighead,112808.0,2.19019585840743,,2,2,1,2.0,,1.0,1.0,0.0,0.0,0.0,0.0
2013830825.0,05,Arkansas,3047429,05069,Jefferson,64278.0,4.42272909031472,,1,5,2,2.0,1.0,1.0,1.0,1.0,1.0,1.0,1.0
2034446293.0,05,Arkansas,3047429,05125,Saline,127485.0,2.03720688365507,,2,3,2,2.0,0.0,0.0,0.0,0.0,0.0,1.0,0.0
2010999197.0,05,Arkansas,3047429,05145,White,77637.0,0.297343519270032,0.4727077303,2,2,1,2.0,1.0,0.0,1.0,1.0,1.0,1.0,1.0
2036916489.0,05,Arkansas,3047429,05119,Pulaski,400246.0,2.00284646571036,0.6581473685,2,5,2,2.0,0.0,1.0,0.0,0.0,1.0,1.0,0.0
2015459191.0,05,Arkansas,3047429,05131,Sebastian,129163.0,1.34787230648257,0.7430372107000001,2,5,1,2.0,1.0,1.0,1.0,0.0,1.0,0.0,1.0
2034451263.0,05,Arkansas,3047429,05125,Saline,127485.0,5.91040923627396,,2,2,1,2.0,1.0,1.0,0.0,1.0,1.0,1.0,0.0
2034810299.0,05,Arkansas,3047429,05031,Craighead,112808.0,2.52684314468114,2.7994507536,1,5,1,2.0,0.0,0.0,0.0,0.0,1.0,1.0,0.0
2045757913.0,05,Arkansas,3047429,05143,Washington,257206.0,0.774489050851426,,2,3,3,,1.0,1.0,1.0,1.0,1.0,0.0,1.0
2008145177.0,05,Arkansas,3047429,05085,Lonoke,75226.0,0.432880828531119,,2,5,1,2.0,1.0,1.0,1.0,1.0,1.0,1.0,1.0
2011202051.0,05,Arkansas,3047429,05093,Mississippi,38807.0,5.03663122009351,2.2320466197,1,2,2,2.0,1.0,1.0,1.0,1.0,1.0,1.0,1.0
2009835653.0,05,Arkansas,3047429,05143,Washington,257206.0,2.1392065621443,1.2601999094,1,6,1,2.0,0.0,1.0,1.0,1.0,0.0,1.0,0.0
2011197251.0,05,Arkansas,3047429,05119,Pulaski,400246.0,1.23522248709105,1.5388691812,1,2,1,2.0,0.0,1.0,1.0,0.0,0.0,1.0,1.0
2022447357.0,05,Arkansas,3047429,05029,Conway,21088.0,2.19019585840743,,2,2,1,2.0,1.0,1.0,1.0,0.0,1.0,1.0,0.0
2045523785.0,05,Arkansas,3047429,05009,Boone,38234.0,6.37730957260418,,1,2,1,2.0,1.0,1.0,1.0,1.0,1.0,1.0,1.0
2017403379.0,05,Arkansas,3047429,05007,Benton,303380.0,2.22207385005107,0.5971489416,2,6,1,2.0,1.0,1.0,1.0,1.0,1.0,0.0,1.0
2038231405.0,05,Arkansas,3047429,05145,White,77637.0,0.212598045588156,,1,2,1,2.0,0.0,0.0,0.0,0.0,0.0,1.0,0.0
2040026297.0,05,Arkansas,3047429,05143,Washington,257206.0,0.850269585523922,1.3785301666,2,2,1,2.0,1.0,1.0,0.0,0.0,1.0,1.0,1.0
2009904795.0,05,Arkansas,3047429,05009,Boone,38234.0,3.65372110078495,0.8660331225000001,1,5,1,2.0,1.0,1.0,1.0,1.0,1.0,0.0,1.0
2019455535.0,08,Colorado,5853355,08005,Arapahoe,659472.0,0.763871965773388,0.9624893367,2,2,1,2.0,1.0,1.0,1.0,1.0,1.0,1.0,1.0
2038737083.0,08,Colorado,5853355,08059,Jefferson,576703.0,0.899815899847817,,1,4,1,2.0,0.0,0.0,0.0,0.0,0.0,1.0,0.0
2012453761.0,08,Colorado,5853355,08041,El Paso,741819.0,0.857057396411458,1.0457434152,1,2,1,2.0,1.0,1.0,1.0,1.0,1.0,1.0,1.0
2013375171.0,08,Colorado,5853355,08041,El Paso,741819.0,0.569663128701353,,1,4,1,2.0,1.0,1.0,1.0,1.0,1.0,1.0,1.0
2045064969.0,08,Colorado,5853355,08077,Mesa,158634.0,2.36180379246732,,1,2,1,2.0,1.0,1.0,1.0,1.0,1.0,1.0,0.0
2038972703.0,08,Colorado,5853355,08001,Adams,528035.0,0.460201917159329,0.8741956812,1,4,3,1.0,1.0,1.0,1.0,1.0,1.0,1.0,1.0
2036491789.0,08,Colorado,5853355,08069,Larimer,367972.0,1.19899639382984,1.2127624757,1,3,1,2.0,1.0,1.0,0.0,0.0,1.0,1.0,1.0
2012012285.0,08,Colorado,5853355,08069,Larimer,367972.0,0.870259353547119,0.7579714115,2,6,1,2.0,1.0,1.0,1.0,1.0,1.0,0.0,1.0
2012736735.0,08,Colorado,5853355,08059,Jefferson,576703.0,3.06096790751304,1.7611235965,2,5,4,2.0,0.0,0.0,0.0,0.0,0.0,1.0,0.0
2020345331.0,08,Colorado,5853355,08059,Jefferson,576703.0,0.218567626119523,0.4758077328,2,2,2,2.0,1.0,1.0,1.0,1.0,1.0,1.0,0.0
2021302405.0,08,Colorado,5853355,08041,El Paso,741819.0,0.821371466193406,,2,2,1,1.0,1.0,1.0,1.0,1.0,0.0,0.0,0.0
2018128969.0,08,Colorado,5853355,08031,Denver,716800.0,1.58085277524521,1.2292407258,2,5,1,2.0,1.0,1.0,1.0,1.0,1.0,0.0,1.0
2029079957.0,08,Colorado,5853355,08041,El Paso,741819.0,0.676946137498339,,1,2,1,2.0,1.0,1.0,1.0,0.0,1.0,0.0,1.0
2012691527.0,08,Colorado,5853355,08041,El Paso,741819.0,0.687150560755661,,2,6,3,1.0,1.0,1.0,1.0,1.0,1.0,1.0,1.0
2034639325.0,08,Colorado,5853355,08101,Pueblo,169540.0,0.606734335565064,,1,4,1,2.0,0.0,0.0,1.0,0.0,1.0,1.0,0.0
2013386529.0,08,Colorado,5853355,08069,Larimer,367972.0,0.529201393638246,0.6062613988000001,2,5,3,1.0,1.0,1.0,1.0,1.0,1.0,0.0,1.0
2012194067.0,08,Colorado,5853355,08059,Jefferson,576703.0,2.63970335427962,2.6157485761,1,5,1,2.0,0.0,0.0,0.0,0.0,0.0,1.0,0.0
1999219211.0,08,Colorado,5853355,08013,Boulder,327914.0,2.4031627713271,2.1595405155,1,6,1,2.0,1.0,1.0,1.0,1.0,1.0,0.0,1.0
2008976663.0,08,Colorado,5853355,08059,Jefferson,576703.0,0.796454461054563,0.6729920927,1,2,1,2.0,0.0,0.0,0.0,0.0,0.0,1.0,1.0
2037470715.0,08,Colorado,5853355,08031,Denver,716800.0,4.55220238410726,4.2589110923,2,5,1,2.0,1.0,1.0,1.0,1.0,0.0,0.0,1.0
2015246633.0,08,Colorado,5853355,08035,Douglas,376188.0,1.91898360096951,1.7608724236,1,6,1,2.0,0.0,0.0,0.0,0.0,0.0,1.0,0.0
2010923761.0,08,Colorado,5853355,08041,El Paso,741819.0,1.58085277524521,1.2292407258,2,5,1,2.0,1.0,1.0,1.0,1.0,1.0,1.0,1.0
2034248453.0,08,Colorado,5853355,08005,Arapahoe,659472.0,1.95099088893304,1.8103623758,1,6,1,2.0,0.0,0.0,0.0,0.0,0.0,1.0,0.0
2020324563.0,08,Colorado,5853355,08005,Arapahoe,659472.0,1.05707298359322,0.2916687984,2,2,2,2.0,1.0,0.0,1.0,1.0,1.0,0.0,1.0
1993123227.0,08,Colorado,5853355,08005,Arapahoe,659472.0,12.7171041924837,8.7346604859,1,5,1,2.0,1.0,1.0,1.0,1.0,1.0,0.0,1.0
2012733887.0,08,Colorado,5853355,08031,Denver,716800.0,0.865259799664703,1.0376187107,1,3,2,2.0,1.0,1.0,1.0,1.0,1.0,0.0,1.0
2006680343.0,08,Colorado,5853355,08069,Larimer,367972.0,4.55220238410726,4.2589110923,2,5,1,2.0,1.0,0.0,0.0,0.0,1.0,1.0,0.0
2030738199.0,08,Colorado,5853355,08013,Boulder,327914.0,7.7719180105506,,2,2,1,2.0,0.0,1.0,1.0,1.0,1.0,0.0,0.0
2012067739.0,08,Colorado,5853355,08031,Denver,716800.0,1.0154704744314,1.1490634049,2,6,1,2.0,1.0,1.0,1.0,1.0,1.0,0.0,1.0
1995963037.0,08,Colorado,5853355,08031,Denver,716800.0,1.58085277524521,,2,5,1,2.0,1.0,1.0,1.0,1.0,1.0,0.0,1.0
1995287939.0,08,Colorado,5853355,08059,Jefferson,576703.0,0.475567995246187,0.3235792261,2,6,3,1.0,1.0,0.0,0.0,1.0,1.0,1.0,0.0
2021802739.0,08,Colorado,5853355,08013,Boulder,327914.0,0.928101992279568,0.8892234123,2,5,1,2.0,1.0,1.0,1.0,1.0,1.0,0.0,1.0
2038038485.0,08,Colorado,5853355,08123,Weld,350793.0,2.63485393150717,,1,5,1,2.0,1.0,1.0,1.0,1.0,1.0,1.0,1.0
1999764135.0,08,Colorado,5853355,08059,Jefferson,576703.0,0.459929151340836,0.35787906810000003,1,6,3,1.0,1.0,1.0,1.0,1.0,1.0,0.0,1.0
2023377837.0,08,Colorado,5853355,08059,Jefferson,576703.0,1.37614567727039,1.8547426865,2,4,1,2.0,0.0,0.0,0.0,0.0,0.0,1.0,0.0
2014053583.0,08,Colorado,5853355,08027,Custer,5349.0,0.870259353547119,0.7579714115,2,6,1,2.0,1.0,1.0,1.0,1.0,1.0,0.0,1.0
2013110495.0,08,Colorado,5853355,08031,Denver,716800.0,0.870259353547119,0.7579714115,2,6,1,2.0,1.0,1.0,1.0,1.0,1.0,1.0,1.0
1995297627.0,08,Colorado,5853355,08041,El Paso,741819.0,1.2285795415967,1.1684157562,1,6,1,2.0,1.0,1.0,1.0,1.0,1.0,0.0,1.0
2036918111.0,08,Colorado,5853355,08035,Douglas,376188.0,0.605619698460503,0.7671040207,1,3,1,2.0,1.0,1.0,1.0,1.0,0.0,0.0,1.0
2040106245.0,08,Colorado,5853355,08013,Boulder,327914.0,5.5823324551312,8.756516234,1,5,1,2.0,1.0,0.0,0.0,0.0,0.0,1.0,1.0
1983930353.0,08,Colorado,5853355,08031,Denver,716800.0,0.599775062712444,0.705184267,2,3,1,2.0,1.0,1.0,1.0,1.0,1.0,0.0,1.0
2005607437.0,08,Colorado,5853355,08069,Larimer,367972.0,1.24682883589598,1.2343425785,2,4,1,2.0,0.0,0.0,0.0,0.0,0.0,1.0,0.0
2038805037.0,08,Colorado,5853355,08077,Mesa,158634.0,0.786548703699908,1.8997468453000002,2,1,3,,1.0,0.0,1.0,1.0,1.0,1.0,1.0
2020784751.0,08,Colorado,5853355,08003,Alamosa,16630.0,2.78883076509018,,1,3,3,,1.0,0.0,0.0,1.0,0.0,0.0,1.0
2000598415.0,08,Colorado,5853355,08005,Arapahoe,659472.0,0.899364178212884,1.1973377847,2,5,1,2.0,1.0,1.0,1.0,1.0,1.0,0.0,1.0
2010190495.0,08,Colorado,5853355,08031,Denver,716800.0,0.870259353547119,0.7579714115,2,6,1,2.0,1.0,1.0,1.0,1.0,1.0,0.0,1.0
2034262445.0,08,Colorado,5853355,08041,El Paso,741819.0,1.22488646616824,3.9416686945,2,2,1,2.0,1.0,1.0,1.0,1.0,1.0,0.0,1.0
2022222033.0,08,Colorado,5853355,08059,Jefferson,576703.0,2.16701087191491,,2,2,3,1.0,0.0,0.0,1.0,1.0,1.0,1.0,0.0
2039686273.0,08,Colorado,5853355,08059,Jefferson,576703.0,0.860510974990631,0.9706922625000001,1,6,3,1.0,1.0,1.0,1.0,1.0,1.0,0.0,1.0
2017065533.0,08,Colorado,5853355,08041,El Paso,741819.0,1.24682883589598,1.2343425785,2,3,1,2.0,0.0,0.0,0.0,0.0,0.0,0.0,1.0
2012922273.0,08,Colorado,5853355,08001,Adams,528035.0,2.54811796411963,,2,5,1,2.0,0.0,1.0,0.0,0.0,0.0,1.0,0.0
2016773097.0,08,Colorado,5853355,08035,Douglas,376188.0,1.06001350377299,0.8621800454,1,2,1,2.0,0.0,0.0,0.0,0.0,0.0,1.0,0.0
2011458787.0,08,Colorado,5853355,08041,El Paso,741819.0,1.02997434522784,0.7878404718,2,1,1,2.0,0.0,0.0,0.0,0.0,0.0,1.0,0.0
2010818619.0,12,Florida,22413989,12021,Collier,401486.0,1.49198661790711,,1,3,1,2.0,1.0,1.0,1.0,0.0,1.0,0.0,1.0
1996616185.0,12,Florida,22413989,12033,Escambia,325075.0,0.62828668788508,0.5955974256000001,1,3,1,2.0,0.0,0.0,0.0,0.0,1.0,1.0,0.0
2013599149.0,12,Florida,22413989,12057,Hillsborough,1525239.0,0.864869691854396,0.7118212025,2,6,1,2.0,1.0,1.0,1.0,1.0,1.0,0.0,1.0
2032674737.0,12,Florida,22413989,12127,Volusia,580529.0,0.396528508772644,,2,2,1,2.0,0.0,1.0,0.0,0.0,1.0,1.0,1.0
1993728531.0,12,Florida,22413989,12053,Hernando,207033.0,2.78429817717566,0.6473932943,2,5,1,2.0,1.0,1.0,1.0,1.0,1.0,1.0,1.0
2015747655.0,12,Florida,22413989,12086,Miami-Dade,2733972.0,0.25477987580076,,1,4,3,,0.0,0.0,0.0,0.0,0.0,1.0,0.0
2029174005.0,12,Florida,22413989,12011,Broward,1966353.0,1.30096319892435,,1,2,1,2.0,0.0,1.0,1.0,0.0,1.0,1.0,0.0
2026744059.0,12,Florida,22413989,12105,Polk,790796.0,3.93575629565962,,2,5,2,2.0,1.0,1.0,1.0,1.0,1.0,1.0,1.0
2035418547.0,12,Florida,22413989,12099,Palm Beach,1533130.0,0.191323937846409,,2,2,1,2.0,0.0,1.0,0.0,0.0,0.0,1.0,1.0
2036914971.0,12,Florida,22413989,12086,Miami-Dade,2733972.0,0.948562264400078,,1,6,3,1.0,1.0,1.0,1.0,1.0,1.0,1.0,1.0
2032225967.0,12,Florida,22413989,12086,Miami-Dade,2733972.0,1.61300222349123,,1,3,2,2.0,1.0,0.0,0.0,0.0,0.0,0.0,0.0
1999302151.0,12,Florida,22413989,12019,Clay,226986.0,1.61878659412824,1.7378313105,2,3,1,2.0,0.0,0.0,0.0,0.0,1.0,1.0,0.0
2017115121.0,12,Florida,22413989,12073,Leon,297935.0,5.95310584425475,,1,2,2,2.0,1.0,1.0,0.0,1.0,0.0,1.0,1.0
2026126973.0,12,Florida,22413989,12086,Miami-Dade,2733972.0,1.69920701156455,,1,2,2,2.0,0.0,1.0,1.0,0.0,1.0,1.0,0.0
2012113977.0,12,Florida,22413989,12113,Santa Rosa,198429.0,1.6178363897031,,1,6,1,2.0,1.0,0.0,0.0,0.0,0.0,1.0,0.0
1996260085.0,12,Florida,22413989,12057,Hillsborough,1525239.0,1.93666498619718,1.7175540486,2,6,1,2.0,0.0,0.0,0.0,0.0,1.0,1.0,0.0
2010016159.0,12,Florida,22413989,12081,Manatee,431190.0,0.742051231802715,0.6931713605000001,1,5,1,2.0,1.0,0.0,1.0,0.0,0.0,0.0,0.0
2015706701.0,12,Florida,22413989,12086,Miami-Dade,2733972.0,11.0436723427988,,1,2,3,1.0,0.0,0.0,0.0,0.0,1.0,1.0,0.0
2015334743.0,12,Florida,22413989,12111,St. Lucie,360720.0,0.818132227279381,0.922114481,2,6,1,2.0,1.0,1.0,1.0,1.0,1.0,0.0,1.0
2010081265.0,12,Florida,22413989,12063,Jackson,48305.0,7.39576674813662,,2,1,1,2.0,1.0,0.0,1.0,0.0,1.0,1.0,1.0
2037882323.0,12,Florida,22413989,12095,Orange,1467069.0,1.8206098073617,,2,6,4,2.0,1.0,0.0,0.0,0.0,1.0,1.0,0.0
2042020759.0,12,Florida,22413989,12103,Pinellas,964496.0,1.24849631346164,,1,5,1,2.0,0.0,0.0,0.0,1.0,1.0,1.0,0.0
2010899489.0,12,Florida,22413989,12001,Alachua,284908.0,1.01404109488793,1.0599739789,1,3,1,2.0,0.0,0.0,0.0,0.0,1.0,1.0,0.0
2039509207.0,12,Florida,22413989,12115,Sarasota,464297.0,0.987084249356401,,2,5,3,1.0,1.0,1.0,1.0,1.0,1.0,0.0,1.0
1993704249.0,12,Florida,22413989,12127,Volusia,580529.0,0.577738835163957,0.43231595,1,5,1,2.0,1.0,1.0,1.0,1.0,1.0,1.0,1.0
2041786769.0,12,Florida,22413989,12019,Clay,226986.0,1.37331764436434,1.7637218695999999,2,5,1,2.0,1.0,0.0,0.0,0.0,1.0,1.0,1.0
2042327929.0,12,Florida,22413989,12011,Broward,1966353.0,1.11880261772202,1.4860496487,1,6,1,2.0,0.0,0.0,0.0,0.0,0.0,1.0,0.0
1984942929.0,12,Florida,22413989,12103,Pinellas,964496.0,1.99401265323423,,2,3,4,2.0,0.0,1.0,1.0,1.0,1.0,1.0,1.0
2034156947.0,12,Florida,22413989,12031,Duval,1022751.0,1.17927368863448,0.9801327965000001,2,3,1,2.0,0.0,0.0,1.0,0.0,0.0,1.0,1.0
2039694229.0,12,Florida,22413989,12031,Duval,1022751.0,4.24418268402481,,2,5,2,2.0,1.0,1.0,1.0,1.0,0.0,1.0,1.0
2040273167.0,12,Florida,22413989,12105,Polk,790796.0,1.85756333396302,,2,4,3,,1.0,1.0,0.0,1.0,1.0,0.0,1.0
2039694231.0,12,Florida,22413989,12031,Duval,1022751.0,0.159709641148801,0.4127109268,2,3,2,2.0,0.0,1.0,1.0,1.0,0.0,0.0,1.0
2021169687.0,12,Florida,22413989,12031,Duval,1022751.0,10.7971380498658,,1,1,2,2.0,1.0,1.0,1.0,1.0,1.0,1.0,0.0
1998510345.0,12,Florida,22413989,12086,Miami-Dade,2733972.0,1.85282236324227,,1,2,1,2.0,1.0,1.0,1.0,1.0,1.0,1.0,1.0
2038615343.0,12,Florida,22413989,12099,Palm Beach,1533130.0,0.722488230956685,0.5453964826000001,1,6,1,2.0,1.0,1.0,1.0,1.0,1.0,0.0,1.0
2026742379.0,12,Florida,22413989,12095,Orange,1467069.0,0.700406358372584,,1,5,3,1.0,1.0,1.0,1.0,1.0,1.0,1.0,1.0
2026971421.0,12,Florida,22413989,12031,Duval,1022751.0,0.717426828766522,,2,2,2,2.0,0.0,1.0,1.0,0.0,1.0,1.0,1.0
2014773417.0,12,Florida,22413989,12011,Broward,1966353.0,1.93666498619718,1.7175540486,2,6,1,2.0,0.0,1.0,0.0,0.0,0.0,1.0,0.0
2022214859.0,12,Florida,22413989,12095,Orange,1467069.0,0.789512347516067,0.8313964389,2,5,1,2.0,1.0,1.0,1.0,1.0,1.0,0.0,1.0
2007898439.0,12,Florida,22413989,12073,Leon,297935.0,0.864869691854396,0.7118212025,2,6,1,2.0,1.0,1.0,1.0,1.0,1.0,0.0,1.0
2034446165.0,12,Florida,22413989,12031,Duval,1022751.0,3.2527800247902,,2,2,2,2.0,0.0,1.0,1.0,1.0,0.0,0.0,0.0
1997835759.0,12,Florida,22413989,12083,Marion,397075.0,0.581201573120948,,2,1,1,2.0,1.0,1.0,1.0,1.0,1.0,1.0,1.0
2034293293.0,12,Florida,22413989,12103,Pinellas,964496.0,0.528414452088303,,1,2,1,2.0,1.0,1.0,1.0,1.0,1.0,0.0,1.0
2038915335.0,12,Florida,22413989,12103,Pinellas,964496.0,0.858362930659102,,1,4,1,2.0,1.0,0.0,1.0,1.0,1.0,0.0,1.0
2016734231.0,12,Florida,22413989,12086,Miami-Dade,2733972.0,1.00826454466309,1.0590623865,1,5,3,1.0,0.0,0.0,0.0,0.0,0.0,1.0,0.0
2018503789.0,12,Florida,22413989,12057,Hillsborough,1525239.0,2.43686048316413,,2,2,1,2.0,0.0,0.0,0.0,1.0,1.0,0.0,1.0
2013307967.0,12,Florida,22413989,12021,Collier,401486.0,0.208779930461665,0.4325242358,1,2,1,2.0,0.0,0.0,0.0,0.0,0.0,1.0,0.0
2041059665.0,12,Florida,22413989,12087,Monroe,82696.0,2.54654861583113,,1,1,1,2.0,0.0,0.0,0.0,0.0,0.0,1.0,0.0
1983477759.0,12,Florida,22413989,12105,Polk,790796.0,15.0614388091749,15.0172750693,1,1,3,1.0,0.0,0.0,1.0,0.0,1.0,1.0,0.0
2013696447.0,12,Florida,22413989,12041,Gilchrist,19024.0,0.89244280332162,0.7600320355,2,6,1,2.0,1.0,1.0,1.0,1.0,1.0,0.0,1.0
2010012225.0,12,Florida,22413989,12099,Palm Beach,1533130.0,1.4551375641298,,2,6,1,2.0,0.0,0.0,0.0,0.0,1.0,1.0,0.0
2011506853.0,12,Florida,22413989,12021,Collier,401486.0,1.11088295672859,0.4254905399,2,3,6,2.0,1.0,1.0,1.0,1.0,1.0,0.0,1.0
2016935935.0,12,Florida,22413989,12111,St. Lucie,360720.0,9.87199996465795,,2,3,1,2.0,1.0,1.0,1.0,1.0,1.0,0.0,1.0
2042328749.0,12,Florida,22413989,12095,Orange,1467069.0,1.68264580906981,1.6080873278,1,6,1,2.0,0.0,0.0,0.0,0.0,0.0,1.0,0.0
2011214577.0,12,Florida,22413989,12086,Miami-Dade,2733972.0,1.04427306065156,1.0830071917,2,3,2,2.0,1.0,1.0,1.0,0.0,0.0,0.0,1.0
2039322227.0,12,Florida,22413989,12086,Miami-Dade,2733972.0,1.24849631346164,1.2328560622,1,5,1,2.0,0.0,0.0,0.0,0.0,1.0,1.0,0.0
2014370203.0,12,Florida,22413989,12017,Citrus,162495.0,0.599246370343137,0.5451296286,2,3,1,1.0,1.0,1.0,1.0,1.0,1.0,0.0,1.0
2038589073.0,12,Florida,22413989,12095,Orange,1467069.0,0.818132227279381,,2,6,1,2.0,0.0,1.0,1.0,1.0,1.0,1.0,1.0
2012067971.0,12,Florida,22413989,12087,Monroe,82696.0,1.56561671994007,,2,5,1,2.0,1.0,1.0,1.0,1.0,1.0,1.0,1.0
2027026649.0,12,Florida,22413989,12031,Duval,1022751.0,0.616382539594222,0.3188861619,2,2,6,1.0,0.0,1.0,0.0,1.0,0.0,1.0,0.0
2042101825.0,12,Florida,22413989,12097,Osceola,427887.0,0.344937942689665,0.30941138160000003,1,3,1,2.0,1.0,1.0,1.0,1.0,1.0,0.0,1.0
2012592303.0,12,Florida,22413989,12109,St. Johns,307645.0,1.05180068575639,1.0732678415,2,5,1,2.0,0.0,0.0,0.0,0.0,0.0,1.0,0.0
2031292835.0,12,Florida,22413989,12001,Alachua,284908.0,0.486460151737087,0.4072976306,2,4,1,2.0,1.0,1.0,1.0,1.0,1.0,0.0,1.0
2044048465.0,12,Florida,22413989,12101,Pasco,610396.0,1.31909786229323,1.7393270451,1,3,1,2.0,0.0,0.0,0.0,0.0,0.0,1.0,0.0
2004439655.0,12,Florida,22413989,12009,Brevard,631833.0,4.05445819780913,,1,2,2,2.0,1.0,0.0,0.0,0.0,1.0,1.0,0.0
1998300779.0,12,Florida,22413989,12053,Hernando,207033.0,2.20738507455254,1.5367016686000001,1,6,1,2.0,1.0,1.0,0.0,1.0,1.0,1.0,0.0
2030845629.0,12,Florida,22413989,12086,Miami-Dade,2733972.0,3.12786706501228,,1,2,2,2.0,1.0,1.0,0.0,0.0,1.0,0.0,1.0
2014053403.0,12,Florida,22413989,12015,Charlotte,203116.0,2.07935341046435,,2,2,1,2.0,1.0,1.0,0.0,0.0,0.0,1.0,1.0
1998539083.0,12,Florida,22413989,12009,Brevard,631833.0,2.02001251686026,,2,3,1,2.0,1.0,1.0,0.0,1.0,1.0,0.0,1.0
2034699809.0,12,Florida,22413989,12127,Volusia,580529.0,2.65919449467017,,1,2,1,2.0,0.0,0.0,0.0,0.0,0.0,1.0,0.0
2013276929.0,12,Florida,22413989,12081,Manatee,431190.0,0.55573406876057,0.5737153944,2,2,1,2.0,1.0,1.0,1.0,1.0,1.0,1.0,1.0
2014490317.0,12,Florida,22413989,12073,Leon,297935.0,2.16869485104594,,2,2,2,2.0,1.0,1.0,0.0,1.0,1.0,0.0,1.0
2037845919.0,12,Florida,22413989,12099,Palm Beach,1533130.0,0.670548110388759,0.5932583951,2,6,1,2.0,1.0,1.0,1.0,1.0,1.0,0.0,1.0
2018733265.0,12,Florida,22413989,12005,Bay,186079.0,0.920124720158411,0.9041557661,2,5,3,1.0,1.0,1.0,1.0,1.0,1.0,1.0,1.0
2038246401.0,12,Florida,22413989,12021,Collier,401486.0,0.486460151737087,0.4072976306,2,3,1,2.0,1.0,1.0,1.0,1.0,1.0,0.0,1.0
2014371283.0,12,Florida,22413989,12017,Citrus,162495.0,2.07935341046435,0.2565935513,2,2,1,2.0,1.0,1.0,1.0,0.0,1.0,1.0,1.0
2043235071.0,12,Florida,22413989,12095,Orange,1467069.0,4.47294085397058,,1,2,2,2.0,0.0,0.0,1.0,1.0,0.0,0.0,1.0
2029142781.0,12,Florida,22413989,12127,Volusia,580529.0,0.601646388200849,,2,4,2,2.0,1.0,1.0,1.0,1.0,1.0,1.0,1.0
1999991421.0,12,Florida,22413989,12117,Seminole,480635.0,0.587725029354834,0.293284568,1,6,3,1.0,1.0,1.0,1.0,1.0,1.0,0.0,1.0
2040023119.0,12,Florida,22413989,12103,Pinellas,964496.0,1.33589426020951,,2,1,1,1.0,1.0,0.0,0.0,1.0,1.0,1.0,1.0
2017106343.0,12,Florida,22413989,12117,Seminole,480635.0,2.24770590788068,0.7203074153,2,5,3,1.0,0.0,1.0,1.0,1.0,1.0,0.0,0.0
2002300967.0,12,Florida,22413989,12087,Monroe,82696.0,1.24849631346164,1.2328560622,1,5,1,2.0,1.0,0.0,0.0,0.0,0.0,1.0,0.0
2005991365.0,12,Florida,22413989,12113,Santa Rosa,198429.0,0.577738835163957,0.43231595,1,5,1,2.0,1.0,1.0,1.0,1.0,1.0,0.0,1.0
2030909179.0,12,Florida,22413989,12061,Indian River,167650.0,0.694105315406202,0.6058305849,1,6,1,2.0,1.0,1.0,1.0,1.0,1.0,1.0,1.0
1996907219.0,12,Florida,22413989,12033,Escambia,325075.0,0.577738835163957,0.43231595,1,5,1,2.0,1.0,1.0,1.0,1.0,1.0,0.0,1.0
2013159457.0,12,Florida,22413989,12101,Pasco,610396.0,4.07332591529514,,2,1,1,2.0,0.0,0.0,0.0,0.0,0.0,0.0,0.0
2002103681.0,12,Florida,22413989,12107,Putnam,74795.0,0.886062098996003,0.7650625009,2,4,1,2.0,0.0,0.0,0.0,0.0,1.0,1.0,0.0
2014939967.0,12,Florida,22413989,12009,Brevard,631833.0,9.38262444620931,,2,1,1,1.0,0.0,1.0,1.0,1.0,1.0,1.0,1.0
2015018309.0,12,Florida,22413989,12071,Lee,828059.0,0.668475112846199,0.6425739734,1,2,1,2.0,0.0,0.0,0.0,0.0,0.0,1.0,0.0
2018979353.0,12,Florida,22413989,12101,Pasco,610396.0,1.83096573380947,,2,2,1,2.0,0.0,0.0,0.0,0.0,0.0,1.0,0.0
2012988877.0,12,Florida,22413989,12081,Manatee,431190.0,0.743650653906792,0.45561964650000003,1,3,5,2.0,0.0,0.0,0.0,0.0,0.0,1.0,0.0
1995512987.0,12,Florida,22413989,12071,Lee,828059.0,0.55573406876057,0.5737153944,2,2,1,2.0,1.0,1.0,1.0,1.0,0.0,0.0,1.0
2026742813.0,12,Florida,22413989,12086,Miami-Dade,2733972.0,0.776010687555855,0.7228416993,2,2,3,1.0,1.0,1.0,0.0,0.0,1.0,1.0,1.0
2014865517.0,12,Florida,22413989,12017,Citrus,162495.0,1.1720926643637,,1,6,1,2.0,1.0,1.0,1.0,1.0,1.0,1.0,1.0
2029188123.0,12,Florida,22413989,12103,Pinellas,964496.0,2.44071367277775,,2,2,3,,1.0,1.0,1.0,1.0,0.0,0.0,1.0
1999671745.0,12,Florida,22413989,12133,Washington,25412.0,1.91463935750024,,1,2,3,1.0,1.0,1.0,1.0,1.0,1.0,0.0,1.0
1993289691.0,12,Florida,22413989,12009,Brevard,631833.0,1.24849631346164,1.2328560622,1,5,1,2.0,0.0,0.0,0.0,0.0,0.0,1.0,0.0
2012223815.0,12,Florida,22413989,12101,Pasco,610396.0,2.47225963868319,,2,3,3,1.0,0.0,0.0,0.0,0.0,1.0,1.0,0.0
2015259729.0,12,Florida,22413989,12053,Hernando,207033.0,0.472418531939361,0.4642625493,2,2,1,2.0,1.0,1.0,1.0,1.0,1.0,0.0,1.0
2014868879.0,12,Florida,22413989,12009,Brevard,631833.0,0.742051231802715,0.5834578963,1,5,1,2.0,1.0,1.0,1.0,1.0,1.0,0.0,1.0
2036915963.0,12,Florida,22413989,12071,Lee,828059.0,0.707077582029036,0.503299748,2,6,2,2.0,1.0,1.0,1.0,1.0,1.0,1.0,1.0
2014935869.0,12,Florida,22413989,12115,Sarasota,464297.0,0.552376052166618,0.49098029860000003,2,4,1,2.0,1.0,1.0,0.0,1.0,0.0,1.0,1.0
2020057281.0,12,Florida,22413989,12117,Seminole,480635.0,1.91496492426351,2.9318835453,2,5,2,2.0,1.0,0.0,0.0,0.0,1.0,0.0,
2024322165.0,12,Florida,22413989,12095,Orange,1467069.0,5.21925044263037,,1,1,1,2.0,1.0,1.0,1.0,1.0,1.0,0.0,1.0
1992264511.0,12,Florida,22413989,12103,Pinellas,964496.0,2.7412189120335,0.5319938201000001,2,5,1,2.0,0.0,0.0,1.0,1.0,1.0,1.0,0.0
2018888437.0,12,Florida,22413989,12101,Pasco,610396.0,2.07935341046435,,2,2,1,2.0,1.0,1.0,1.0,0.0,1.0,0.0,0.0
2014554213.0,12,Florida,22413989,12057,Hillsborough,1525239.0,0.52512392180655,0.3287257638,2,2,1,2.0,0.0,0.0,0.0,0.0,0.0,1.0,0.0
2014017415.0,12,Florida,22413989,12086,Miami-Dade,2733972.0,1.59583392363108,,1,5,1,2.0,1.0,0.0,0.0,1.0,1.0,0.0,1.0
1998662245.0,12,Florida,22413989,12086,Miami-Dade,2733972.0,0.758341709317077,,1,3,1,2.0,0.0,1.0,1.0,1.0,0.0,1.0,1.0
2035429847.0,12,Florida,22413989,12117,Seminole,480635.0,2.05977736365956,,2,6,2,2.0,1.0,1.0,1.0,1.0,1.0,1.0,1.0
2042330829.0,12,Florida,22413989,12099,Palm Beach,1533130.0,0.62828668788508,0.5955974256000001,1,4,1,2.0,1.0,1.0,0.0,0.0,1.0,1.0,0.0
1993676293.0,12,Florida,22413989,12009,Brevard,631833.0,1.05180068575639,0.9548317584,2,5,1,2.0,0.0,0.0,0.0,0.0,0.0,0.0,0.0
2025332453.0,12,Florida,22413989,12086,Miami-Dade,2733972.0,0.392534402012918,0.2750516143,1,4,1,1.0,1.0,1.0,1.0,1.0,1.0,1.0,1.0
2032788471.0,12,Florida,22413989,12086,Miami-Dade,2733972.0,0.632578401883606,0.5759558796,2,5,1,2.0,1.0,1.0,1.0,1.0,1.0,0.0,1.0
2011850973.0,12,Florida,22413989,12105,Polk,790796.0,1.02032806675001,,1,2,1,2.0,0.0,0.0,0.0,0.0,0.0,1.0,0.0
2036003209.0,12,Florida,22413989,12115,Sarasota,464297.0,0.860486012102044,,2,2,1,2.0,0.0,1.0,1.0,0.0,1.0,0.0,1.0
2028790469.0,12,Florida,22413989,12021,Collier,401486.0,0.191740115473714,0.9741494635000001,2,2,3,,1.0,1.0,1.0,1.0,1.0,0.0,1.0
2041057255.0,12,Florida,22413989,12021,Collier,401486.0,1.41857287791801,1.5432205461000001,2,4,3,1.0,0.0,0.0,1.0,0.0,1.0,1.0,0.0
2044308385.0,12,Florida,22413989,12069,Lake,410943.0,0.552376052166618,0.49098029860000003,2,3,1,2.0,1.0,1.0,0.0,0.0,1.0,0.0,1.0
2015224857.0,12,Florida,22413989,12105,Polk,790796.0,1.01404109488793,1.0599739789,1,3,1,2.0,0.0,0.0,0.0,0.0,0.0,1.0,0.0
2021302185.0,12,Florida,22413989,12086,Miami-Dade,2733972.0,1.13628437414735,,2,4,3,,1.0,1.0,1.0,1.0,1.0,0.0,1.0
2003117285.0,12,Florida,22413989,12099,Palm Beach,1533130.0,1.59356566979996,5.3504978265,1,2,2,2.0,1.0,1.0,1.0,1.0,1.0,1.0,1.0
2014334327.0,12,Florida,22413989,12115,Sarasota,464297.0,3.06054459213829,3.8128081095,2,1,1,2.0,1.0,1.0,0.0,0.0,1.0,0.0,0.0
2043179615.0,12,Florida,22413989,12103,Pinellas,964496.0,0.864869691854396,0.9340614794000001,2,6,1,2.0,1.0,1.0,1.0,0.0,0.0,0.0,1.0
1993419069.0,12,Florida,22413989,12099,Palm Beach,1533130.0,1.68764915586002,0.8114454337,2,4,1,2.0,0.0,1.0,0.0,0.0,1.0,0.0,0.0
2015977597.0,12,Florida,22413989,12011,Broward,1966353.0,1.02032806675001,1.1783528155,1,2,1,2.0,0.0,0.0,0.0,0.0,0.0,1.0,0.0
2038675219.0,12,Florida,22413989,12069,Lake,410943.0,1.4053618221673,,2,6,3,1.0,1.0,0.0,1.0,1.0,0.0,1.0,1.0
2014087917.0,12,Florida,22413989,12105,Polk,790796.0,1.14523408083899,1.2021621696,2,2,1,2.0,0.0,1.0,0.0,1.0,0.0,1.0,1.0
2016972367.0,12,Florida,22413989,12057,Hillsborough,1525239.0,2.62568060796064,,1,6,2,2.0,1.0,1.0,1.0,1.0,1.0,0.0,1.0
2044126553.0,12,Florida,22413989,12001,Alachua,284908.0,0.838727162212453,,2,6,2,2.0,1.0,1.0,1.0,1.0,1.0,0.0,1.0
2000888489.0,12,Florida,22413989,12103,Pinellas,964496.0,0.390819581872181,0.4152585486,2,5,1,2.0,1.0,1.0,0.0,0.0,1.0,1.0,1.0
1996934109.0,12,Florida,22413989,12071,Lee,828059.0,1.05232151724845,0.9805992566,1,5,1,2.0,0.0,0.0,0.0,0.0,0.0,1.0,0.0
2042656857.0,12,Florida,22413989,12055,Highlands,105981.0,1.33769446388761,14.0534003553,2,1,3,,1.0,1.0,1.0,1.0,1.0,1.0,1.0
2011582751.0,12,Florida,22413989,12083,Marion,397075.0,1.14523408083899,1.2021621696,2,2,1,2.0,0.0,1.0,0.0,0.0,1.0,1.0,0.0
2018443765.0,12,Florida,22413989,12103,Pinellas,964496.0,2.2910495452317,,2,5,3,,0.0,0.0,0.0,0.0,0.0,1.0,0.0
1997603617.0,12,Florida,22413989,12071,Lee,828059.0,2.0596492624341,,2,5,1,2.0,1.0,1.0,1.0,1.0,1.0,0.0,1.0
2014566635.0,12,Florida,22413989,12053,Hernando,207033.0,0.935018912948957,1.0802404995,2,2,1,2.0,0.0,1.0,0.0,0.0,0.0,1.0,0.0
2042331575.0,12,Florida,22413989,12057,Hillsborough,1525239.0,0.577738835163957,0.43231595,1,5,1,2.0,1.0,1.0,1.0,1.0,1.0,0.0,1.0
2018412621.0,12,Florida,22413989,12057,Hillsborough,1525239.0,1.12961272196993,,2,2,1,1.0,1.0,1.0,1.0,0.0,1.0,0.0,1.0
2039686363.0,12,Florida,22413989,12057,Hillsborough,1525239.0,2.50844736359233,0.3719098601,2,3,3,1.0,1.0,1.0,1.0,1.0,1.0,1.0,1.0
2012053281.0,12,Florida,22413989,12053,Hernando,207033.0,0.668475112846199,0.6425739734,1,2,1,2.0,0.0,0.0,0.0,0.0,0.0,1.0,0.0
2018441877.0,12,Florida,22413989,12069,Lake,410943.0,0.889683818978068,0.8232109465,1,2,1,2.0,0.0,0.0,0.0,0.0,0.0,1.0,0.0
2014726923.0,12,Florida,22413989,12127,Volusia,580529.0,3.73152087390917,3.6317700401,2,5,4,2.0,0.0,0.0,0.0,0.0,1.0,1.0,0.0
2009428441.0,12,Florida,22413989,12089,Nassau,97898.0,0.581201573120948,,2,1,1,2.0,0.0,1.0,1.0,1.0,0.0,0.0,1.0
2038246395.0,12,Florida,22413989,12011,Broward,1966353.0,1.2642770646207,1.2552251258,1,6,1,2.0,0.0,0.0,0.0,0.0,1.0,1.0,0.0
2015139875.0,12,Florida,22413989,12103,Pinellas,964496.0,0.208779930461665,0.4325242358,1,2,1,2.0,0.0,1.0,0.0,0.0,1.0,1.0,0.0
2043994895.0,12,Florida,22413989,12057,Hillsborough,1525239.0,0.444332856301712,,1,2,1,2.0,1.0,1.0,1.0,1.0,1.0,0.0,1.0
2010409805.0,12,Florida,22413989,12001,Alachua,284908.0,1.89861479159465,3.829698075,1,5,2,2.0,1.0,1.0,1.0,0.0,1.0,0.0,0.0
2013661311.0,12,Florida,22413989,12086,Miami-Dade,2733972.0,1.84854943850436,1.9456811666,2,2,2,2.0,1.0,1.0,1.0,1.0,1.0,1.0,1.0
1995672087.0,12,Florida,22413989,12086,Miami-Dade,2733972.0,1.89402637552327,,2,6,1,2.0,0.0,1.0,1.0,0.0,0.0,0.0,0.0
2015000925.0,12,Florida,22413989,12086,Miami-Dade,2733972.0,0.243350267729379,0.3321678523,2,4,1,1.0,1.0,1.0,0.0,0.0,1.0,0.0,1.0
2010026705.0,12,Florida,22413989,12101,Pasco,610396.0,1.14523408083899,1.2021621696,2,2,1,2.0,0.0,0.0,0.0,0.0,0.0,1.0,0.0
2031034913.0,12,Florida,22413989,12071,Lee,828059.0,1.02032806675001,1.1783528155,1,2,1,2.0,1.0,1.0,1.0,1.0,0.0,0.0,1.0
2010237947.0,12,Florida,22413989,12115,Sarasota,464297.0,0.886062098996003,0.7650625009,2,3,1,2.0,0.0,0.0,0.0,0.0,0.0,0.0,0.0
2030648727.0,12,Florida,22413989,12099,Palm Beach,1533130.0,3.50914539085611,,2,4,2,2.0,1.0,1.0,1.0,1.0,1.0,1.0,1.0
2011824721.0,12,Florida,22413989,12127,Volusia,580529.0,4.35243769862896,6.6475086315,2,4,1,2.0,1.0,1.0,0.0,0.0,1.0,1.0,0.0
2014370391.0,12,Florida,22413989,12127,Volusia,580529.0,0.242472399122863,0.5663296504,2,3,1,2.0,1.0,1.0,0.0,0.0,1.0,1.0,1.0
2014333997.0,12,Florida,22413989,12113,Santa Rosa,198429.0,1.03088354963722,1.3433395979,1,5,1,2.0,1.0,1.0,1.0,0.0,0.0,1.0,0.0
2033030543.0,12,Florida,22413989,12011,Broward,1966353.0,0.168560899010386,,2,4,3,,1.0,1.0,1.0,1.0,1.0,0.0,0.0
2016460147.0,12,Florida,22413989,12083,Marion,397075.0,1.05232151724845,0.9805992566,1,5,1,2.0,1.0,1.0,1.0,1.0,0.0,1.0,1.0
2013495201.0,12,Florida,22413989,12031,Duval,1022751.0,8.39567670502194,10.285503565900001,1,1,2,2.0,1.0,1.0,1.0,1.0,1.0,0.0,1.0
2039168413.0,12,Florida,22413989,12033,Escambia,325075.0,0.836196425489496,0.7630286017,1,3,1,2.0,0.0,0.0,0.0,0.0,1.0,1.0,0.0
2020384243.0,12,Florida,22413989,12117,Seminole,480635.0,1.10744092823672,1.1259104101,2,5,2,2.0,1.0,1.0,1.0,1.0,1.0,0.0,1.0
2011413081.0,12,Florida,22413989,12099,Palm Beach,1533130.0,0.62514401208959,0.5205192056,2,5,1,2.0,1.0,1.0,1.0,1.0,1.0,1.0,1.0
2032003537.0,12,Florida,22413989,12009,Brevard,631833.0,2.05364167784749,1.5869211325,1,1,1,2.0,1.0,0.0,0.0,0.0,0.0,1.0,1.0
2013576007.0,12,Florida,22413989,12119,Sumter,144829.0,1.6178363897031,1.3486005118,1,6,1,2.0,0.0,0.0,0.0,0.0,0.0,1.0,0.0
1995151925.0,12,Florida,22413989,12011,Broward,1966353.0,2.03879716620634,2.6764211992,1,6,1,2.0,0.0,0.0,0.0,0.0,0.0,1.0,0.0
2017571765.0,12,Florida,22413989,12057,Hillsborough,1525239.0,4.08183820701385,0.3656625157,1,6,4,2.0,1.0,1.0,1.0,1.0,1.0,0.0,1.0
2000414837.0,12,Florida,22413989,12071,Lee,828059.0,1.48579720494796,0.4141284128,1,3,4,2.0,0.0,1.0,1.0,1.0,1.0,1.0,0.0
2011240345.0,12,Florida,22413989,12129,Wakulla,35174.0,0.69924130881137,0.7534795085,3,3,1,2.0,1.0,1.0,1.0,1.0,1.0,0.0,1.0
2034606453.0,12,Florida,22413989,12009,Brevard,631833.0,9.91927411127684,,1,1,1,1.0,1.0,1.0,1.0,1.0,1.0,1.0,1.0
2000888871.0,12,Florida,22413989,12069,Lake,410943.0,0.243350267729379,0.3321678523,2,3,1,1.0,1.0,1.0,1.0,1.0,1.0,0.0,1.0
2036933393.0,12,Florida,22413989,12103,Pinellas,964496.0,2.41332049930337,5.0474012795,2,3,4,2.0,1.0,1.0,1.0,1.0,1.0,1.0,1.0
2042328829.0,12,Florida,22413989,12081,Manatee,431190.0,2.02065793598686,,1,3,1,2.0,1.0,1.0,0.0,1.0,1.0,1.0,1.0
2026146919.0,12,Florida,22413989,12009,Brevard,631833.0,0.860486012102044,,2,2,1,2.0,0.0,0.0,0.0,0.0,0.0,1.0,0.0
2032437733.0,12,Florida,22413989,12127,Volusia,580529.0,0.69924130881137,0.7534795085,2,4,1,2.0,1.0,1.0,0.0,0.0,1.0,1.0,1.0
2032876435.0,12,Florida,22413989,12105,Polk,790796.0,2.41818744903646,,2,2,1,2.0,1.0,1.0,1.0,1.0,1.0,1.0,1.0
2045256733.0,12,Florida,22413989,12131,Walton,83240.0,1.21629564132881,1.3564994186,2,4,1,2.0,0.0,0.0,0.0,0.0,0.0,1.0,0.0
2014520741.0,12,Florida,22413989,12071,Lee,828059.0,4.16292643088436,,1,2,2,2.0,0.0,1.0,1.0,1.0,1.0,1.0,0.0
2008132731.0,12,Florida,22413989,12105,Polk,790796.0,0.935018912948957,1.0802404995,2,2,1,2.0,0.0,1.0,0.0,1.0,0.0,1.0,0.0
2019416243.0,12,Florida,22413989,12083,Marion,397075.0,0.973971697584379,,1,2,6,2.0,0.0,0.0,0.0,0.0,1.0,1.0,0.0
2016120617.0,12,Florida,22413989,12115,Sarasota,464297.0,0.591556809075494,,1,2,1,2.0,1.0,1.0,1.0,1.0,1.0,1.0,1.0
2010116495.0,12,Florida,22413989,12073,Leon,297935.0,0.818132227279381,0.922114481,2,6,1,2.0,1.0,1.0,1.0,1.0,1.0,0.0,1.0
2026742573.0,12,Florida,22413989,12086,Miami-Dade,2733972.0,0.915929648318241,0.49665493920000003,1,6,3,1.0,0.0,1.0,1.0,0.0,1.0,1.0,0.0
1993288691.0,12,Florida,22413989,12103,Pinellas,964496.0,1.05232151724845,0.9805992566,1,5,1,2.0,0.0,1.0,0.0,1.0,0.0,1.0,0.0
2042038797.0,12,Florida,22413989,12103,Pinellas,964496.0,1.00035126843205,,2,6,1,2.0,1.0,1.0,1.0,1.0,1.0,0.0,1.0
2012634917.0,12,Florida,22413989,12019,Clay,226986.0,2.07935341046435,,2,2,1,2.0,0.0,1.0,1.0,1.0,1.0,0.0,0.0
1996005011.0,12,Florida,22413989,12033,Escambia,325075.0,0.44988063928568,,3,2,1,2.0,1.0,1.0,1.0,1.0,1.0,0.0,1.0
1999376535.0,12,Florida,22413989,12055,Highlands,105981.0,0.62828668788508,0.5955974256000001,1,3,1,2.0,0.0,0.0,0.0,0.0,0.0,1.0,0.0
2010906081.0,12,Florida,22413989,12057,Hillsborough,1525239.0,0.864869691854396,0.7118212025,2,6,1,2.0,1.0,1.0,1.0,1.0,1.0,0.0,1.0
2013017701.0,12,Florida,22413989,12086,Miami-Dade,2733972.0,0.700511324751933,,1,5,1,2.0,0.0,1.0,0.0,1.0,1.0,0.0,1.0
1995753365.0,12,Florida,22413989,12086,Miami-Dade,2733972.0,1.59583392363108,2.4611861765,1,5,1,2.0,1.0,1.0,1.0,1.0,0.0,1.0,1.0
2013186695.0,12,Florida,22413989,12101,Pasco,610396.0,0.591556809075494,0.7609609335,1,2,1,2.0,1.0,1.0,1.0,1.0,1.0,1.0,1.0
2007986559.0,12,Florida,22413989,12011,Broward,1966353.0,0.920124720158411,0.9041557661,2,5,3,1.0,1.0,1.0,1.0,1.0,1.0,1.0,1.0
2014126341.0,12,Florida,22413989,12101,Pasco,610396.0,1.21558169329831,1.0526774372,1,6,1,2.0,1.0,1.0,0.0,0.0,1.0,1.0,1.0
2014940259.0,12,Florida,22413989,12031,Duval,1022751.0,1.4551375641298,1.3406715913,2,6,1,2.0,0.0,0.0,0.0,0.0,0.0,1.0,0.0
2014365779.0,12,Florida,22413989,12071,Lee,828059.0,0.670548110388759,0.5932583951,2,6,1,2.0,1.0,1.0,1.0,1.0,1.0,1.0,1.0
2014352237.0,12,Florida,22413989,12115,Sarasota,464297.0,0.747705048745013,0.23913454320000002,2,2,1,2.0,1.0,0.0,0.0,1.0,1.0,1.0,1.0
1998111205.0,12,Florida,22413989,12081,Manatee,431190.0,1.53349264616223,1.6331874269000002,2,5,1,2.0,1.0,1.0,0.0,0.0,1.0,1.0,0.0
1993960099.0,12,Florida,22413989,12031,Duval,1022751.0,2.02001251686026,,2,3,1,2.0,1.0,1.0,0.0,1.0,1.0,1.0,1.0
2011219021.0,12,Florida,22413989,12119,Sumter,144829.0,0.864869691854396,0.7118212025,2,6,1,2.0,1.0,1.0,1.0,1.0,1.0,1.0,1.0
2036863947.0,46,South Dakota,909156,46099,Minnehaha,203516.0,12.7773338705606,,1,2,1,2.0,0.0,1.0,1.0,1.0,1.0,0.0,0.0
2045756059.0,46,South Dakota,909156,46099,Minnehaha,203516.0,3.74880122296958,,2,1,5,2.0,0.0,0.0,0.0,0.0,0.0,0.0,0.0
2042968727.0,46,South Dakota,909156,46013,Brown,37945.0,0.102704216020658,,2,2,5,1.0,1.0,1.0,1.0,0.0,1.0,0.0,1.0
2015122869.0,46,South Dakota,909156,46115,Spink,6237.0,1.12565222094404,0.9112072896000001,2,5,1,2.0,0.0,0.0,0.0,0.0,0.0,1.0,0.0
2015018313.0,46,South Dakota,909156,46015,Brule,5326.0,1.76220564649116,1.6023494157,1,2,1,2.0,0.0,0.0,0.0,0.0,0.0,1.0,0.0
2012748683.0,46,South Dakota,909156,46099,Minnehaha,203516.0,0.992933600537338,0.9820785120000001,1,3,6,2.0,0.0,0.0,0.0,0.0,0.0,1.0,0.0
2038246711.0,46,South Dakota,909156,46099,Minnehaha,203516.0,0.770967901812026,0.401760247,1,6,1,2.0,1.0,1.0,1.0,1.0,1.0,1.0,1.0
2039699885.0,46,South Dakota,909156,46099,Minnehaha,203516.0,1.53229268787529,0.7092213069000001,1,6,1,2.0,1.0,0.0,0.0,1.0,1.0,0.0,0.0
2015106809.0,47,Tennessee,7063325,47019,Carter,56528.0,0.728403579773118,,1,3,1,2.0,0.0,0.0,0.0,0.0,0.0,1.0,0.0
2034418521.0,47,Tennessee,7063325,47037,Davidson,712156.0,1.63451250937237,,1,2,4,2.0,1.0,1.0,1.0,1.0,0.0,1.0,0.0
2035455649.0,47,Tennessee,7063325,47163,Sullivan,160899.0,2.54713670149542,0.6640672806,1,2,1,2.0,1.0,1.0,1.0,1.0,1.0,1.0,1.0
2012939831.0,47,Tennessee,7063325,47149,Rutherford,362373.0,0.177269842119389,0.5536445794,1,5,1,2.0,0.0,0.0,0.0,0.0,0.0,1.0,0.0
2042181369.0,47,Tennessee,7063325,47113,Madison,99283.0,3.58110976354215,,2,3,1,2.0,0.0,0.0,1.0,0.0,1.0,1.0,0.0
1998495577.0,47,Tennessee,7063325,47051,Franklin,44166.0,0.547295179253354,0.7563902941,1,3,1,2.0,0.0,0.0,0.0,0.0,0.0,1.0,0.0
2045148297.0,47,Tennessee,7063325,47037,Davidson,712156.0,0.866335164030367,1.203482038,1,5,1,2.0,0.0,0.0,0.0,0.0,0.0,1.0,0.0
2034473103.0,47,Tennessee,7063325,47093,Knox,495827.0,1.33871838025835,,2,3,1,2.0,0.0,0.0,1.0,0.0,1.0,1.0,1.0
1998472839.0,47,Tennessee,7063325,47085,Humphreys,19039.0,0.98273141147721,,1,2,1,2.0,0.0,0.0,0.0,0.0,0.0,1.0,0.0
2029097413.0,47,Tennessee,7063325,47105,Loudon,58286.0,2.50954638433694,,2,2,1,2.0,1.0,1.0,0.0,1.0,1.0,1.0,1.0
1992961285.0,47,Tennessee,7063325,47109,McNairy,25968.0,1.00211424488634,1.0696234054,1,4,1,2.0,1.0,0.0,0.0,0.0,1.0,1.0,0.0
2034012377.0,47,Tennessee,7063325,47189,Wilson,158979.0,0.772374810564319,0.7479010896,1,5,1,2.0,1.0,1.0,1.0,0.0,0.0,1.0,1.0
2022492005.0,47,Tennessee,7063325,47037,Davidson,712156.0,2.32616102819587,,1,2,2,2.0,0.0,1.0,0.0,0.0,1.0,0.0,0.0
2038693981.0,47,Tennessee,7063325,47063,Hamblen,65303.0,2.90203970717391,3.1439700861,2,5,1,2.0,0.0,1.0,1.0,1.0,1.0,1.0,0.0
1998553969.0,47,Tennessee,7063325,47009,Blount,139838.0,1.7662484267012,0.32127942470000004,2,2,1,2.0,1.0,0.0,0.0,0.0,0.0,0.0,0.0
2012367889.0,47,Tennessee,7063325,47145,Roane,55279.0,0.574043713885927,0.8382499152,1,2,1,2.0,0.0,0.0,1.0,0.0,1.0,1.0,0.0
2015039651.0,47,Tennessee,7063325,47179,Washington,136273.0,1.92766061068414,1.9568275163000002,1,5,1,2.0,0.0,0.0,0.0,0.0,0.0,1.0,0.0
1995068569.0,47,Tennessee,7063325,47037,Davidson,712156.0,1.44837201348271,1.5274413413999999,1,5,1,2.0,1.0,1.0,1.0,1.0,1.0,1.0,1.0
2016967645.0,47,Tennessee,7063325,47063,Hamblen,65303.0,0.950913631777523,0.8261775756,2,3,1,2.0,0.0,0.0,0.0,0.0,0.0,1.0,0.0
2012148747.0,47,Tennessee,7063325,47157,Shelby,919092.0,4.90201819860113,2.1166240041,2,6,2,2.0,1.0,1.0,1.0,1.0,1.0,0.0,1.0
2013976045.0,47,Tennessee,7063325,47037,Davidson,712156.0,2.58291006386288,1.2560421376,2,4,1,2.0,1.0,0.0,0.0,0.0,1.0,1.0,0.0
2015619191.0,47,Tennessee,7063325,47157,Shelby,919092.0,2.71158002670996,1.6231542727,2,5,2,2.0,1.0,0.0,1.0,1.0,1.0,1.0,1.0
2036932465.0,47,Tennessee,7063325,47157,Shelby,919092.0,2.66858378512915,,2,2,4,2.0,0.0,1.0,1.0,1.0,1.0,1.0,1.0
2011476723.0,47,Tennessee,7063325,47011,Bradley,110790.0,6.35893747798944,11.017150217,2,1,1,2.0,1.0,1.0,0.0,0.0,1.0,0.0,0.0
2039707355.0,47,Tennessee,7063325,47171,Unicoi,17607.0,1.68583156426546,1.2654023811,2,6,1,2.0,0.0,0.0,0.0,0.0,0.0,1.0,0.0
2013849901.0,47,Tennessee,7063325,47065,Hamilton,375738.0,15.0614388091749,12.7415012277,1,1,2,2.0,1.0,1.0,1.0,1.0,1.0,1.0,1.0
2018908159.0,47,Tennessee,7063325,47065,Hamilton,375738.0,1.64025376764536,1.5171298626,2,2,1,2.0,0.0,1.0,1.0,0.0,1.0,1.0,0.0
2015423073.0,47,Tennessee,7063325,47093,Knox,495827.0,0.979613564552148,0.9795140593,2,5,1,2.0,1.0,1.0,1.0,1.0,1.0,1.0,1.0
2012036971.0,47,Tennessee,7063325,47157,Shelby,919092.0,9.25595886720728,,1,1,1,2.0,0.0,0.0,0.0,0.0,0.0,1.0,0.0
2002103505.0,47,Tennessee,7063325,47093,Knox,495827.0,1.59444239043215,1.2884859651,1,6,1,2.0,0.0,0.0,0.0,0.0,1.0,1.0,0.0
2014375133.0,47,Tennessee,7063325,47065,Hamilton,375738.0,2.38839688439963,,1,2,2,2.0,0.0,1.0,1.0,1.0,1.0,0.0,0.0
2021644983.0,47,Tennessee,7063325,47065,Hamilton,375738.0,0.60535767149599,0.5649873599,2,3,1,2.0,1.0,1.0,1.0,1.0,1.0,0.0,1.0
2015394305.0,47,Tennessee,7063325,47099,Lawrence,45480.0,0.98273141147721,1.6906687428,1,2,1,2.0,0.0,0.0,0.0,0.0,0.0,1.0,0.0
2036799905.0,47,Tennessee,7063325,47125,Montgomery,235141.0,2.54731319362321,,2,2,6,2.0,1.0,1.0,1.0,0.0,1.0,0.0,1.0
2042356123.0,47,Tennessee,7063325,47121,Meigs,13268.0,8.18926349255484,,1,1,1,2.0,1.0,1.0,0.0,1.0,0.0,1.0,0.0
2034580761.0,47,Tennessee,7063325,47025,Claiborne,32371.0,2.50954638433694,,2,2,1,2.0,0.0,1.0,0.0,0.0,0.0,1.0,0.0
2043659549.0,47,Tennessee,7063325,47177,Warren,41978.0,1.64025376764536,1.5171298626,2,2,1,2.0,0.0,1.0,1.0,1.0,0.0,1.0,1.0
2037473873.0,47,Tennessee,7063325,47163,Sullivan,160899.0,2.57448623092923,,1,2,1,2.0,0.0,0.0,0.0,0.0,0.0,0.0,0.0
2000451485.0,47,Tennessee,7063325,47157,Shelby,919092.0,2.97671183551142,,1,2,2,2.0,0.0,1.0,1.0,0.0,1.0,0.0,0.0
2020065485.0,47,Tennessee,7063325,47037,Davidson,712156.0,1.81636080116225,,1,2,1,2.0,1.0,1.0,0.0,1.0,0.0,0.0,0.0
2008636217.0,47,Tennessee,7063325,47093,Knox,495827.0,1.77563305294224,1.663443237,1,3,1,2.0,1.0,1.0,1.0,1.0,1.0,0.0,1.0
2036028375.0,47,Tennessee,7063325,47141,Putnam,82590.0,3.42642335940867,,1,2,1,2.0,0.0,1.0,1.0,0.0,0.0,1.0,0.0
2021828701.0,47,Tennessee,7063325,47065,Hamilton,375738.0,0.570020470719087,1.7332796845,2,2,2,2.0,1.0,1.0,0.0,0.0,1.0,0.0,1.0
1998400213.0,47,Tennessee,7063325,47109,McNairy,25968.0,2.95310835724022,3.4599132595,1,3,1,2.0,0.0,0.0,0.0,0.0,0.0,1.0,0.0
2021631361.0,47,Tennessee,7063325,47059,Greene,71286.0,2.57448623092923,,1,2,1,2.0,1.0,1.0,1.0,1.0,1.0,0.0,0.0
2031592833.0,47,Tennessee,7063325,47087,Jackson,12019.0,0.764007576295331,,2,2,1,2.0,0.0,1.0,1.0,1.0,1.0,1.0,1.0
1995905999.0,47,Tennessee,7063325,47045,Dyer,36415.0,6.37761142913957,1.7893337205000002,2,5,1,2.0,1.0,1.0,0.0,0.0,1.0,1.0,1.0
2023174101.0,47,Tennessee,7063325,47157,Shelby,919092.0,6.1579190824197,,2,2,2,2.0,1.0,1.0,0.0,1.0,1.0,1.0,1.0
1996444273.0,47,Tennessee,7063325,47073,Hawkins,57919.0,2.50954638433694,,2,2,1,2.0,1.0,1.0,0.0,1.0,0.0,0.0,1.0
2019629727.0,47,Tennessee,7063325,47065,Hamilton,375738.0,2.90203970717391,3.1439700861,2,5,1,2.0,1.0,1.0,0.0,0.0,1.0,1.0,0.0
2029284807.0,47,Tennessee,7063325,47065,Hamilton,375738.0,0.631071908605737,,1,2,6,2.0,0.0,0.0,0.0,1.0,0.0,1.0,1.0
1998778589.0,47,Tennessee,7063325,47163,Sullivan,160899.0,0.710524530486394,,1,3,1,2.0,1.0,1.0,1.0,1.0,1.0,0.0,1.0
2042329275.0,47,Tennessee,7063325,47105,Loudon,58286.0,0.772374810564319,0.7479010896,1,5,1,2.0,0.0,0.0,0.0,0.0,1.0,1.0,0.0
2009128727.0,47,Tennessee,7063325,47015,Cannon,14781.0,0.291840262878868,0.7804580422,2,2,1,2.0,1.0,1.0,1.0,1.0,0.0,0.0,0.0
2013826915.0,47,Tennessee,7063325,47035,Cumberland,63524.0,0.728403579773118,0.9690227051,1,3,1,2.0,0.0,0.0,0.0,0.0,0.0,1.0,0.0
2021254075.0,47,Tennessee,7063325,47157,Shelby,919092.0,2.07289803663123,,1,2,1,2.0,1.0,1.0,1.0,1.0,1.0,1.0,1.0
2031524423.0,47,Tennessee,7063325,47149,Rutherford,362373.0,3.39002344963444,,1,2,1,2.0,1.0,1.0,1.0,1.0,1.0,1.0,1.0
2016509325.0,47,Tennessee,7063325,47037,Davidson,712156.0,1.59444239043215,,1,6,1,2.0,0.0,0.0,0.0,0.0,0.0,1.0,0.0
2003092389.0,47,Tennessee,7063325,47053,Gibson,50891.0,1.59444239043215,1.1489337615,1,6,1,2.0,0.0,0.0,0.0,0.0,1.0,1.0,0.0
1998514977.0,47,Tennessee,7063325,47091,Johnson,18005.0,1.152808291915,0.45476320740000004,2,3,1,2.0,0.0,0.0,0.0,0.0,1.0,1.0,0.0
2045762551.0,47,Tennessee,7063325,47157,Shelby,919092.0,0.852084071295182,1.8792216946,1,6,2,2.0,1.0,1.0,1.0,1.0,1.0,1.0,1.0
2017210617.0,47,Tennessee,7063325,47093,Knox,495827.0,3.42642335940867,,1,2,1,2.0,1.0,1.0,0.0,1.0,1.0,1.0,1.0
2038218271.0,47,Tennessee,7063325,47051,Franklin,44166.0,1.4185242510908,1.1332431065,2,6,1,2.0,1.0,1.0,1.0,1.0,1.0,0.0,1.0
2013703577.0,31,Nebraska,1972595,31055,Douglas,587963.0,0.755009107149127,1.1359197171,1,4,1,2.0,1.0,1.0,1.0,1.0,1.0,0.0,1.0
2042099667.0,31,Nebraska,1972595,31083,Harlan,3024.0,0.661332066546742,,1,4,7,2.0,0.0,0.0,0.0,0.0,0.0,1.0,0.0
1997311085.0,31,Nebraska,1972595,31107,Knox,8325.0,1.18253946560894,1.1093909219,2,2,1,2.0,0.0,0.0,0.0,0.0,1.0,1.0,0.0
1998531115.0,31,Nebraska,1972595,31153,Sarpy,196569.0,1.76972151349329,1.7434201687000002,1,5,1,2.0,0.0,0.0,0.0,0.0,0.0,1.0,0.0
2042373859.0,31,Nebraska,1972595,31109,Lancaster,325122.0,4.28890130504381,,2,5,1,2.0,1.0,1.0,1.0,1.0,1.0,0.0,1.0
2042328505.0,31,Nebraska,1972595,31153,Sarpy,196569.0,1.84812257132488,0.9968715685,2,6,1,2.0,0.0,0.0,0.0,0.0,0.0,1.0,0.0
2011550297.0,31,Nebraska,1972595,31055,Douglas,587963.0,3.86271632254123,,2,2,1,2.0,1.0,1.0,1.0,0.0,1.0,1.0,1.0
2009710851.0,31,Nebraska,1972595,31055,Douglas,587963.0,10.1689207838558,2.0055379051,1,5,1,2.0,1.0,1.0,1.0,1.0,1.0,0.0,1.0
2015313105.0,31,Nebraska,1972595,31055,Douglas,587963.0,1.86095163934888,0.8562991234,2,6,2,2.0,1.0,1.0,1.0,1.0,1.0,0.0,1.0
2013902995.0,31,Nebraska,1972595,31153,Sarpy,196569.0,1.26963085446305,0.7589691850000001,2,3,6,2.0,1.0,1.0,1.0,1.0,0.0,1.0,1.0
2008581695.0,31,Nebraska,1972595,31111,Lincoln,33629.0,1.60682092392376,0.5978110403,2,4,1,2.0,1.0,1.0,0.0,1.0,0.0,1.0,1.0
1865298529.0,31,Nebraska,1972595,31127,Nemaha,7024.0,1.6220382481878,,1,2,1,2.0,1.0,0.0,1.0,0.0,0.0,0.0,0.0
2011105451.0,31,Nebraska,1972595,31025,Cass,27177.0,4.00480570043278,,1,1,1,2.0,0.0,0.0,0.0,0.0,0.0,1.0,0.0
2026740237.0,31,Nebraska,1972595,31055,Douglas,587963.0,0.272736893133763,1.2581007729,2,3,1,2.0,1.0,1.0,1.0,1.0,0.0,0.0,0.0
1995157543.0,31,Nebraska,1972595,31155,Saunders,23152.0,0.938154480345719,1.3539004184,2,6,1,2.0,0.0,0.0,0.0,0.0,0.0,1.0,0.0
1993530345.0,31,Nebraska,1972595,31111,Lincoln,33629.0,0.984428693194053,1.2289410084,2,3,1,2.0,0.0,1.0,0.0,1.0,1.0,1.0,1.0
2031164565.0,31,Nebraska,1972595,31177,Washington,21182.0,0.741808472410401,1.1154041237,2,5,1,2.0,0.0,0.0,0.0,0.0,1.0,0.0,0.0
2031598437.0,31,Nebraska,1972595,31035,Clay,6050.0,4.84628455958489,,2,4,1,2.0,1.0,1.0,1.0,1.0,1.0,0.0,0.0
1998920129.0,04,Arizona,7370065,04019,Pima,1058224.0,0.610543817752164,,1,3,1,1.0,0.0,0.0,0.0,0.0,0.0,1.0,0.0
2043493379.0,04,Arizona,7370065,04013,Maricopa,4559561.0,1.26129172257251,1.7806126371,2,5,6,1.0,1.0,1.0,1.0,1.0,1.0,0.0,1.0
2034687153.0,04,Arizona,7370065,04019,Pima,1058224.0,0.129000943630482,0.5514806064000001,2,3,1,1.0,0.0,0.0,0.0,1.0,1.0,1.0,1.0
2039374939.0,04,Arizona,7370065,04013,Maricopa,4559561.0,0.407981677104141,,2,4,3,,1.0,1.0,1.0,1.0,1.0,0.0,1.0
2000567485.0,04,Arizona,7370065,04013,Maricopa,4559561.0,0.345350749780573,0.4741466536,1,2,1,2.0,1.0,1.0,1.0,1.0,1.0,0.0,1.0
2013766575.0,04,Arizona,7370065,04013,Maricopa,4559561.0,0.440489042259916,0.4478958423,2,3,1,2.0,1.0,1.0,0.0,0.0,1.0,0.0,0.0
2009952185.0,04,Arizona,7370065,04027,Yuma,209117.0,1.12998452582656,1.140502882,1,6,1,2.0,1.0,0.0,1.0,1.0,0.0,1.0,0.0
2021233547.0,04,Arizona,7370065,04019,Pima,1058224.0,1.12912555311654,,1,2,5,2.0,1.0,1.0,1.0,1.0,1.0,0.0,1.0
2013112455.0,04,Arizona,7370065,04025,Yavapai,246237.0,7.34120605868667,,2,3,1,2.0,0.0,1.0,0.0,0.0,0.0,1.0,0.0
1998321685.0,04,Arizona,7370065,04015,Mohave,220791.0,0.364212785891059,0.9919729121,2,2,1,2.0,1.0,1.0,1.0,1.0,1.0,0.0,1.0
2013786407.0,04,Arizona,7370065,04021,Pinal,465550.0,0.633887177833756,0.6405750122,1,6,1,2.0,1.0,1.0,1.0,1.0,1.0,0.0,1.0
2010042729.0,04,Arizona,7370065,04013,Maricopa,4559561.0,0.79786607632292,0.8743076563000001,1,6,1,2.0,1.0,1.0,1.0,1.0,0.0,0.0,1.0
2014946313.0,04,Arizona,7370065,04013,Maricopa,4559561.0,0.509405138223393,,2,2,1,2.0,1.0,1.0,0.0,0.0,0.0,1.0,0.0
2010540211.0,04,Arizona,7370065,04013,Maricopa,4559561.0,3.20149654118921,,2,5,4,2.0,0.0,0.0,0.0,0.0,1.0,1.0,0.0
2011907503.0,04,Arizona,7370065,04013,Maricopa,4559561.0,0.704720432180144,0.8503402057,1,2,1,2.0,1.0,1.0,0.0,1.0,1.0,0.0,1.0
2029198163.0,04,Arizona,7370065,04019,Pima,1058224.0,0.857951306458603,,1,2,3,,1.0,1.0,1.0,1.0,1.0,1.0,0.0
2014726859.0,04,Arizona,7370065,04019,Pima,1058224.0,1.5039138017316,1.4611149779,1,6,1,2.0,0.0,0.0,0.0,0.0,0.0,1.0,0.0
2012512587.0,04,Arizona,7370065,04019,Pima,1058224.0,0.619157062249837,,2,3,1,2.0,1.0,1.0,1.0,1.0,1.0,1.0,1.0
2020937905.0,04,Arizona,7370065,04017,Navajo,108671.0,2.73687325523519,,2,2,3,1.0,1.0,1.0,0.0,1.0,1.0,1.0,1.0
2034543561.0,04,Arizona,7370065,04021,Pinal,465550.0,1.24113882660986,1.0601626635999999,2,3,1,2.0,0.0,0.0,0.0,0.0,0.0,1.0,0.0
2014840053.0,04,Arizona,7370065,04021,Pinal,465550.0,0.671498592708068,,1,2,1,2.0,0.0,1.0,1.0,1.0,1.0,1.0,1.0
2026782927.0,04,Arizona,7370065,04013,Maricopa,4559561.0,0.912606635668632,,1,2,1,2.0,0.0,0.0,0.0,0.0,0.0,1.0,0.0
2043935177.0,04,Arizona,7370065,04013,Maricopa,4559561.0,3.88066094855544,,1,1,2,1.0,0.0,1.0,1.0,1.0,1.0,0.0,1.0
2020254599.0,04,Arizona,7370065,04013,Maricopa,4559561.0,5.01777522822738,3.2922692772,1,1,3,,1.0,1.0,1.0,1.0,1.0,1.0,1.0
2039763987.0,04,Arizona,7370065,04027,Yuma,209117.0,0.389956489681218,2.3659565047,2,2,3,1.0,0.0,0.0,0.0,0.0,0.0,1.0,0.0
2036144517.0,04,Arizona,7370065,04013,Maricopa,4559561.0,0.532831318449937,,1,3,1,2.0,1.0,1.0,1.0,1.0,0.0,1.0,0.0
1997238025.0,04,Arizona,7370065,04019,Pima,1058224.0,0.608224488433631,0.6518540133,2,3,1,2.0,0.0,0.0,1.0,0.0,1.0,1.0,1.0
2016021811.0,04,Arizona,7370065,04013,Maricopa,4559561.0,2.75364749379022,,1,5,1,2.0,0.0,1.0,1.0,1.0,1.0,1.0,1.0
2033231035.0,04,Arizona,7370065,04019,Pima,1058224.0,15.0614388091749,,1,3,1,2.0,1.0,1.0,0.0,1.0,1.0,1.0,1.0
2045077221.0,04,Arizona,7370065,04007,Gila,53902.0,0.889347136356771,,1,4,5,2.0,1.0,0.0,1.0,0.0,1.0,1.0,1.0
2017212651.0,04,Arizona,7370065,04013,Maricopa,4559561.0,2.27763854022432,3.2730888564000002,1,5,1,2.0,1.0,1.0,1.0,1.0,1.0,1.0,1.0
1998538835.0,04,Arizona,7370065,04013,Maricopa,4559561.0,2.16626116084483,1.6641071461,1,3,4,2.0,1.0,1.0,1.0,1.0,0.0,0.0,1.0
2020749757.0,04,Arizona,7370065,04013,Maricopa,4559561.0,0.425467371768308,0.6876654107,1,3,1,2.0,1.0,1.0,1.0,1.0,0.0,1.0,1.0
1999943295.0,04,Arizona,7370065,04013,Maricopa,4559561.0,1.12998452582656,,1,6,1,2.0,1.0,1.0,1.0,1.0,1.0,0.0,1.0
2034740211.0,04,Arizona,7370065,04019,Pima,1058224.0,3.88179124730491,,2,3,3,,1.0,1.0,0.0,0.0,0.0,1.0,1.0
2018889139.0,04,Arizona,7370065,04019,Pima,1058224.0,3.64254675003407,,2,2,3,1.0,0.0,0.0,0.0,0.0,0.0,0.0,0.0
2034526635.0,04,Arizona,7370065,04021,Pinal,465550.0,3.82840729722701,,2,2,1,1.0,1.0,1.0,1.0,1.0,0.0,1.0,1.0
2038947717.0,04,Arizona,7370065,04013,Maricopa,4559561.0,2.84812568458546,5.5457286906,1,2,2,2.0,1.0,1.0,1.0,0.0,1.0,1.0,1.0
2029132945.0,04,Arizona,7370065,04013,Maricopa,4559561.0,7.64025246303675,,1,2,1,2.0,1.0,0.0,0.0,0.0,0.0,0.0,1.0
2026742857.0,04,Arizona,7370065,04013,Maricopa,4559561.0,1.39989766196588,,2,1,3,1.0,1.0,1.0,1.0,1.0,1.0,1.0,1.0
2034476885.0,04,Arizona,7370065,04013,Maricopa,4559561.0,0.876886385022066,0.7768210329,2,3,1,2.0,0.0,0.0,0.0,0.0,1.0,1.0,0.0
2038231361.0,04,Arizona,7370065,04015,Mohave,220791.0,0.140474355462871,0.5334742815,2,2,1,2.0,0.0,1.0,1.0,1.0,0.0,0.0,1.0
1995238905.0,04,Arizona,7370065,04019,Pima,1058224.0,2.90367714090876,2.8974803490000003,2,5,1,2.0,1.0,1.0,1.0,1.0,1.0,1.0,1.0
2022393841.0,04,Arizona,7370065,04005,Coconino,144078.0,2.46834210181791,1.9516901249,2,4,1,2.0,0.0,0.0,0.0,0.0,0.0,0.0,0.0
2011202437.0,04,Arizona,7370065,04013,Maricopa,4559561.0,6.6495352382554,,1,5,1,2.0,0.0,0.0,0.0,0.0,0.0,1.0,0.0
2037618467.0,04,Arizona,7370065,04013,Maricopa,4559561.0,1.29350593910767,1.1491521988,1,6,1,2.0,0.0,0.0,1.0,0.0,1.0,1.0,0.0
2030669791.0,04,Arizona,7370065,04013,Maricopa,4559561.0,2.85100940655668,3.6104025641,1,3,1,2.0,0.0,0.0,0.0,0.0,1.0,1.0,0.0
2015533203.0,04,Arizona,7370065,04013,Maricopa,4559561.0,7.49027332095308,,2,4,2,2.0,0.0,0.0,0.0,0.0,0.0,0.0,0.0
2010193945.0,04,Arizona,7370065,04013,Maricopa,4559561.0,0.381432214857514,0.45249123290000004,1,3,1,2.0,0.0,1.0,0.0,0.0,1.0,0.0,0.0
2014521169.0,04,Arizona,7370065,04021,Pinal,465550.0,0.683439063369031,,1,5,1,2.0,0.0,0.0,0.0,0.0,0.0,1.0,0.0
2023327615.0,04,Arizona,7370065,04013,Maricopa,4559561.0,3.40647056946222,,2,5,4,2.0,1.0,1.0,0.0,1.0,1.0,0.0,1.0
2010861755.0,04,Arizona,7370065,04019,Pima,1058224.0,1.68579264764697,1.6040340191,2,3,1,2.0,1.0,1.0,1.0,1.0,1.0,1.0,1.0
1998467987.0,04,Arizona,7370065,04021,Pinal,465550.0,0.602571735544876,,1,3,1,2.0,0.0,0.0,0.0,0.0,0.0,1.0,0.0
2039694437.0,04,Arizona,7370065,04019,Pima,1058224.0,2.0587609426884,0.6455188612,2,6,2,2.0,1.0,1.0,1.0,1.0,1.0,0.0,1.0
2034742717.0,04,Arizona,7370065,04013,Maricopa,4559561.0,1.12998452582656,1.140502882,1,6,1,2.0,1.0,0.0,0.0,0.0,0.0,1.0,0.0
2010540559.0,04,Arizona,7370065,04013,Maricopa,4559561.0,1.68579264764697,1.6040340191,2,4,1,2.0,1.0,1.0,1.0,1.0,1.0,0.0,1.0
2012567469.0,04,Arizona,7370065,04013,Maricopa,4559561.0,0.610543817752164,0.4080628496,1,3,3,1.0,0.0,0.0,0.0,0.0,0.0,1.0,0.0
2040052203.0,04,Arizona,7370065,04013,Maricopa,4559561.0,11.5542563783882,,1,2,3,,1.0,1.0,1.0,1.0,1.0,1.0,1.0
2034272343.0,04,Arizona,7370065,04013,Maricopa,4559561.0,2.37697325058006,,2,3,1,2.0,0.0,0.0,1.0,0.0,0.0,0.0,0.0
2021837377.0,04,Arizona,7370065,04019,Pima,1058224.0,4.98723370022688,,1,3,1,2.0,1.0,1.0,1.0,1.0,1.0,0.0,1.0
2013092585.0,04,Arizona,7370065,04013,Maricopa,4559561.0,1.69704529135239,1.4869064347,2,5,6,1.0,0.0,0.0,0.0,0.0,0.0,1.0,0.0
2013254455.0,04,Arizona,7370065,04019,Pima,1058224.0,0.972487317031839,,2,5,4,2.0,1.0,1.0,1.0,1.0,1.0,1.0,1.0
1995603595.0,04,Arizona,7370065,04019,Pima,1058224.0,0.454023326175262,0.5233452928,2,5,1,2.0,1.0,1.0,1.0,1.0,1.0,0.0,1.0
2034579151.0,04,Arizona,7370065,04013,Maricopa,4559561.0,3.79037688758272,,1,3,1,2.0,1.0,0.0,1.0,1.0,0.0,0.0,1.0
1996030001.0,04,Arizona,7370065,04019,Pima,1058224.0,0.8524151959651,4.8670091615,2,3,1,2.0,0.0,0.0,0.0,0.0,0.0,1.0,0.0
1983767313.0,04,Arizona,7370065,04019,Pima,1058224.0,4.11021676396053,,1,2,1,2.0,0.0,0.0,0.0,0.0,0.0,1.0,0.0
2034426265.0,49,Utah,3393928,49035,Salt Lake,1194746.0,4.82919541778165,,1,2,1,2.0,1.0,1.0,1.0,1.0,1.0,0.0,1.0
2042329567.0,49,Utah,3393928,49049,Utah,705241.0,1.65394425553402,,1,6,1,2.0,0.0,0.0,0.0,0.0,0.0,1.0,0.0
2035567465.0,49,Utah,3393928,49035,Salt Lake,1194746.0,4.24311766357621,,1,2,1,2.0,1.0,0.0,0.0,0.0,1.0,1.0,1.0
2014772837.0,49,Utah,3393928,49035,Salt Lake,1194746.0,1.65299619468675,,1,6,1,2.0,1.0,1.0,1.0,1.0,1.0,0.0,1.0
2011481337.0,49,Utah,3393928,49057,Weber,269800.0,4.21482003547274,,2,3,1,2.0,1.0,1.0,1.0,1.0,1.0,1.0,1.0
2013903343.0,49,Utah,3393928,49035,Salt Lake,1194746.0,0.665313304272204,,1,5,1,2.0,1.0,1.0,1.0,1.0,1.0,0.0,1.0
2011151881.0,49,Utah,3393928,49053,Washington,197936.0,1.57259811905586,,2,2,1,2.0,0.0,1.0,0.0,0.0,0.0,1.0,0.0
2017114971.0,49,Utah,3393928,49049,Utah,705241.0,1.91082258686285,2.0434858597,1,5,1,2.0,0.0,0.0,0.0,0.0,0.0,1.0,0.0
2014459981.0,49,Utah,3393928,49053,Washington,197936.0,0.844663184533717,,2,2,1,2.0,0.0,1.0,1.0,1.0,0.0,0.0,1.0
2022163847.0,49,Utah,3393928,49035,Salt Lake,1194746.0,0.573684068378106,,2,4,1,2.0,1.0,1.0,1.0,1.0,1.0,0.0,1.0
2038935113.0,49,Utah,3393928,49005,Cache,140419.0,4.11429461442116,,1,3,1,2.0,1.0,1.0,1.0,1.0,1.0,0.0,1.0
2045863065.0,49,Utah,3393928,49039,Sanpete,29771.0,1.75146625151255,,2,4,1,2.0,1.0,1.0,0.0,1.0,0.0,1.0,1.0
1998624183.0,49,Utah,3393928,49049,Utah,705241.0,1.56746717660171,,1,3,1,2.0,0.0,0.0,0.0,0.0,0.0,1.0,0.0
2013025449.0,49,Utah,3393928,49049,Utah,705241.0,0.918952438981913,1.6099870097,2,5,1,2.0,1.0,1.0,1.0,0.0,1.0,1.0,1.0
2009993401.0,49,Utah,3393928,49049,Utah,705241.0,0.786183463864345,,2,5,7,2.0,1.0,1.0,1.0,1.0,1.0,1.0,1.0
2012823051.0,49,Utah,3393928,49035,Salt Lake,1194746.0,0.331597089154334,0.3018403401,1,3,1,2.0,1.0,1.0,0.0,0.0,0.0,1.0,0.0
2011444453.0,49,Utah,3393928,49057,Weber,269800.0,9.37236467430353,,1,1,1,1.0,1.0,1.0,1.0,1.0,1.0,0.0,1.0
2009739665.0,49,Utah,3393928,49039,Sanpete,29771.0,2.99635853779827,0.7186946135000001,2,2,1,2.0,0.0,0.0,0.0,0.0,1.0,1.0,0.0
2030302791.0,49,Utah,3393928,49035,Salt Lake,1194746.0,0.874820561793807,0.8174315746,1,2,1,2.0,1.0,1.0,1.0,1.0,1.0,0.0,1.0
2015285909.0,49,Utah,3393928,49011,Davis,370527.0,1.87764220991559,,1,2,1,2.0,0.0,0.0,0.0,0.0,0.0,1.0,0.0
2041268023.0,49,Utah,3393928,49057,Weber,269800.0,3.41443599302628,,1,5,1,2.0,0.0,0.0,0.0,0.0,1.0,1.0,0.0
1995226253.0,49,Utah,3393928,49037,San Juan,14383.0,7.65131562470198,,1,5,1,2.0,1.0,0.0,1.0,0.0,1.0,1.0,0.0
1998460893.0,49,Utah,3393928,49035,Salt Lake,1194746.0,0.848173795736408,,2,3,1,2.0,0.0,0.0,0.0,1.0,1.0,1.0,1.0
2013112565.0,49,Utah,3393928,49011,Davis,370527.0,0.500655650800013,,2,3,1,2.0,0.0,0.0,0.0,0.0,0.0,1.0,0.0
1998662963.0,49,Utah,3393928,49035,Salt Lake,1194746.0,0.848173795736408,0.7589756443,2,3,1,2.0,1.0,1.0,1.0,1.0,1.0,1.0,1.0
2011514541.0,49,Utah,3393928,49049,Utah,705241.0,1.4998410201689,,1,1,1,2.0,0.0,0.0,0.0,0.0,0.0,1.0,0.0
2045129317.0,49,Utah,3393928,49035,Salt Lake,1194746.0,0.321239227007432,1.017006511,1,3,1,2.0,1.0,1.0,1.0,1.0,0.0,0.0,1.0
2010585741.0,49,Utah,3393928,49035,Salt Lake,1194746.0,4.48953644038565,,2,5,1,2.0,1.0,1.0,1.0,1.0,1.0,1.0,0.0
2010460271.0,49,Utah,3393928,49049,Utah,705241.0,0.607447301388251,0.7435809387000001,2,5,1,2.0,1.0,1.0,1.0,1.0,1.0,0.0,1.0
2018806977.0,49,Utah,3393928,49021,Iron,62544.0,4.65013055592306,,1,2,1,2.0,1.0,1.0,1.0,1.0,0.0,1.0,1.0
2018698079.0,39,Ohio,11764950,39035,Cuyahoga,1237196.0,1.15183075351232,,2,2,2,2.0,0.0,1.0,0.0,0.0,1.0,0.0,1.0
2025171757.0,39,Ohio,11764950,39045,Fairfield,163003.0,0.981995461543692,1.3220187278,2,2,1,2.0,1.0,1.0,0.0,0.0,1.0,1.0,1.0
2014736227.0,39,Ohio,11764950,39061,Hamilton,826532.0,0.230378712959266,,2,2,2,2.0,0.0,1.0,1.0,1.0,0.0,0.0,1.0
2038246447.0,39,Ohio,11764950,39093,Lorain,316304.0,1.10423126435178,1.002756523,1,5,1,2.0,0.0,0.0,0.0,0.0,0.0,1.0,0.0
1998130495.0,39,Ohio,11764950,39049,Franklin,1326392.0,0.774415340482326,0.6846183182000001,1,4,1,2.0,1.0,1.0,1.0,1.0,1.0,0.0,1.0
2015215493.0,39,Ohio,11764950,39025,Clermont,210781.0,0.320364770639987,,1,3,2,2.0,1.0,1.0,0.0,0.0,1.0,0.0,1.0
2030683769.0,39,Ohio,11764950,39049,Franklin,1326392.0,2.09820744692849,1.6795587562,1,6,1,2.0,1.0,0.0,0.0,0.0,0.0,1.0,0.0
2039662411.0,39,Ohio,11764950,39049,Franklin,1326392.0,4.91311576318471,,1,2,1,2.0,1.0,1.0,1.0,1.0,1.0,1.0,1.0
2014409847.0,39,Ohio,11764950,39035,Cuyahoga,1237196.0,1.14687472663366,,2,5,1,2.0,1.0,1.0,1.0,1.0,1.0,1.0,1.0
2024346191.0,39,Ohio,11764950,39151,Stark,372531.0,0.497840839035445,,2,2,1,2.0,1.0,0.0,0.0,0.0,0.0,1.0,1.0
1997722273.0,39,Ohio,11764950,39017,Butler,390108.0,1.88581255110858,0.5072672147,2,2,1,2.0,1.0,1.0,1.0,1.0,1.0,1.0,1.0
2009914701.0,39,Ohio,11764950,39003,Allen,100974.0,5.04520503873337,,1,2,1,2.0,0.0,0.0,1.0,0.0,0.0,0.0,1.0
2033359997.0,39,Ohio,11764950,39093,Lorain,316304.0,1.51375365970428,1.6918073329,1,2,1,2.0,0.0,0.0,0.0,0.0,0.0,1.0,1.0
2012733849.0,39,Ohio,11764950,39125,Paulding,18760.0,0.938466863229774,1.1155787941,1,2,1,2.0,0.0,0.0,0.0,0.0,0.0,1.0,0.0
2033369825.0,39,Ohio,11764950,39035,Cuyahoga,1237196.0,1.50111112591331,,2,6,1,2.0,1.0,1.0,1.0,1.0,1.0,1.0,1.0
1998398229.0,39,Ohio,11764950,39085,Lake,231698.0,3.79077817945865,,1,2,1,2.0,1.0,1.0,1.0,0.0,1.0,1.0,1.0
2039470917.0,39,Ohio,11764950,39087,Lawrence,56526.0,0.938466863229774,,1,2,1,2.0,0.0,0.0,0.0,0.0,0.0,1.0,0.0
2038668431.0,39,Ohio,11764950,39049,Franklin,1326392.0,0.487731133022028,,2,2,1,2.0,1.0,1.0,1.0,0.0,1.0,1.0,1.0
1996055563.0,39,Ohio,11764950,39035,Cuyahoga,1237196.0,0.673925325185213,0.4973392058,2,5,1,2.0,1.0,1.0,1.0,1.0,1.0,0.0,1.0
1995055091.0,39,Ohio,11764950,39017,Butler,390108.0,4.814271673045,3.6757720732,2,5,1,2.0,0.0,0.0,0.0,0.0,1.0,1.0,0.0
1998017447.0,39,Ohio,11764950,39035,Cuyahoga,1237196.0,1.00731365842238,,2,4,1,2.0,0.0,0.0,0.0,0.0,0.0,1.0,0.0
2038572573.0,39,Ohio,11764950,39049,Franklin,1326392.0,0.841230521226819,0.8013951844,1,5,1,2.0,1.0,1.0,1.0,1.0,1.0,1.0,1.0
2010700817.0,39,Ohio,11764950,39049,Franklin,1326392.0,1.14567188406979,2.1010812314,1,5,2,2.0,1.0,1.0,1.0,0.0,1.0,0.0,1.0
2021079181.0,39,Ohio,11764950,39101,Marion,64538.0,1.49955563106407,1.4996160219,2,3,1,2.0,0.0,0.0,0.0,0.0,1.0,1.0,1.0
2015292451.0,39,Ohio,11764950,39049,Franklin,1326392.0,0.62711208629153,0.4583154998,1,5,1,2.0,1.0,1.0,1.0,1.0,1.0,1.0,1.0
2033664285.0,39,Ohio,11764950,39099,Mahoning,225714.0,8.59664248472115,,1,2,6,2.0,1.0,0.0,0.0,0.0,0.0,1.0,0.0
2018036811.0,39,Ohio,11764950,39049,Franklin,1326392.0,1.9852017945459,,1,5,1,2.0,1.0,1.0,1.0,0.0,1.0,0.0,1.0
2018076291.0,39,Ohio,11764950,39155,Trumbull,200537.0,3.79077817945865,,1,2,1,2.0,0.0,0.0,1.0,1.0,1.0,1.0,1.0
2045337487.0,39,Ohio,11764950,39153,Summit,535956.0,1.13372281474301,1.2107318678,2,6,2,2.0,1.0,1.0,1.0,1.0,1.0,0.0,1.0
2007187301.0,39,Ohio,11764950,39095,Lucas,426630.0,0.414347085365502,0.3983511569,1,2,1,2.0,1.0,1.0,1.0,1.0,1.0,1.0,1.0
2038246645.0,39,Ohio,11764950,39039,Defiance,38139.0,1.13417341576414,1.1051286264,1,6,1,2.0,0.0,0.0,0.0,0.0,1.0,1.0,0.0
1989544479.0,39,Ohio,11764950,39167,Washington,58890.0,1.46963838955886,1.2846460961,1,5,1,2.0,0.0,0.0,0.0,0.0,0.0,1.0,0.0
2017344015.0,39,Ohio,11764950,39145,Scioto,72209.0,0.244219236847363,,1,2,1,2.0,0.0,1.0,0.0,0.0,0.0,1.0,0.0
2040024259.0,39,Ohio,11764950,39049,Franklin,1326392.0,2.20469335284733,0.9595961562,2,3,1,2.0,1.0,1.0,1.0,1.0,1.0,0.0,1.0
2030987009.0,39,Ohio,11764950,39143,Sandusky,58554.0,1.21734769472783,1.2956296012,1,3,1,2.0,0.0,1.0,1.0,0.0,1.0,1.0,1.0
2029973555.0,39,Ohio,11764950,39027,Clinton,41893.0,6.58244661151669,1.4438573653,2,3,1,2.0,1.0,1.0,1.0,1.0,1.0,0.0,1.0
2012190993.0,39,Ohio,11764950,39099,Mahoning,225714.0,0.820863579364209,2.5910893966,1,1,1,2.0,1.0,1.0,1.0,1.0,1.0,0.0,0.0
2015368587.0,39,Ohio,11764950,39153,Summit,535956.0,1.51375365970428,,1,2,1,2.0,1.0,1.0,1.0,1.0,1.0,1.0,1.0
2008154347.0,39,Ohio,11764950,39057,Greene,169266.0,6.41439027011086,1.6564636493,1,3,4,2.0,0.0,0.0,0.0,0.0,0.0,1.0,0.0
2019962431.0,39,Ohio,11764950,39035,Cuyahoga,1237196.0,5.70291696368705,,1,1,2,2.0,0.0,1.0,1.0,1.0,0.0,0.0,0.0
2017001419.0,39,Ohio,11764950,39157,Tuscarawas,91951.0,1.52639323001337,1.4883421303,2,5,1,2.0,0.0,0.0,0.0,1.0,1.0,1.0,0.0
2014258089.0,39,Ohio,11764950,39061,Hamilton,826532.0,15.0614388091749,12.6017912903,1,1,2,2.0,1.0,1.0,1.0,1.0,1.0,0.0,1.0
2013223291.0,39,Ohio,11764950,39011,Auglaize,45896.0,0.551460914858661,0.5103335126,1,2,1,2.0,1.0,1.0,1.0,0.0,1.0,1.0,1.0
2012460495.0,39,Ohio,11764950,39095,Lucas,426630.0,1.10564526244361,,2,2,2,2.0,1.0,1.0,1.0,1.0,1.0,1.0,1.0
2005670313.0,39,Ohio,11764950,39061,Hamilton,826532.0,0.841230521226819,0.8013951844,1,5,1,2.0,1.0,1.0,1.0,1.0,1.0,1.0,1.0
2007020425.0,39,Ohio,11764950,39133,Portage,161741.0,0.657838312702066,0.3119904324,1,3,5,2.0,0.0,0.0,0.0,0.0,0.0,1.0,0.0
2039698271.0,39,Ohio,11764950,39061,Hamilton,826532.0,4.89027413521,,1,6,4,2.0,1.0,1.0,0.0,0.0,1.0,1.0,1.0
2026740095.0,39,Ohio,11764950,39027,Clinton,41893.0,2.42665777139504,2.5835752508,2,6,1,2.0,0.0,0.0,0.0,0.0,1.0,1.0,0.0
1998239619.0,39,Ohio,11764950,39051,Fulton,42041.0,0.687850601084865,0.8039805869000001,1,4,1,2.0,0.0,0.0,0.0,0.0,0.0,1.0,0.0
2031448509.0,39,Ohio,11764950,39023,Clark,134691.0,2.36809898417137,1.9782803004,2,5,2,2.0,1.0,1.0,1.0,1.0,1.0,1.0,1.0
2038772345.0,39,Ohio,11764950,39049,Franklin,1326392.0,0.856554315931451,,2,5,1,2.0,1.0,1.0,1.0,1.0,1.0,0.0,1.0
2011548163.0,39,Ohio,11764950,39035,Cuyahoga,1237196.0,0.239539055079263,0.4718370924,2,2,3,1.0,1.0,1.0,1.0,1.0,0.0,1.0,1.0
2007743589.0,39,Ohio,11764950,39155,Trumbull,200537.0,0.705128865916136,0.8707876170000001,1,2,1,2.0,0.0,0.0,0.0,0.0,1.0,1.0,0.0
1984304237.0,39,Ohio,11764950,39165,Warren,249822.0,1.31200747688342,1.3093587991,1,5,1,2.0,0.0,0.0,0.0,0.0,0.0,1.0,0.0
1997435529.0,39,Ohio,11764950,39035,Cuyahoga,1237196.0,3.38202277384039,4.5338471590000005,1,6,1,2.0,1.0,0.0,0.0,0.0,0.0,1.0,0.0
2034737743.0,39,Ohio,11764950,39023,Clark,134691.0,0.885685367409778,,2,4,1,2.0,1.0,1.0,1.0,1.0,1.0,0.0,1.0
2045149241.0,39,Ohio,11764950,39017,Butler,390108.0,1.08627410383516,1.0985830096,2,5,1,2.0,1.0,1.0,1.0,1.0,1.0,0.0,1.0
1996993261.0,39,Ohio,11764950,39113,Montgomery,533913.0,0.648867218560355,0.41889186640000003,1,5,1,2.0,1.0,1.0,1.0,1.0,1.0,0.0,1.0
2034526783.0,39,Ohio,11764950,39023,Clark,134691.0,0.999216071370578,1.6529460941,1,3,1,2.0,1.0,1.0,1.0,1.0,1.0,0.0,1.0
1998437403.0,39,Ohio,11764950,39083,Knox,63103.0,1.74797600483772,1.6613039888,2,6,1,2.0,0.0,0.0,0.0,0.0,0.0,1.0,1.0
2026707261.0,39,Ohio,11764950,39035,Cuyahoga,1237196.0,3.04851126100007,,1,3,1,2.0,0.0,0.0,0.0,1.0,0.0,1.0,1.0
2034659165.0,39,Ohio,11764950,39057,Greene,169266.0,1.76054482364671,,3,3,1,2.0,1.0,1.0,1.0,1.0,1.0,0.0,1.0
2014053237.0,39,Ohio,11764950,39027,Clinton,41893.0,1.46963838955886,1.2846460961,1,5,1,2.0,0.0,1.0,0.0,0.0,1.0,1.0,0.0
1984401627.0,39,Ohio,11764950,39093,Lorain,316304.0,1.50948885983822,1.4157965,1,6,1,2.0,0.0,0.0,0.0,1.0,0.0,1.0,0.0
2026743735.0,39,Ohio,11764950,39043,Erie,74316.0,0.629471739243407,0.4286626516,2,4,2,2.0,1.0,1.0,1.0,1.0,1.0,1.0,1.0
2045469725.0,39,Ohio,11764950,39153,Summit,535956.0,2.53489053272266,,1,2,1,2.0,1.0,0.0,1.0,1.0,0.0,0.0,1.0
2012030557.0,39,Ohio,11764950,39089,Licking,181702.0,4.63760186430656,,2,2,1,2.0,0.0,1.0,0.0,0.0,1.0,0.0,0.0
2010562697.0,39,Ohio,11764950,39045,Fairfield,163003.0,1.49955563106407,1.4996160219,2,3,1,2.0,0.0,0.0,0.0,0.0,0.0,1.0,0.0
2000420401.0,39,Ohio,11764950,39061,Hamilton,826532.0,2.09820744692849,1.6795587562,1,6,1,2.0,1.0,1.0,1.0,1.0,1.0,0.0,1.0
2022361119.0,39,Ohio,11764950,39063,Hancock,74716.0,1.21734769472783,1.0987132998,1,3,1,2.0,1.0,1.0,0.0,1.0,1.0,1.0,0.0
2026946647.0,39,Ohio,11764950,39061,Hamilton,826532.0,1.49160630476102,1.0269410182,1,5,1,2.0,1.0,1.0,1.0,1.0,1.0,0.0,1.0
2035780941.0,39,Ohio,11764950,39127,Perry,35493.0,1.51375365970428,1.6918073329,1,2,1,2.0,0.0,0.0,1.0,0.0,0.0,1.0,0.0
2034580505.0,39,Ohio,11764950,39113,Montgomery,533913.0,1.35931309940273,,2,1,1,2.0,1.0,1.0,1.0,1.0,1.0,1.0,1.0
2037504711.0,39,Ohio,11764950,39025,Clermont,210781.0,1.81175492437717,2.0736439856,1,5,1,2.0,0.0,0.0,0.0,0.0,0.0,1.0,0.0
2036932563.0,39,Ohio,11764950,39049,Franklin,1326392.0,7.38071997027452,,2,3,4,2.0,1.0,1.0,0.0,0.0,0.0,1.0,1.0
2011284221.0,39,Ohio,11764950,39169,Wayne,116533.0,2.46764037444713,2.2959847221,2,1,1,2.0,1.0,1.0,1.0,1.0,1.0,1.0,1.0
2022507963.0,39,Ohio,11764950,39035,Cuyahoga,1237196.0,0.607111747947857,0.5610257121000001,2,3,2,2.0,0.0,1.0,0.0,0.0,1.0,1.0,1.0
2013199719.0,39,Ohio,11764950,39061,Hamilton,826532.0,0.626432287081949,0.9647848865,2,4,1,2.0,1.0,1.0,1.0,1.0,1.0,0.0,1.0
2042327721.0,39,Ohio,11764950,39061,Hamilton,826532.0,0.771757417625532,0.6077415098,2,6,1,2.0,1.0,1.0,1.0,1.0,1.0,1.0,1.0
2031256691.0,39,Ohio,11764950,39059,Guernsey,38056.0,1.28656270883894,,2,2,1,2.0,0.0,1.0,0.0,1.0,0.0,1.0,0.0
2044333827.0,39,Ohio,11764950,39153,Summit,535956.0,6.89948805059287,9.0135915274,2,1,2,2.0,1.0,1.0,1.0,1.0,0.0,1.0,1.0
2015320737.0,39,Ohio,11764950,39059,Guernsey,38056.0,1.51375365970428,1.6918073329,1,2,1,2.0,0.0,0.0,0.0,0.0,0.0,1.0,0.0
2021594779.0,39,Ohio,11764950,39049,Franklin,1326392.0,1.02605876953512,,1,2,1,2.0,1.0,1.0,1.0,1.0,1.0,1.0,1.0
2015059089.0,39,Ohio,11764950,39089,Licking,181702.0,1.71060406874358,,2,6,5,2.0,1.0,1.0,1.0,1.0,1.0,1.0,1.0
1999399177.0,39,Ohio,11764950,39151,Stark,372531.0,1.03288539380388,1.608355301,2,3,1,2.0,0.0,0.0,0.0,0.0,0.0,1.0,0.0
2011924955.0,39,Ohio,11764950,39145,Scioto,72209.0,2.87774446413004,,2,3,1,2.0,1.0,1.0,0.0,1.0,0.0,1.0,1.0
2020373281.0,39,Ohio,11764950,39141,Ross,76365.0,0.575690879461606,0.2592496116,2,2,1,2.0,1.0,1.0,1.0,1.0,1.0,0.0,1.0
1998584933.0,39,Ohio,11764950,39149,Shelby,47690.0,2.53489053272266,,1,2,1,2.0,0.0,1.0,1.0,1.0,1.0,1.0,1.0
2042328921.0,39,Ohio,11764950,39035,Cuyahoga,1237196.0,0.687850601084865,0.8039805869000001,1,3,1,2.0,0.0,0.0,0.0,0.0,0.0,1.0,0.0
2010934211.0,39,Ohio,11764950,39049,Franklin,1326392.0,4.58579133344501,,1,6,1,2.0,1.0,1.0,1.0,1.0,1.0,1.0,1.0
2034745267.0,39,Ohio,11764950,39041,Delaware,226809.0,0.608152146737259,0.4765600499,1,6,1,2.0,1.0,1.0,1.0,1.0,1.0,0.0,1.0
1999183145.0,39,Ohio,11764950,39167,Washington,58890.0,1.51375365970428,1.6918073329,1,2,1,2.0,0.0,0.0,0.0,0.0,0.0,0.0,0.0
2040041785.0,39,Ohio,11764950,39169,Wayne,116533.0,1.91472376551436,,1,3,2,2.0,1.0,0.0,1.0,1.0,1.0,0.0,1.0
2033394615.0,39,Ohio,11764950,39095,Lucas,426630.0,5.04520503873337,,1,2,1,2.0,1.0,1.0,1.0,0.0,1.0,1.0,1.0
1998585137.0,39,Ohio,11764950,39041,Delaware,226809.0,1.28047097942215,0.18818925690000002,1,3,1,2.0,1.0,1.0,1.0,0.0,1.0,0.0,1.0
2031554947.0,39,Ohio,11764950,39095,Lucas,426630.0,1.66874244247281,,2,1,2,2.0,0.0,1.0,0.0,1.0,0.0,0.0,0.0
2029223401.0,39,Ohio,11764950,39095,Lucas,426630.0,0.723542534927902,,1,2,1,2.0,1.0,1.0,1.0,1.0,1.0,1.0,1.0
2034686767.0,39,Ohio,11764950,39049,Franklin,1326392.0,3.70049068272954,,2,3,1,2.0,1.0,1.0,1.0,1.0,1.0,0.0,1.0
2038246685.0,39,Ohio,11764950,39093,Lorain,316304.0,0.662076125880955,0.5904780618000001,2,3,1,2.0,1.0,1.0,1.0,1.0,1.0,0.0,1.0
2033135533.0,39,Ohio,11764950,39089,Licking,181702.0,2.53489053272266,,1,2,1,2.0,1.0,1.0,1.0,0.0,1.0,0.0,1.0
2026179773.0,39,Ohio,11764950,39017,Butler,390108.0,2.45913656035321,,2,2,1,2.0,0.0,1.0,1.0,1.0,1.0,1.0,0.0
2012343683.0,39,Ohio,11764950,39033,Crawford,41479.0,1.34064925576397,1.4096106687,2,3,1,2.0,0.0,0.0,0.0,0.0,1.0,1.0,0.0
2032679387.0,39,Ohio,11764950,39141,Ross,76365.0,6.16049656491515,,2,2,1,2.0,1.0,0.0,0.0,1.0,1.0,0.0,1.0
2042329675.0,39,Ohio,11764950,39147,Seneca,54650.0,0.687850601084865,0.8039805869000001,1,3,1,2.0,0.0,0.0,0.0,0.0,0.0,1.0,0.0
2025364095.0,39,Ohio,11764950,39101,Marion,64538.0,0.29226129692664,,1,2,1,2.0,0.0,0.0,0.0,1.0,0.0,0.0,0.0
2030897745.0,39,Ohio,11764950,39089,Licking,181702.0,6.96751487511567,,1,1,1,2.0,1.0,1.0,1.0,1.0,1.0,0.0,1.0
2016975807.0,20,Kansas,2938034,20085,Jackson,13292.0,0.350892970861575,0.6524982092,1,2,1,2.0,1.0,1.0,1.0,1.0,0.0,1.0,1.0
2034659341.0,20,Kansas,2938034,20169,Saline,53463.0,3.87225070917227,,1,2,2,2.0,0.0,1.0,0.0,1.0,0.0,0.0,1.0
2045206225.0,20,Kansas,2938034,20177,Shawnee,177522.0,0.990515469354383,1.0965391965,2,6,1,2.0,1.0,1.0,1.0,1.0,0.0,1.0,1.0
2003680117.0,20,Kansas,2938034,20177,Shawnee,177522.0,0.770360590943026,0.6460485433,2,5,1,2.0,1.0,1.0,1.0,1.0,1.0,0.0,1.0
2010463575.0,20,Kansas,2938034,20091,Johnson,619693.0,0.993270808322004,1.4679467218,2,2,1,2.0,0.0,0.0,0.0,0.0,0.0,1.0,0.0
2029543989.0,20,Kansas,2938034,20177,Shawnee,177522.0,15.0614388091749,,2,2,1,2.0,0.0,1.0,1.0,1.0,0.0,1.0,0.0
2021279947.0,20,Kansas,2938034,20091,Johnson,619693.0,1.1010836165742,,2,3,2,2.0,1.0,0.0,0.0,0.0,0.0,0.0,0.0
2029564783.0,20,Kansas,2938034,20173,Sedgwick,525420.0,1.77964021948187,,2,2,2,2.0,1.0,0.0,1.0,1.0,1.0,1.0,1.0
1995873293.0,20,Kansas,2938034,20073,Greenwood,5899.0,1.09474497587928,4.6263199535,2,3,1,2.0,0.0,0.0,0.0,0.0,1.0,1.0,0.0
2013415409.0,20,Kansas,2938034,20209,Wyandotte,166084.0,0.962402794558611,,2,6,1,2.0,0.0,1.0,1.0,0.0,1.0,1.0,1.0
2029608957.0,20,Kansas,2938034,20177,Shawnee,177522.0,4.51119571616321,,1,2,1,2.0,1.0,1.0,0.0,1.0,1.0,1.0,1.0
2029574297.0,20,Kansas,2938034,20053,Ellsworth,6392.0,0.625737472766569,1.058968981,2,2,1,2.0,1.0,1.0,1.0,1.0,1.0,0.0,1.0
2032681283.0,20,Kansas,2938034,20169,Saline,53463.0,4.08485890282184,,2,2,1,2.0,1.0,1.0,1.0,1.0,1.0,1.0,1.0
2034525439.0,20,Kansas,2938034,20147,Phillips,4803.0,9.06798393896144,,1,2,1,2.0,0.0,0.0,0.0,0.0,0.0,0.0,0.0
2031752893.0,20,Kansas,2938034,20091,Johnson,619693.0,2.27023617403378,2.1137492887000002,1,3,1,2.0,0.0,0.0,0.0,0.0,0.0,1.0,0.0
2036192917.0,20,Kansas,2938034,20173,Sedgwick,525420.0,3.58447941013232,1.8000827255,1,2,1,2.0,1.0,1.0,1.0,1.0,1.0,1.0,1.0
2031151997.0,20,Kansas,2938034,20203,Wichita,2064.0,0.217731816915093,,2,1,1,2.0,1.0,1.0,1.0,1.0,1.0,1.0,1.0
2028900345.0,20,Kansas,2938034,20173,Sedgwick,525420.0,1.76639857063134,2.4151696811,2,5,1,2.0,1.0,1.0,1.0,1.0,1.0,0.0,1.0
2030473361.0,20,Kansas,2938034,20173,Sedgwick,525420.0,0.721168529147225,,2,1,2,2.0,1.0,1.0,0.0,0.0,0.0,0.0,1.0
1998431537.0,20,Kansas,2938034,20161,Riley,71587.0,4.13773103438494,,1,3,1,2.0,0.0,0.0,0.0,0.0,1.0,0.0,0.0
2011646395.0,20,Kansas,2938034,20149,Pottawatomie,26334.0,0.526812236901442,0.345416345,1,2,1,2.0,1.0,0.0,1.0,1.0,1.0,1.0,0.0
2026759081.0,20,Kansas,2938034,20173,Sedgwick,525420.0,1.32195941037325,1.880608086,2,2,1,2.0,0.0,0.0,0.0,1.0,1.0,1.0,0.0
2038802753.0,20,Kansas,2938034,20201,Washington,5510.0,0.464536619144536,,1,3,1,2.0,0.0,0.0,0.0,1.0,0.0,0.0,0.0
2032933871.0,20,Kansas,2938034,20077,Harper,5378.0,4.07284799311092,,1,2,1,2.0,0.0,1.0,1.0,1.0,1.0,1.0,1.0
1998406527.0,20,Kansas,2938034,20173,Sedgwick,525420.0,2.27023617403378,2.1137492887000002,1,3,1,2.0,0.0,0.0,0.0,0.0,0.0,1.0,0.0
2029804095.0,20,Kansas,2938034,20045,Douglas,119941.0,7.82766125141869,,2,3,1,2.0,1.0,0.0,1.0,0.0,1.0,0.0,1.0
2011058857.0,27,Minnesota,5727565,27025,Chisago,57998.0,1.0139064069543,0.9891206913,1,2,1,2.0,1.0,0.0,0.0,0.0,1.0,1.0,0.0
2033169765.0,27,Minnesota,5727565,27109,Olmsted,163908.0,1.46514605888151,1.2625829627,1,4,1,2.0,1.0,1.0,1.0,1.0,1.0,1.0,1.0
2038239519.0,27,Minnesota,5727565,27047,Freeborn,30696.0,2.44156884911464,,1,2,1,2.0,0.0,1.0,1.0,0.0,1.0,1.0,1.0
2021958721.0,27,Minnesota,5727565,27053,Hennepin,1262045.0,0.667589330010877,0.7535072661000001,2,5,1,2.0,1.0,1.0,1.0,1.0,1.0,0.0,1.0
2021227889.0,27,Minnesota,5727565,27053,Hennepin,1262045.0,1.77458936040876,2.1390527698,1,6,1,2.0,0.0,0.0,0.0,0.0,0.0,1.0,0.0
2012830523.0,27,Minnesota,5727565,27053,Hennepin,1262045.0,3.68159837082066,2.2186371654,1,1,1,2.0,1.0,1.0,1.0,1.0,0.0,0.0,1.0
2015132505.0,27,Minnesota,5727565,27049,Goodhue,48103.0,2.36182829988102,2.740371892,1,6,1,2.0,0.0,0.0,0.0,0.0,0.0,1.0,0.0
2039374679.0,27,Minnesota,5727565,27053,Hennepin,1262045.0,1.46514605888151,,1,3,1,2.0,1.0,1.0,1.0,1.0,1.0,0.0,1.0
2032929921.0,27,Minnesota,5727565,27137,St. Louis,200567.0,1.64270773782299,1.6012669305,2,4,1,2.0,1.0,1.0,1.0,1.0,1.0,0.0,1.0
2016461481.0,27,Minnesota,5727565,27009,Benton,41533.0,2.10688000632342,1.8287840787,1,5,1,2.0,0.0,0.0,0.0,0.0,0.0,1.0,0.0
2013229891.0,27,Minnesota,5727565,27137,St. Louis,200567.0,10.0320922775458,5.0983711818,1,1,1,2.0,0.0,0.0,0.0,0.0,0.0,0.0,0.0
1996005979.0,27,Minnesota,5727565,27123,Ramsey,538375.0,1.75092049999581,1.6884019451,1,5,1,2.0,0.0,0.0,0.0,1.0,0.0,1.0,0.0
2001231329.0,27,Minnesota,5727565,27095,Mille Lacs,27287.0,3.61784484548308,1.1923220751999999,3,5,1,2.0,1.0,1.0,1.0,1.0,1.0,0.0,1.0
2010169763.0,27,Minnesota,5727565,27007,Beltrami,46687.0,0.666090534681146,0.9605979631,1,4,1,2.0,1.0,1.0,1.0,1.0,1.0,0.0,1.0
2013553351.0,27,Minnesota,5727565,27007,Beltrami,46687.0,1.04544925553585,1.261951436,1,4,1,2.0,0.0,0.0,0.0,0.0,1.0,1.0,0.0
2043485817.0,27,Minnesota,5727565,27141,Sherburne,100972.0,0.263273907288037,1.064936371,2,2,2,2.0,1.0,1.0,1.0,1.0,1.0,0.0,1.0
2016591733.0,27,Minnesota,5727565,27053,Hennepin,1262045.0,1.17744128616039,1.0954381608000001,2,5,1,2.0,0.0,0.0,0.0,0.0,0.0,1.0,0.0
2011365503.0,27,Minnesota,5727565,27053,Hennepin,1262045.0,2.56979135893127,,2,5,1,2.0,1.0,0.0,0.0,0.0,1.0,1.0,0.0
1998107565.0,27,Minnesota,5727565,27139,Scott,154819.0,4.94072933228088,1.190648565,2,4,1,2.0,0.0,1.0,1.0,1.0,0.0,1.0,0.0
2037429041.0,27,Minnesota,5727565,27123,Ramsey,538375.0,1.86009712006429,0.6915020125,1,5,1,2.0,1.0,1.0,1.0,1.0,1.0,0.0,1.0
2013852973.0,27,Minnesota,5727565,27127,Redwood,15365.0,1.92505664725245,1.3845340931,1,5,1,2.0,1.0,1.0,1.0,1.0,1.0,1.0,1.0
2033967479.0,27,Minnesota,5727565,27037,Dakota,444023.0,1.56707473466502,1.4033819023,2,5,1,2.0,0.0,0.0,0.0,0.0,0.0,1.0,0.0
2037199565.0,27,Minnesota,5727565,27163,Washington,276249.0,0.934133013824602,0.9288725526,1,3,1,2.0,0.0,0.0,0.0,0.0,0.0,1.0,0.0
1999137647.0,27,Minnesota,5727565,27015,Brown,25703.0,0.760458066653901,0.6922455145,2,2,1,2.0,1.0,1.0,0.0,1.0,1.0,0.0,1.0
2021962985.0,27,Minnesota,5727565,27123,Ramsey,538375.0,0.550849496470592,0.48503328360000003,2,4,1,2.0,1.0,1.0,1.0,1.0,1.0,0.0,1.0
2044024131.0,27,Minnesota,5727565,27157,Wabasha,21650.0,4.6945752894122,,1,2,1,2.0,1.0,1.0,0.0,1.0,1.0,0.0,1.0
2014053611.0,27,Minnesota,5727565,27037,Dakota,444023.0,1.31557611125697,1.3179163265,1,5,1,2.0,0.0,0.0,0.0,0.0,0.0,1.0,0.0
1996041667.0,27,Minnesota,5727565,27053,Hennepin,1262045.0,0.965534192692485,,2,6,1,2.0,1.0,1.0,1.0,1.0,1.0,0.0,1.0
2040054663.0,27,Minnesota,5727565,27053,Hennepin,1262045.0,0.219689996173196,0.6847896117000001,1,3,1,2.0,1.0,1.0,1.0,1.0,1.0,1.0,1.0
2039090303.0,27,Minnesota,5727565,27003,Anoka,369468.0,0.514804776474487,1.9765751361000001,1,2,1,2.0,1.0,1.0,1.0,1.0,1.0,0.0,1.0
2016413669.0,27,Minnesota,5727565,27139,Scott,154819.0,0.622584228578867,0.5099514070000001,2,5,1,2.0,1.0,1.0,1.0,1.0,1.0,0.0,1.0
2018891369.0,27,Minnesota,5727565,27163,Washington,276249.0,1.86031474036359,1.9909205491000002,2,5,1,2.0,0.0,1.0,1.0,1.0,1.0,1.0,1.0
2010724111.0,27,Minnesota,5727565,27037,Dakota,444023.0,0.7455163891908,0.5726061876,2,5,1,2.0,1.0,1.0,1.0,1.0,1.0,0.0,1.0
2037618831.0,27,Minnesota,5727565,27107,Norman,6356.0,1.38651493066639,1.1327781017,2,4,1,2.0,0.0,0.0,0.0,0.0,0.0,1.0,0.0
2015542211.0,27,Minnesota,5727565,27037,Dakota,444023.0,3.48709767080907,,1,2,1,2.0,0.0,0.0,1.0,0.0,1.0,1.0,1.0
1994098323.0,27,Minnesota,5727565,27053,Hennepin,1262045.0,0.642556495881638,0.5577117881,1,5,1,2.0,1.0,1.0,1.0,1.0,1.0,0.0,1.0
2031080559.0,27,Minnesota,5727565,27031,Cook,5718.0,10.7460061906804,,1,2,3,,1.0,1.0,1.0,1.0,1.0,0.0,1.0
2043752821.0,27,Minnesota,5727565,27163,Washington,276249.0,1.18100324002066,,1,5,4,2.0,1.0,1.0,1.0,1.0,1.0,0.0,1.0
2012046621.0,27,Minnesota,5727565,27053,Hennepin,1262045.0,0.195597175493327,0.24918679900000001,2,5,2,2.0,1.0,1.0,1.0,1.0,1.0,0.0,1.0
1995220481.0,27,Minnesota,5727565,27053,Hennepin,1262045.0,2.06345325208121,2.5145096784,1,6,1,2.0,1.0,0.0,0.0,0.0,0.0,1.0,0.0
2042329277.0,27,Minnesota,5727565,27037,Dakota,444023.0,0.888504916965756,0.9653292156000001,2,5,1,2.0,1.0,1.0,1.0,1.0,1.0,0.0,1.0
2043095065.0,27,Minnesota,5727565,27157,Wabasha,21650.0,1.04544925553585,,1,3,1,2.0,0.0,0.0,0.0,0.0,0.0,1.0,0.0
2018044853.0,27,Minnesota,5727565,27157,Wabasha,21650.0,1.60252822851424,2.8677722728,2,2,1,2.0,0.0,0.0,0.0,1.0,0.0,1.0,0.0
2027622971.0,27,Minnesota,5727565,27145,Stearns,160119.0,0.945444186479026,,1,2,4,2.0,1.0,1.0,0.0,1.0,1.0,0.0,1.0
2015354563.0,27,Minnesota,5727565,27037,Dakota,444023.0,0.268684600137013,0.35724913620000004,1,5,7,2.0,0.0,0.0,0.0,0.0,0.0,1.0,0.0
2013765745.0,27,Minnesota,5727565,27037,Dakota,444023.0,0.870122959630193,0.9709957092,2,4,1,2.0,0.0,1.0,0.0,0.0,1.0,1.0,1.0
1999393593.0,27,Minnesota,5727565,27003,Anoka,369468.0,1.58303075759903,1.4274944435,1,5,1,2.0,0.0,0.0,0.0,0.0,0.0,1.0,0.0
1998264597.0,27,Minnesota,5727565,27053,Hennepin,1262045.0,1.31557611125697,1.3179163265,1,5,1,2.0,0.0,1.0,0.0,0.0,1.0,1.0,0.0
2038666287.0,27,Minnesota,5727565,27145,Stearns,160119.0,5.31662975870528,,1,1,1,2.0,1.0,1.0,1.0,1.0,1.0,0.0,1.0
2002144329.0,27,Minnesota,5727565,27145,Stearns,160119.0,4.72252437359557,,1,6,1,2.0,1.0,1.0,1.0,1.0,1.0,0.0,1.0
2011153339.0,27,Minnesota,5727565,27003,Anoka,369468.0,2.40437499106197,1.8876240051000002,2,4,1,2.0,0.0,0.0,0.0,0.0,0.0,0.0,0.0
2018441527.0,55,Wisconsin,5903472,55039,Fond du Lac,104103.0,1.09162443372372,,2,2,1,2.0,0.0,0.0,0.0,0.0,0.0,1.0,0.0
2009934627.0,55,Wisconsin,5903472,55133,Waukesha,410846.0,3.98125323225353,,2,5,4,2.0,0.0,0.0,0.0,0.0,0.0,1.0,0.0
2001875515.0,55,Wisconsin,5903472,55039,Fond du Lac,104103.0,1.07295991741897,1.1848921064,1,3,1,2.0,0.0,0.0,0.0,0.0,0.0,1.0,0.0
2020164635.0,55,Wisconsin,5903472,55101,Racine,196642.0,0.515379315367048,,2,2,1,2.0,0.0,0.0,0.0,0.0,0.0,1.0,1.0
2013553773.0,55,Wisconsin,5903472,55141,Wood,73879.0,1.63229306360263,,2,5,1,2.0,1.0,1.0,0.0,0.0,1.0,0.0,1.0
2026985373.0,55,Wisconsin,5903472,55141,Wood,73879.0,4.35398691165942,,1,2,1,2.0,0.0,1.0,1.0,1.0,0.0,0.0,0.0
2040579423.0,55,Wisconsin,5903472,55141,Wood,73879.0,4.65243886135864,,1,3,1,2.0,1.0,1.0,1.0,1.0,1.0,1.0,1.0
1999872335.0,55,Wisconsin,5903472,55105,Rock,163954.0,1.71646414709133,1.7943278806,1,3,1,2.0,0.0,0.0,0.0,0.0,1.0,1.0,0.0
2040066775.0,55,Wisconsin,5903472,55101,Racine,196642.0,1.83818628738026,1.6558952866999999,1,5,1,2.0,0.0,0.0,0.0,0.0,0.0,1.0,0.0
2037147325.0,55,Wisconsin,5903472,55079,Milwaukee,921471.0,0.515985975485825,,1,3,1,2.0,1.0,1.0,1.0,1.0,1.0,0.0,1.0
2027308849.0,55,Wisconsin,5903472,55141,Wood,73879.0,4.35398691165942,,1,2,1,2.0,1.0,1.0,1.0,0.0,1.0,1.0,1.0
2026879207.0,55,Wisconsin,5903472,55095,Polk,45590.0,2.20746600174168,,2,2,1,2.0,1.0,0.0,1.0,1.0,1.0,1.0,0.0
2028653841.0,55,Wisconsin,5903472,55079,Milwaukee,921471.0,5.87106556355902,,1,3,3,,1.0,0.0,0.0,1.0,0.0,0.0,1.0
2031220725.0,55,Wisconsin,5903472,55105,Rock,163954.0,0.671432257764598,0.9044558415,1,4,1,2.0,1.0,1.0,1.0,1.0,1.0,1.0,1.0
1993386523.0,55,Wisconsin,5903472,55079,Milwaukee,921471.0,10.3283625646008,,1,3,1,2.0,0.0,0.0,0.0,0.0,0.0,1.0,0.0
2043281217.0,55,Wisconsin,5903472,55121,Trempealeau,30923.0,1.47542286978191,,1,1,1,2.0,1.0,1.0,1.0,1.0,1.0,0.0,1.0
2022123705.0,55,Wisconsin,5903472,55009,Brown,270667.0,2.11339361161429,,1,3,1,2.0,0.0,1.0,1.0,1.0,1.0,1.0,1.0
2034108551.0,55,Wisconsin,5903472,55139,Winnebago,170984.0,1.40424612676056,1.4760686148,2,5,1,2.0,0.0,0.0,0.0,0.0,0.0,1.0,0.0
2013474187.0,55,Wisconsin,5903472,55011,Buffalo,13402.0,1.20045153395865,0.6660281796,2,4,1,2.0,1.0,1.0,1.0,1.0,1.0,1.0,1.0
1991219301.0,55,Wisconsin,5903472,55043,Grant,51326.0,0.489333462058566,0.49338953550000003,1,6,1,2.0,1.0,1.0,1.0,1.0,0.0,0.0,1.0
2015954961.0,55,Wisconsin,5903472,55133,Waukesha,410846.0,1.83818628738026,1.6558952866999999,1,5,1,2.0,0.0,1.0,0.0,1.0,0.0,1.0,1.0
2015844491.0,55,Wisconsin,5903472,55097,Portage,70764.0,2.64781511515803,,2,2,1,2.0,0.0,0.0,0.0,0.0,0.0,0.0,0.0
2013573235.0,55,Wisconsin,5903472,55007,Bayfield,16672.0,0.663828827542265,0.5892745703,2,5,1,2.0,1.0,1.0,1.0,1.0,1.0,0.0,1.0
2012318601.0,55,Wisconsin,5903472,55055,Jefferson,85883.0,0.524961733569728,0.5778509951,2,2,1,2.0,1.0,1.0,0.0,1.0,1.0,0.0,1.0
2011104555.0,55,Wisconsin,5903472,55017,Chippewa,66774.0,0.524961733569728,0.5778509951,2,2,1,2.0,1.0,1.0,1.0,0.0,0.0,0.0,1.0
2017109577.0,55,Wisconsin,5903472,55079,Milwaukee,921471.0,0.471967671124812,0.4671691196,1,5,1,2.0,1.0,1.0,1.0,1.0,1.0,0.0,1.0
2013800663.0,55,Wisconsin,5903472,55131,Washington,138062.0,1.71646414709133,1.7943278806,1,4,1,2.0,0.0,0.0,0.0,0.0,0.0,1.0,0.0
2043485415.0,55,Wisconsin,5903472,55067,Langlade,19510.0,4.47195299389056,4.0143348807,2,1,1,2.0,0.0,1.0,0.0,0.0,0.0,1.0,0.0
2004271473.0,55,Wisconsin,5903472,55025,Dane,570754.0,4.27849453818285,,1,2,2,2.0,1.0,1.0,1.0,1.0,1.0,0.0,1.0
2012731593.0,55,Wisconsin,5903472,55133,Waukesha,410846.0,0.532939855112912,,2,1,1,2.0,1.0,1.0,1.0,1.0,1.0,1.0,1.0
2012090307.0,55,Wisconsin,5903472,55079,Milwaukee,921471.0,0.698792709513979,0.7104761159,3,6,1,2.0,1.0,1.0,1.0,1.0,1.0,0.0,1.0
2017325085.0,55,Wisconsin,5903472,55019,Clark,34772.0,0.395932953810442,,2,3,1,2.0,0.0,1.0,0.0,0.0,0.0,0.0,0.0
2014365875.0,55,Wisconsin,5903472,55101,Racine,196642.0,1.1939164966231,1.7038261157,2,5,1,2.0,1.0,1.0,1.0,1.0,1.0,1.0,1.0
2028967901.0,55,Wisconsin,5903472,55073,Marathon,138207.0,0.845500713873659,0.7327144699,2,2,1,2.0,0.0,1.0,0.0,0.0,1.0,1.0,1.0
2042738769.0,55,Wisconsin,5903472,55079,Milwaukee,921471.0,0.857195866827063,,1,1,1,2.0,0.0,1.0,0.0,1.0,0.0,1.0,1.0
2011728873.0,55,Wisconsin,5903472,55079,Milwaukee,921471.0,1.09162443372372,1.0086131303,2,2,1,2.0,1.0,1.0,1.0,1.0,0.0,1.0,0.0
2031250843.0,55,Wisconsin,5903472,55079,Milwaukee,921471.0,2.48116570820053,,2,3,6,2.0,1.0,1.0,1.0,1.0,1.0,0.0,1.0
1992991197.0,55,Wisconsin,5903472,55115,Shawano,40976.0,0.906555374044316,0.8524606351,1,5,1,2.0,0.0,0.0,0.0,0.0,1.0,1.0,0.0
2011357211.0,55,Wisconsin,5903472,55109,St. Croix,96116.0,3.95304493682652,1.660970744,2,6,1,2.0,1.0,1.0,0.0,0.0,1.0,1.0,0.0
2013783725.0,55,Wisconsin,5903472,55109,St. Croix,96116.0,1.53781653252065,1.6414260905,2,5,1,2.0,1.0,1.0,1.0,1.0,1.0,0.0,1.0
1995342821.0,55,Wisconsin,5903472,55101,Racine,196642.0,1.38038969626926,1.1263512835,2,5,1,2.0,0.0,0.0,0.0,0.0,0.0,1.0,0.0
2026683581.0,55,Wisconsin,5903472,55117,Sheboygan,117787.0,1.09162443372372,,2,2,1,2.0,0.0,1.0,0.0,0.0,1.0,1.0,0.0
2030935721.0,55,Wisconsin,5903472,55039,Fond du Lac,104103.0,2.11660680329179,1.4584176036,1,3,1,2.0,0.0,0.0,0.0,0.0,0.0,1.0,0.0
2034498993.0,55,Wisconsin,5903472,55073,Marathon,138207.0,0.440181608632557,0.4506231134,2,2,1,2.0,1.0,1.0,1.0,0.0,1.0,0.0,1.0
2015981437.0,55,Wisconsin,5903472,55011,Buffalo,13402.0,1.44810408143545,1.0638024104000001,1,2,1,2.0,0.0,0.0,0.0,0.0,1.0,1.0,0.0
2023375241.0,55,Wisconsin,5903472,55111,Sauk,65944.0,1.22021819777252,1.0712431783,2,4,1,2.0,0.0,0.0,0.0,0.0,0.0,1.0,0.0
2014291843.0,55,Wisconsin,5903472,55009,Brown,270667.0,1.44810408143545,0.8010927827000001,1,2,1,2.0,0.0,1.0,1.0,0.0,0.0,1.0,0.0
1994780875.0,55,Wisconsin,5903472,55133,Waukesha,410846.0,1.28968689769058,1.4005989604,1,4,1,2.0,0.0,1.0,0.0,0.0,1.0,1.0,0.0
1998948121.0,55,Wisconsin,5903472,55133,Waukesha,410846.0,1.82993647398207,1.3226531182999999,2,3,1,2.0,1.0,1.0,1.0,1.0,1.0,0.0,1.0
2029200983.0,55,Wisconsin,5903472,55009,Brown,270667.0,1.07295991741897,,1,3,1,2.0,0.0,1.0,1.0,0.0,1.0,1.0,0.0
2045887303.0,55,Wisconsin,5903472,55033,Dunn,45648.0,1.41696318202082,1.1144647053,1,5,3,,0.0,0.0,0.0,0.0,1.0,1.0,0.0
2017433437.0,55,Wisconsin,5903472,55079,Milwaukee,921471.0,1.92730401579757,1.3628528782,1,2,1,2.0,0.0,1.0,1.0,0.0,1.0,1.0,0.0
2034712913.0,55,Wisconsin,5903472,55087,Outagamie,192510.0,0.22145180340909,0.9018893421,1,3,1,2.0,1.0,1.0,1.0,1.0,1.0,0.0,1.0
2036102057.0,54,West Virginia,1774003,54055,Mercer,58617.0,1.84272938119914,1.1543679624,1,3,1,2.0,1.0,1.0,0.0,0.0,1.0,1.0,1.0
2018832819.0,54,West Virginia,1774003,54039,Kanawha,175864.0,0.690849395920217,,2,2,1,2.0,1.0,1.0,0.0,0.0,1.0,1.0,1.0
2029059287.0,54,West Virginia,1774003,54027,Hampshire,23465.0,0.577069669962186,,2,4,2,2.0,1.0,1.0,1.0,1.0,1.0,1.0,0.0
2031474133.0,54,West Virginia,1774003,54037,Jefferson,58935.0,1.0545566477232,,1,2,1,2.0,1.0,1.0,1.0,1.0,1.0,1.0,1.0
2038247021.0,54,West Virginia,1774003,54011,Cabell,92492.0,1.15341790709219,0.8856864687,2,3,1,2.0,0.0,0.0,0.0,0.0,0.0,1.0,0.0
1999562185.0,54,West Virginia,1774003,54069,Ohio,41503.0,1.11154223333584,0.6933911758,2,6,1,2.0,0.0,0.0,0.0,0.0,0.0,1.0,0.0
2036926661.0,54,West Virginia,1774003,54039,Kanawha,175864.0,2.81846757601753,1.0228389261,2,5,4,2.0,1.0,1.0,1.0,1.0,1.0,1.0,1.0
1992864251.0,54,West Virginia,1774003,54061,Monongalia,106809.0,0.943330476380343,1.0221242888,2,5,1,2.0,1.0,1.0,1.0,1.0,1.0,0.0,1.0
2036288043.0,54,West Virginia,1774003,54039,Kanawha,175864.0,4.00997094332301,,1,2,1,2.0,0.0,1.0,0.0,0.0,0.0,1.0,0.0
1998334909.0,54,West Virginia,1774003,54055,Mercer,58617.0,0.58714837435606,,1,2,1,2.0,0.0,0.0,0.0,0.0,0.0,0.0,0.0
2010171125.0,54,West Virginia,1774003,54025,Greenbrier,32356.0,5.80251144273469,1.5164567328,2,2,1,2.0,1.0,0.0,0.0,0.0,0.0,1.0,0.0
1983889169.0,54,West Virginia,1774003,54005,Boone,20927.0,8.52248623978926,,2,2,1,2.0,1.0,1.0,1.0,1.0,1.0,1.0,1.0
2015151619.0,54,West Virginia,1774003,54039,Kanawha,175864.0,0.204864028988436,1.3747730876,2,2,1,2.0,1.0,1.0,1.0,1.0,0.0,1.0,1.0
2011288423.0,54,West Virginia,1774003,54053,Mason,24930.0,10.4867565408134,6.6088192368000005,1,1,1,2.0,1.0,0.0,0.0,0.0,1.0,1.0,0.0
2008633249.0,54,West Virginia,1774003,54039,Kanawha,175864.0,3.09597215308905,,1,5,1,2.0,1.0,1.0,1.0,1.0,1.0,1.0,1.0
2014371011.0,54,West Virginia,1774003,54055,Mercer,58617.0,0.513445314529855,1.0264987336,1,5,2,2.0,1.0,1.0,1.0,0.0,1.0,0.0,1.0
2013412633.0,30,Montana,1121533,30063,Missoula,120859.0,0.352926173719015,0.32079301250000003,2,3,7,2.0,1.0,1.0,1.0,1.0,1.0,0.0,1.0
2036914391.0,30,Montana,1121533,30023,Deer Lodge,9529.0,5.5381052909503,,2,3,1,2.0,1.0,1.0,0.0,1.0,1.0,1.0,1.0
2042329467.0,30,Montana,1121533,30053,Lincoln,21457.0,1.15996326985539,0.9689578882000001,1,5,1,2.0,0.0,0.0,0.0,0.0,0.0,1.0,0.0
2031364473.0,30,Montana,1121533,30001,Beaverhead,9738.0,0.651660333852011,0.6908899540000001,2,3,1,2.0,1.0,1.0,1.0,1.0,0.0,0.0,1.0
1999941973.0,30,Montana,1121533,30013,Cascade,84908.0,15.0614388091749,11.2967010487,1,2,1,2.0,0.0,0.0,0.0,0.0,0.0,0.0,0.0
2011032659.0,30,Montana,1121533,30063,Missoula,120859.0,0.916648121945408,1.9819708675,1,5,1,2.0,1.0,1.0,1.0,1.0,1.0,0.0,1.0
2042330535.0,30,Montana,1121533,30111,Yellowstone,169743.0,6.56307090920425,3.7495165318,2,5,1,2.0,1.0,1.0,0.0,0.0,0.0,1.0,1.0
1998772489.0,30,Montana,1121533,30063,Missoula,120859.0,2.80768307811495,,1,2,1,2.0,0.0,0.0,0.0,0.0,0.0,1.0,0.0
2013233111.0,30,Montana,1121533,30013,Cascade,84908.0,1.1903713622799,1.3693034408,2,2,1,2.0,0.0,1.0,0.0,0.0,0.0,1.0,0.0
2044346709.0,30,Montana,1121533,30111,Yellowstone,169743.0,5.08754046566924,,1,1,1,2.0,1.0,0.0,0.0,0.0,0.0,0.0,0.0
2042330643.0,40,Oklahoma,4025327,40109,Oklahoma,805035.0,1.04589160177565,1.1397244842,1,3,1,2.0,1.0,1.0,1.0,0.0,1.0,1.0,1.0
2016456653.0,40,Oklahoma,4025327,40045,Ellis,3687.0,0.132561723823667,,1,4,2,2.0,1.0,1.0,1.0,1.0,1.0,1.0,1.0
2031510145.0,40,Oklahoma,4025327,40017,Canadian,169473.0,1.82555332128278,1.9470374788,2,5,1,2.0,0.0,0.0,0.0,0.0,0.0,1.0,0.0
2019921909.0,40,Oklahoma,4025327,40109,Oklahoma,805035.0,0.595034285230104,0.6452832407,2,2,2,2.0,1.0,0.0,0.0,1.0,1.0,1.0,0.0
2034605727.0,40,Oklahoma,4025327,40123,Pontotoc,38061.0,0.801533470093034,0.7773503481,2,3,5,2.0,0.0,0.0,1.0,1.0,1.0,0.0,1.0
1993023483.0,40,Oklahoma,4025327,40111,Okmulgee,36939.0,2.87624100498958,,1,3,1,2.0,1.0,0.0,1.0,0.0,1.0,1.0,1.0
2002477311.0,40,Oklahoma,4025327,40109,Oklahoma,805035.0,0.610743034710914,0.6039414144,2,3,1,2.0,0.0,0.0,0.0,0.0,0.0,1.0,0.0
2030478133.0,40,Oklahoma,4025327,40027,Cleveland,299819.0,0.50221933224203,,2,3,3,,0.0,0.0,0.0,0.0,0.0,1.0,0.0
2011129533.0,40,Oklahoma,4025327,40047,Garfield,61970.0,0.714418524833544,0.40118424500000005,1,6,1,2.0,1.0,1.0,1.0,1.0,1.0,0.0,1.0
2031379155.0,40,Oklahoma,4025327,40077,Latimer,9573.0,0.445157647709519,0.6841408662,2,3,1,2.0,1.0,1.0,0.0,1.0,1.0,1.0,1.0
2015097495.0,40,Oklahoma,4025327,40143,Tulsa,679125.0,3.74248211912911,,1,2,1,2.0,1.0,1.0,1.0,1.0,1.0,0.0,1.0
2038712007.0,40,Oklahoma,4025327,40121,Pittsburg,43555.0,1.06677323509452,,2,3,5,2.0,0.0,1.0,0.0,1.0,0.0,1.0,0.0
2036918069.0,40,Oklahoma,4025327,40027,Cleveland,299819.0,0.811136069379308,,1,3,1,2.0,1.0,1.0,1.0,1.0,1.0,1.0,1.0
2021112841.0,40,Oklahoma,4025327,40013,Bryan,48218.0,2.94352194632227,,2,3,1,2.0,1.0,1.0,0.0,0.0,1.0,1.0,1.0
2034713659.0,40,Oklahoma,4025327,40143,Tulsa,679125.0,10.0501885152304,,1,3,5,2.0,1.0,1.0,1.0,1.0,1.0,0.0,0.0
2013236529.0,40,Oklahoma,4025327,40143,Tulsa,679125.0,1.21256975848184,0.9801018130000001,1,5,1,2.0,0.0,1.0,1.0,0.0,1.0,1.0,0.0
2011317747.0,40,Oklahoma,4025327,40109,Oklahoma,805035.0,0.131106070384308,0.9246701001000001,2,3,1,2.0,1.0,1.0,1.0,1.0,1.0,0.0,1.0
2038008687.0,40,Oklahoma,4025327,40097,Mayes,39574.0,0.776517018887551,,1,2,1,2.0,0.0,1.0,1.0,0.0,1.0,1.0,0.0
2037033709.0,40,Oklahoma,4025327,40027,Cleveland,299819.0,0.729484249335343,,1,3,2,2.0,1.0,1.0,1.0,1.0,1.0,0.0,1.0
2038137513.0,40,Oklahoma,4025327,40109,Oklahoma,805035.0,1.05439591296456,,1,2,3,1.0,1.0,1.0,0.0,1.0,0.0,0.0,1.0
2038064903.0,40,Oklahoma,4025327,40027,Cleveland,299819.0,10.7295407097547,,1,2,2,2.0,1.0,1.0,1.0,1.0,1.0,0.0,1.0
2042352465.0,40,Oklahoma,4025327,40143,Tulsa,679125.0,1.64737435577772,1.191772359,2,6,2,2.0,1.0,1.0,1.0,1.0,1.0,1.0,1.0
2011924351.0,40,Oklahoma,4025327,40089,McCurtain,30877.0,1.96419250142465,,2,3,1,2.0,1.0,1.0,1.0,0.0,0.0,1.0,1.0
2039997901.0,40,Oklahoma,4025327,40027,Cleveland,299819.0,0.870197568225836,0.9818179796000001,1,5,1,2.0,1.0,1.0,1.0,1.0,1.0,1.0,1.0
2028291281.0,40,Oklahoma,4025327,40021,Cherokee,48009.0,0.842401979078001,,1,2,1,2.0,0.0,0.0,1.0,0.0,0.0,1.0,0.0
2017087047.0,40,Oklahoma,4025327,40143,Tulsa,679125.0,0.27228375560949,0.4767328993,2,6,1,2.0,1.0,1.0,1.0,1.0,1.0,0.0,1.0
2026993313.0,40,Oklahoma,4025327,40109,Oklahoma,805035.0,5.81305463509018,,2,3,2,2.0,0.0,1.0,0.0,0.0,1.0,1.0,0.0
2014159365.0,40,Oklahoma,4025327,40109,Oklahoma,805035.0,0.882990740570484,0.5221791757,2,5,1,2.0,1.0,1.0,1.0,1.0,1.0,0.0,1.0
2011824483.0,40,Oklahoma,4025327,40031,Comanche,122353.0,0.993530876765198,0.9491210464000001,1,5,1,2.0,0.0,0.0,0.0,0.0,0.0,1.0,0.0
2012645077.0,40,Oklahoma,4025327,40109,Oklahoma,805035.0,4.37878790279012,,1,2,1,2.0,0.0,0.0,0.0,0.0,0.0,1.0,0.0
1998729191.0,40,Oklahoma,4025327,40047,Garfield,61970.0,0.754355204843202,,1,2,1,2.0,0.0,0.0,0.0,0.0,0.0,1.0,0.0
2021566299.0,40,Oklahoma,4025327,40083,Logan,52035.0,0.980147958838844,0.9500597589,1,3,1,2.0,0.0,0.0,0.0,0.0,0.0,1.0,0.0
2038718319.0,40,Oklahoma,4025327,40087,McClain,45423.0,0.669345603410209,0.8158115506,2,4,1,2.0,0.0,1.0,0.0,1.0,1.0,1.0,1.0
2030539471.0,40,Oklahoma,4025327,40027,Cleveland,299819.0,2.312555345284,,2,2,1,2.0,1.0,1.0,1.0,1.0,1.0,1.0,1.0
2024195667.0,40,Oklahoma,4025327,40135,Sequoyah,39769.0,0.229413379517992,,1,2,1,2.0,0.0,0.0,0.0,0.0,0.0,1.0,1.0
2016117141.0,40,Oklahoma,4025327,40143,Tulsa,679125.0,3.05692910795148,,2,3,1,2.0,,1.0,1.0,1.0,1.0,1.0,
2013931031.0,16,Idaho,1942951,16057,Latah,41211.0,1.50174726030302,2.5645235674,1,2,3,1.0,1.0,1.0,1.0,1.0,1.0,0.0,1.0
2005943779.0,16,Idaho,1942951,16001,Ada,520365.0,2.23505759139594,1.1387814652000001,2,6,1,,1.0,0.0,0.0,0.0,1.0,0.0,0.0
2039352685.0,16,Idaho,1942951,16001,Ada,520365.0,1.21566821398756,0.621396818,2,3,1,2.0,1.0,1.0,1.0,1.0,1.0,0.0,1.0
2002225863.0,16,Idaho,1942951,16027,Canyon,251397.0,1.13300458753979,1.5241200951,1,5,1,2.0,0.0,0.0,0.0,0.0,0.0,1.0,0.0
2025239561.0,16,Idaho,1942951,16083,Twin Falls,93890.0,1.408559959282,,2,2,1,2.0,0.0,0.0,0.0,0.0,1.0,1.0,0.0
2031398343.0,16,Idaho,1942951,16029,Caribou,7201.0,0.59381167006474,,2,3,1,2.0,1.0,1.0,1.0,1.0,1.0,1.0,1.0
2015281081.0,16,Idaho,1942951,16055,Kootenai,183512.0,0.672849475190091,0.5685827843,1,2,1,2.0,1.0,1.0,0.0,1.0,0.0,1.0,1.0
2040026573.0,16,Idaho,1942951,16027,Canyon,251397.0,6.22392335952441,,2,2,1,2.0,1.0,1.0,1.0,1.0,1.0,1.0,0.0
2010563123.0,16,Idaho,1942951,16001,Ada,520365.0,1.04048770123614,1.8474399121,2,5,1,2.0,1.0,1.0,1.0,1.0,0.0,1.0,1.0
2040053717.0,16,Idaho,1942951,16065,Madison,55251.0,1.18635563158416,1.8756007432000001,1,4,1,2.0,0.0,0.0,0.0,0.0,0.0,1.0,0.0
2029068705.0,16,Idaho,1942951,16055,Kootenai,183512.0,1.30914956800411,1.4565332798,1,2,1,2.0,1.0,1.0,1.0,0.0,0.0,0.0,1.0
2037401913.0,16,Idaho,1942951,16055,Kootenai,183512.0,0.949454905202004,0.7579330168,1,3,1,2.0,0.0,0.0,0.0,0.0,1.0,1.0,0.0
2021379501.0,16,Idaho,1942951,16069,Nez Perce,42998.0,0.505943964845253,0.9126271509,1,5,1,2.0,1.0,1.0,1.0,1.0,1.0,1.0,1.0
2039699839.0,16,Idaho,1942951,16055,Kootenai,183512.0,0.949454905202004,0.7579330168,1,3,1,2.0,0.0,0.0,0.0,0.0,0.0,1.0,0.0
2045755345.0,16,Idaho,1942951,16083,Twin Falls,93890.0,1.53938725492025,,2,3,3,,0.0,0.0,0.0,0.0,0.0,1.0,0.0
2011616187.0,16,Idaho,1942951,16011,Bingham,49979.0,3.43523027806346,,2,3,1,2.0,1.0,1.0,1.0,1.0,1.0,1.0,1.0
2037268137.0,16,Idaho,1942951,16001,Ada,520365.0,1.81332815410603,,2,6,1,2.0,0.0,1.0,1.0,1.0,1.0,1.0,0.0
2034070739.0,19,Iowa,3201890,19163,Scott,173859.0,0.741200717135845,1.0460898306,1,6,1,2.0,1.0,1.0,1.0,1.0,1.0,0.0,1.0
2007747143.0,19,Iowa,3201890,19153,Polk,501174.0,0.7816034902243,1.7856368249,2,6,1,2.0,1.0,1.0,1.0,1.0,1.0,0.0,1.0
2040083477.0,19,Iowa,3201890,19113,Linn,228878.0,1.51390703742455,1.6855800367,2,6,1,2.0,0.0,0.0,0.0,0.0,1.0,1.0,0.0
2013760417.0,19,Iowa,3201890,19193,Woodbury,105712.0,0.2966251363176,0.8658549977000001,2,2,1,2.0,1.0,1.0,1.0,1.0,1.0,0.0,1.0
2019964951.0,19,Iowa,3201890,19115,Louisa,10641.0,4.62173795265686,,1,2,1,2.0,1.0,1.0,0.0,1.0,1.0,0.0,1.0
1998632017.0,19,Iowa,3201890,19061,Dubuque,98723.0,0.796687328973597,,1,1,1,2.0,0.0,0.0,0.0,0.0,1.0,1.0,0.0
2011018273.0,19,Iowa,3201890,19143,Osceola,6070.0,1.18934527699522,1.3480493979000001,2,2,1,2.0,0.0,0.0,0.0,0.0,1.0,1.0,0.0
2038239109.0,19,Iowa,3201890,19153,Polk,501174.0,2.52253645470523,2.4371918651,1,3,1,2.0,1.0,1.0,0.0,0.0,1.0,0.0,1.0
2008623533.0,19,Iowa,3201890,19015,Boone,26574.0,3.46376660573072,,2,3,1,2.0,1.0,1.0,1.0,1.0,1.0,1.0,1.0
2011548611.0,19,Iowa,3201890,19049,Dallas,108070.0,0.58096866839304,1.1309617054,2,3,2,2.0,1.0,1.0,1.0,1.0,1.0,0.0,1.0
2016508357.0,19,Iowa,3201890,19057,Des Moines,38229.0,0.766944336549972,0.8486644461,1,2,2,2.0,1.0,1.0,1.0,1.0,0.0,1.0,1.0
2032912369.0,19,Iowa,3201890,19153,Polk,501174.0,2.24075634088548,1.0998671776,1,5,1,2.0,1.0,1.0,0.0,1.0,1.0,0.0,1.0
2039507063.0,19,Iowa,3201890,19153,Polk,501174.0,1.58346996711154,,1,3,1,2.0,0.0,0.0,0.0,0.0,0.0,0.0,0.0
1996295467.0,19,Iowa,3201890,19183,Washington,22539.0,1.26828558860697,0.9731903044,2,6,1,2.0,0.0,1.0,1.0,1.0,0.0,1.0,1.0
2011011465.0,19,Iowa,3201890,19163,Scott,173859.0,1.09868758652225,2.3688460602,1,2,1,1.0,0.0,0.0,0.0,0.0,0.0,1.0,0.0
2015309861.0,19,Iowa,3201890,19167,Sioux,36250.0,1.88747051876293,,1,5,1,2.0,0.0,0.0,0.0,0.0,0.0,1.0,0.0
2024759049.0,19,Iowa,3201890,19153,Polk,501174.0,1.37208488911354,,2,1,1,1.0,1.0,1.0,1.0,1.0,1.0,1.0,0.0
2015020783.0,19,Iowa,3201890,19155,Pottawattamie,93162.0,0.996921134737236,,1,5,1,2.0,0.0,1.0,1.0,1.0,0.0,0.0,1.0
2013643497.0,19,Iowa,3201890,19003,Adams,3600.0,3.15005511129636,,2,5,1,2.0,1.0,1.0,1.0,1.0,1.0,1.0,1.0
2022051517.0,19,Iowa,3201890,19163,Scott,173859.0,1.53136560327593,1.2394715613,2,4,1,2.0,0.0,0.0,0.0,0.0,0.0,1.0,0.0
2014823545.0,19,Iowa,3201890,19061,Dubuque,98723.0,0.0235575929085424,0.1386323475,1,5,7,2.0,0.0,0.0,0.0,0.0,0.0,1.0,0.0
2036375579.0,19,Iowa,3201890,19153,Polk,501174.0,0.597079032545947,0.5466973954000001,2,3,1,2.0,1.0,1.0,1.0,1.0,1.0,1.0,1.0
2033753271.0,19,Iowa,3201890,19169,Story,99857.0,1.38499415115113,0.9884586543,2,6,1,2.0,1.0,1.0,1.0,1.0,1.0,0.0,1.0
2012395347.0,19,Iowa,3201890,19033,Cerro Gordo,42401.0,0.893629513421633,1.052247254,2,2,1,2.0,0.0,1.0,0.0,0.0,1.0,1.0,0.0
2036557837.0,19,Iowa,3201890,19139,Muscatine,42501.0,4.56839070693348,,1,3,1,2.0,1.0,1.0,1.0,1.0,1.0,1.0,1.0
2038523683.0,19,Iowa,3201890,19113,Linn,228878.0,2.46813447746922,,1,2,1,2.0,0.0,1.0,1.0,1.0,1.0,1.0,1.0
1998296549.0,19,Iowa,3201890,19181,Warren,54357.0,0.606992615177553,0.5481265008,2,5,1,2.0,1.0,1.0,1.0,1.0,1.0,1.0,1.0
2022031427.0,19,Iowa,3201890,19169,Story,99857.0,2.24728840904455,0.9954412483,1,6,1,2.0,1.0,1.0,1.0,1.0,1.0,0.0,1.0
2011240065.0,19,Iowa,3201890,19163,Scott,173859.0,1.9472657945451,0.741936095,2,2,1,2.0,1.0,1.0,1.0,1.0,1.0,0.0,0.0
2034711669.0,17,Illinois,12609577,17001,Adams,64557.0,7.78496415615793,,2,2,1,2.0,1.0,1.0,0.0,0.0,0.0,0.0,0.0
2011699741.0,17,Illinois,12609577,17031,Cook,5127866.0,12.1659785272292,3.549040836,2,5,4,2.0,1.0,0.0,1.0,0.0,1.0,1.0,0.0
2030819937.0,17,Illinois,12609577,17193,White,13628.0,0.781900417278076,1.2525906658000001,2,3,1,2.0,1.0,1.0,1.0,1.0,1.0,1.0,1.0
2011859313.0,17,Illinois,12609577,17031,Cook,5127866.0,2.78427621438659,,2,5,4,2.0,1.0,1.0,1.0,1.0,1.0,0.0,1.0
2021042839.0,17,Illinois,12609577,17137,Morgan,33033.0,1.08849772033905,1.8822958122000002,1,3,1,2.0,1.0,0.0,1.0,0.0,1.0,1.0,1.0
2041447385.0,17,Illinois,12609577,17031,Cook,5127866.0,7.25658009093627,1.8403169489,1,5,4,2.0,1.0,1.0,1.0,1.0,1.0,1.0,1.0
2014969335.0,17,Illinois,12609577,17199,Williamson,66544.0,0.868758262922197,1.0568117966,1,5,1,2.0,0.0,0.0,0.0,1.0,1.0,1.0,0.0
2039406171.0,17,Illinois,12609577,17099,LaSalle,107798.0,0.460410562434588,0.5850858905,1,2,1,2.0,1.0,1.0,1.0,1.0,1.0,1.0,1.0
2040050991.0,17,Illinois,12609577,17031,Cook,5127866.0,0.721413580273518,0.3221106125,1,6,3,1.0,1.0,1.0,1.0,0.0,1.0,0.0,1.0
2038892831.0,17,Illinois,12609577,17031,Cook,5127866.0,2.03443190971665,,1,5,1,2.0,1.0,1.0,0.0,1.0,1.0,1.0,1.0
2003547527.0,17,Illinois,12609577,17001,Adams,64557.0,1.74189414952577,1.5535536562,2,4,1,2.0,0.0,0.0,1.0,0.0,0.0,1.0,0.0
2035010879.0,17,Illinois,12609577,17031,Cook,5127866.0,9.5889077141912,,2,6,1,2.0,0.0,1.0,0.0,1.0,1.0,1.0,0.0
1994289541.0,17,Illinois,12609577,17119,Madison,263823.0,1.24935425789781,1.1407822803,2,6,1,2.0,1.0,1.0,1.0,1.0,1.0,1.0,1.0
2013930647.0,17,Illinois,12609577,17199,Williamson,66544.0,2.44976592728094,2.0302926339,1,2,3,1.0,1.0,1.0,1.0,1.0,1.0,1.0,1.0
2038246667.0,17,Illinois,12609577,17143,Peoria,178221.0,5.84836432955608,,2,3,1,2.0,1.0,0.0,0.0,0.0,0.0,1.0,0.0
2031447671.0,17,Illinois,12609577,17163,St. Clair,252830.0,1.69449551965229,,1,6,2,2.0,0.0,0.0,0.0,1.0,1.0,0.0,0.0
2021942797.0,17,Illinois,12609577,17031,Cook,5127866.0,1.30879404944992,1.2126577641,2,3,1,2.0,0.0,0.0,0.0,0.0,0.0,1.0,0.0
2014963311.0,17,Illinois,12609577,17001,Adams,64557.0,0.733468656104742,0.737593276,2,6,1,2.0,1.0,1.0,0.0,1.0,1.0,0.0,1.0
2037348249.0,17,Illinois,12609577,17043,DuPage,924178.0,9.78092810063832,,2,3,1,2.0,0.0,0.0,0.0,0.0,0.0,1.0,0.0
2033226651.0,17,Illinois,12609577,17201,Winnebago,281767.0,4.21353104506397,,1,2,3,,1.0,1.0,1.0,1.0,1.0,1.0,1.0
2016745159.0,17,Illinois,12609577,17031,Cook,5127866.0,1.68902330700427,1.603463422,1,5,1,2.0,1.0,1.0,1.0,0.0,0.0,1.0,0.0
2039581679.0,17,Illinois,12609577,17031,Cook,5127866.0,0.733468656104742,0.737593276,2,6,1,2.0,1.0,1.0,1.0,1.0,1.0,1.0,1.0
2011554879.0,17,Illinois,12609577,17197,Will,699112.0,4.89138472655657,,2,6,1,2.0,1.0,0.0,0.0,0.0,0.0,1.0,0.0
2007052537.0,17,Illinois,12609577,17177,Stephenson,43720.0,0.0818060716593382,0.3952928847,1,4,3,1.0,1.0,1.0,0.0,1.0,1.0,1.0,1.0
2029621785.0,17,Illinois,12609577,17031,Cook,5127866.0,1.12513961598801,,1,2,1,2.0,1.0,1.0,0.0,0.0,1.0,1.0,1.0
2043994035.0,17,Illinois,12609577,17031,Cook,5127866.0,3.15025710925602,,2,3,4,2.0,0.0,1.0,1.0,1.0,0.0,0.0,0.0
2011008745.0,17,Illinois,12609577,17115,Macon,101182.0,1.92240490743671,1.5437550713000001,1,6,1,2.0,1.0,0.0,1.0,0.0,0.0,1.0,0.0
2011897821.0,17,Illinois,12609577,17031,Cook,5127866.0,0.903178096925867,0.8539453282,2,5,1,2.0,1.0,1.0,1.0,1.0,1.0,0.0,1.0
1999953811.0,17,Illinois,12609577,17031,Cook,5127866.0,7.8595013953707,4.8885215971000004,2,1,2,2.0,1.0,1.0,1.0,1.0,1.0,0.0,1.0
2038863225.0,17,Illinois,12609577,17183,Vermilion,72130.0,3.60561482840596,,1,2,1,2.0,1.0,1.0,0.0,1.0,0.0,0.0,1.0
2011470475.0,17,Illinois,12609577,17197,Will,699112.0,2.15381771998295,,2,5,1,2.0,0.0,0.0,0.0,0.0,0.0,1.0,0.0
2019840433.0,17,Illinois,12609577,17031,Cook,5127866.0,0.786185708812406,0.8073865149,1,3,2,2.0,1.0,1.0,1.0,1.0,1.0,1.0,1.0
2040050723.0,17,Illinois,12609577,17031,Cook,5127866.0,0.664978388353686,0.764629687,4,4,3,1.0,1.0,1.0,1.0,1.0,1.0,0.0,1.0
1984943841.0,17,Illinois,12609577,17113,McLean,171054.0,1.12513961598801,2.4793867105,1,2,1,2.0,1.0,1.0,1.0,1.0,1.0,1.0,1.0
2022170465.0,17,Illinois,12609577,17189,Washington,13651.0,2.15381771998295,2.0246004197,2,5,1,2.0,1.0,0.0,1.0,0.0,1.0,1.0,1.0
2021091309.0,17,Illinois,12609577,17031,Cook,5127866.0,0.275373358461481,,2,2,2,2.0,0.0,1.0,1.0,1.0,0.0,1.0,0.0
2037336673.0,17,Illinois,12609577,17031,Cook,5127866.0,4.6872705444487,,1,3,3,,1.0,1.0,1.0,1.0,1.0,0.0,0.0
2014558293.0,17,Illinois,12609577,17031,Cook,5127866.0,0.493225496806604,0.6355554849,2,3,1,2.0,1.0,1.0,1.0,1.0,1.0,0.0,1.0
2011150783.0,17,Illinois,12609577,17031,Cook,5127866.0,1.00399232605691,1.1754072896,2,5,1,2.0,0.0,1.0,0.0,1.0,1.0,1.0,0.0
2003892351.0,17,Illinois,12609577,17201,Winnebago,281767.0,0.330425252978904,0.6041006921000001,1,3,1,2.0,1.0,1.0,1.0,1.0,1.0,0.0,1.0
2036688835.0,17,Illinois,12609577,17031,Cook,5127866.0,4.85121838326704,,1,2,3,,1.0,1.0,1.0,1.0,0.0,1.0,0.0
2038678977.0,17,Illinois,12609577,17195,Whiteside,54552.0,0.575221758836205,0.6501337909,1,2,1,2.0,1.0,1.0,1.0,1.0,0.0,0.0,1.0
1984212179.0,17,Illinois,12609577,17021,Christian,33588.0,1.31187734962936,1.6866573477,2,3,1,2.0,0.0,0.0,1.0,0.0,1.0,0.0,0.0
2013123127.0,17,Illinois,12609577,17113,McLean,171054.0,2.1082994605871,,2,5,3,1.0,1.0,1.0,1.0,1.0,1.0,1.0,1.0
2020328763.0,17,Illinois,12609577,17043,DuPage,924178.0,1.23212462700068,1.3361186584,2,6,1,2.0,1.0,1.0,1.0,1.0,1.0,0.0,1.0
2013613423.0,17,Illinois,12609577,17197,Will,699112.0,1.18862358223862,1.1951714098,1,2,1,2.0,0.0,0.0,0.0,0.0,1.0,1.0,0.0
2011591939.0,17,Illinois,12609577,17141,Ogle,51441.0,6.28117558542315,,2,2,1,2.0,1.0,1.0,1.0,1.0,1.0,1.0,1.0
2017003395.0,17,Illinois,12609577,17019,Champaign,208056.0,1.04787031837989,1.1926036117,1,5,1,2.0,1.0,1.0,1.0,1.0,1.0,0.0,1.0
2009258393.0,17,Illinois,12609577,17031,Cook,5127866.0,0.493225496806604,0.6355554849,2,3,1,2.0,1.0,1.0,1.0,1.0,1.0,1.0,1.0
2020967883.0,17,Illinois,12609577,17031,Cook,5127866.0,5.80342255295121,,1,5,1,2.0,1.0,1.0,1.0,1.0,1.0,0.0,1.0
2033189843.0,17,Illinois,12609577,17195,Whiteside,54552.0,0.224385734244484,0.979924561,2,2,1,2.0,0.0,1.0,0.0,0.0,0.0,1.0,1.0
2024416791.0,17,Illinois,12609577,17031,Cook,5127866.0,4.21353104506397,,1,2,3,1.0,1.0,1.0,1.0,1.0,1.0,1.0,1.0
1998749609.0,17,Illinois,12609577,17179,Tazewell,129891.0,1.03067182884513,1.1259214102,1,2,1,2.0,0.0,0.0,0.0,0.0,0.0,1.0,0.0
2038682793.0,17,Illinois,12609577,17197,Will,699112.0,1.38185926171899,1.7951285636,2,3,1,2.0,1.0,1.0,1.0,1.0,1.0,0.0,1.0
2008208855.0,17,Illinois,12609577,17031,Cook,5127866.0,2.70840625028165,,1,4,2,2.0,1.0,1.0,1.0,1.0,1.0,1.0,0.0
2035463047.0,17,Illinois,12609577,17089,Kane,515285.0,3.0123251713713,2.1115782075,2,1,3,,0.0,1.0,0.0,1.0,0.0,0.0,0.0
2014035043.0,17,Illinois,12609577,17201,Winnebago,281767.0,0.493225496806604,0.6355554849,2,3,1,2.0,1.0,1.0,1.0,1.0,1.0,1.0,1.0
2036598267.0,17,Illinois,12609577,17031,Cook,5127866.0,0.435343808240588,0.7192354749000001,1,5,3,,0.0,1.0,1.0,1.0,1.0,1.0,1.0
2009789203.0,17,Illinois,12609577,17145,Perry,20633.0,0.832858086016217,,1,3,1,2.0,1.0,1.0,1.0,0.0,1.0,1.0,0.0
2009787853.0,17,Illinois,12609577,17031,Cook,5127866.0,1.94111532490362,,1,5,1,2.0,0.0,0.0,0.0,0.0,0.0,1.0,0.0
2018911595.0,17,Illinois,12609577,17031,Cook,5127866.0,0.294612634717403,0.4860117687,2,3,3,,1.0,1.0,1.0,0.0,0.0,0.0,0.0
1995166533.0,17,Illinois,12609577,17031,Cook,5127866.0,0.633721897560968,,2,5,4,2.0,1.0,1.0,1.0,1.0,1.0,0.0,1.0
2011505819.0,17,Illinois,12609577,17031,Cook,5127866.0,0.522811305725945,,1,5,1,2.0,0.0,1.0,0.0,1.0,0.0,1.0,0.0
2034417773.0,17,Illinois,12609577,17031,Cook,5127866.0,2.80166781611869,1.3368110544,2,3,2,2.0,1.0,1.0,1.0,1.0,1.0,1.0,1.0
2038246509.0,17,Illinois,12609577,17089,Kane,515285.0,1.30879404944992,1.2126577641,2,3,1,2.0,0.0,0.0,0.0,0.0,0.0,1.0,0.0
1998546481.0,17,Illinois,12609577,17113,McLean,171054.0,0.447868308970333,0.519107687,1,5,1,2.0,1.0,1.0,1.0,1.0,1.0,0.0,1.0
2039505533.0,17,Illinois,12609577,17079,Jasper,9177.0,1.48035152660615,1.8824980546,1,4,1,2.0,0.0,0.0,0.0,0.0,0.0,1.0,0.0
2037156065.0,17,Illinois,12609577,17199,Williamson,66544.0,14.6136602099999,4.9810418236,1,2,1,2.0,1.0,1.0,0.0,0.0,1.0,1.0,1.0
2039062975.0,17,Illinois,12609577,17119,Madison,263823.0,0.972157565924181,0.9891878683,2,3,1,2.0,1.0,1.0,1.0,1.0,0.0,0.0,1.0
2032671209.0,17,Illinois,12609577,17019,Champaign,208056.0,2.38478847802249,,2,2,2,2.0,0.0,1.0,1.0,1.0,0.0,0.0,1.0
2031122311.0,17,Illinois,12609577,17031,Cook,5127866.0,9.49517667461958,,2,5,2,2.0,1.0,1.0,0.0,0.0,0.0,0.0,1.0
2015458891.0,17,Illinois,12609577,17081,Jefferson,36458.0,4.87120576845205,,2,3,1,2.0,1.0,0.0,1.0,0.0,1.0,1.0,1.0
2030610681.0,17,Illinois,12609577,17095,Knox,48662.0,4.6728851653827,,1,3,1,2.0,0.0,1.0,1.0,1.0,1.0,1.0,1.0
2041518351.0,17,Illinois,12609577,17081,Jefferson,36458.0,6.12733451684575,,1,5,1,2.0,1.0,1.0,1.0,1.0,1.0,1.0,1.0
1998949407.0,17,Illinois,12609577,17115,Macon,101182.0,3.09981781672165,,1,3,1,2.0,1.0,1.0,1.0,1.0,1.0,0.0,1.0
2013663475.0,17,Illinois,12609577,17093,Kendall,137557.0,1.98408120682272,0.45941464740000004,2,1,1,2.0,1.0,0.0,1.0,1.0,0.0,1.0,1.0
1997460107.0,17,Illinois,12609577,17197,Will,699112.0,4.08142190040637,,2,2,1,2.0,0.0,1.0,1.0,1.0,0.0,1.0,1.0
2042949907.0,17,Illinois,12609577,17163,St. Clair,252830.0,2.03509283659756,,2,2,1,2.0,1.0,1.0,0.0,0.0,0.0,1.0,0.0
2016203661.0,17,Illinois,12609577,17043,DuPage,924178.0,5.4136606639887,,1,2,4,2.0,1.0,0.0,1.0,1.0,1.0,0.0,
2038641643.0,17,Illinois,12609577,17031,Cook,5127866.0,5.98373318969207,,1,2,1,2.0,1.0,1.0,1.0,1.0,1.0,0.0,1.0
2003925303.0,17,Illinois,12609577,17031,Cook,5127866.0,2.696847581298,2.2986973375,1,2,3,1.0,1.0,1.0,1.0,1.0,1.0,0.0,1.0
2037259361.0,17,Illinois,12609577,17121,Marion,36860.0,0.590101007194658,,1,3,1,2.0,0.0,0.0,0.0,0.0,1.0,1.0,0.0
2039694597.0,17,Illinois,12609577,17031,Cook,5127866.0,3.89423286617837,0.652336789,1,2,2,2.0,1.0,1.0,1.0,1.0,1.0,0.0,1.0
1995031893.0,17,Illinois,12609577,17097,Lake,712412.0,0.733468656104742,0.737593276,2,6,1,2.0,1.0,1.0,1.0,1.0,1.0,0.0,1.0
2030294621.0,17,Illinois,12609577,17043,DuPage,924178.0,0.976184726287807,0.9449415693000001,2,6,1,2.0,1.0,1.0,0.0,1.0,0.0,1.0,1.0
2014490205.0,17,Illinois,12609577,17031,Cook,5127866.0,1.01926531382811,0.7408190669,2,5,1,2.0,1.0,1.0,1.0,1.0,1.0,0.0,1.0
2029570317.0,17,Illinois,12609577,17031,Cook,5127866.0,2.38478847802249,,2,2,2,2.0,1.0,1.0,1.0,0.0,1.0,1.0,1.0
2021244745.0,17,Illinois,12609577,17141,Ogle,51441.0,1.091235256594,1.7665503533,1,5,1,2.0,1.0,1.0,1.0,1.0,1.0,1.0,1.0
2012053401.0,17,Illinois,12609577,17201,Winnebago,281767.0,6.28117558542315,,2,2,1,2.0,0.0,0.0,1.0,0.0,0.0,1.0,0.0
2000223171.0,17,Illinois,12609577,17089,Kane,515285.0,1.37559025702762,,2,3,5,2.0,1.0,1.0,1.0,0.0,0.0,0.0,0.0
1999198455.0,17,Illinois,12609577,17043,DuPage,924178.0,1.5108036969635,,1,5,1,2.0,1.0,1.0,1.0,1.0,1.0,1.0,1.0
1998403241.0,17,Illinois,12609577,17031,Cook,5127866.0,7.67255506585141,1.8822958122000002,1,3,1,2.0,1.0,1.0,1.0,1.0,1.0,0.0,1.0
2029537777.0,17,Illinois,12609577,17111,McHenry,311889.0,2.89760542193868,,2,2,6,1.0,0.0,1.0,0.0,1.0,1.0,0.0,0.0
2014515593.0,17,Illinois,12609577,17031,Cook,5127866.0,0.453297502109448,,2,2,2,2.0,1.0,1.0,0.0,0.0,1.0,1.0,1.0
2011317899.0,17,Illinois,12609577,17063,Grundy,53145.0,4.49495676141161,1.6504384914,2,4,1,2.0,1.0,1.0,1.0,1.0,1.0,1.0,1.0
2031597251.0,17,Illinois,12609577,17107,Logan,27210.0,0.266717265390447,,2,1,1,2.0,0.0,0.0,1.0,1.0,1.0,1.0,1.0
2031293507.0,17,Illinois,12609577,17089,Kane,515285.0,5.00198162867822,,2,5,1,2.0,1.0,1.0,0.0,1.0,1.0,1.0,1.0
2021872987.0,17,Illinois,12609577,17031,Cook,5127866.0,0.825302006198542,0.8615394777000001,1,6,1,2.0,1.0,1.0,1.0,1.0,0.0,1.0,1.0
2042331009.0,17,Illinois,12609577,17031,Cook,5127866.0,4.39424200122725,,2,3,1,2.0,1.0,1.0,1.0,1.0,1.0,1.0,1.0
2014704273.0,17,Illinois,12609577,17031,Cook,5127866.0,0.509942582028934,0.4297555229,2,3,2,2.0,1.0,1.0,1.0,1.0,1.0,0.0,1.0
2038227803.0,17,Illinois,12609577,17077,Jackson,52729.0,1.091235256594,1.7665503533,1,5,1,2.0,1.0,1.0,1.0,1.0,1.0,0.0,1.0
1998350537.0,17,Illinois,12609577,17105,Livingston,35542.0,1.74599776120254,,2,3,1,2.0,0.0,0.0,0.0,0.0,1.0,1.0,0.0
2044952673.0,17,Illinois,12609577,17163,St. Clair,252830.0,0.848906248335168,,1,2,1,2.0,1.0,1.0,1.0,1.0,1.0,0.0,1.0
2038735283.0,17,Illinois,12609577,17197,Will,699112.0,0.66132372149427,0.7919221244,2,5,1,2.0,1.0,1.0,1.0,1.0,1.0,0.0,1.0
2024976853.0,17,Illinois,12609577,17043,DuPage,924178.0,0.799136664162885,,1,3,1,2.0,1.0,1.0,1.0,1.0,1.0,0.0,1.0
2029042827.0,17,Illinois,12609577,17143,Peoria,178221.0,1.14284427101302,,1,2,2,2.0,0.0,1.0,0.0,1.0,0.0,1.0,1.0
2013173043.0,17,Illinois,12609577,17097,Lake,712412.0,0.217142704939976,0.8214713075000001,2,5,1,2.0,1.0,1.0,1.0,1.0,1.0,1.0,1.0
2030713155.0,17,Illinois,12609577,17031,Cook,5127866.0,4.6728851653827,,1,3,1,2.0,1.0,1.0,1.0,0.0,0.0,0.0,0.0
2034224055.0,17,Illinois,12609577,17061,Greene,11636.0,1.74189414952577,1.5535536562,2,4,1,2.0,0.0,0.0,0.0,0.0,0.0,1.0,0.0
2043477119.0,17,Illinois,12609577,17031,Cook,5127866.0,0.375211262878464,0.7799291672,1,4,3,,1.0,1.0,1.0,1.0,1.0,0.0,0.0
2015852207.0,17,Illinois,12609577,17031,Cook,5127866.0,1.23212462700068,1.3361186584,2,6,1,2.0,1.0,1.0,1.0,1.0,1.0,1.0,1.0
1996351083.0,17,Illinois,12609577,17115,Macon,101182.0,0.938718015004952,0.8904607085,2,6,1,2.0,1.0,1.0,1.0,1.0,1.0,1.0,1.0
2024885709.0,17,Illinois,12609577,17201,Winnebago,281767.0,1.02754452264392,1.0270566537,2,2,1,2.0,0.0,0.0,0.0,0.0,0.0,1.0,0.0
1999653071.0,34,New Jersey,9298402,34023,Middlesex,864552.0,0.803345820273696,0.8535835224,1,6,1,2.0,1.0,1.0,1.0,1.0,1.0,0.0,1.0
2011851223.0,34,New Jersey,9298402,34017,Hudson,707743.0,0.936867306851441,1.0910433497,1,2,1,2.0,0.0,1.0,1.0,1.0,1.0,1.0,0.0
2012369009.0,34,New Jersey,9298402,34029,Ocean,656066.0,1.34649776225112,,1,2,1,2.0,1.0,0.0,1.0,0.0,0.0,1.0,1.0
2033129033.0,34,New Jersey,9298402,34023,Middlesex,864552.0,2.33861926181356,,2,2,1,2.0,1.0,1.0,1.0,1.0,0.0,0.0,1.0
2010310773.0,34,New Jersey,9298402,34039,Union,574934.0,1.12874859992644,0.7260887195,1,5,1,2.0,1.0,1.0,1.0,1.0,1.0,1.0,1.0
2009882913.0,34,New Jersey,9298402,34017,Hudson,707743.0,1.07527767216834,,1,3,1,2.0,1.0,1.0,1.0,1.0,1.0,1.0,1.0
1995871069.0,34,New Jersey,9298402,34021,Mercer,387024.0,12.8253002165439,10.1893499084,2,5,4,2.0,1.0,1.0,1.0,1.0,1.0,1.0,1.0
2039699823.0,34,New Jersey,9298402,34017,Hudson,707743.0,0.782482779392391,0.6453484434,2,5,1,2.0,1.0,1.0,1.0,1.0,1.0,0.0,1.0
2031361903.0,34,New Jersey,9298402,34023,Middlesex,864552.0,0.619045008278019,0.6437289733,1,3,1,1.0,1.0,1.0,1.0,1.0,1.0,1.0,1.0
1995513385.0,34,New Jersey,9298402,34005,Burlington,467822.0,1.08459395185196,1.1705461349,2,5,1,2.0,0.0,1.0,1.0,1.0,1.0,1.0,0.0
1993756723.0,34,New Jersey,9298402,34007,Camden,525833.0,2.91469163588868,,2,5,1,2.0,1.0,1.0,1.0,1.0,1.0,1.0,1.0
2018809183.0,34,New Jersey,9298402,34015,Gloucester,306718.0,0.721842751756332,0.7932282379000001,1,6,1,2.0,1.0,1.0,1.0,1.0,1.0,0.0,1.0
2010973659.0,34,New Jersey,9298402,34017,Hudson,707743.0,0.812420307030055,,1,3,1,2.0,1.0,1.0,1.0,1.0,1.0,0.0,1.0
2024969669.0,34,New Jersey,9298402,34023,Middlesex,864552.0,2.61917403377067,2.4875803265,2,3,4,2.0,0.0,0.0,0.0,0.0,0.0,1.0,0.0
2011057699.0,34,New Jersey,9298402,34037,Sussex,145668.0,1.99191998332003,1.411890351,2,3,1,2.0,0.0,0.0,0.0,0.0,0.0,1.0,0.0
2041446741.0,34,New Jersey,9298402,34039,Union,574934.0,1.77265770410498,2.2196872512,1,6,4,2.0,1.0,1.0,1.0,1.0,1.0,1.0,1.0
2012999123.0,34,New Jersey,9298402,34029,Ocean,656066.0,2.72526576854411,1.9844659837,1,6,1,2.0,1.0,1.0,1.0,1.0,1.0,0.0,1.0
2031192987.0,34,New Jersey,9298402,34027,Morris,511860.0,0.748148830837843,1.2751067376,2,6,1,2.0,1.0,1.0,1.0,1.0,1.0,0.0,1.0
1994284825.0,34,New Jersey,9298402,34023,Middlesex,864552.0,1.84771738601196,,1,6,2,2.0,0.0,0.0,1.0,0.0,0.0,0.0,1.0
2040055309.0,34,New Jersey,9298402,34031,Passaic,516941.0,0.862842156346243,0.6799159267,1,3,1,2.0,1.0,0.0,1.0,0.0,1.0,0.0,1.0
2043492591.0,34,New Jersey,9298402,34025,Monmouth,645026.0,1.30028142280826,1.1151653355,1,3,3,2.0,1.0,1.0,1.0,1.0,1.0,1.0,1.0
2026742695.0,34,New Jersey,9298402,34003,Bergen,956251.0,3.74948357491588,,1,5,3,,1.0,1.0,0.0,1.0,0.0,0.0,1.0
2010427545.0,34,New Jersey,9298402,34035,Somerset,347621.0,1.19291379585725,1.3788464124,2,5,1,2.0,1.0,0.0,0.0,0.0,1.0,1.0,0.0
2011260253.0,34,New Jersey,9298402,34025,Monmouth,645026.0,0.803345820273696,0.8535835224,1,6,1,2.0,1.0,0.0,0.0,1.0,1.0,1.0,1.0
2036913693.0,34,New Jersey,9298402,34027,Morris,511860.0,4.24121740698288,2.8297020127,1,5,1,2.0,1.0,1.0,1.0,1.0,1.0,0.0,1.0
2026889107.0,34,New Jersey,9298402,34017,Hudson,707743.0,0.862842156346243,0.6799159267,1,3,1,2.0,1.0,1.0,1.0,1.0,1.0,1.0,1.0
2011548799.0,34,New Jersey,9298402,34015,Gloucester,306718.0,1.24689112192433,1.3977516453,1,2,1,2.0,0.0,0.0,0.0,0.0,0.0,1.0,0.0
2015276041.0,34,New Jersey,9298402,34039,Union,574934.0,0.52123377029004,,2,2,1,2.0,1.0,1.0,1.0,1.0,1.0,0.0,1.0
2015619437.0,34,New Jersey,9298402,34013,Essex,855294.0,0.657371487461863,1.1886082937,1,6,2,2.0,1.0,1.0,1.0,1.0,1.0,1.0,1.0
2036933187.0,34,New Jersey,9298402,34029,Ocean,656066.0,1.65170143660601,2.3211834009,2,4,4,2.0,0.0,0.0,0.0,0.0,1.0,0.0,0.0
2031195731.0,34,New Jersey,9298402,34029,Ocean,656066.0,1.81054158850782,1.9579709834,2,5,1,2.0,0.0,0.0,0.0,0.0,0.0,1.0,0.0
2028887383.0,34,New Jersey,9298402,34037,Sussex,145668.0,0.607575527224369,0.7482171345,1,2,1,2.0,1.0,1.0,1.0,1.0,1.0,0.0,1.0
2029059541.0,34,New Jersey,9298402,34013,Essex,855294.0,1.41017174729842,,2,4,2,2.0,1.0,1.0,1.0,1.0,1.0,1.0,1.0
2012651639.0,34,New Jersey,9298402,34007,Camden,525833.0,0.794004812018174,0.7446287279,2,2,2,2.0,1.0,1.0,0.0,0.0,1.0,1.0,1.0
2013724013.0,34,New Jersey,9298402,34023,Middlesex,864552.0,1.77265770410498,2.2196872512,1,6,4,2.0,0.0,1.0,1.0,1.0,1.0,1.0,1.0
2035567459.0,34,New Jersey,9298402,34003,Bergen,956251.0,2.69902277003268,,1,2,1,2.0,1.0,1.0,1.0,1.0,1.0,1.0,1.0
2014063273.0,34,New Jersey,9298402,34001,Atlantic,275872.0,0.855309581546855,0.8829368846000001,2,3,1,2.0,0.0,0.0,0.0,0.0,0.0,1.0,1.0
2015169113.0,34,New Jersey,9298402,34039,Union,574934.0,0.52123377029004,,2,2,1,2.0,1.0,1.0,1.0,1.0,1.0,0.0,1.0
2012021675.0,34,New Jersey,9298402,34025,Monmouth,645026.0,0.870109423746498,1.0248189375,2,2,1,2.0,0.0,1.0,1.0,1.0,0.0,1.0,1.0
2011335397.0,34,New Jersey,9298402,34023,Middlesex,864552.0,1.07980897422726,0.9861361712000001,1,5,1,2.0,0.0,0.0,0.0,0.0,0.0,1.0,0.0
2022892017.0,34,New Jersey,9298402,34007,Camden,525833.0,0.637737050996134,0.8741604787,1,3,2,2.0,1.0,1.0,1.0,1.0,1.0,1.0,1.0
2011863839.0,34,New Jersey,9298402,34009,Cape May,95165.0,0.782482779392391,0.6453484434,2,5,1,2.0,1.0,1.0,1.0,1.0,1.0,0.0,1.0
1997298603.0,34,New Jersey,9298402,34023,Middlesex,864552.0,1.49665410028468,1.1020796027,2,3,1,2.0,1.0,1.0,1.0,0.0,1.0,1.0,1.0
2034624891.0,34,New Jersey,9298402,34033,Salem,65110.0,1.49665410028468,1.1020796027,2,3,1,2.0,0.0,0.0,0.0,0.0,0.0,1.0,0.0
2014464915.0,34,New Jersey,9298402,34013,Essex,855294.0,1.08459395185196,1.1705461349,2,5,1,2.0,1.0,1.0,1.0,1.0,1.0,0.0,1.0
2014558693.0,34,New Jersey,9298402,34031,Passaic,516941.0,6.21711475994089,2.7992299263,1,2,1,1.0,0.0,0.0,0.0,0.0,0.0,1.0,0.0
2011988907.0,34,New Jersey,9298402,34025,Monmouth,645026.0,1.49665410028468,1.1020796027,2,3,1,2.0,0.0,0.0,0.0,0.0,0.0,0.0,0.0
2036916063.0,34,New Jersey,9298402,34013,Essex,855294.0,1.02692298600855,0.7733140023,2,5,2,2.0,0.0,1.0,1.0,1.0,1.0,1.0,0.0
2011453229.0,34,New Jersey,9298402,34023,Middlesex,864552.0,0.809170760210669,1.4796511651,2,2,2,2.0,0.0,1.0,1.0,1.0,1.0,1.0,0.0
2034687555.0,34,New Jersey,9298402,34029,Ocean,656066.0,0.421488245675764,,1,3,1,2.0,1.0,1.0,1.0,1.0,1.0,0.0,1.0
2042373703.0,34,New Jersey,9298402,34027,Morris,511860.0,5.05327457201926,4.0915234265,1,5,1,2.0,1.0,1.0,1.0,1.0,1.0,0.0,0.0
2030476107.0,34,New Jersey,9298402,34031,Passaic,516941.0,3.31362320679182,,2,4,6,1.0,1.0,0.0,1.0,1.0,1.0,1.0,1.0
2034306507.0,34,New Jersey,9298402,34005,Burlington,467822.0,2.58523763714988,,1,2,7,2.0,1.0,1.0,0.0,0.0,0.0,1.0,1.0
2014086665.0,34,New Jersey,9298402,34017,Hudson,707743.0,5.48122844734879,,2,2,2,2.0,1.0,1.0,0.0,0.0,1.0,1.0,1.0
2014868137.0,34,New Jersey,9298402,34015,Gloucester,306718.0,0.811766374812629,0.7583459731000001,2,2,1,2.0,0.0,1.0,0.0,0.0,0.0,1.0,0.0
2018483605.0,34,New Jersey,9298402,34021,Mercer,387024.0,2.61434368419818,,2,6,4,2.0,1.0,1.0,1.0,1.0,1.0,1.0,1.0
2013141311.0,34,New Jersey,9298402,34013,Essex,855294.0,1.07980897422726,0.9861361712000001,1,5,1,2.0,0.0,1.0,1.0,1.0,1.0,1.0,0.0
1999036983.0,34,New Jersey,9298402,34003,Bergen,956251.0,1.84638660702966,,1,1,1,2.0,1.0,1.0,1.0,1.0,1.0,1.0,1.0
2014401985.0,34,New Jersey,9298402,34007,Camden,525833.0,0.505152248318298,0.31971953000000003,2,5,1,2.0,1.0,1.0,1.0,1.0,1.0,0.0,1.0
2001280021.0,34,New Jersey,9298402,34017,Hudson,707743.0,4.68487354695905,,2,5,1,2.0,1.0,1.0,1.0,1.0,1.0,1.0,0.0
2014017459.0,34,New Jersey,9298402,34017,Hudson,707743.0,3.96101913547723,,1,5,1,2.0,1.0,1.0,1.0,1.0,1.0,0.0,1.0
2022005201.0,34,New Jersey,9298402,34037,Sussex,145668.0,0.578796205491947,0.44933290540000004,2,6,7,2.0,0.0,0.0,0.0,0.0,0.0,1.0,0.0
2042331161.0,34,New Jersey,9298402,34021,Mercer,387024.0,0.675255201813598,0.7417602708000001,2,6,1,2.0,1.0,1.0,1.0,1.0,1.0,1.0,1.0
1995584447.0,34,New Jersey,9298402,34017,Hudson,707743.0,0.650695760883808,1.2053487989,1,5,4,2.0,1.0,1.0,1.0,1.0,1.0,1.0,1.0
2027058145.0,34,New Jersey,9298402,34003,Bergen,956251.0,0.25247096079918,0.24698709530000001,1,2,1,2.0,1.0,1.0,1.0,1.0,1.0,1.0,1.0
1993234491.0,34,New Jersey,9298402,34007,Camden,525833.0,3.62709816729762,2.5423284919,1,6,1,2.0,1.0,1.0,1.0,1.0,0.0,0.0,1.0
2012238197.0,34,New Jersey,9298402,34005,Burlington,467822.0,6.2760198048384,7.7588101773,1,2,1,1.0,1.0,1.0,0.0,1.0,0.0,0.0,1.0
2000599115.0,34,New Jersey,9298402,34031,Passaic,516941.0,0.287765863291387,0.3851806835,1,3,1,2.0,1.0,1.0,1.0,1.0,1.0,0.0,1.0
2007746611.0,34,New Jersey,9298402,34021,Mercer,387024.0,0.886406212070608,0.4816605541,2,5,1,2.0,1.0,0.0,1.0,1.0,1.0,1.0,0.0
2012293611.0,34,New Jersey,9298402,34005,Burlington,467822.0,1.01189353777961,2.4347964984,2,2,2,2.0,0.0,0.0,1.0,0.0,0.0,0.0,1.0
2014094833.0,34,New Jersey,9298402,34021,Mercer,387024.0,1.07980897422726,0.9861361712000001,1,5,1,2.0,1.0,0.0,0.0,0.0,0.0,1.0,1.0
2019979957.0,34,New Jersey,9298402,34031,Passaic,516941.0,0.870109423746498,1.0248189375,2,2,1,2.0,,1.0,1.0,1.0,1.0,1.0,1.0
1981981503.0,34,New Jersey,9298402,34003,Bergen,956251.0,1.49665410028468,1.1020796027,2,3,1,2.0,0.0,1.0,0.0,0.0,1.0,1.0,0.0
2009758047.0,34,New Jersey,9298402,34003,Bergen,956251.0,2.14297154202807,0.3307010117,2,2,1,2.0,1.0,0.0,0.0,0.0,1.0,1.0,0.0
1999197405.0,34,New Jersey,9298402,34005,Burlington,467822.0,1.81054158850782,,2,5,1,2.0,0.0,0.0,0.0,0.0,1.0,1.0,0.0
2021421493.0,34,New Jersey,9298402,34029,Ocean,656066.0,0.870109423746498,,2,2,1,2.0,0.0,1.0,0.0,0.0,0.0,1.0,1.0
2013619659.0,34,New Jersey,9298402,34025,Monmouth,645026.0,1.04716772286896,1.6406506282,2,6,3,1.0,0.0,0.0,0.0,0.0,1.0,1.0,0.0
2021061683.0,34,New Jersey,9298402,34013,Essex,855294.0,2.49927016885647,1.4478378133,1,2,2,2.0,0.0,1.0,1.0,1.0,1.0,1.0,0.0
1993676605.0,34,New Jersey,9298402,34021,Mercer,387024.0,2.61434368419818,,2,6,4,2.0,1.0,1.0,1.0,1.0,1.0,1.0,1.0
2001182537.0,34,New Jersey,9298402,34003,Bergen,956251.0,0.700275804289288,0.6175542653,1,5,1,2.0,1.0,1.0,1.0,1.0,1.0,1.0,1.0
2003495881.0,34,New Jersey,9298402,34003,Bergen,956251.0,0.483399644380821,0.8069721237,2,4,2,2.0,0.0,1.0,1.0,1.0,1.0,1.0,1.0
2008973245.0,34,New Jersey,9298402,34017,Hudson,707743.0,0.607980614804242,1.1549716782,2,2,2,2.0,0.0,1.0,1.0,0.0,0.0,1.0,1.0
2045014953.0,34,New Jersey,9298402,34001,Atlantic,275872.0,0.782482779392391,0.6453484434,2,5,1,2.0,1.0,1.0,1.0,1.0,1.0,0.0,1.0
2026740227.0,34,New Jersey,9298402,34023,Middlesex,864552.0,2.75451448365054,,1,5,4,2.0,1.0,1.0,1.0,1.0,1.0,1.0,0.0
2031408793.0,35,New Mexico,2112859,35029,Luna,25645.0,2.62596316030933,2.0363640244,2,6,6,2.0,1.0,1.0,1.0,1.0,0.0,0.0,1.0
2044441203.0,35,New Mexico,2112859,35045,San Juan,120504.0,4.0001119914084,,1,2,5,2.0,1.0,0.0,1.0,1.0,1.0,0.0,1.0
1998922631.0,35,New Mexico,2112859,35025,Lea,72260.0,0.197030233677265,,1,6,1,2.0,1.0,1.0,1.0,1.0,1.0,1.0,1.0
2043492881.0,35,New Mexico,2112859,35001,Bernalillo,672636.0,3.91434437782972,3.617495244,2,3,5,2.0,1.0,1.0,1.0,1.0,1.0,0.0,1.0
2012523011.0,35,New Mexico,2112859,35035,Otero,68851.0,0.46148498131021,0.5066676133,1,3,1,2.0,0.0,0.0,0.0,0.0,0.0,1.0,0.0
2031632139.0,35,New Mexico,2112859,35001,Bernalillo,672636.0,1.88314423106075,1.8332680413,1,5,1,2.0,0.0,0.0,0.0,0.0,1.0,1.0,0.0
2020368877.0,35,New Mexico,2112859,35061,Valencia,78236.0,8.77934878864631,,1,1,3,1.0,1.0,0.0,0.0,0.0,0.0,0.0,0.0
2016519947.0,35,New Mexico,2112859,35001,Bernalillo,672636.0,2.78197569513849,,2,5,1,2.0,1.0,1.0,1.0,1.0,1.0,0.0,1.0
2042373501.0,35,New Mexico,2112859,35043,Sandoval,153386.0,3.47036465216597,1.0210510442,2,4,5,2.0,1.0,1.0,0.0,1.0,1.0,0.0,1.0
2007912121.0,35,New Mexico,2112859,35029,Luna,25645.0,4.95643682649484,0.8573486239,1,4,7,1.0,0.0,0.0,0.0,0.0,0.0,1.0,0.0
2043494259.0,35,New Mexico,2112859,35013,DoÃ±a Ana,,0.669937839683485,0.4751269819,1,4,7,1.0,0.0,0.0,0.0,0.0,1.0,1.0,0.0
2016043539.0,35,New Mexico,2112859,35001,Bernalillo,672636.0,0.789925205205327,0.9893974844000001,2,5,1,2.0,0.0,0.0,0.0,0.0,0.0,1.0,0.0
2032936961.0,35,New Mexico,2112859,35043,Sandoval,153386.0,2.37223489319251,,1,4,3,,1.0,1.0,1.0,1.0,0.0,1.0,1.0
2042374697.0,35,New Mexico,2112859,35013,DoÃ±a Ana,,3.32390605083723,8.0491767028,2,3,1,2.0,0.0,0.0,0.0,0.0,0.0,1.0,0.0
1997716335.0,35,New Mexico,2112859,35035,Otero,68851.0,4.60380678535994,5.5645494774,1,2,5,2.0,0.0,0.0,0.0,0.0,0.0,1.0,0.0
2040051907.0,35,New Mexico,2112859,35013,DoÃ±a Ana,,2.43800676818815,,2,2,3,1.0,1.0,1.0,1.0,0.0,1.0,1.0,0.0
2030196871.0,35,New Mexico,2112859,35001,Bernalillo,672636.0,6.09587175984427,,1,1,1,2.0,1.0,1.0,1.0,1.0,1.0,0.0,1.0
2034465945.0,35,New Mexico,2112859,35013,DoÃ±a Ana,,7.42263983768221,0.40271626850000003,1,2,3,,1.0,0.0,0.0,1.0,1.0,1.0,1.0
2028644163.0,35,New Mexico,2112859,35001,Bernalillo,672636.0,4.93874042241455,,2,2,1,2.0,0.0,1.0,0.0,0.0,0.0,0.0,1.0
2030980913.0,29,Missouri,6179285,29099,Jefferson,229270.0,2.55503748249923,,2,1,1,2.0,0.0,0.0,0.0,0.0,0.0,0.0,0.0
2016016331.0,29,Missouri,6179285,29077,Greene,303279.0,8.06491741206707,1.2569941424,2,3,1,2.0,1.0,1.0,1.0,1.0,1.0,1.0,1.0
2005607387.0,29,Missouri,6179285,29213,Taney,56748.0,4.41018184495642,4.6998949508,2,1,1,2.0,0.0,0.0,0.0,0.0,1.0,1.0,0.0
2011794677.0,29,Missouri,6179285,29083,Henry,22389.0,1.31941776059617,1.1579996489,1,2,1,2.0,1.0,1.0,1.0,1.0,1.0,0.0,1.0
2038738549.0,29,Missouri,6179285,29095,Jackson,717037.0,2.80954108904532,,1,2,2,2.0,1.0,0.0,0.0,0.0,0.0,0.0,1.0
1993780965.0,29,Missouri,6179285,29095,Jackson,717037.0,4.64080368157338,2.0147192445,2,5,2,2.0,1.0,1.0,1.0,1.0,1.0,1.0,1.0
2032282393.0,29,Missouri,6179285,29189,St. Louis,991719.0,0.984826430073545,,1,6,4,2.0,1.0,1.0,1.0,1.0,1.0,1.0,1.0
2036918087.0,29,Missouri,6179285,29095,Jackson,717037.0,0.289127597678543,1.588198744,1,4,4,2.0,1.0,1.0,1.0,1.0,1.0,1.0,1.0
1984181223.0,29,Missouri,6179285,29099,Jefferson,229270.0,0.641639098071608,0.7688959630000001,1,2,1,2.0,1.0,1.0,0.0,1.0,0.0,1.0,0.0
2007966713.0,29,Missouri,6179285,29095,Jackson,717037.0,0.70318096465432,0.6764271699000001,1,5,1,2.0,0.0,0.0,1.0,1.0,0.0,1.0,0.0
1997136827.0,29,Missouri,6179285,29189,St. Louis,991719.0,0.689865054018824,0.6067801485000001,2,6,1,2.0,1.0,1.0,1.0,1.0,1.0,0.0,1.0
2023362979.0,29,Missouri,6179285,29101,Johnson,54406.0,5.86957891297192,8.7398306422,2,1,1,2.0,0.0,0.0,0.0,0.0,0.0,1.0,0.0
2031314593.0,29,Missouri,6179285,29189,St. Louis,991719.0,0.845817938593868,0.8067438707,2,4,1,2.0,1.0,1.0,0.0,1.0,0.0,1.0,1.0
2014464901.0,29,Missouri,6179285,29169,Pulaski,53781.0,0.303384919762502,0.30793043870000003,2,6,5,2.0,0.0,0.0,0.0,0.0,0.0,1.0,0.0
2031611713.0,29,Missouri,6179285,29151,Osage,13389.0,4.90980864719434,,2,2,1,2.0,0.0,1.0,0.0,1.0,0.0,1.0,0.0
2024141009.0,29,Missouri,6179285,29189,St. Louis,991719.0,2.33157391789617,,2,2,2,2.0,1.0,0.0,1.0,0.0,1.0,0.0,1.0
2010593543.0,29,Missouri,6179285,29073,Gasconade,14799.0,8.06491741206707,,2,3,1,2.0,1.0,0.0,0.0,0.0,0.0,1.0,1.0
2021804407.0,29,Missouri,6179285,29189,St. Louis,991719.0,0.693097562995745,1.0580406795,1,6,1,2.0,1.0,1.0,1.0,1.0,0.0,1.0,1.0
2039700093.0,29,Missouri,6179285,29077,Greene,303279.0,2.60775241514303,1.3919717498,1,6,1,2.0,1.0,1.0,1.0,1.0,1.0,0.0,1.0
2030660925.0,29,Missouri,6179285,29079,Grundy,9823.0,0.78396240616985,,1,3,1,2.0,0.0,0.0,0.0,0.0,0.0,0.0,1.0
2015099927.0,29,Missouri,6179285,29077,Greene,303279.0,1.66787835310302,2.4065159231,3,3,1,2.0,1.0,1.0,1.0,1.0,1.0,0.0,1.0
2013469235.0,29,Missouri,6179285,29097,Jasper,123971.0,0.310636522171476,0.15233216,1,5,7,2.0,0.0,0.0,0.0,0.0,1.0,1.0,0.0
1998569019.0,29,Missouri,6179285,29077,Greene,303279.0,1.1101690534977,0.353495836,2,2,1,2.0,1.0,0.0,1.0,0.0,1.0,1.0,1.0
1984417997.0,29,Missouri,6179285,29071,Franklin,105854.0,1.36334256893174,0.9485281811,2,3,1,2.0,1.0,1.0,1.0,1.0,1.0,0.0,1.0
2045213431.0,29,Missouri,6179285,29043,Christian,93155.0,4.99346748921532,,1,3,1,2.0,0.0,0.0,0.0,0.0,0.0,1.0,0.0
2011059497.0,29,Missouri,6179285,29101,Johnson,54406.0,4.2292279670755,,2,5,1,2.0,1.0,1.0,1.0,1.0,1.0,1.0,1.0
2036407767.0,29,Missouri,6179285,29095,Jackson,717037.0,0.856534982504882,,1,2,1,2.0,0.0,1.0,1.0,1.0,0.0,1.0,1.0
2009151845.0,29,Missouri,6179285,29143,New Madrid,15691.0,3.57362887436334,2.3341746889,1,1,1,2.0,0.0,0.0,0.0,0.0,0.0,1.0,0.0
2012538265.0,29,Missouri,6179285,29189,St. Louis,991719.0,0.431781751020015,0.6203836424,2,3,1,2.0,1.0,1.0,1.0,1.0,1.0,0.0,1.0
2015253221.0,29,Missouri,6179285,29069,Dunklin,27460.0,0.599694734755932,0.6463796582,2,2,1,2.0,1.0,1.0,1.0,1.0,1.0,0.0,1.0
2013412279.0,29,Missouri,6179285,29071,Franklin,105854.0,1.27210869752135,1.1346268058,1,5,1,2.0,0.0,0.0,0.0,0.0,0.0,1.0,0.0
2035618339.0,29,Missouri,6179285,29510,St. Louis city,286509.0,1.87309974605475,,3,3,1,2.0,1.0,0.0,1.0,1.0,1.0,0.0,1.0
2039693781.0,29,Missouri,6179285,29095,Jackson,717037.0,0.565369652039605,0.2985286683,2,6,2,2.0,1.0,1.0,1.0,1.0,1.0,1.0,1.0
2039190465.0,29,Missouri,6179285,29186,Ste. Genevieve,18613.0,5.62874461108365,1.1085365822,2,5,1,2.0,1.0,1.0,1.0,1.0,1.0,1.0,0.0
1999436881.0,29,Missouri,6179285,29510,St. Louis city,286509.0,0.324655551426667,,2,2,2,2.0,1.0,1.0,0.0,1.0,0.0,1.0,0.0
2033856497.0,29,Missouri,6179285,29225,Webster,40367.0,0.592458817753967,0.6439722021000001,2,3,1,2.0,0.0,1.0,1.0,0.0,1.0,1.0,0.0
2001837699.0,29,Missouri,6179285,29119,McDonald,23600.0,1.79578328660709,1.5381564014,2,1,1,2.0,1.0,1.0,1.0,1.0,1.0,0.0,1.0
2041162271.0,29,Missouri,6179285,29051,Cole,76952.0,9.15402279565802,3.0710690337,1,4,1,2.0,0.0,0.0,0.0,0.0,1.0,1.0,1.0
2018487863.0,29,Missouri,6179285,29189,St. Louis,991719.0,0.706160780579119,1.1189725186,2,2,1,2.0,0.0,0.0,1.0,0.0,0.0,1.0,0.0
2013745059.0,29,Missouri,6179285,29029,Camden,43799.0,1.25120173910635,1.2652611997,2,2,1,2.0,1.0,0.0,0.0,0.0,1.0,0.0,1.0
2011864179.0,29,Missouri,6179285,29165,Platte,110567.0,1.9687805557521,,2,3,7,2.0,0.0,0.0,0.0,0.0,1.0,1.0,0.0
2034972713.0,29,Missouri,6179285,29189,St. Louis,991719.0,1.66564341408331,1.2410056788000001,1,5,2,2.0,1.0,1.0,1.0,1.0,1.0,0.0,1.0
2044268875.0,29,Missouri,6179285,29021,Buchanan,83011.0,6.78164214551127,,1,2,2,2.0,1.0,1.0,0.0,1.0,0.0,0.0,0.0
1998947429.0,29,Missouri,6179285,29077,Greene,303279.0,0.448559904779001,0.3944914894,1,5,1,2.0,1.0,1.0,1.0,1.0,1.0,1.0,1.0
2023858477.0,29,Missouri,6179285,29021,Buchanan,83011.0,1.03387512053772,,1,3,3,,1.0,1.0,0.0,0.0,1.0,1.0,0.0
2012014457.0,29,Missouri,6179285,29189,St. Louis,991719.0,0.39872063754187,,2,3,2,2.0,1.0,1.0,1.0,1.0,1.0,0.0,1.0
2021275019.0,29,Missouri,6179285,29510,St. Louis city,286509.0,2.22172354314207,,2,2,1,2.0,1.0,1.0,1.0,0.0,1.0,1.0,1.0
2013252087.0,29,Missouri,6179285,29107,Lafayette,32944.0,0.845817938593868,0.8067438707,2,4,1,2.0,1.0,1.0,1.0,1.0,1.0,1.0,1.0
2012483085.0,29,Missouri,6179285,29161,Phelps,45196.0,1.43405405025911,,1,3,3,1.0,0.0,0.0,0.0,0.0,0.0,1.0,0.0
2020514637.0,29,Missouri,6179285,29119,McDonald,23600.0,3.8535384879244,1.4119868895,2,3,1,2.0,0.0,0.0,0.0,0.0,0.0,1.0,0.0
2009785207.0,29,Missouri,6179285,29019,Boone,187514.0,2.42486638065064,1.4817449541,1,5,1,2.0,0.0,0.0,0.0,0.0,0.0,1.0,0.0
2016460555.0,29,Missouri,6179285,29119,McDonald,23600.0,0.911169525693407,0.7938891684,1,2,1,2.0,1.0,1.0,1.0,1.0,1.0,1.0,1.0
2029079629.0,29,Missouri,6179285,29189,St. Louis,991719.0,0.713589843584587,,1,3,2,2.0,0.0,0.0,0.0,0.0,0.0,0.0,1.0
1999710735.0,29,Missouri,6179285,29095,Jackson,717037.0,5.3118283265968,,2,5,2,2.0,1.0,1.0,1.0,1.0,1.0,1.0,1.0
2041851889.0,29,Missouri,6179285,29095,Jackson,717037.0,2.29560987104627,,2,3,1,2.0,1.0,1.0,1.0,1.0,1.0,1.0,1.0
2018017305.0,29,Missouri,6179285,29189,St. Louis,991719.0,0.587298847976437,3.6437585698,1,1,1,2.0,1.0,1.0,1.0,1.0,1.0,1.0,1.0
2037444577.0,28,Mississippi,2941237,28077,Lawrence,11771.0,1.30443840897693,0.9919857432,1,3,1,2.0,0.0,0.0,1.0,1.0,1.0,1.0,0.0
2031131733.0,28,Mississippi,2941237,28161,Yalobusha,12399.0,2.89049784886711,,2,4,1,2.0,1.0,1.0,1.0,1.0,1.0,0.0,0.0
2030904445.0,28,Mississippi,2941237,28125,Sharkey,3484.0,4.03193181521535,0.7762594332,2,6,2,2.0,0.0,0.0,0.0,0.0,0.0,0.0,
2033326311.0,28,Mississippi,2941237,28049,Hinds,217434.0,1.55276232279839,2.4615220296,1,4,2,2.0,1.0,1.0,1.0,1.0,1.0,1.0,1.0
2039948675.0,28,Mississippi,2941237,28067,Jones,66480.0,1.72911119264117,1.4092246293000001,2,6,1,2.0,0.0,0.0,0.0,0.0,0.0,1.0,0.0
2028888503.0,28,Mississippi,2941237,28047,Harrison,210909.0,1.55276232279839,,1,3,2,2.0,0.0,1.0,1.0,0.0,1.0,1.0,1.0
2012212663.0,28,Mississippi,2941237,28149,Warren,42694.0,0.598827883880058,0.8666039844000001,2,6,1,2.0,0.0,0.0,0.0,0.0,1.0,1.0,0.0
1998949327.0,28,Mississippi,2941237,28049,Hinds,217434.0,3.33929953429271,,1,2,2,2.0,1.0,0.0,0.0,1.0,1.0,1.0,0.0
2028368467.0,28,Mississippi,2941237,28149,Warren,42694.0,0.634663406778874,1.1012487069,1,3,1,2.0,1.0,1.0,1.0,1.0,0.0,1.0,0.0
1997453007.0,28,Mississippi,2941237,28047,Harrison,210909.0,0.888715853169015,1.2065988759,1,5,2,2.0,1.0,1.0,0.0,1.0,1.0,1.0,0.0
2011027711.0,28,Mississippi,2941237,28035,Forrest,78240.0,1.89536921963358,,2,2,1,2.0,0.0,0.0,0.0,1.0,0.0,0.0,0.0
1995101795.0,28,Mississippi,2941237,28105,Oktibbeha,51567.0,0.413377948288302,0.5150140721,1,5,1,2.0,1.0,1.0,1.0,1.0,1.0,0.0,1.0
2024048773.0,28,Mississippi,2941237,28035,Forrest,78240.0,2.70030406783104,,1,2,1,2.0,0.0,0.0,0.0,0.0,0.0,1.0,0.0
2009774551.0,28,Mississippi,2941237,28087,Lowndes,57685.0,1.60641518498363,,1,3,2,2.0,1.0,1.0,1.0,1.0,1.0,1.0,1.0
2028619697.0,28,Mississippi,2941237,28049,Hinds,217434.0,1.34750678972429,,2,2,1,2.0,1.0,1.0,1.0,0.0,1.0,1.0,1.0
2034277997.0,28,Mississippi,2941237,28109,Pearl River,57340.0,0.461104050534338,0.7945002957,1,6,1,2.0,1.0,1.0,1.0,1.0,1.0,1.0,1.0
2037462971.0,28,Mississippi,2941237,28087,Lowndes,57685.0,2.06659528045941,,1,4,2,2.0,1.0,1.0,0.0,1.0,1.0,0.0,0.0
2013186589.0,28,Mississippi,2941237,28049,Hinds,217434.0,1.45496286388992,1.3563835365,2,5,2,2.0,0.0,0.0,0.0,0.0,0.0,0.0,0.0
2025610025.0,28,Mississippi,2941237,28107,Panola,32574.0,0.239639293728593,,1,2,1,2.0,0.0,0.0,0.0,0.0,0.0,0.0,0.0
2017387461.0,28,Mississippi,2941237,28089,Madison,111692.0,1.15351468428383,0.7923851029000001,1,5,1,2.0,1.0,1.0,1.0,1.0,1.0,0.0,1.0
2031148927.0,28,Mississippi,2941237,28147,Walthall,13806.0,0.454147293546642,0.6985884221,1,5,1,2.0,1.0,1.0,1.0,0.0,0.0,1.0,1.0
2010627833.0,28,Mississippi,2941237,28075,Lauderdale,71342.0,1.94963531660603,,2,3,1,2.0,1.0,1.0,1.0,1.0,0.0,0.0,1.0
2043493157.0,28,Mississippi,2941237,28089,Madison,111692.0,0.547222788477238,1.0143434422,2,2,2,2.0,1.0,0.0,1.0,0.0,0.0,1.0,1.0
2037735505.0,28,Mississippi,2941237,28131,Stone,18836.0,2.37749556569187,,1,3,1,2.0,0.0,1.0,1.0,0.0,0.0,1.0,0.0
2026962887.0,28,Mississippi,2941237,28151,Washington,42500.0,0.807694666641492,2.9809151812,2,1,2,2.0,1.0,1.0,0.0,0.0,0.0,0.0,1.0
2012090635.0,28,Mississippi,2941237,28117,Prentiss,25051.0,0.839357295351584,0.6969872967,2,3,1,2.0,0.0,1.0,0.0,0.0,0.0,1.0,0.0
2033125511.0,44,Rhode Island,1098275,44007,Providence,661306.0,3.59158082925125,,3,2,5,2.0,1.0,1.0,1.0,1.0,1.0,0.0,1.0
1998625991.0,44,Rhode Island,1098275,44007,Providence,661306.0,2.06586244467307,1.3606402411,1,5,1,2.0,1.0,1.0,1.0,1.0,1.0,0.0,1.0
2034527275.0,44,Rhode Island,1098275,44007,Providence,661306.0,3.82571855008989,,2,3,1,2.0,1.0,1.0,1.0,1.0,0.0,0.0,1.0
2025946761.0,44,Rhode Island,1098275,44007,Providence,661306.0,8.2891664775727,3.9050903667,1,1,1,2.0,1.0,1.0,1.0,0.0,1.0,1.0,1.0
1999756153.0,44,Rhode Island,1098275,44007,Providence,661306.0,0.440409513630684,,1,5,5,2.0,1.0,1.0,1.0,1.0,1.0,1.0,1.0
1998495875.0,44,Rhode Island,1098275,44007,Providence,661306.0,0.779397067664677,0.7803611810000001,1,4,1,2.0,0.0,0.0,0.0,0.0,1.0,0.0,0.0
2033265009.0,44,Rhode Island,1098275,44007,Providence,661306.0,0.185031821390406,,2,2,1,1.0,1.0,1.0,1.0,1.0,1.0,1.0,1.0
2011953769.0,44,Rhode Island,1098275,44009,Washington,130441.0,1.34919327657346,1.2917436522,2,5,1,2.0,1.0,0.0,0.0,0.0,0.0,1.0,0.0
2040050729.0,44,Rhode Island,1098275,44007,Providence,661306.0,0.185031821390406,,2,2,3,1.0,1.0,0.0,0.0,0.0,0.0,0.0,0.0
2030694623.0,44,Rhode Island,1098275,44007,Providence,661306.0,0.773046132815726,,1,2,1,2.0,1.0,0.0,0.0,1.0,1.0,1.0,1.0
2013439139.0,32,Nevada,3177672,32031,Washoe,496521.0,0.742235699266916,2.3572989443,2,3,1,2.0,1.0,1.0,1.0,1.0,1.0,0.0,1.0
2033423165.0,32,Nevada,3177672,32003,Clark,2323145.0,0.57910518959255,0.4568201711,2,5,1,2.0,1.0,1.0,1.0,1.0,1.0,1.0,1.0
2040026303.0,32,Nevada,3177672,32003,Clark,2323145.0,0.753982541627105,3.1437628746,2,2,1,1.0,1.0,1.0,0.0,0.0,0.0,0.0,0.0
1999176947.0,32,Nevada,3177672,32005,Douglas,49588.0,4.8881516771374,,2,3,1,2.0,0.0,0.0,0.0,0.0,0.0,1.0,0.0
2008751555.0,32,Nevada,3177672,32003,Clark,2323145.0,0.845779362961996,0.6846682907,1,2,2,2.0,1.0,1.0,1.0,1.0,1.0,0.0,1.0
2012595649.0,32,Nevada,3177672,32003,Clark,2323145.0,0.46841518821281,0.9838633876,2,2,1,2.0,1.0,1.0,1.0,1.0,1.0,1.0,1.0
2015430801.0,32,Nevada,3177672,32003,Clark,2323145.0,0.751089298998439,,1,5,1,2.0,1.0,1.0,1.0,1.0,1.0,0.0,1.0
2036526283.0,32,Nevada,3177672,32003,Clark,2323145.0,2.72289284377809,0.4771865789,1,3,6,2.0,0.0,0.0,0.0,0.0,0.0,1.0,0.0
2019972717.0,32,Nevada,3177672,32005,Douglas,49588.0,3.49573993430739,,2,2,1,2.0,1.0,0.0,0.0,0.0,1.0,1.0,0.0
2028892645.0,32,Nevada,3177672,32003,Clark,2323145.0,1.71469875246123,,2,2,1,2.0,1.0,1.0,1.0,0.0,1.0,0.0,1.0
2014238801.0,32,Nevada,3177672,32003,Clark,2323145.0,2.04679913594063,,1,2,4,2.0,1.0,1.0,1.0,1.0,0.0,0.0,1.0
2002853223.0,32,Nevada,3177672,32003,Clark,2323145.0,3.23995504677569,,1,3,1,2.0,0.0,1.0,0.0,0.0,0.0,1.0,0.0
2013249029.0,32,Nevada,3177672,32003,Clark,2323145.0,0.251790822741931,0.6721819309,1,2,1,2.0,1.0,1.0,1.0,1.0,1.0,1.0,1.0
2039695743.0,32,Nevada,3177672,32003,Clark,2323145.0,3.49573993430739,,2,2,1,2.0,1.0,1.0,1.0,0.0,1.0,1.0,1.0
2029197771.0,32,Nevada,3177672,32003,Clark,2323145.0,2.25233902892958,,2,2,7,1.0,1.0,1.0,1.0,1.0,1.0,1.0,1.0
2015451347.0,32,Nevada,3177672,32031,Washoe,496521.0,3.11808384676967,2.8619170515,2,2,1,1.0,1.0,0.0,0.0,0.0,0.0,1.0,0.0
2038320195.0,32,Nevada,3177672,32003,Clark,2323145.0,4.81160943518705,,2,2,3,,1.0,1.0,1.0,0.0,0.0,0.0,0.0
1998683401.0,32,Nevada,3177672,32003,Clark,2323145.0,0.973755029845962,1.40385368,1,3,1,2.0,0.0,1.0,0.0,0.0,0.0,1.0,0.0
2012677721.0,32,Nevada,3177672,32003,Clark,2323145.0,0.555658970032398,,2,3,1,2.0,1.0,1.0,1.0,1.0,1.0,0.0,1.0
2012652377.0,32,Nevada,3177672,32003,Clark,2323145.0,4.07006305000503,,2,1,1,2.0,1.0,1.0,1.0,0.0,0.0,1.0,0.0
2045779691.0,32,Nevada,3177672,32003,Clark,2323145.0,1.68960956357606,0.889219929,2,3,3,,1.0,1.0,0.0,1.0,1.0,0.0,1.0
2034764417.0,32,Nevada,3177672,32031,Washoe,496521.0,0.259767506575817,,2,3,6,1.0,1.0,1.0,1.0,1.0,1.0,0.0,1.0
2030615391.0,32,Nevada,3177672,32023,Nye,54815.0,0.760082851647744,,1,2,1,2.0,1.0,1.0,0.0,1.0,1.0,1.0,1.0
1984021381.0,32,Nevada,3177672,32510,Carson City,58223.0,1.2024780895312,,1,5,1,2.0,0.0,0.0,0.0,0.0,0.0,1.0,0.0
2010749739.0,32,Nevada,3177672,32031,Washoe,496521.0,1.71469875246123,,2,2,1,2.0,1.0,0.0,0.0,0.0,0.0,0.0,1.0
2031471453.0,32,Nevada,3177672,32003,Clark,2323145.0,0.555578961152444,0.8091471425000001,1,4,1,2.0,1.0,1.0,1.0,1.0,1.0,1.0,1.0
2015455405.0,32,Nevada,3177672,32003,Clark,2323145.0,0.347764228856496,0.43878264920000004,2,4,2,2.0,1.0,1.0,0.0,1.0,1.0,1.0,1.0
2043888655.0,32,Nevada,3177672,32031,Washoe,496521.0,8.53627279189884,,1,5,1,2.0,0.0,1.0,1.0,1.0,1.0,1.0,1.0
2037354137.0,32,Nevada,3177672,32003,Clark,2323145.0,1.42357752568335,1.5878872528999999,1,2,1,2.0,0.0,0.0,0.0,0.0,0.0,1.0,0.0
2015553657.0,11,District of Columbia,674501,11001,District of Columbia,674501.0,1.29196820050283,3.1820409734,1,5,1,2.0,1.0,1.0,0.0,1.0,1.0,1.0,1.0
2031651375.0,11,District of Columbia,674501,11001,District of Columbia,674501.0,4.03882926603803,,1,2,2,2.0,0.0,1.0,0.0,0.0,1.0,1.0,1.0
2044203155.0,11,District of Columbia,674501,11001,District of Columbia,674501.0,1.00310420208136,,2,2,3,,1.0,1.0,1.0,0.0,1.0,1.0,0.0
2015726851.0,11,District of Columbia,674501,11001,District of Columbia,674501.0,2.68050186548776,3.7022275000000002,2,6,2,2.0,1.0,1.0,1.0,1.0,1.0,0.0,1.0
2024537033.0,11,District of Columbia,674501,11001,District of Columbia,674501.0,3.4118050982411,,1,2,2,2.0,1.0,1.0,1.0,1.0,1.0,1.0,1.0
2038228807.0,11,District of Columbia,674501,11001,District of Columbia,674501.0,0.877644041553171,1.0006315331,2,6,1,2.0,1.0,1.0,1.0,1.0,1.0,0.0,1.0
2011106117.0,02,Alaska,733659,02020,Anchorage Municipality,286992.0,1.18572533920123,2.3320084254,1,2,1,2.0,0.0,0.0,0.0,0.0,0.0,1.0,0.0
2038926229.0,02,Alaska,733659,02122,Kenai Peninsula Borough,60589.0,8.78680446567801,,1,2,1,2.0,1.0,1.0,1.0,0.0,1.0,0.0,0.0
2000266425.0,02,Alaska,733659,02110,Juneau City and Borough,31710.0,0.30106641755922,0.3371460113,1,5,1,2.0,0.0,0.0,0.0,0.0,0.0,1.0,0.0
2022095005.0,02,Alaska,733659,02020,Anchorage Municipality,286992.0,0.801293758843649,0.8054986095000001,2,3,1,2.0,1.0,1.0,1.0,1.0,1.0,0.0,1.0
2035499127.0,02,Alaska,733659,02020,Anchorage Municipality,286992.0,6.28408425257146,,2,1,4,2.0,0.0,0.0,0.0,0.0,0.0,0.0,1.0
2017568933.0,02,Alaska,733659,02170,Matanuska-Susitna Borough,113409.0,1.81307098060756,1.499927401,1,2,1,2.0,1.0,1.0,1.0,0.0,1.0,1.0,1.0
2015060437.0,02,Alaska,733659,02020,Anchorage Municipality,286992.0,0.82299980313276,,1,3,1,2.0,0.0,0.0,0.0,0.0,0.0,1.0,0.0
2026543609.0,01,Alabama,5076868,01057,Fayette,16044.0,0.641454145168812,0.21019588990000002,2,4,2,2.0,0.0,1.0,0.0,0.0,0.0,0.0,1.0
1999529459.0,01,Alabama,5076868,01127,Walker,64437.0,2.22958868247662,,2,3,1,2.0,1.0,1.0,1.0,1.0,1.0,1.0,1.0
2010743761.0,01,Alabama,5076868,01015,Calhoun,115738.0,0.582889954225145,,1,3,6,1.0,1.0,1.0,1.0,1.0,1.0,0.0,1.0
2012238885.0,01,Alabama,5076868,01051,Elmore,89617.0,11.5989800783069,,2,2,2,2.0,0.0,1.0,1.0,1.0,0.0,0.0,0.0
2025367809.0,01,Alabama,5076868,01067,Henry,17644.0,15.0614388091749,9.5396039053,2,1,2,2.0,0.0,1.0,0.0,1.0,1.0,0.0,0.0
2017115681.0,01,Alabama,5076868,01089,Madison,404070.0,0.897864592913654,0.1817141867,1,5,1,2.0,1.0,1.0,1.0,1.0,1.0,0.0,1.0
2010118349.0,01,Alabama,5076868,01089,Madison,404070.0,0.263463571362467,1.1330516938,1,2,4,2.0,1.0,1.0,1.0,0.0,1.0,1.0,1.0
2039793063.0,01,Alabama,5076868,01073,Jefferson,665691.0,2.03096495363369,0.26219504800000004,1,3,4,2.0,1.0,1.0,1.0,1.0,1.0,0.0,1.0
2014307619.0,01,Alabama,5076868,01115,St. Clair,93914.0,1.4229698436213,,1,5,1,2.0,1.0,1.0,1.0,1.0,1.0,1.0,1.0
2017145329.0,01,Alabama,5076868,01073,Jefferson,665691.0,2.99793275210317,1.5598163567,2,5,1,2.0,0.0,0.0,1.0,0.0,1.0,1.0,0.0
2014865123.0,01,Alabama,5076868,01073,Jefferson,665691.0,0.313393076350678,0.23102157350000002,1,3,1,2.0,1.0,1.0,1.0,1.0,1.0,0.0,1.0
2007853153.0,01,Alabama,5076868,01015,Calhoun,115738.0,2.55673700901961,0.49458297840000004,2,2,2,2.0,0.0,0.0,0.0,0.0,0.0,1.0,0.0
2034438427.0,01,Alabama,5076868,01039,Covington,37526.0,2.58334894765627,,1,4,1,2.0,1.0,1.0,0.0,0.0,1.0,1.0,1.0
2016848889.0,01,Alabama,5076868,01073,Jefferson,665691.0,3.46461653067396,2.0462586468,1,2,2,2.0,1.0,1.0,1.0,1.0,1.0,0.0,1.0
1993730767.0,01,Alabama,5076868,01115,St. Clair,93914.0,1.02598269063602,,2,4,1,2.0,0.0,0.0,0.0,0.0,0.0,1.0,0.0
2041911995.0,01,Alabama,5076868,01089,Madison,404070.0,0.293761856483651,0.5905714354,2,3,1,2.0,0.0,0.0,1.0,1.0,1.0,0.0,0.0
2037249953.0,01,Alabama,5076868,01121,Talladega,80664.0,3.52294593146077,,1,3,1,2.0,0.0,0.0,0.0,0.0,1.0,1.0,0.0
2033298119.0,01,Alabama,5076868,01045,Dale,49473.0,1.798758747789,,2,2,1,2.0,1.0,1.0,1.0,1.0,1.0,1.0,
2039310099.0,01,Alabama,5076868,01045,Dale,49473.0,0.644454937809218,0.3970472397,1,5,1,2.0,1.0,1.0,1.0,1.0,1.0,1.0,1.0
2041742625.0,01,Alabama,5076868,01081,Lee,180966.0,0.840326754438905,,2,2,2,2.0,1.0,0.0,1.0,0.0,1.0,0.0,0.0
2014370933.0,01,Alabama,5076868,01059,Franklin,31983.0,1.63947395037572,2.5442462781,2,5,1,2.0,0.0,0.0,0.0,0.0,0.0,1.0,0.0
2026343267.0,01,Alabama,5076868,01073,Jefferson,665691.0,6.81498826300949,,1,1,2,2.0,0.0,1.0,1.0,1.0,1.0,1.0,0.0
2010387885.0,01,Alabama,5076868,01113,Russell,58533.0,0.888046824518477,0.5610809992,2,4,2,2.0,1.0,1.0,1.0,1.0,1.0,1.0,1.0
1999137247.0,01,Alabama,5076868,01111,Randolph,22450.0,1.31482864069838,1.1332506719,1,5,1,2.0,0.0,0.0,0.0,0.0,0.0,1.0,0.0
2030695831.0,01,Alabama,5076868,01073,Jefferson,665691.0,1.08707898365871,0.6113437009,2,2,1,2.0,1.0,0.0,0.0,0.0,0.0,0.0,1.0
2034900227.0,01,Alabama,5076868,01097,Mobile,411378.0,2.52692310894586,0.8027892766,1,3,2,2.0,0.0,1.0,0.0,0.0,1.0,1.0,1.0
2034312463.0,01,Alabama,5076868,01097,Mobile,411378.0,1.24529637395964,1.1459351955,1,6,1,2.0,0.0,0.0,0.0,0.0,0.0,1.0,0.0
2014082677.0,01,Alabama,5076868,01101,Montgomery,226551.0,0.86230180320259,1.0308210812,2,6,2,2.0,1.0,1.0,1.0,1.0,1.0,1.0,1.0
2008842635.0,01,Alabama,5076868,01073,Jefferson,665691.0,0.962704338641969,0.4231441321,2,2,3,1.0,0.0,0.0,0.0,0.0,0.0,0.0,0.0
2016733677.0,01,Alabama,5076868,01067,Henry,17644.0,2.60318314990978,1.5972486211999999,1,2,2,2.0,0.0,1.0,1.0,0.0,0.0,0.0,1.0
2022231427.0,01,Alabama,5076868,01117,Shelby,230157.0,1.04189343845372,0.2100203943,1,3,1,2.0,0.0,0.0,0.0,0.0,0.0,1.0,0.0
2042329501.0,01,Alabama,5076868,01089,Madison,404070.0,0.618230415093611,0.6017618989,2,3,1,2.0,1.0,1.0,1.0,1.0,1.0,0.0,1.0
2039410205.0,01,Alabama,5076868,01045,Dale,49473.0,1.43858595425456,1.8876423708,2,2,1,2.0,0.0,0.0,0.0,0.0,0.0,1.0,0.0
2042330851.0,01,Alabama,5076868,01051,Elmore,89617.0,0.717166929717998,0.5091119425,2,6,1,2.0,1.0,1.0,1.0,1.0,1.0,1.0,1.0
2037581851.0,01,Alabama,5076868,01089,Madison,404070.0,1.40768705982517,1.3932527872,1,6,1,2.0,0.0,0.0,0.0,0.0,0.0,1.0,0.0
2044537057.0,01,Alabama,5076868,01073,Jefferson,665691.0,0.316410865410139,,1,2,2,2.0,1.0,1.0,1.0,1.0,1.0,1.0,1.0
2017497023.0,01,Alabama,5076868,01073,Jefferson,665691.0,1.20121206841969,0.2636699684,2,3,2,2.0,1.0,1.0,1.0,1.0,1.0,0.0,0.0
1996260301.0,01,Alabama,5076868,01089,Madison,404070.0,1.19945405834539,0.7205969171000001,2,6,1,2.0,1.0,1.0,1.0,1.0,1.0,0.0,1.0
1998039733.0,01,Alabama,5076868,01015,Calhoun,115738.0,0.456919753645573,0.5330278125,2,5,1,2.0,0.0,0.0,0.0,0.0,0.0,1.0,0.0
2014022223.0,01,Alabama,5076868,01089,Madison,404070.0,2.22958868247662,,2,4,1,2.0,1.0,1.0,1.0,1.0,1.0,0.0,1.0
2012575703.0,01,Alabama,5076868,01133,Winston,23749.0,3.06520153722509,,1,2,1,2.0,1.0,1.0,1.0,1.0,0.0,1.0,1.0
2002259979.0,01,Alabama,5076868,01097,Mobile,411378.0,1.34696141070984,1.8056610268000002,2,5,1,2.0,0.0,0.0,0.0,0.0,0.0,1.0,0.0
2043897621.0,01,Alabama,5076868,01031,Coffee,54818.0,0.747547556576258,,2,3,2,2.0,1.0,1.0,0.0,0.0,1.0,1.0,1.0
2009822325.0,01,Alabama,5076868,01063,Greene,7425.0,0.990334916956676,0.6633709862,2,5,2,2.0,1.0,1.0,1.0,1.0,1.0,0.0,1.0
2044442207.0,01,Alabama,5076868,01089,Madison,404070.0,1.56488029160543,,2,5,1,2.0,0.0,1.0,0.0,0.0,1.0,1.0,0.0
2034903163.0,01,Alabama,5076868,01103,Morgan,124190.0,0.541764180189715,,1,5,1,2.0,1.0,0.0,0.0,0.0,0.0,1.0,0.0
2029079385.0,15,Hawaii,1437812,15003,Honolulu,993798.0,4.14349881984269,,2,2,4,2.0,0.0,0.0,0.0,0.0,1.0,0.0,1.0
2034632063.0,15,Hawaii,1437812,15003,Honolulu,993798.0,4.87940686064677,,2,2,7,2.0,1.0,0.0,1.0,1.0,1.0,1.0,0.0
2014537065.0,15,Hawaii,1437812,15003,Honolulu,993798.0,0.441037443820841,0.6558334052,1,5,4,2.0,1.0,1.0,1.0,1.0,1.0,1.0,1.0
2030885607.0,15,Hawaii,1437812,15003,Honolulu,993798.0,0.697241689542206,1.1786458687,1,3,1,2.0,1.0,0.0,1.0,1.0,1.0,0.0,1.0
2011197027.0,15,Hawaii,1437812,15003,Honolulu,993798.0,1.25349832288307,,2,5,4,2.0,1.0,1.0,1.0,1.0,1.0,1.0,1.0
2042720327.0,15,Hawaii,1437812,15003,Honolulu,993798.0,6.45624804755658,,2,3,6,1.0,0.0,0.0,0.0,0.0,1.0,0.0,1.0
2014183431.0,15,Hawaii,1437812,15003,Honolulu,993798.0,0.571724669677731,0.7097528606,2,5,1,1.0,1.0,1.0,1.0,1.0,1.0,0.0,1.0
2012735641.0,15,Hawaii,1437812,15003,Honolulu,993798.0,1.30961643877682,3.464847198,2,3,3,1.0,1.0,1.0,1.0,1.0,1.0,0.0,1.0
2036918567.0,15,Hawaii,1437812,15003,Honolulu,993798.0,2.3167526708371,,1,1,7,2.0,1.0,1.0,1.0,1.0,1.0,1.0,1.0
2033210885.0,15,Hawaii,1437812,15003,Honolulu,993798.0,1.23743151890796,2.5812880787,1,2,1,2.0,1.0,0.0,0.0,0.0,0.0,1.0,0.0
2019567089.0,15,Hawaii,1437812,15007,Kauai,73707.0,2.03161148661629,5.2643214646,2,2,4,2.0,0.0,0.0,0.0,0.0,0.0,1.0,0.0
2008532569.0,15,Hawaii,1437812,15003,Honolulu,993798.0,2.29131362751654,0.9563885896000001,2,5,4,2.0,0.0,0.0,0.0,0.0,0.0,1.0,0.0
2031289349.0,15,Hawaii,1437812,15003,Honolulu,993798.0,0.281348834501678,,1,1,4,2.0,1.0,1.0,1.0,1.0,1.0,0.0,1.0
2012866725.0,38,North Dakota,780191,38017,Cass,193289.0,0.506717574889624,0.1795683972,2,6,1,2.0,1.0,1.0,1.0,1.0,1.0,1.0,1.0
2008830687.0,38,North Dakota,780191,38043,Kidder,2389.0,1.75982483402812,3.1217289572,2,2,1,2.0,1.0,1.0,1.0,0.0,1.0,1.0,0.0
2014620703.0,38,North Dakota,780191,38035,Grand Forks,72014.0,9.01484819494143,,2,2,1,2.0,0.0,0.0,0.0,0.0,0.0,1.0,0.0
2016016279.0,38,North Dakota,780191,38101,Ward,68752.0,1.95137532642987,,2,2,2,1.0,0.0,0.0,1.0,0.0,1.0,0.0,0.0
2009387465.0,38,North Dakota,780191,38105,Williams,37954.0,2.49335276839034,1.3525822743,1,4,1,2.0,1.0,0.0,0.0,0.0,0.0,1.0,0.0
2010081497.0,38,North Dakota,780191,38015,Burleigh,100302.0,1.28320819759639,,1,1,1,2.0,0.0,0.0,1.0,0.0,0.0,1.0,0.0
2024758563.0,38,North Dakota,780191,38017,Cass,193289.0,2.94081287022163,0.6788295245,1,2,1,2.0,1.0,1.0,1.0,1.0,1.0,1.0,1.0
1999847255.0,10,Delaware,1020279,10001,Kent,187830.0,2.77074604012134,0.38913494590000003,2,3,1,2.0,1.0,1.0,1.0,1.0,1.0,1.0,1.0
2034684767.0,10,Delaware,1020279,10003,New Castle,575913.0,2.48952475627614,,2,2,1,1.0,1.0,1.0,1.0,0.0,1.0,0.0,0.0
2043306401.0,10,Delaware,1020279,10003,New Castle,575913.0,4.31523675227982,1.1254988673,2,1,3,1.0,0.0,1.0,1.0,1.0,1.0,1.0,1.0
2016015507.0,10,Delaware,1020279,10003,New Castle,575913.0,0.18853403189305,1.3038067308999999,2,2,2,2.0,1.0,0.0,0.0,0.0,0.0,0.0,0.0
2040064841.0,10,Delaware,1020279,10003,New Castle,575913.0,0.623288195120438,0.7162035284,2,6,1,2.0,1.0,1.0,1.0,1.0,1.0,0.0,1.0
1998801809.0,10,Delaware,1020279,10003,New Castle,575913.0,0.825165169732472,0.7928943885,1,3,2,2.0,1.0,1.0,1.0,1.0,1.0,1.0,1.0
1995646949.0,10,Delaware,1020279,10003,New Castle,575913.0,2.04958472766462,1.0395144283,2,6,1,2.0,1.0,1.0,1.0,1.0,1.0,0.0,1.0
2035527659.0,10,Delaware,1020279,10001,Kent,187830.0,6.22470117587361,,1,1,1,2.0,1.0,1.0,1.0,1.0,1.0,0.0,1.0
2035567481.0,10,Delaware,1020279,10005,Sussex,256536.0,7.22082333383528,,1,2,2,2.0,1.0,1.0,1.0,0.0,1.0,0.0,0.0
2040215821.0,56,Wyoming,581742,56021,Laramie,100806.0,2.18581627282466,,1,3,1,1.0,0.0,1.0,1.0,1.0,1.0,1.0,0.0
1998468717.0,56,Wyoming,581742,56025,Natrona,79585.0,0.335751815476177,,1,2,1,2.0,1.0,1.0,1.0,1.0,1.0,0.0,1.0
2034673285.0,56,Wyoming,581742,56001,Albany,38253.0,1.05099889889727,0.3395522957,1,5,1,2.0,1.0,1.0,1.0,1.0,1.0,0.0,1.0
2014520055.0,56,Wyoming,581742,56005,Campbell,47058.0,0.704520377746906,1.4760814735,1,6,1,2.0,1.0,1.0,1.0,1.0,1.0,1.0,1.0
2012160245.0,56,Wyoming,581742,56021,Laramie,100806.0,3.38808124017075,1.6762996094,2,5,1,2.0,0.0,0.0,0.0,0.0,1.0,1.0,0.0
2009146037.0,50,Vermont,647614,50017,Orange,29883.0,0.465449507007393,0.6975892318,2,6,1,2.0,1.0,1.0,1.0,1.0,1.0,0.0,1.0
2045073987.0,50,Vermont,647614,50003,Bennington,37346.0,0.491018602367558,0.3054484364,2,5,1,2.0,1.0,1.0,1.0,1.0,0.0,0.0,1.0
1998424303.0,50,Vermont,647614,50005,Caledonia,30568.0,1.56039918602936,1.4784082836,1,4,1,2.0,0.0,0.0,0.0,0.0,1.0,1.0,0.0
2038474575.0,50,Vermont,647614,50015,Lamoille,26141.0,1.47051515708826,,2,3,1,2.0,1.0,1.0,1.0,1.0,1.0,0.0,1.0
2026571781.0,50,Vermont,647614,50001,Addison,37590.0,0.799104152597256,2.3102485381,2,5,1,2.0,0.0,0.0,0.0,0.0,0.0,1.0,0.0
2035418677.0,50,Vermont,647614,50023,Washington,60145.0,3.36938294641349,,1,1,1,2.0,1.0,1.0,1.0,1.0,1.0,1.0,1.0
