caseid,state_fips,state_name,state_pop,county_fips,county_name,county_pop,commonweight,vvweight,gender4,educ,race,hispanic,climate_problem,regulate_carbon,renewable_fuel,clean_air_water,fuel_efficiency,fossil_fuel,paris_agreement
2036974471.0,26,Michigan,10043906,26049,Genesee,401952.0,6.3957375379163,3.717917597,1,1,1,2.0,0.0,0.0,0.0,0.0,0.0,1.0,1.0
2015249863.0,26,Michigan,10043906,26099,Macomb,875065.0,1.25591240776057,1.1863570006,1,6,1,2.0,0.0,0.0,0.0,0.0,0.0,1.0,1.0
2039538027.0,26,Michigan,10043906,26115,Monroe,155376.0,0.654889560970575,0.7082088894,1,2,1,2.0,1.0,1.0,1.0,1.0,0.0,1.0,1.0
2032986953.0,26,Michigan,10043906,26163,Wayne,1761595.0,7.1518323576671,,2,5,4,2.0,1.0,1.0,1.0,1.0,1.0,1.0,1.0
1998812579.0,26,Michigan,10043906,26109,Menominee,23295.0,1.04794250409084,1.2165353465,2,3,1,2.0,1.0,1.0,0.0,0.0,1.0,1.0,1.0
2044920335.0,26,Michigan,10043906,26125,Oakland,1272787.0,2.93236322537903,,1,2,1,2.0,1.0,0.0,1.0,0.0,0.0,1.0,1.0
2036163879.0,26,Michigan,10043906,26125,Oakland,1272787.0,1.5086588616347,0.8428932269,2,5,2,2.0,1.0,1.0,1.0,1.0,1.0,0.0,1.0
2037316777.0,26,Michigan,10043906,26147,St. Clair,159886.0,0.142724543541814,,1,3,1,2.0,0.0,0.0,0.0,1.0,0.0,1.0,0.0
1999783887.0,26,Michigan,10043906,26065,Ingham,284388.0,0.779168250147768,0.7984580842000001,1,6,1,2.0,1.0,1.0,1.0,1.0,1.0,1.0,1.0
2015478053.0,26,Michigan,10043906,26163,Wayne,1761595.0,1.21839660029986,,1,2,2,2.0,1.0,1.0,1.0,1.0,1.0,1.0,1.0
2014394805.0,26,Michigan,10043906,26159,Van Buren,75681.0,3.37516722213168,,2,1,2,2.0,0.0,0.0,1.0,1.0,1.0,0.0,1.0
2042740317.0,26,Michigan,10043906,26115,Monroe,155376.0,5.38782539006574,,1,2,2,2.0,0.0,0.0,0.0,0.0,0.0,0.0,0.0
2030648313.0,26,Michigan,10043906,26025,Calhoun,133439.0,2.79385403597126,0.2553667658,2,1,1,2.0,1.0,0.0,0.0,0.0,0.0,0.0,0.0
2038586931.0,26,Michigan,10043906,26125,Oakland,1272787.0,0.778198854942588,0.4894826779,2,2,2,2.0,1.0,1.0,1.0,0.0,1.0,1.0,1.0
2006126501.0,26,Michigan,10043906,26081,Kent,659818.0,1.01949030568443,1.464880621,2,4,1,2.0,1.0,1.0,0.0,1.0,1.0,1.0,1.0
2011404803.0,26,Michigan,10043906,26139,Ottawa,300837.0,4.06825938388148,1.4273355733,2,5,1,2.0,0.0,0.0,0.0,0.0,0.0,1.0,0.0
2021915381.0,26,Michigan,10043906,26025,Calhoun,133439.0,0.610754146276672,0.6027293703000001,1,3,1,2.0,0.0,0.0,1.0,0.0,1.0,1.0,0.0
1998424307.0,26,Michigan,10043906,26163,Wayne,1761595.0,1.16639406214446,0.9215177962000001,2,4,1,2.0,0.0,0.0,0.0,0.0,0.0,1.0,0.0
2038533627.0,26,Michigan,10043906,26149,St. Joseph,60777.0,0.950067561597391,0.983291227,2,6,1,2.0,1.0,1.0,1.0,1.0,1.0,0.0,1.0
2029581119.0,26,Michigan,10043906,26099,Macomb,875065.0,3.49806653299445,,2,2,1,2.0,1.0,1.0,1.0,1.0,1.0,1.0,1.0
1519431277.0,26,Michigan,10043906,26163,Wayne,1761595.0,0.319842326741983,,2,1,2,2.0,1.0,1.0,0.0,1.0,0.0,1.0,1.0
2013191327.0,26,Michigan,10043906,26027,Cass,51422.0,0.257804380801769,0.7263033572,2,2,5,2.0,0.0,0.0,0.0,0.0,1.0,1.0,0.0
2044137447.0,26,Michigan,10043906,26163,Wayne,1761595.0,0.378911965901696,,1,3,1,2.0,1.0,1.0,1.0,1.0,1.0,0.0,1.0
2041090191.0,26,Michigan,10043906,26161,Washtenaw,367307.0,1.36358802526644,0.9906595066,1,5,1,2.0,1.0,1.0,1.0,1.0,1.0,0.0,1.0
2037088155.0,26,Michigan,10043906,26125,Oakland,1272787.0,3.05977640349708,0.8644207329,1,3,1,2.0,1.0,1.0,1.0,1.0,1.0,0.0,1.0
2009824341.0,26,Michigan,10043906,26139,Ottawa,300837.0,0.802206795230088,0.8976913786,1,5,1,2.0,0.0,0.0,0.0,0.0,0.0,0.0,0.0
2015400929.0,26,Michigan,10043906,26125,Oakland,1272787.0,1.29125037850835,0.1907079711,1,5,2,2.0,1.0,1.0,1.0,1.0,1.0,0.0,0.0
1996384897.0,26,Michigan,10043906,26065,Ingham,284388.0,1.79362322793923,1.0994052641,1,5,1,2.0,1.0,0.0,0.0,1.0,1.0,1.0,1.0
2007699863.0,26,Michigan,10043906,26145,Saginaw,188392.0,0.584709484738144,0.3820756158,2,2,2,2.0,1.0,0.0,0.0,1.0,1.0,0.0,0.0
2032667525.0,26,Michigan,10043906,26093,Livingston,196097.0,0.766006847152525,1.143442231,2,4,1,2.0,1.0,1.0,0.0,0.0,1.0,0.0,1.0
2028041305.0,26,Michigan,10043906,26163,Wayne,1761595.0,1.395332629968,1.3877430164,1,6,1,2.0,0.0,0.0,0.0,0.0,0.0,1.0,0.0
2043854005.0,26,Michigan,10043906,26081,Kent,659818.0,3.30582186122468,,3,3,3,,1.0,1.0,1.0,1.0,1.0,1.0,1.0
2012622831.0,26,Michigan,10043906,26087,Lapeer,88705.0,0.950067561597391,,2,6,1,2.0,1.0,1.0,1.0,1.0,1.0,0.0,1.0
2015486069.0,26,Michigan,10043906,26081,Kent,659818.0,0.584709484738144,0.3820756158,2,2,2,2.0,1.0,1.0,1.0,1.0,1.0,1.0,1.0
2010334809.0,26,Michigan,10043906,26161,Washtenaw,367307.0,1.11656373113983,1.2519272213,2,2,1,2.0,0.0,0.0,0.0,0.0,0.0,1.0,0.0
1999457825.0,26,Michigan,10043906,26145,Saginaw,188392.0,0.925431411297983,0.3785236958,2,3,1,2.0,1.0,1.0,1.0,1.0,1.0,0.0,1.0
2015431799.0,25,Massachusetts,7025465,25009,Essex,810054.0,1.1310670301508,0.4154129476,1,2,1,2.0,0.0,0.0,0.0,1.0,1.0,1.0,0.0
2010487505.0,25,Massachusetts,7025465,25005,Bristol,581598.0,0.731546816974442,0.6569574672,1,5,1,2.0,1.0,1.0,1.0,1.0,0.0,1.0,1.0
2029517265.0,25,Massachusetts,7025465,25021,Norfolk,727727.0,3.60919657631662,2.3746606592,2,2,4,2.0,1.0,1.0,1.0,1.0,1.0,1.0,1.0
2014749581.0,25,Massachusetts,7025465,25021,Norfolk,727727.0,0.927254538216252,0.9482059014,2,3,1,2.0,1.0,1.0,1.0,1.0,1.0,1.0,0.0
2039001247.0,25,Massachusetts,7025465,25027,Worcester,866439.0,1.20696269763565,1.0374354914,2,4,1,2.0,1.0,0.0,0.0,0.0,0.0,1.0,0.0
2033068281.0,25,Massachusetts,7025465,25009,Essex,810054.0,3.81862283906027,,1,2,1,2.0,1.0,1.0,1.0,1.0,1.0,0.0,1.0
2012679077.0,25,Massachusetts,7025465,25027,Worcester,866439.0,1.61758776152085,1.7244918948999999,2,2,1,2.0,0.0,0.0,0.0,0.0,0.0,1.0,0.0
2037580841.0,25,Massachusetts,7025465,25025,Suffolk,778090.0,1.43310087659057,1.4402033976,2,6,1,2.0,1.0,1.0,1.0,1.0,1.0,1.0,1.0
2013773877.0,25,Massachusetts,7025465,25017,Middlesex,1630890.0,2.45579266747205,,2,2,1,2.0,1.0,1.0,0.0,0.0,1.0,1.0,0.0
2010973181.0,25,Massachusetts,7025465,25021,Norfolk,727727.0,0.409005554424427,0.4878957365,1,2,1,2.0,0.0,0.0,0.0,0.0,0.0,1.0,0.0
2031441093.0,25,Massachusetts,7025465,25027,Worcester,866439.0,2.16606058356522,2.2883132348,2,6,1,2.0,1.0,1.0,1.0,1.0,1.0,1.0,1.0
2000537475.0,25,Massachusetts,7025465,25013,Hampden,461294.0,5.98339032441385,,1,5,1,2.0,0.0,1.0,1.0,1.0,1.0,1.0,1.0
2009669715.0,25,Massachusetts,7025465,25003,Berkshire,129592.0,1.40105477208313,1.3810002936,1,5,1,2.0,1.0,1.0,0.0,1.0,1.0,1.0,1.0
1984167589.0,25,Massachusetts,7025465,25027,Worcester,866439.0,1.90733601949257,,2,6,1,2.0,1.0,1.0,1.0,1.0,1.0,1.0,1.0
2037208395.0,25,Massachusetts,7025465,25017,Middlesex,1630890.0,0.249960769434768,0.2792183614,1,2,1,2.0,1.0,1.0,1.0,1.0,1.0,0.0,1.0
2030536351.0,25,Massachusetts,7025465,25009,Essex,810054.0,2.198792864517,0.9512518277,1,3,1,2.0,1.0,1.0,1.0,1.0,1.0,1.0,1.0
2033019681.0,25,Massachusetts,7025465,25027,Worcester,866439.0,3.03231034310809,0.7014500232,2,3,1,2.0,1.0,1.0,1.0,1.0,1.0,0.0,1.0
2036913755.0,25,Massachusetts,7025465,25021,Norfolk,727727.0,1.69351941406085,1.1988712028,1,5,1,2.0,0.0,1.0,0.0,0.0,0.0,1.0,0.0
2014972933.0,25,Massachusetts,7025465,25023,Plymouth,534977.0,0.976672158510868,,2,5,1,2.0,1.0,1.0,1.0,1.0,1.0,0.0,1.0
2021720067.0,25,Massachusetts,7025465,25003,Berkshire,129592.0,2.91842289146663,0.8433207326000001,3,1,1,2.0,1.0,1.0,1.0,1.0,1.0,1.0,1.0
1999720749.0,25,Massachusetts,7025465,25025,Suffolk,778090.0,0.731546816974442,0.6569574672,1,5,1,2.0,1.0,1.0,1.0,1.0,1.0,0.0,1.0
2015608789.0,25,Massachusetts,7025465,25013,Hampden,461294.0,3.22071902106159,,2,6,1,2.0,1.0,1.0,1.0,1.0,1.0,0.0,1.0
2021016677.0,25,Massachusetts,7025465,25005,Bristol,581598.0,0.988576993940865,,2,2,1,2.0,1.0,1.0,1.0,1.0,1.0,0.0,1.0
2032742855.0,25,Massachusetts,7025465,25015,Hampshire,165193.0,1.47850012273082,1.2153552138000001,1,5,1,2.0,1.0,1.0,1.0,1.0,1.0,0.0,1.0
2026448533.0,25,Massachusetts,7025465,25023,Plymouth,534977.0,1.02769226293153,1.8434898078000002,1,3,1,2.0,0.0,0.0,0.0,0.0,0.0,1.0,0.0
2020186613.0,42,Pennsylvania,12984655,42077,Lehigh,376746.0,0.994794399995737,,2,2,1,2.0,0.0,0.0,0.0,0.0,1.0,1.0,0.0
2020618567.0,42,Pennsylvania,12984655,42003,Allegheny,1233325.0,0.974026820662469,1.5888917925000001,2,4,4,2.0,1.0,1.0,1.0,1.0,1.0,0.0,1.0
2010773721.0,42,Pennsylvania,12984655,42013,Blair,120774.0,1.45220807860356,,2,3,1,2.0,1.0,1.0,1.0,1.0,1.0,1.0,1.0
1995231513.0,42,Pennsylvania,12984655,42011,Berks,432214.0,0.321144984167936,0.9675677062,2,1,1,2.0,0.0,1.0,0.0,0.0,1.0,0.0,1.0
2014869361.0,42,Pennsylvania,12984655,42045,Delaware,576666.0,0.950813496735346,0.8570049430000001,1,3,1,2.0,0.0,0.0,0.0,0.0,0.0,1.0,0.0
2011024403.0,42,Pennsylvania,12984655,42091,Montgomery,865483.0,2.22525228011441,1.6729857625,3,2,1,2.0,1.0,0.0,0.0,0.0,1.0,1.0,1.0
2014966183.0,42,Pennsylvania,12984655,42043,Dauphin,288943.0,1.3460223685282,1.1008417814,1,5,1,2.0,1.0,1.0,1.0,0.0,1.0,1.0,1.0
2038104627.0,42,Pennsylvania,12984655,42027,Centre,157977.0,0.783855893837054,0.8136729450000001,2,6,1,2.0,1.0,1.0,1.0,1.0,1.0,0.0,1.0
2011404711.0,42,Pennsylvania,12984655,42029,Chester,547131.0,1.54448837273711,5.2200522128,2,1,1,2.0,0.0,1.0,1.0,1.0,1.0,1.0,0.0
1997664391.0,42,Pennsylvania,12984655,42133,York,461464.0,1.46396477308506,1.4539966804,1,2,1,2.0,0.0,0.0,0.0,0.0,1.0,1.0,0.0
2012591137.0,42,Pennsylvania,12984655,42095,Northampton,318123.0,1.01940246720759,1.1499293561,2,5,1,2.0,0.0,0.0,0.0,0.0,0.0,1.0,0.0
2010851649.0,42,Pennsylvania,12984655,42011,Berks,432214.0,2.02821502972493,0.8404244832000001,1,2,1,2.0,1.0,1.0,1.0,1.0,1.0,1.0,1.0
2029188587.0,42,Pennsylvania,12984655,42071,Lancaster,557092.0,1.58811613388042,0.32485520160000003,2,2,1,2.0,0.0,1.0,1.0,0.0,0.0,1.0,0.0
2018853769.0,42,Pennsylvania,12984655,42101,Philadelphia,1572341.0,0.480185746906693,1.3279265271,1,4,2,2.0,1.0,1.0,1.0,1.0,1.0,0.0,1.0
2035116793.0,42,Pennsylvania,12984655,42027,Centre,157977.0,0.756461273880298,,1,5,1,1.0,0.0,1.0,1.0,1.0,1.0,1.0,1.0
2029255269.0,42,Pennsylvania,12984655,42091,Montgomery,865483.0,1.77448008338944,,2,2,3,1.0,1.0,1.0,1.0,1.0,1.0,1.0,
2014985935.0,42,Pennsylvania,12984655,42001,Adams,105994.0,3.07913574409401,1.3045960576,2,1,1,2.0,0.0,0.0,1.0,0.0,1.0,0.0,0.0
2037002985.0,42,Pennsylvania,12984655,42043,Dauphin,288943.0,2.51834748032304,,1,3,1,2.0,1.0,1.0,1.0,1.0,1.0,1.0,1.0
2008865153.0,42,Pennsylvania,12984655,42075,Lebanon,144037.0,0.785086813624481,0.9370326947000001,1,4,1,2.0,0.0,1.0,1.0,1.0,1.0,1.0,1.0
1993703055.0,42,Pennsylvania,12984655,42065,Jefferson,43731.0,1.28258022181996,1.4343151991,2,2,1,2.0,0.0,0.0,0.0,0.0,0.0,1.0,0.0
1998862679.0,42,Pennsylvania,12984655,42077,Lehigh,376746.0,0.76611735484357,0.8342007191,1,6,1,2.0,1.0,1.0,1.0,1.0,1.0,0.0,1.0
2032788547.0,42,Pennsylvania,12984655,42011,Berks,432214.0,1.58811613388042,,2,2,1,2.0,0.0,1.0,1.0,0.0,1.0,1.0,0.0
2015451529.0,42,Pennsylvania,12984655,42049,Erie,268923.0,0.589196155120176,,2,2,1,2.0,1.0,1.0,1.0,0.0,1.0,0.0,1.0
2008058693.0,42,Pennsylvania,12984655,42101,Philadelphia,1572341.0,2.48621004154275,2.1147607477,1,2,2,2.0,1.0,1.0,1.0,1.0,1.0,1.0,1.0
2016252337.0,42,Pennsylvania,12984655,42037,Columbia,65358.0,1.18975089747179,1.2054148653,1,6,1,2.0,0.0,0.0,0.0,0.0,0.0,1.0,0.0
2001298209.0,42,Pennsylvania,12984655,42045,Delaware,576666.0,2.79344792585791,,1,2,1,2.0,1.0,1.0,1.0,1.0,1.0,1.0,1.0
2031058251.0,42,Pennsylvania,12984655,42077,Lehigh,376746.0,0.957521430322996,,1,2,1,2.0,0.0,0.0,0.0,0.0,0.0,1.0,0.0
2015025973.0,42,Pennsylvania,12984655,42101,Philadelphia,1572341.0,0.783855893837054,0.8136729450000001,2,6,1,2.0,1.0,1.0,1.0,1.0,1.0,0.0,1.0
2014301185.0,42,Pennsylvania,12984655,42047,Elk,30447.0,0.91678800689495,0.9205679629,2,4,1,2.0,0.0,0.0,1.0,1.0,0.0,1.0,0.0
2012940799.0,42,Pennsylvania,12984655,42017,Bucks,646351.0,0.950813496735346,0.8195052122,1,3,1,2.0,0.0,0.0,0.0,0.0,0.0,1.0,0.0
2026808429.0,42,Pennsylvania,12984655,42079,Luzerne,326627.0,2.39713286356982,,1,3,3,,0.0,1.0,1.0,1.0,1.0,1.0,1.0
2014150433.0,42,Pennsylvania,12984655,42101,Philadelphia,1572341.0,2.57591945509032,1.3126208373,2,6,2,2.0,1.0,1.0,1.0,1.0,1.0,1.0,1.0
1998321013.0,42,Pennsylvania,12984655,42045,Delaware,576666.0,0.383877424349572,0.5406788281,2,2,1,2.0,1.0,1.0,1.0,1.0,1.0,0.0,1.0
1999482593.0,42,Pennsylvania,12984655,42049,Erie,268923.0,0.674737752070847,0.7788055859,2,5,1,2.0,1.0,1.0,1.0,1.0,1.0,0.0,1.0
2043485917.0,42,Pennsylvania,12984655,42029,Chester,547131.0,0.994794399995737,1.040068894,2,2,1,2.0,0.0,0.0,0.0,0.0,0.0,1.0,0.0
2041402127.0,42,Pennsylvania,12984655,42077,Lehigh,376746.0,0.66736700628458,1.8656982977,1,3,3,,1.0,1.0,1.0,1.0,1.0,0.0,1.0
2030967213.0,42,Pennsylvania,12984655,42021,Cambria,131399.0,1.62224538076464,,2,4,1,2.0,0.0,1.0,0.0,1.0,0.0,1.0,0.0
2011992533.0,42,Pennsylvania,12984655,42003,Allegheny,1233325.0,0.556162614905363,0.613757078,2,3,1,2.0,1.0,1.0,0.0,1.0,1.0,0.0,1.0
2044285395.0,42,Pennsylvania,12984655,42007,Beaver,165703.0,0.688840184897475,0.7185679639,2,4,1,2.0,1.0,1.0,1.0,1.0,1.0,0.0,1.0
2034135475.0,42,Pennsylvania,12984655,42101,Philadelphia,1572341.0,2.28187436153889,,1,5,4,2.0,0.0,0.0,0.0,0.0,1.0,1.0,0.0
2032153251.0,42,Pennsylvania,12984655,42041,Cumberland,268588.0,0.396824641112744,,1,3,1,2.0,1.0,1.0,1.0,1.0,1.0,0.0,1.0
2014845253.0,42,Pennsylvania,12984655,42101,Philadelphia,1572341.0,0.589196155120176,0.7735251706,2,2,1,2.0,1.0,1.0,1.0,1.0,1.0,0.0,1.0
2012089949.0,42,Pennsylvania,12984655,42017,Bucks,646351.0,0.783855893837054,0.8136729450000001,2,6,1,2.0,1.0,1.0,1.0,1.0,1.0,1.0,1.0
1999030495.0,42,Pennsylvania,12984655,42075,Lebanon,144037.0,1.46396477308506,1.4539966804,1,2,1,2.0,0.0,0.0,0.0,0.0,1.0,1.0,0.0
2040472007.0,42,Pennsylvania,12984655,42041,Cumberland,268588.0,2.01701970642083,,1,3,1,2.0,1.0,1.0,1.0,1.0,1.0,0.0,1.0
2015158735.0,42,Pennsylvania,12984655,42047,Elk,30447.0,0.891554991040227,0.8699040432,2,5,1,2.0,1.0,1.0,1.0,1.0,1.0,1.0,1.0
2010563115.0,42,Pennsylvania,12984655,42101,Philadelphia,1572341.0,3.82132618843888,1.1785604595,1,5,2,2.0,1.0,0.0,1.0,0.0,1.0,0.0,1.0
2012855767.0,09,Connecticut,3618707,09009,New Haven,,0.799415616385717,0.6693327799000001,1,5,1,2.0,1.0,1.0,1.0,1.0,1.0,0.0,1.0
2026746975.0,09,Connecticut,3618707,09009,New Haven,,1.20461890236797,1.5184530911,2,2,1,2.0,0.0,0.0,0.0,0.0,1.0,1.0,0.0
2008230687.0,09,Connecticut,3618707,09001,Fairfield,,0.866174388335426,0.9004900124,2,6,1,2.0,0.0,0.0,0.0,0.0,0.0,1.0,0.0
2039225421.0,09,Connecticut,3618707,09013,Tolland,,0.695488372602602,0.7016701177,2,5,1,2.0,1.0,1.0,1.0,1.0,1.0,0.0,1.0
2035655251.0,09,Connecticut,3618707,09003,Hartford,,1.69528304835508,,2,2,5,2.0,1.0,1.0,1.0,1.0,1.0,1.0,1.0
2034241523.0,09,Connecticut,3618707,09009,New Haven,,2.37461970898018,,1,4,3,,1.0,0.0,1.0,1.0,1.0,1.0,1.0
2015456457.0,09,Connecticut,3618707,09003,Hartford,,5.18613553688424,,1,5,2,2.0,1.0,1.0,1.0,0.0,1.0,1.0,1.0
2028996285.0,09,Connecticut,3618707,09009,New Haven,,7.92952858620287,,1,1,2,2.0,1.0,1.0,1.0,1.0,0.0,1.0,1.0
2027051617.0,09,Connecticut,3618707,09003,Hartford,,3.85173931493269,,1,4,4,2.0,1.0,1.0,1.0,1.0,1.0,1.0,1.0
2029545385.0,09,Connecticut,3618707,09009,New Haven,,1.52173457601145,,2,2,6,1.0,1.0,1.0,0.0,1.0,1.0,1.0,1.0
1997488445.0,09,Connecticut,3618707,09009,New Haven,,0.582848828562649,1.174133709,2,2,2,2.0,1.0,1.0,1.0,1.0,1.0,1.0,1.0
2014154633.0,09,Connecticut,3618707,09013,Tolland,,1.10359831753329,,2,6,1,2.0,1.0,1.0,1.0,1.0,1.0,0.0,1.0
1993733237.0,09,Connecticut,3618707,09003,Hartford,,0.444741506166286,0.8340781001,1,1,1,2.0,1.0,1.0,0.0,1.0,1.0,0.0,1.0
2017275661.0,24,Maryland,6183257,24031,Montgomery,1058546.0,1.66485191479267,1.799576022,1,3,1,2.0,1.0,1.0,1.0,1.0,1.0,0.0,1.0
2011071017.0,24,Maryland,6183257,24003,Anne Arundel,598102.0,1.31731110854388,1.4453282745,2,2,2,2.0,1.0,1.0,1.0,1.0,1.0,1.0,1.0
2001815103.0,24,Maryland,6183257,24031,Montgomery,1058546.0,0.585578869451061,0.4515751196,1,5,1,2.0,1.0,1.0,1.0,1.0,1.0,0.0,1.0
1998875953.0,24,Maryland,6183257,24005,Baltimore,847672.0,1.00273867552377,0.8681357594,2,5,1,2.0,0.0,1.0,1.0,0.0,1.0,1.0,0.0
2022707763.0,24,Maryland,6183257,24005,Baltimore,847672.0,6.58989775895037,,2,2,7,2.0,1.0,1.0,0.0,1.0,0.0,1.0,1.0
2006858753.0,24,Maryland,6183257,24003,Anne Arundel,598102.0,0.580812797323724,1.0712185295,2,2,1,2.0,1.0,0.0,0.0,0.0,0.0,0.0,0.0
2042804787.0,24,Maryland,6183257,24510,Baltimore city,570475.0,2.57709834711913,,1,2,1,2.0,1.0,1.0,1.0,0.0,1.0,1.0,0.0
2022642787.0,24,Maryland,6183257,24033,Prince George's,952326.0,3.1400574236489,,1,2,2,2.0,1.0,1.0,1.0,1.0,0.0,1.0,1.0
2014049231.0,24,Maryland,6183257,24005,Baltimore,847672.0,1.31731110854388,1.4453282745,2,2,2,2.0,1.0,1.0,1.0,1.0,1.0,0.0,1.0
2023003219.0,24,Maryland,6183257,24037,St. Mary's,114841.0,0.360336348425051,0.7501652659,2,2,1,2.0,0.0,1.0,0.0,1.0,1.0,1.0,0.0
1984348065.0,24,Maryland,6183257,24017,Charles,170246.0,0.478988166595754,0.4472621887,1,4,1,2.0,1.0,1.0,1.0,1.0,1.0,0.0,1.0
2043935371.0,24,Maryland,6183257,24510,Baltimore city,570475.0,11.0259259084447,,1,2,2,2.0,1.0,1.0,0.0,1.0,1.0,1.0,0.0
2017008957.0,24,Maryland,6183257,24003,Anne Arundel,598102.0,0.783582709963123,0.7672749082,1,3,1,2.0,0.0,0.0,1.0,0.0,1.0,1.0,0.0
2034369849.0,24,Maryland,6183257,24033,Prince George's,952326.0,3.57418219060835,,1,1,6,2.0,1.0,0.0,1.0,0.0,1.0,0.0,1.0
1998570515.0,24,Maryland,6183257,24001,Allegany,67013.0,2.42619870588822,1.1787503874,1,3,1,2.0,1.0,1.0,1.0,1.0,1.0,0.0,1.0
2017034693.0,24,Maryland,6183257,24003,Anne Arundel,598102.0,3.47908429201114,,1,6,1,2.0,1.0,1.0,1.0,1.0,1.0,0.0,1.0
2017118831.0,24,Maryland,6183257,24021,Frederick,287899.0,0.929971614676567,0.6522806647,1,3,1,2.0,0.0,0.0,0.0,0.0,0.0,1.0,0.0
2043494209.0,24,Maryland,6183257,24510,Baltimore city,570475.0,3.60410672362512,,2,5,2,2.0,1.0,1.0,0.0,0.0,1.0,0.0,1.0
2022354973.0,24,Maryland,6183257,24045,Wicomico,105131.0,4.70062834447671,,1,2,1,2.0,1.0,1.0,1.0,1.0,1.0,0.0,0.0
2016424429.0,24,Maryland,6183257,24005,Baltimore,847672.0,0.821734738108762,0.6654435603000001,2,6,1,2.0,1.0,1.0,1.0,1.0,1.0,0.0,1.0
2012194117.0,24,Maryland,6183257,24033,Prince George's,952326.0,1.44465956438831,1.4553503412,2,2,2,2.0,1.0,1.0,1.0,1.0,1.0,0.0,1.0
2012595823.0,24,Maryland,6183257,24031,Montgomery,1058546.0,0.957798692207626,1.2472694116,2,2,1,2.0,1.0,1.0,0.0,0.0,1.0,1.0,0.0
2023577723.0,33,New Hampshire,1396647,33017,Strafford,132469.0,0.261405964337992,,2,4,1,2.0,1.0,1.0,1.0,1.0,1.0,0.0,0.0
2017705943.0,33,New Hampshire,1396647,33017,Strafford,132469.0,0.67265660468084,0.6667357427,2,2,1,2.0,1.0,1.0,0.0,0.0,1.0,1.0,1.0
1995795263.0,33,New Hampshire,1396647,33011,Hillsborough,426329.0,0.784682649409078,,2,2,1,2.0,1.0,1.0,1.0,1.0,1.0,1.0,0.0
2039615367.0,33,New Hampshire,1396647,33015,Rockingham,319262.0,1.09990359671843,0.6983575510000001,1,6,1,2.0,1.0,0.0,1.0,0.0,0.0,1.0,0.0
2041001107.0,33,New Hampshire,1396647,33011,Hillsborough,426329.0,1.13594313228685,,2,5,1,2.0,1.0,0.0,1.0,0.0,1.0,1.0,1.0
2002553453.0,13,Georgia,10929992,13245,Richmond,206837.0,4.01592125595,0.2583991338,3,3,2,2.0,1.0,1.0,1.0,1.0,1.0,1.0,1.0
2020964115.0,13,Georgia,10929992,13067,Cobb,774481.0,2.79543483312809,,2,6,2,2.0,1.0,1.0,1.0,1.0,1.0,1.0,1.0
1999372713.0,13,Georgia,10929992,13215,Muscogee,202697.0,1.72333383994593,0.6163353822000001,1,2,1,2.0,1.0,1.0,1.0,1.0,1.0,0.0,1.0
2030897943.0,13,Georgia,10929992,13089,DeKalb,764752.0,3.47547113110857,,2,3,2,2.0,0.0,1.0,0.0,1.0,0.0,0.0,0.0
2012463327.0,13,Georgia,10929992,13013,Barrow,89551.0,0.636749293543095,0.8555327037,1,3,1,2.0,0.0,1.0,1.0,0.0,1.0,1.0,1.0
2030482275.0,13,Georgia,10929992,13121,Fulton,1076385.0,0.594120382548168,,1,4,3,,1.0,1.0,1.0,1.0,1.0,0.0,1.0
2033244931.0,13,Georgia,10929992,13169,Jones,28449.0,0.907046806866447,,2,2,1,2.0,1.0,1.0,0.0,0.0,1.0,1.0,1.0
2033729633.0,13,Georgia,10929992,13107,Emanuel,22926.0,2.38532567421067,,2,5,1,2.0,1.0,1.0,1.0,1.0,1.0,1.0,1.0
1999344143.0,13,Georgia,10929992,13121,Fulton,1076385.0,1.78514847587198,6.7083460009,1,1,2,2.0,1.0,1.0,1.0,1.0,1.0,1.0,1.0
2041599905.0,13,Georgia,10929992,13121,Fulton,1076385.0,2.01423427398431,,1,2,2,2.0,0.0,1.0,1.0,1.0,1.0,0.0,0.0
2012030643.0,13,Georgia,10929992,13083,Dade,16105.0,6.00872163436922,,2,2,1,2.0,1.0,1.0,1.0,0.0,1.0,1.0,1.0
1995353697.0,13,Georgia,10929992,13085,Dawson,30237.0,1.04086176936196,1.0063113494,1,5,1,2.0,0.0,0.0,0.0,0.0,0.0,1.0,0.0
2021518679.0,13,Georgia,10929992,13297,Walton,103235.0,1.81614443456728,1.3710323159,2,5,1,2.0,1.0,1.0,1.0,1.0,1.0,1.0,1.0
2013976059.0,13,Georgia,10929992,13021,Bibb,156302.0,0.836589770281745,0.8344213581000001,1,4,1,2.0,0.0,0.0,0.0,0.0,0.0,1.0,0.0
2038247101.0,13,Georgia,10929992,13049,Charlton,12842.0,1.22500567226559,1.170232488,2,4,1,2.0,0.0,0.0,1.0,0.0,1.0,1.0,0.0
2037262619.0,13,Georgia,10929992,13047,Catoosa,68897.0,0.628582232435601,,1,3,1,2.0,0.0,0.0,0.0,0.0,0.0,1.0,0.0
2013773157.0,13,Georgia,10929992,13185,Lowndes,119517.0,0.707774715450865,0.5600220641,2,3,2,2.0,1.0,1.0,0.0,1.0,1.0,0.0,0.0
2042373941.0,13,Georgia,10929992,13021,Bibb,156302.0,1.43218189036784,1.7761072815,2,5,1,2.0,1.0,1.0,1.0,0.0,1.0,1.0,0.0
2012918073.0,13,Georgia,10929992,13121,Fulton,1076385.0,3.11883504776839,,1,6,4,2.0,0.0,1.0,1.0,1.0,1.0,1.0,1.0
2019834865.0,13,Georgia,10929992,13215,Muscogee,202697.0,1.08390198053129,0.9579687842000001,1,2,1,2.0,0.0,1.0,0.0,1.0,1.0,1.0,0.0
2012730509.0,13,Georgia,10929992,13069,Coffee,43265.0,0.60306049033573,0.7679752524,2,6,1,2.0,1.0,1.0,1.0,1.0,1.0,0.0,1.0
2042897611.0,13,Georgia,10929992,13067,Cobb,774481.0,1.28819115786709,,1,3,2,2.0,1.0,1.0,1.0,1.0,0.0,0.0,1.0
2009617357.0,13,Georgia,10929992,13121,Fulton,1076385.0,6.82125467667791,4.7159854783,1,1,2,2.0,0.0,0.0,1.0,0.0,0.0,1.0,1.0
1995687729.0,13,Georgia,10929992,13093,Dooly,10607.0,3.90184857728922,,1,1,1,2.0,0.0,0.0,0.0,0.0,0.0,1.0,0.0
2015431933.0,13,Georgia,10929992,13175,Laurens,49687.0,0.922116813664291,1.0063835556,2,2,1,2.0,1.0,0.0,1.0,0.0,1.0,1.0,0.0
2045419297.0,13,Georgia,10929992,13015,Bartow,112751.0,0.928655813140586,1.013326755,1,5,1,2.0,0.0,0.0,0.0,0.0,0.0,1.0,0.0
2036916965.0,13,Georgia,10929992,13241,Rabun,17305.0,1.20720255940249,2.2606899181,2,2,1,2.0,0.0,0.0,0.0,1.0,0.0,1.0,0.0
2034553129.0,13,Georgia,10929992,13013,Barrow,89551.0,2.14074362995659,,1,3,1,2.0,0.0,1.0,1.0,1.0,0.0,0.0,0.0
2039437597.0,13,Georgia,10929992,13297,Walton,103235.0,1.23596231852717,1.2981877754,1,5,1,2.0,0.0,0.0,0.0,0.0,0.0,1.0,0.0
2040439391.0,13,Georgia,10929992,13121,Fulton,1076385.0,0.573015139182309,,1,4,2,2.0,1.0,1.0,1.0,1.0,1.0,1.0,1.0
2018829143.0,13,Georgia,10929992,13093,Dooly,10607.0,3.0367365502963,,2,1,1,2.0,0.0,0.0,0.0,0.0,1.0,1.0,0.0
2012764847.0,13,Georgia,10929992,13135,Gwinnett,979814.0,2.01280111483457,,2,6,1,2.0,1.0,0.0,1.0,1.0,1.0,1.0,1.0
2034740055.0,13,Georgia,10929992,13145,Harris,36320.0,0.645917880064957,,2,2,1,2.0,1.0,0.0,1.0,1.0,1.0,0.0,1.0
2030539779.0,13,Georgia,10929992,13135,Gwinnett,979814.0,0.74100769473727,,1,3,1,2.0,0.0,0.0,0.0,0.0,1.0,0.0,1.0
2014022851.0,13,Georgia,10929992,13123,Gilmer,32382.0,0.585015624066554,0.500203529,1,6,1,2.0,1.0,1.0,1.0,1.0,1.0,1.0,1.0
1994918569.0,13,Georgia,10929992,13215,Muscogee,202697.0,1.06065749388975,2.5740616068,1,1,1,2.0,0.0,0.0,0.0,0.0,0.0,1.0,0.0
2034551781.0,13,Georgia,10929992,13071,Colquitt,45935.0,3.36232695885538,,1,3,1,2.0,0.0,1.0,0.0,0.0,1.0,1.0,0.0
2012948671.0,13,Georgia,10929992,13185,Lowndes,119517.0,1.25823305065428,1.2903257446,2,5,1,2.0,0.0,0.0,0.0,0.0,1.0,1.0,1.0
2042987049.0,13,Georgia,10929992,13255,Spalding,68993.0,1.42296928709949,,1,3,2,2.0,1.0,1.0,1.0,1.0,0.0,1.0,1.0
2013171473.0,48,Texas,30118002,48085,Collin,1163646.0,0.81254434033552,0.8599864348,1,5,1,2.0,0.0,0.0,0.0,0.0,0.0,1.0,0.0
2002436799.0,48,Texas,30118002,48061,Cameron,425841.0,0.900982925546363,0.9445841482,1,2,1,2.0,1.0,0.0,1.0,1.0,1.0,1.0,1.0
2036913747.0,48,Texas,30118002,48491,Williamson,674478.0,1.57670512651698,,2,2,1,2.0,1.0,1.0,1.0,0.0,0.0,0.0,1.0
2010214587.0,48,Texas,30118002,48339,Montgomery,681285.0,4.43820322084076,,2,1,3,1.0,1.0,1.0,1.0,1.0,1.0,1.0,1.0
2010465689.0,48,Texas,30118002,48455,Trinity,13992.0,0.700819370137061,0.7339870512000001,1,2,1,2.0,1.0,1.0,0.0,1.0,1.0,0.0,1.0
2029187443.0,48,Texas,30118002,48309,McLennan,266125.0,2.09846112653212,,2,2,1,2.0,1.0,0.0,0.0,0.0,0.0,0.0,1.0
2040050831.0,48,Texas,30118002,48469,Victoria,91138.0,4.98835227318463,,2,5,3,2.0,1.0,1.0,0.0,0.0,0.0,0.0,1.0
2011843387.0,48,Texas,30118002,48439,Tarrant,2160356.0,1.05057569121484,1.0138379978,2,3,1,2.0,0.0,0.0,0.0,0.0,0.0,1.0,0.0
2011982205.0,48,Texas,30118002,48201,Harris,4809691.0,1.36437337340268,1.1382314919,2,6,1,2.0,1.0,0.0,0.0,1.0,0.0,1.0,0.0
2036915033.0,48,Texas,30118002,48453,Travis,1335984.0,1.93369640819446,0.5817189244000001,1,6,3,1.0,1.0,1.0,1.0,1.0,1.0,0.0,1.0
2044833731.0,48,Texas,30118002,48439,Tarrant,2160356.0,5.37934557681581,,1,2,2,1.0,1.0,1.0,1.0,1.0,1.0,0.0,1.0
2021803301.0,48,Texas,30118002,48339,Montgomery,681285.0,0.237057654182728,0.1195112453,2,5,7,2.0,0.0,0.0,0.0,0.0,1.0,1.0,0.0
2009709623.0,48,Texas,30118002,48201,Harris,4809691.0,1.80465897510715,,1,5,1,2.0,0.0,0.0,0.0,0.0,0.0,1.0,0.0
1984703233.0,48,Texas,30118002,48029,Bexar,2065661.0,0.545435405871833,,2,6,1,2.0,1.0,1.0,1.0,1.0,1.0,0.0,1.0
2013019249.0,48,Texas,30118002,48061,Cameron,425841.0,2.31097194836111,4.8473910982,1,1,3,1.0,1.0,0.0,0.0,1.0,1.0,1.0,0.0
2005713661.0,48,Texas,30118002,48439,Tarrant,2160356.0,0.80297929975832,0.6778971274000001,2,6,1,2.0,1.0,1.0,1.0,1.0,1.0,0.0,1.0
2032722891.0,48,Texas,30118002,48113,Dallas,2613911.0,2.32311698528056,,2,2,1,2.0,0.0,1.0,1.0,1.0,1.0,1.0,0.0
2002425563.0,48,Texas,30118002,48049,Brown,38399.0,2.51334154016295,0.47702005140000003,2,6,3,1.0,1.0,0.0,1.0,0.0,1.0,0.0,0.0
2021915429.0,48,Texas,30118002,48091,Comal,184600.0,0.773096417491207,0.7517017111000001,2,4,1,2.0,1.0,1.0,1.0,1.0,1.0,0.0,1.0
2033379243.0,48,Texas,30118002,48201,Harris,4809691.0,2.83910065108559,,2,6,4,2.0,1.0,1.0,1.0,1.0,1.0,1.0,1.0
2027719615.0,48,Texas,30118002,48453,Travis,1335984.0,1.61965241072119,1.8922064844,1,3,1,2.0,1.0,1.0,1.0,1.0,1.0,0.0,1.0
2011952071.0,48,Texas,30118002,48201,Harris,4809691.0,1.77085352076413,1.9524456348,2,6,1,2.0,0.0,0.0,0.0,0.0,0.0,0.0,0.0
2037987829.0,48,Texas,30118002,48201,Harris,4809691.0,0.866913043081409,1.2351273167,1,3,3,,1.0,0.0,1.0,0.0,1.0,1.0,1.0
2034579451.0,48,Texas,30118002,48113,Dallas,2613911.0,1.06254587574579,,2,3,3,,0.0,0.0,0.0,1.0,0.0,1.0,0.0
2034826331.0,48,Texas,30118002,48201,Harris,4809691.0,0.739821131457671,0.7110947689,1,6,1,2.0,0.0,0.0,0.0,0.0,0.0,1.0,0.0
2005793677.0,48,Texas,30118002,48329,Midland,172955.0,0.785879945068935,0.9106548964000001,1,3,1,2.0,0.0,0.0,0.0,0.0,1.0,1.0,0.0
2002591279.0,48,Texas,30118002,48113,Dallas,2613911.0,0.7882912169232,0.8820840357,2,6,1,2.0,1.0,1.0,1.0,1.0,1.0,1.0,1.0
2042202781.0,48,Texas,30118002,48491,Williamson,674478.0,2.15462697181397,,2,3,3,,1.0,1.0,1.0,0.0,1.0,1.0,1.0
2016051477.0,48,Texas,30118002,48201,Harris,4809691.0,0.289735459465024,,1,3,2,2.0,0.0,0.0,1.0,0.0,0.0,0.0,0.0
2014532115.0,48,Texas,30118002,48339,Montgomery,681285.0,0.984639333532489,0.9109939431,1,6,1,2.0,0.0,0.0,0.0,0.0,0.0,1.0,0.0
2021082349.0,48,Texas,30118002,48361,Orange,85103.0,7.2090717240243,,3,2,6,1.0,1.0,1.0,1.0,1.0,1.0,0.0,1.0
2031560977.0,48,Texas,30118002,48201,Harris,4809691.0,1.08025132202254,1.3146754092,1,2,1,2.0,0.0,1.0,1.0,0.0,0.0,1.0,0.0
2040026605.0,48,Texas,30118002,48339,Montgomery,681285.0,2.64256464199847,,1,1,1,2.0,1.0,1.0,1.0,1.0,1.0,1.0,
2014255557.0,48,Texas,30118002,48245,Jefferson,252341.0,1.83233148918258,,2,5,3,,1.0,1.0,0.0,0.0,1.0,1.0,1.0
2040050583.0,48,Texas,30118002,48491,Williamson,674478.0,1.5252791975338,0.6411531144,2,6,3,1.0,1.0,1.0,1.0,0.0,1.0,0.0,1.0
1993755369.0,48,Texas,30118002,48029,Bexar,2065661.0,4.32804425988214,,2,1,1,1.0,0.0,0.0,1.0,1.0,1.0,0.0,0.0
2026086497.0,48,Texas,30118002,48113,Dallas,2613911.0,1.5625828306135,1.80081134,1,2,2,2.0,0.0,1.0,0.0,0.0,1.0,1.0,1.0
2030943113.0,48,Texas,30118002,48245,Jefferson,252341.0,2.52344844124022,,1,3,2,2.0,1.0,1.0,1.0,0.0,1.0,1.0,1.0
2000293779.0,48,Texas,30118002,48485,Wichita,130106.0,0.53538571808478,0.5211952994,2,3,1,2.0,1.0,1.0,0.0,1.0,1.0,0.0,1.0
2009683213.0,48,Texas,30118002,48251,Johnson,195956.0,2.410125073925,,1,6,1,2.0,1.0,1.0,1.0,1.0,0.0,1.0,1.0
2016371525.0,48,Texas,30118002,48201,Harris,4809691.0,2.18363007874754,,2,3,3,1.0,0.0,1.0,1.0,1.0,0.0,0.0,1.0
2044648561.0,48,Texas,30118002,48085,Collin,1163646.0,7.83245131420312,,1,3,1,2.0,0.0,0.0,0.0,0.0,1.0,1.0,1.0
2029142385.0,48,Texas,30118002,48255,Karnes,14989.0,0.620414176172271,,1,2,1,2.0,0.0,0.0,0.0,0.0,0.0,1.0,0.0
2036933231.0,48,Texas,30118002,48085,Collin,1163646.0,4.41809596203003,2.3640659131,1,1,4,2.0,1.0,1.0,1.0,1.0,1.0,0.0,1.0
2038013787.0,48,Texas,30118002,48039,Brazoria,388637.0,1.53552233606884,1.4343400209000001,2,4,3,,1.0,1.0,1.0,1.0,1.0,1.0,1.0
2020144141.0,48,Texas,30118002,48121,Denton,980835.0,0.751746308486579,0.8903037936,2,2,1,2.0,0.0,0.0,0.0,0.0,1.0,1.0,1.0
2037194963.0,48,Texas,30118002,48439,Tarrant,2160356.0,1.41736386578942,,2,2,2,2.0,1.0,0.0,0.0,0.0,0.0,0.0,0.0
1990021231.0,48,Texas,30118002,48213,Henderson,84610.0,1.80465897510715,,1,5,1,2.0,1.0,1.0,1.0,1.0,1.0,1.0,1.0
2000589233.0,48,Texas,30118002,48307,McCulloch,7505.0,4.28870504069873,4.4321864903,1,2,1,2.0,0.0,0.0,0.0,1.0,0.0,0.0,0.0
2038820877.0,48,Texas,30118002,48085,Collin,1163646.0,1.33181330542977,1.7937118005000001,2,3,4,2.0,1.0,0.0,0.0,0.0,1.0,0.0,1.0
2036915199.0,48,Texas,30118002,48279,Lamb,12747.0,3.31262119327182,1.1087915603,1,2,3,1.0,1.0,1.0,1.0,1.0,1.0,0.0,0.0
2011202551.0,48,Texas,30118002,48157,Fort Bend,893314.0,2.67306061195032,1.9632994664,1,5,1,2.0,1.0,1.0,1.0,1.0,1.0,1.0,1.0
2023363235.0,48,Texas,30118002,48201,Harris,4809691.0,0.266877793662502,,2,1,1,1.0,1.0,0.0,1.0,1.0,1.0,0.0,0.0
2029540029.0,48,Texas,30118002,48029,Bexar,2065661.0,0.887253810415188,1.3168467965000001,2,2,3,,0.0,0.0,0.0,0.0,0.0,0.0,0.0
2038949421.0,48,Texas,30118002,48113,Dallas,2613911.0,1.70200349826163,,1,1,2,2.0,1.0,1.0,1.0,1.0,0.0,0.0,1.0
2029180281.0,48,Texas,30118002,48439,Tarrant,2160356.0,4.45731165845426,,1,3,4,2.0,1.0,1.0,1.0,1.0,1.0,0.0,1.0
2016948259.0,48,Texas,30118002,48141,El Paso,868332.0,0.637771795871143,0.5543659481000001,1,6,3,1.0,1.0,1.0,1.0,1.0,1.0,0.0,1.0
2015647301.0,48,Texas,30118002,48113,Dallas,2613911.0,1.80465897510715,,1,5,1,2.0,1.0,1.0,1.0,1.0,1.0,0.0,1.0
2014472715.0,48,Texas,30118002,48453,Travis,1335984.0,2.67306061195032,1.9632994664,1,5,1,2.0,1.0,1.0,1.0,1.0,1.0,0.0,1.0
2031255961.0,48,Texas,30118002,48113,Dallas,2613911.0,1.0308228924313,1.20500938,2,5,1,2.0,0.0,0.0,0.0,0.0,0.0,0.0,0.0
2019228049.0,48,Texas,30118002,48355,Nueces,351831.0,1.28170154199781,1.8134513587,2,5,3,1.0,0.0,0.0,0.0,0.0,1.0,0.0,0.0
2013084159.0,48,Texas,30118002,48141,El Paso,868332.0,1.01413020619712,0.6546211627,1,5,3,1.0,1.0,1.0,1.0,1.0,1.0,0.0,0.0
2013159559.0,48,Texas,30118002,48037,Bowie,91623.0,1.64231984935675,1.5696436247,2,3,1,2.0,0.0,0.0,0.0,0.0,1.0,1.0,0.0
2035223147.0,48,Texas,30118002,48423,Smith,242225.0,1.08142777181451,1.1017412412,1,5,1,2.0,0.0,0.0,0.0,0.0,1.0,1.0,0.0
2038641439.0,48,Texas,30118002,48157,Fort Bend,893314.0,0.815784267669329,,2,3,4,2.0,1.0,1.0,1.0,1.0,1.0,0.0,1.0
1999227265.0,48,Texas,30118002,48201,Harris,4809691.0,1.64231984935675,1.5696436247,2,3,1,2.0,1.0,1.0,0.0,1.0,1.0,1.0,1.0
1998206853.0,48,Texas,30118002,48157,Fort Bend,893314.0,2.96415397259181,0.4174158148,2,3,4,2.0,1.0,1.0,1.0,0.0,1.0,0.0,1.0
2029080969.0,48,Texas,30118002,48113,Dallas,2613911.0,0.900982925546363,0.9445841482,1,2,1,2.0,1.0,1.0,1.0,1.0,1.0,1.0,0.0
2009945325.0,48,Texas,30118002,48491,Williamson,674478.0,1.80465897510715,2.4517192036,1,5,1,2.0,0.0,0.0,0.0,0.0,0.0,1.0,0.0
2038238491.0,48,Texas,30118002,48439,Tarrant,2160356.0,1.3591168270776,5.4214919339,1,4,2,2.0,0.0,0.0,0.0,0.0,0.0,1.0,0.0
2042138775.0,48,Texas,30118002,48215,Hidalgo,888619.0,15.0614388091749,0.9805527115,1,3,3,,1.0,0.0,0.0,1.0,0.0,0.0,0.0
2010584437.0,48,Texas,30118002,48201,Harris,4809691.0,0.475458331121015,,2,3,2,2.0,1.0,1.0,0.0,0.0,1.0,1.0,1.0
2014313887.0,48,Texas,30118002,48347,Nacogdoches,65015.0,1.93369640819446,0.5817189244000001,1,6,3,1.0,1.0,1.0,1.0,1.0,1.0,0.0,1.0
2010215063.0,48,Texas,30118002,48453,Travis,1335984.0,1.66060823911952,1.7147260887,2,5,1,2.0,1.0,1.0,1.0,1.0,1.0,0.0,1.0
1999723465.0,48,Texas,30118002,48199,Hardin,57802.0,1.37193805723519,1.5437551991,2,5,1,2.0,0.0,0.0,1.0,0.0,1.0,1.0,0.0
1992994889.0,48,Texas,30118002,48201,Harris,4809691.0,1.34538424272663,1.322990213,1,6,1,2.0,0.0,0.0,0.0,0.0,0.0,1.0,0.0
1998054475.0,48,Texas,30118002,48029,Bexar,2065661.0,2.15262206359531,,1,5,3,1.0,1.0,1.0,1.0,1.0,1.0,0.0,1.0
2011107105.0,48,Texas,30118002,48145,Falls,16946.0,2.73666449537428,,2,3,1,2.0,1.0,1.0,1.0,1.0,1.0,1.0,1.0
1997660033.0,48,Texas,30118002,48013,Atascosa,50916.0,0.163360162439374,0.5070886617,2,4,3,1.0,0.0,1.0,1.0,0.0,1.0,1.0,1.0
2029004233.0,48,Texas,30118002,48201,Harris,4809691.0,0.960443964095042,0.9802591943000001,1,4,3,,0.0,1.0,1.0,0.0,1.0,1.0,0.0
2033010561.0,48,Texas,30118002,48029,Bexar,2065661.0,2.01468697969902,0.6112229106,2,5,2,2.0,1.0,1.0,1.0,1.0,1.0,1.0,1.0
2016068215.0,48,Texas,30118002,48329,Midland,172955.0,2.76121627561382,4.1016753586,2,1,1,2.0,0.0,0.0,0.0,0.0,1.0,1.0,0.0
2012820427.0,48,Texas,30118002,48439,Tarrant,2160356.0,0.383098752952551,0.42534739990000003,2,2,1,2.0,1.0,1.0,1.0,1.0,1.0,0.0,1.0
2022094875.0,48,Texas,30118002,48201,Harris,4809691.0,1.34538424272663,1.322990213,1,6,1,2.0,0.0,0.0,0.0,0.0,0.0,1.0,0.0
2040114011.0,48,Texas,30118002,48215,Hidalgo,888619.0,0.814718975906336,0.9160663262000001,2,3,3,,1.0,1.0,1.0,1.0,1.0,0.0,1.0
2039601289.0,48,Texas,30118002,48303,Lubbock,317940.0,5.35306812159804,,1,1,3,,1.0,0.0,0.0,0.0,1.0,1.0,1.0
1994164943.0,48,Texas,30118002,48439,Tarrant,2160356.0,1.6140981750233,1.5923414035999999,2,5,1,2.0,0.0,0.0,0.0,0.0,1.0,1.0,0.0
2009861771.0,48,Texas,30118002,48439,Tarrant,2160356.0,0.715716380008614,0.7499289401,1,3,1,2.0,0.0,0.0,0.0,0.0,0.0,1.0,0.0
2013365117.0,48,Texas,30118002,48491,Williamson,674478.0,0.517930023992668,0.9386348830000001,2,3,1,2.0,1.0,1.0,1.0,1.0,1.0,0.0,1.0
2026742383.0,48,Texas,30118002,48029,Bexar,2065661.0,0.612149336359184,0.7150541202,2,3,3,1.0,1.0,1.0,1.0,1.0,1.0,1.0,1.0
2017273191.0,48,Texas,30118002,48201,Harris,4809691.0,0.308178502157296,,1,2,2,2.0,0.0,0.0,1.0,1.0,1.0,0.0,0.0
1997663233.0,48,Texas,30118002,48265,Kerr,53782.0,1.29450736016703,1.1178103696,1,5,1,2.0,0.0,0.0,0.0,0.0,0.0,1.0,0.0
2015591831.0,48,Texas,30118002,48201,Harris,4809691.0,15.0614388091749,15.0172750693,2,1,3,1.0,0.0,0.0,0.0,0.0,0.0,0.0,0.0
2022373057.0,48,Texas,30118002,48201,Harris,4809691.0,4.45726059002237,,2,2,3,1.0,0.0,1.0,1.0,1.0,1.0,1.0,1.0
1999896909.0,48,Texas,30118002,48453,Travis,1335984.0,0.494905132496693,0.2980088083,1,5,6,1.0,1.0,1.0,1.0,1.0,1.0,0.0,1.0
2038854441.0,48,Texas,30118002,48439,Tarrant,2160356.0,1.6346388713942,0.7696700816000001,1,5,3,1.0,1.0,1.0,1.0,1.0,1.0,1.0,1.0
1997919981.0,48,Texas,30118002,48453,Travis,1335984.0,0.590480768287943,0.7108301192,1,4,1,2.0,0.0,0.0,0.0,0.0,0.0,1.0,0.0
1996451223.0,48,Texas,30118002,48245,Jefferson,252341.0,1.3752025303034,1.5743972942000002,1,2,1,2.0,0.0,0.0,1.0,0.0,0.0,1.0,0.0
2039431221.0,48,Texas,30118002,48245,Jefferson,252341.0,2.74159828372576,,2,2,2,2.0,1.0,1.0,0.0,0.0,1.0,0.0,0.0
2041821347.0,48,Texas,30118002,48347,Nacogdoches,65015.0,0.55110830091664,0.4690360933,1,5,1,2.0,1.0,1.0,1.0,1.0,1.0,0.0,1.0
2043479843.0,48,Texas,30118002,48157,Fort Bend,893314.0,4.32381709230785,,1,5,3,,1.0,1.0,0.0,1.0,1.0,1.0,1.0
2037826015.0,48,Texas,30118002,48355,Nueces,351831.0,2.1641483429908,,1,2,1,2.0,0.0,0.0,0.0,0.0,1.0,1.0,0.0
2036926263.0,48,Texas,30118002,48339,Montgomery,681285.0,15.0614388091749,4.2276924343,1,5,4,2.0,0.0,0.0,0.0,0.0,0.0,1.0,0.0
2031058103.0,48,Texas,30118002,48029,Bexar,2065661.0,0.485985956991489,0.5881947036,2,3,7,1.0,0.0,1.0,1.0,1.0,1.0,1.0,1.0
2036529845.0,48,Texas,30118002,48121,Denton,980835.0,3.5441550514837,,2,3,6,1.0,1.0,0.0,1.0,0.0,1.0,1.0,0.0
2008641457.0,48,Texas,30118002,48409,San Patricio,70043.0,0.511428140015352,0.559021863,2,4,5,2.0,0.0,0.0,0.0,0.0,0.0,1.0,0.0
2023543317.0,48,Texas,30118002,48201,Harris,4809691.0,3.5441550514837,,2,3,3,,1.0,1.0,0.0,0.0,0.0,1.0,1.0
2020349363.0,48,Texas,30118002,48055,Caldwell,47995.0,0.695300704521599,0.5436365163,2,6,1,2.0,1.0,1.0,1.0,1.0,1.0,0.0,1.0
1946494017.0,37,North Carolina,10705768,37001,Alamance,176470.0,0.7053621275149,1.8813906729,1,2,2,2.0,1.0,1.0,1.0,1.0,1.0,0.0,1.0
2015726631.0,37,North Carolina,10705768,37183,Wake,1173034.0,1.22858540703967,,1,5,1,2.0,1.0,1.0,1.0,1.0,1.0,0.0,1.0
2014485345.0,37,North Carolina,10705768,37135,Orange,150554.0,0.892548747118265,0.9878127352,2,5,1,2.0,1.0,1.0,1.0,1.0,1.0,0.0,1.0
2029033009.0,37,North Carolina,10705768,37139,Pasquotank,40954.0,1.66972701660836,,1,2,1,2.0,0.0,1.0,1.0,1.0,1.0,1.0,0.0
2011952375.0,37,North Carolina,10705768,37001,Alamance,176470.0,1.52862101959273,1.3910855703,1,5,1,2.0,0.0,0.0,0.0,0.0,0.0,1.0,1.0
1999592379.0,37,North Carolina,10705768,37085,Harnett,138514.0,1.01464823111377,1.022353241,2,4,1,2.0,0.0,0.0,0.0,1.0,1.0,1.0,0.0
2016604377.0,37,North Carolina,10705768,37051,Cumberland,338521.0,5.0795848581687,,1,1,6,2.0,0.0,1.0,1.0,1.0,1.0,1.0,0.0
2014610493.0,37,North Carolina,10705768,37001,Alamance,176470.0,1.35041095147596,1.3097517391,2,3,1,2.0,0.0,0.0,0.0,0.0,0.0,1.0,0.0
2011245477.0,37,North Carolina,10705768,37179,Union,249615.0,1.31320786767327,1.1890781671,1,2,1,2.0,0.0,0.0,0.0,0.0,0.0,1.0,0.0
2013933991.0,37,North Carolina,10705768,37081,Guilford,546589.0,1.99787278903504,,2,6,2,2.0,1.0,1.0,1.0,0.0,0.0,0.0,0.0
2010700951.0,37,North Carolina,10705768,37045,Cleveland,100773.0,3.98538572746583,3.1281104633,2,5,1,2.0,1.0,0.0,0.0,1.0,0.0,1.0,0.0
2012739337.0,37,North Carolina,10705768,37045,Cleveland,100773.0,1.43993308950036,2.5176485912,1,2,1,2.0,1.0,1.0,1.0,0.0,0.0,1.0,0.0
2014325583.0,37,North Carolina,10705768,37105,Lee,65613.0,0.57950606718956,0.5211287655,1,2,1,2.0,1.0,1.0,1.0,1.0,1.0,1.0,1.0
2030980629.0,37,North Carolina,10705768,37153,Richmond,42371.0,1.4418039795486,,2,1,2,2.0,0.0,1.0,1.0,1.0,1.0,1.0,1.0
2010452379.0,37,North Carolina,10705768,37183,Wake,1173034.0,1.26841373240736,1.1607572996,2,2,1,2.0,0.0,0.0,1.0,0.0,0.0,1.0,1.0
2042640727.0,37,North Carolina,10705768,37119,Mecklenburg,1148324.0,0.892548747118265,,2,5,1,2.0,1.0,1.0,0.0,1.0,0.0,1.0,1.0
2039699625.0,37,North Carolina,10705768,37035,Catawba,163274.0,0.64514001172453,0.6794678856,2,3,1,2.0,1.0,1.0,1.0,0.0,1.0,0.0,1.0
2009992193.0,37,North Carolina,10705768,37053,Currituck,30994.0,5.03082739902254,,2,3,1,2.0,0.0,1.0,0.0,1.0,0.0,0.0,0.0
2012479635.0,37,North Carolina,10705768,37067,Forsyth,389389.0,1.59267338998986,1.6726544547,2,5,1,2.0,0.0,0.0,1.0,0.0,1.0,1.0,0.0
2019140643.0,37,North Carolina,10705768,37155,Robeson,116281.0,0.991314597184437,0.7581362013,1,2,2,2.0,1.0,1.0,1.0,1.0,1.0,1.0,1.0
2037952023.0,37,North Carolina,10705768,37189,Watauga,55363.0,1.97310989820797,,1,3,1,2.0,0.0,0.0,0.0,0.0,0.0,1.0,0.0
2029042801.0,37,North Carolina,10705768,37081,Guilford,546589.0,0.462280971826487,0.4867076301,1,4,1,2.0,1.0,1.0,1.0,1.0,1.0,0.0,1.0
2035627225.0,37,North Carolina,10705768,37025,Cabarrus,236041.0,0.754214337218186,,2,4,1,2.0,1.0,1.0,1.0,1.0,0.0,1.0,1.0
2017411033.0,37,North Carolina,10705768,37025,Cabarrus,236041.0,0.143896400473477,,2,2,1,2.0,1.0,1.0,1.0,1.0,1.0,1.0,1.0
1883709751.0,37,North Carolina,10705768,37057,Davidson,172376.0,1.92618877408652,3.8206655367,2,1,1,2.0,0.0,0.0,1.0,1.0,1.0,0.0,0.0
2011122305.0,37,North Carolina,10705768,37125,Moore,105484.0,2.62604233989633,,1,3,1,2.0,0.0,0.0,0.0,0.0,1.0,0.0,0.0
2033226111.0,37,North Carolina,10705768,37035,Catawba,163274.0,0.263093743036687,0.5469348350000001,1,2,1,2.0,0.0,1.0,1.0,1.0,1.0,1.0,1.0
2005766557.0,37,North Carolina,10705768,37035,Catawba,163274.0,4.08893992242557,3.8806102554,1,5,1,2.0,1.0,1.0,1.0,1.0,1.0,1.0,
2031194443.0,37,North Carolina,10705768,37183,Wake,1173034.0,0.213359696188358,0.5912504429000001,2,3,2,2.0,1.0,1.0,0.0,0.0,0.0,1.0,0.0
2038227679.0,37,North Carolina,10705768,37081,Guilford,546589.0,3.72501763817844,2.4380813983,1,5,1,2.0,1.0,1.0,1.0,1.0,1.0,0.0,1.0
1999742949.0,37,North Carolina,10705768,37119,Mecklenburg,1148324.0,3.08182774732267,2.3936527961,2,5,2,2.0,1.0,1.0,1.0,1.0,1.0,1.0,1.0
2026878601.0,37,North Carolina,10705768,37097,Iredell,196005.0,1.76149982022251,,2,2,1,2.0,1.0,1.0,1.0,1.0,1.0,1.0,0.0
1998396687.0,37,North Carolina,10705768,37183,Wake,1173034.0,0.994992824061603,2.6108886872,1,1,1,2.0,1.0,1.0,1.0,1.0,1.0,0.0,1.0
2032674891.0,37,North Carolina,10705768,37067,Forsyth,389389.0,0.953038590586729,,2,2,1,2.0,1.0,1.0,1.0,0.0,0.0,1.0,1.0
1998177785.0,37,North Carolina,10705768,37071,Gaston,234245.0,0.96764930971294,0.9614344911,1,4,1,2.0,0.0,0.0,0.0,0.0,0.0,1.0,0.0
2042329147.0,37,North Carolina,10705768,37125,Moore,105484.0,1.49812180286049,,2,6,1,2.0,0.0,0.0,0.0,0.0,1.0,1.0,0.0
1999961475.0,37,North Carolina,10705768,37025,Cabarrus,236041.0,1.23557542452611,1.123750661,2,3,1,2.0,0.0,0.0,0.0,0.0,0.0,0.0,0.0
2043485319.0,37,North Carolina,10705768,37145,Person,39402.0,0.913239914754482,1.4537171237,2,2,1,2.0,0.0,0.0,0.0,0.0,0.0,1.0,0.0
2035419275.0,37,North Carolina,10705768,37195,Wilson,79357.0,3.16528617742735,,2,2,1,2.0,1.0,1.0,0.0,0.0,1.0,1.0,1.0
2026695201.0,22,Louisiana,4600892,22033,East Baton Rouge Parish,451837.0,1.30683664590051,,2,1,1,2.0,0.0,1.0,0.0,0.0,1.0,1.0,1.0
2035597777.0,22,Louisiana,4600892,22019,Calcasieu Parish,202821.0,3.9974007965391,,2,2,1,2.0,1.0,0.0,1.0,1.0,0.0,1.0,0.0
2036171077.0,22,Louisiana,4600892,22033,East Baton Rouge Parish,451837.0,2.95709677667849,,1,2,2,2.0,0.0,1.0,1.0,1.0,0.0,1.0,0.0
2042330127.0,22,Louisiana,4600892,22033,East Baton Rouge Parish,451837.0,0.996733571010517,1.3707191272,1,5,1,2.0,0.0,0.0,0.0,0.0,1.0,1.0,0.0
2012843691.0,22,Louisiana,4600892,22051,Jefferson Parish,430086.0,1.01027572642731,0.7430969104,2,6,1,2.0,1.0,1.0,0.0,0.0,1.0,1.0,1.0
2028242597.0,22,Louisiana,4600892,22071,Orleans Parish,371038.0,2.21373857413355,0.7103028484,2,3,2,2.0,1.0,0.0,0.0,1.0,1.0,1.0,0.0
1999240253.0,22,Louisiana,4600892,22115,Vernon Parish,46863.0,1.22945762638646,0.6621496793,1,6,1,2.0,0.0,0.0,0.0,0.0,0.0,1.0,0.0
2029097521.0,22,Louisiana,4600892,22019,Calcasieu Parish,202821.0,0.815433474467897,0.4589718928,2,2,2,2.0,,1.0,1.0,1.0,1.0,1.0,1.0
2010193045.0,22,Louisiana,4600892,22051,Jefferson Parish,430086.0,1.05356157095213,0.7301424297,2,5,1,2.0,1.0,1.0,1.0,1.0,1.0,1.0,1.0
2026743867.0,22,Louisiana,4600892,22055,Lafayette Parish,248406.0,0.467754651581281,0.28199565990000003,2,4,2,2.0,1.0,1.0,1.0,1.0,1.0,0.0,1.0
2026704053.0,22,Louisiana,4600892,22089,St. Charles Parish,51089.0,5.01869304949396,,1,2,1,2.0,0.0,1.0,1.0,0.0,1.0,1.0,0.0
2018440311.0,22,Louisiana,4600892,22103,St. Tammany Parish,273650.0,3.56128272202773,,2,2,1,2.0,1.0,1.0,1.0,1.0,1.0,1.0,1.0
2022130875.0,22,Louisiana,4600892,22033,East Baton Rouge Parish,451837.0,2.3753716506549,1.2966641918000001,2,6,1,2.0,1.0,1.0,1.0,1.0,1.0,0.0,1.0
2034476589.0,22,Louisiana,4600892,22115,Vernon Parish,46863.0,2.0465288747473,1.1439672708,2,5,7,2.0,0.0,0.0,0.0,0.0,0.0,1.0,0.0
2036397907.0,22,Louisiana,4600892,22079,Rapides Parish,127018.0,2.95709677667849,,1,2,2,2.0,1.0,0.0,1.0,1.0,0.0,1.0,1.0
2020043889.0,22,Louisiana,4600892,22017,Caddo Parish,229272.0,5.41952025919097,,1,2,2,2.0,1.0,1.0,1.0,1.0,1.0,0.0,1.0
2027485149.0,22,Louisiana,4600892,22117,Washington Parish,45020.0,4.61278296915869,,1,2,2,2.0,1.0,1.0,1.0,1.0,1.0,1.0,1.0
2042328769.0,45,South Carolina,5288957,45051,Horry,383626.0,2.04309973261209,2.593839951,1,6,1,2.0,0.0,0.0,0.0,0.0,0.0,1.0,0.0
2005408867.0,45,South Carolina,5288957,45041,Florence,136895.0,0.681877672004656,1.1465351102999999,2,2,2,2.0,0.0,1.0,1.0,1.0,0.0,1.0,1.0
2004054499.0,45,South Carolina,5288957,45079,Richland,421786.0,3.35149286233262,,2,2,2,2.0,0.0,1.0,0.0,0.0,1.0,0.0,0.0
2000413691.0,45,South Carolina,5288957,45019,Charleston,420325.0,2.88628737170766,,2,5,1,2.0,1.0,1.0,1.0,1.0,1.0,0.0,1.0
2030717317.0,45,South Carolina,5288957,45017,Calhoun,14197.0,1.3292081075395,,2,4,2,2.0,1.0,1.0,1.0,1.0,1.0,1.0,0.0
2014609761.0,45,South Carolina,5288957,45035,Dorchester,166125.0,4.07184430554204,2.2894224897,1,3,1,2.0,1.0,0.0,1.0,0.0,1.0,1.0,0.0
2032736859.0,45,South Carolina,5288957,45063,Lexington,305297.0,1.13877808628659,1.0776419911,2,5,1,2.0,0.0,0.0,0.0,0.0,0.0,1.0,0.0
2031460769.0,45,South Carolina,5288957,45085,Sumter,103890.0,12.1711330156418,,2,1,2,2.0,1.0,1.0,1.0,1.0,0.0,0.0,0.0
2014221115.0,45,South Carolina,5288957,45051,Horry,383626.0,0.875191898117791,,1,2,1,2.0,1.0,1.0,1.0,0.0,1.0,1.0,1.0
2039795607.0,45,South Carolina,5288957,45019,Charleston,420325.0,0.660538893418904,0.5807641642,2,5,1,2.0,1.0,1.0,1.0,1.0,1.0,0.0,1.0
2033096457.0,45,South Carolina,5288957,45013,Beaufort,196266.0,3.48378277632089,,1,2,1,2.0,0.0,0.0,0.0,0.0,1.0,1.0,0.0
2012319603.0,45,South Carolina,5288957,45003,Aiken,173545.0,6.17215356012936,4.3828078725,1,1,1,2.0,0.0,0.0,0.0,0.0,0.0,1.0,0.0
2013689515.0,45,South Carolina,5288957,45015,Berkeley,245656.0,1.70853072163867,1.4327200447,1,5,1,2.0,0.0,0.0,0.0,0.0,0.0,1.0,0.0
2011452431.0,45,South Carolina,5288957,45083,Spartanburg,346466.0,0.468475226240652,0.6579039241,1,3,1,2.0,1.0,0.0,0.0,1.0,1.0,1.0,0.0
2008986847.0,45,South Carolina,5288957,45001,Abbeville,24413.0,0.910202919652881,2.2309787276,2,2,1,2.0,0.0,1.0,1.0,0.0,1.0,1.0,1.0
2009354511.0,45,South Carolina,5288957,45091,York,293579.0,2.28728486476966,1.1926615379,1,5,1,2.0,1.0,1.0,1.0,1.0,0.0,1.0,1.0
2042331435.0,45,South Carolina,5288957,45079,Richland,421786.0,0.686518328180811,0.10203479130000001,1,3,1,1.0,1.0,0.0,1.0,1.0,1.0,0.0,1.0
2015564849.0,45,South Carolina,5288957,45015,Berkeley,245656.0,1.91673973688051,,2,2,1,2.0,1.0,1.0,1.0,1.0,1.0,1.0,0.0
2014773271.0,45,South Carolina,5288957,45063,Lexington,305297.0,3.71837374778227,,2,3,1,2.0,1.0,1.0,1.0,1.0,1.0,1.0,1.0
2034418553.0,53,Washington,7786828,53009,Clallam,77638.0,0.945291507277589,,1,2,5,2.0,1.0,1.0,0.0,1.0,1.0,1.0,1.0
2018561287.0,53,Washington,7786828,53021,Franklin,98445.0,2.36274534319223,,2,1,6,1.0,1.0,0.0,1.0,1.0,0.0,1.0,0.0
2041082023.0,53,Washington,7786828,53033,King,2265822.0,1.14902154196702,,1,2,1,1.0,1.0,1.0,1.0,1.0,1.0,0.0,1.0
2036212173.0,53,Washington,7786828,53033,King,2265822.0,0.141780593539675,,1,4,3,,1.0,1.0,1.0,1.0,1.0,1.0,0.0
2015133293.0,53,Washington,7786828,53033,King,2265822.0,1.17237388023461,0.9466429476,2,6,1,2.0,1.0,1.0,1.0,1.0,1.0,0.0,1.0
2013809929.0,53,Washington,7786828,53063,Spokane,549602.0,1.8308796827909,,2,5,1,2.0,0.0,0.0,0.0,0.0,0.0,1.0,0.0
2045134745.0,53,Washington,7786828,53061,Snohomish,840860.0,1.15035926815553,1.3778010753,1,5,1,2.0,1.0,1.0,1.0,1.0,1.0,1.0,1.0
2033224973.0,53,Washington,7786828,53015,Cowlitz,112021.0,6.35035240668906,,2,1,6,1.0,1.0,1.0,1.0,0.0,1.0,1.0,0.0
2042327917.0,53,Washington,7786828,53063,Spokane,549602.0,0.6641329018176,0.6071391071000001,1,5,1,2.0,1.0,1.0,1.0,1.0,1.0,1.0,1.0
1998749933.0,53,Washington,7786828,53063,Spokane,549602.0,5.00524066021151,1.1696836808,2,3,1,2.0,0.0,0.0,0.0,0.0,1.0,1.0,0.0
2038780165.0,53,Washington,7786828,53011,Clark,516807.0,0.152568853476228,,2,4,4,2.0,1.0,1.0,1.0,1.0,1.0,0.0,1.0
2028654465.0,53,Washington,7786828,53033,King,2265822.0,0.921935825951928,,2,5,2,1.0,1.0,1.0,1.0,1.0,0.0,0.0,1.0
1999169153.0,53,Washington,7786828,53063,Spokane,549602.0,1.40481103909407,1.3803545041,1,6,1,2.0,0.0,0.0,0.0,0.0,0.0,1.0,0.0
2021836699.0,53,Washington,7786828,53033,King,2265822.0,0.836436741901282,0.8185943424000001,2,3,1,2.0,1.0,1.0,1.0,1.0,1.0,0.0,1.0
2031452513.0,53,Washington,7786828,53029,Island,86738.0,0.913093057347443,0.7865619319,1,6,1,2.0,1.0,1.0,1.0,1.0,1.0,0.0,1.0
1984262819.0,53,Washington,7786828,53011,Clark,516807.0,1.39495939630019,1.6126617685,2,2,1,2.0,0.0,0.0,0.0,0.0,1.0,1.0,0.0
2015354181.0,53,Washington,7786828,53033,King,2265822.0,0.960796840327492,0.9851803792,1,5,1,2.0,1.0,1.0,1.0,1.0,1.0,0.0,1.0
2036673517.0,53,Washington,7786828,53053,Pierce,927456.0,0.960796840327492,0.9851803792,1,5,1,2.0,1.0,1.0,1.0,1.0,1.0,0.0,1.0
2012650179.0,53,Washington,7786828,53061,Snohomish,840860.0,1.02181478619345,0.8589397021,2,4,1,2.0,1.0,1.0,1.0,1.0,1.0,1.0,1.0
2014370727.0,53,Washington,7786828,53063,Spokane,549602.0,0.695870501868019,0.7682312368,1,3,1,2.0,1.0,1.0,0.0,1.0,1.0,1.0,1.0
2015195051.0,53,Washington,7786828,53033,King,2265822.0,3.79220643600907,1.307014269,2,6,1,2.0,1.0,0.0,0.0,0.0,0.0,1.0,0.0
2012986461.0,53,Washington,7786828,53033,King,2265822.0,3.60425309576401,4.5779826676,2,2,6,2.0,1.0,1.0,0.0,0.0,1.0,1.0,0.0
2041619599.0,53,Washington,7786828,53033,King,2265822.0,0.579136816460639,,1,1,1,1.0,1.0,1.0,0.0,0.0,1.0,1.0,1.0
2036293589.0,53,Washington,7786828,53061,Snohomish,840860.0,2.75375127779846,,2,2,3,,0.0,0.0,0.0,0.0,0.0,0.0,0.0
1998060417.0,53,Washington,7786828,53075,Whitman,47507.0,1.36535194420231,1.4885496354,2,2,1,2.0,0.0,0.0,0.0,0.0,1.0,1.0,0.0
2045843227.0,53,Washington,7786828,53033,King,2265822.0,1.23245560654088,1.3157056335,2,5,1,2.0,1.0,1.0,1.0,1.0,1.0,0.0,1.0
2039414671.0,53,Washington,7786828,53071,Walla Walla,62022.0,2.85020435783738,,1,5,4,2.0,1.0,1.0,1.0,1.0,1.0,0.0,1.0
2012304831.0,53,Washington,7786828,53035,Kitsap,277805.0,1.02181478619345,0.8589397021,2,3,1,2.0,1.0,1.0,1.0,1.0,1.0,0.0,1.0
2038246697.0,23,Maine,1391585,23005,Cumberland,309532.0,0.594431688309176,0.5401155302,1,6,1,2.0,1.0,1.0,1.0,1.0,1.0,0.0,1.0
1998920313.0,23,Maine,1391585,23019,Penobscot,154948.0,1.35980773159756,1.2328578426,1,2,1,2.0,0.0,0.0,0.0,0.0,0.0,1.0,0.0
2036916827.0,23,Maine,1391585,23003,Aroostook,67295.0,0.809921793872405,1.0220338183,2,2,1,2.0,0.0,1.0,1.0,1.0,0.0,0.0,1.0
2026759825.0,23,Maine,1391585,23027,Waldo,40196.0,0.962825522996632,,2,1,7,2.0,1.0,0.0,0.0,1.0,1.0,1.0,0.0
2020747413.0,23,Maine,1391585,23031,York,217376.0,0.968991516163035,,2,5,1,2.0,1.0,1.0,1.0,1.0,1.0,0.0,1.0
1998377401.0,51,Virginia,8681038,51550,Chesapeake city,252431.0,1.48282732691242,1.9166084603,1,3,2,2.0,0.0,0.0,0.0,0.0,0.0,1.0,0.0
2041059697.0,51,Virginia,8681038,51161,Roanoke,96878.0,0.59590684550742,0.5224405080000001,1,2,1,2.0,0.0,0.0,0.0,0.0,0.0,1.0,0.0
1984965671.0,51,Virginia,8681038,51087,Henrico,335033.0,1.00791778537337,0.6568997334000001,2,5,2,2.0,1.0,1.0,1.0,1.0,1.0,1.0,1.0
2012280077.0,51,Virginia,8681038,51019,Bedford,80832.0,0.70749545202962,0.8728526908,2,1,1,2.0,0.0,0.0,0.0,1.0,1.0,1.0,0.0
2004022675.0,51,Virginia,8681038,51059,Fairfax,1138853.0,0.824054834326319,,1,5,1,2.0,0.0,0.0,0.0,0.0,0.0,1.0,0.0
2035444091.0,51,Virginia,8681038,51700,Newport News city,183976.0,0.312348003495904,,1,5,1,2.0,1.0,1.0,1.0,1.0,0.0,1.0,1.0
2010554631.0,51,Virginia,8681038,51171,Shenandoah,44892.0,1.3878825226824,0.8702141121,2,3,1,2.0,0.0,1.0,0.0,0.0,1.0,1.0,1.0
2041446263.0,51,Virginia,8681038,51059,Fairfax,1138853.0,3.08232111035708,,1,5,4,2.0,1.0,1.0,0.0,1.0,1.0,0.0,1.0
2030714267.0,51,Virginia,8681038,51187,Warren,41424.0,1.31748381902903,,2,2,2,2.0,1.0,1.0,1.0,1.0,1.0,1.0,1.0
1993667901.0,51,Virginia,8681038,51013,Arlington,233476.0,5.94880155078432,,2,3,2,2.0,1.0,1.0,1.0,1.0,1.0,1.0,0.0
1984132961.0,51,Virginia,8681038,51041,Chesterfield,378739.0,0.701234893352704,0.5784049731,1,6,1,2.0,1.0,1.0,1.0,1.0,1.0,0.0,1.0
1995167321.0,51,Virginia,8681038,51107,Loudoun,432672.0,1.50287394719795,1.6852120831000001,1,5,1,2.0,0.0,0.0,0.0,0.0,0.0,1.0,0.0
2026974335.0,51,Virginia,8681038,51087,Henrico,335033.0,11.9458986541316,,1,3,4,2.0,1.0,1.0,1.0,0.0,1.0,1.0,0.0
2036916099.0,51,Virginia,8681038,51199,York,71206.0,1.13993458010687,,1,3,2,2.0,1.0,1.0,1.0,1.0,1.0,1.0,1.0
2011933757.0,51,Virginia,8681038,51650,Hampton city,137889.0,0.961283535579828,0.6753538596,2,2,1,2.0,0.0,0.0,0.0,0.0,1.0,1.0,0.0
2039082543.0,51,Virginia,8681038,51590,Danville city,42068.0,2.08361289424719,,1,2,2,2.0,0.0,1.0,1.0,1.0,1.0,0.0,0.0
1995870769.0,51,Virginia,8681038,51710,Norfolk city,232960.0,0.792599752493961,0.8009750887,2,6,1,2.0,1.0,1.0,1.0,1.0,1.0,0.0,1.0
2036915429.0,51,Virginia,8681038,51179,Stafford,163226.0,1.17675966577708,0.3712191198,2,3,3,1.0,1.0,1.0,1.0,1.0,1.0,1.0,1.0
2042328433.0,51,Virginia,8681038,51550,Chesapeake city,252431.0,0.653645088599722,0.7050013816,1,5,1,2.0,1.0,1.0,1.0,1.0,1.0,0.0,1.0
2034663965.0,51,Virginia,8681038,51680,Lynchburg city,79278.0,2.47087926748894,,1,6,1,2.0,1.0,1.0,1.0,1.0,1.0,0.0,1.0
2032695239.0,51,Virginia,8681038,51760,Richmond city,228936.0,3.76071883647706,,1,5,2,2.0,1.0,1.0,0.0,1.0,1.0,0.0,1.0
2038705423.0,51,Virginia,8681038,51139,Page,23744.0,1.15000679258054,0.8621378813,2,4,1,2.0,0.0,0.0,0.0,0.0,0.0,1.0,0.0
1993719819.0,51,Virginia,8681038,51019,Bedford,80832.0,2.00019807333253,2.1589499285000002,1,5,1,2.0,0.0,0.0,0.0,0.0,1.0,1.0,0.0
2010650335.0,51,Virginia,8681038,51810,Virginia Beach city,454721.0,0.743217840091346,0.8266904543,1,3,2,2.0,1.0,1.0,1.0,1.0,1.0,1.0,1.0
1999689179.0,51,Virginia,8681038,51059,Fairfax,1138853.0,0.596028495370627,0.5196023563000001,1,5,1,2.0,1.0,1.0,1.0,1.0,1.0,0.0,1.0
2019097761.0,51,Virginia,8681038,51015,Augusta,77931.0,3.13750712343732,,1,2,1,2.0,1.0,1.0,0.0,0.0,1.0,0.0,1.0
2034472077.0,51,Virginia,8681038,51019,Bedford,80832.0,3.38649289664853,,2,3,1,2.0,1.0,1.0,1.0,1.0,1.0,1.0,1.0
2028888481.0,51,Virginia,8681038,51670,Hopewell city,22857.0,12.719452079418,,2,2,1,2.0,1.0,1.0,0.0,1.0,1.0,1.0,1.0
2039133677.0,51,Virginia,8681038,51199,York,71206.0,0.284585201323325,0.6745225645,1,3,2,2.0,1.0,1.0,1.0,1.0,1.0,0.0,1.0
2005633069.0,51,Virginia,8681038,51087,Henrico,335033.0,15.0614388091749,,1,1,2,2.0,1.0,0.0,0.0,1.0,1.0,1.0,0.0
2034443817.0,51,Virginia,8681038,51013,Arlington,233476.0,1.47822292361566,1.0410502697,2,5,1,2.0,1.0,1.0,1.0,1.0,1.0,0.0,1.0
2010620239.0,18,Indiana,6841491,18003,Allen,391751.0,1.10645058025919,0.9450324657,2,3,1,2.0,1.0,1.0,1.0,1.0,1.0,0.0,1.0
2012973145.0,18,Indiana,6841491,18097,Marion,974293.0,0.750957513870401,1.2253077713,2,2,1,2.0,1.0,1.0,1.0,1.0,1.0,1.0,0.0
2032979959.0,18,Indiana,6841491,18173,Warrick,65252.0,4.09932321187337,,1,2,1,2.0,0.0,0.0,0.0,0.0,0.0,0.0,0.0
2044611445.0,18,Indiana,6841491,18067,Howard,83479.0,3.07432648684642,7.0974658234,1,3,1,2.0,1.0,1.0,1.0,1.0,1.0,0.0,1.0
2029141641.0,18,Indiana,6841491,18053,Grant,65900.0,4.72244878659455,1.7613741682000001,2,2,1,2.0,0.0,0.0,1.0,1.0,1.0,1.0,0.0
1995959399.0,18,Indiana,6841491,18097,Marion,974293.0,3.57390868608901,,1,2,1,2.0,1.0,1.0,1.0,1.0,1.0,1.0,1.0
2029374343.0,18,Indiana,6841491,18089,Lake,499630.0,0.591949243347007,,2,2,2,2.0,1.0,1.0,0.0,0.0,1.0,1.0,1.0
1994918835.0,18,Indiana,6841491,18057,Hamilton,366036.0,1.11975642494217,0.9132872710000001,1,6,1,2.0,0.0,0.0,0.0,0.0,0.0,1.0,0.0
2038533641.0,18,Indiana,6841491,18097,Marion,974293.0,5.10660462801206,1.2852884068,2,3,1,2.0,0.0,0.0,0.0,0.0,1.0,1.0,0.0
2009746483.0,18,Indiana,6841491,18071,Jackson,46298.0,1.17927289042921,,2,1,1,2.0,1.0,1.0,1.0,1.0,0.0,0.0,0.0
1999135659.0,18,Indiana,6841491,18097,Marion,974293.0,0.453133748094034,0.5657954001000001,1,4,1,2.0,1.0,1.0,1.0,1.0,1.0,0.0,1.0
2010486739.0,18,Indiana,6841491,18055,Greene,31030.0,2.39270386895663,,1,5,1,2.0,0.0,0.0,0.0,0.0,0.0,1.0,0.0
2017755199.0,18,Indiana,6841491,18141,St. Joseph,272478.0,2.34219671475108,,2,2,1,2.0,1.0,0.0,0.0,0.0,1.0,1.0,1.0
2033981347.0,18,Indiana,6841491,18031,Decatur,26409.0,0.686988416170541,0.7580946234,2,3,1,2.0,1.0,1.0,1.0,1.0,1.0,1.0,1.0
2030447365.0,18,Indiana,6841491,18095,Madison,130977.0,0.421348056181846,,1,1,1,2.0,1.0,1.0,0.0,1.0,1.0,1.0,1.0
2026343165.0,18,Indiana,6841491,18097,Marion,974293.0,3.38389901633746,,2,2,1,2.0,0.0,1.0,1.0,0.0,0.0,1.0,1.0
2004413361.0,18,Indiana,6841491,18123,Perry,18893.0,2.03933205187638,1.0923104398,2,5,1,2.0,1.0,1.0,1.0,1.0,1.0,0.0,1.0
2042614947.0,18,Indiana,6841491,18123,Perry,18893.0,0.438095223562428,,1,2,2,2.0,0.0,0.0,1.0,0.0,0.0,0.0,1.0
2013084213.0,18,Indiana,6841491,18145,Shelby,45165.0,3.11105767384624,,1,4,1,2.0,0.0,1.0,0.0,0.0,1.0,1.0,0.0
2023744985.0,18,Indiana,6841491,18155,Switzerland,9975.0,5.73865367889576,6.4588978541,1,1,1,2.0,0.0,0.0,1.0,1.0,1.0,1.0,0.0
2032879715.0,18,Indiana,6841491,18013,Brown,15586.0,5.45585237247875,,1,2,1,2.0,0.0,0.0,1.0,0.0,0.0,1.0,1.0
2030664703.0,18,Indiana,6841491,18057,Hamilton,366036.0,1.98766510511817,,1,3,2,2.0,1.0,0.0,1.0,1.0,1.0,1.0,1.0
2042327907.0,18,Indiana,6841491,18097,Marion,974293.0,0.481877141118204,0.4171978917,1,5,1,2.0,1.0,1.0,1.0,1.0,0.0,1.0,1.0
2007954589.0,18,Indiana,6841491,18097,Marion,974293.0,0.841489288021421,0.8062656873,2,6,1,2.0,1.0,1.0,1.0,1.0,1.0,0.0,1.0
2019203317.0,18,Indiana,6841491,18051,Gibson,32973.0,0.430058852682736,0.7964158853000001,2,4,1,2.0,1.0,1.0,1.0,1.0,1.0,1.0,1.0
2014992483.0,06,California,39125347,06037,Los Angeles,9748524.0,0.720958500872133,0.6798522096,1,6,1,2.0,1.0,1.0,1.0,1.0,1.0,0.0,1.0
2016776335.0,06,California,39125347,06037,Los Angeles,9748524.0,5.61476375821388,2.8801809195,2,4,4,2.0,0.0,1.0,0.0,0.0,0.0,1.0,0.0
1999629155.0,06,California,39125347,06065,Riverside,2479339.0,0.760897770026653,0.7958221487,1,3,1,2.0,0.0,0.0,1.0,0.0,1.0,1.0,0.0
2001178919.0,06,California,39125347,06071,San Bernardino,2196267.0,0.605965330161286,0.5994132553,1,4,1,2.0,1.0,1.0,1.0,0.0,1.0,1.0,1.0
2012762601.0,06,California,39125347,06001,Alameda,1633138.0,1.47653582534609,,1,6,1,2.0,1.0,1.0,1.0,1.0,1.0,1.0,1.0
2013670517.0,06,California,39125347,06073,San Diego,3279089.0,1.45893944377429,1.1803461598,1,5,4,2.0,1.0,1.0,1.0,1.0,1.0,0.0,1.0
2015187065.0,06,California,39125347,06059,Orange,3156252.0,4.83644437968985,3.9766793856,2,3,4,2.0,1.0,0.0,0.0,0.0,1.0,1.0,1.0
2028996375.0,06,California,39125347,06065,Riverside,2479339.0,1.72541625050425,0.7062718427,2,3,3,,1.0,1.0,1.0,0.0,1.0,0.0,1.0
2030713089.0,06,California,39125347,06065,Riverside,2479339.0,2.6254671021635,,1,3,2,2.0,0.0,1.0,1.0,0.0,0.0,1.0,0.0
2015242217.0,06,California,39125347,06037,Los Angeles,9748524.0,8.29030202240837,,2,2,4,2.0,1.0,1.0,1.0,1.0,1.0,1.0,1.0
2011368449.0,06,California,39125347,06019,Fresno,1017870.0,2.40977117197291,1.9777838081999999,2,2,3,1.0,1.0,1.0,1.0,1.0,1.0,1.0,1.0
2011575473.0,06,California,39125347,06037,Los Angeles,9748524.0,3.70539746270452,2.4008143251,2,5,4,2.0,1.0,1.0,1.0,1.0,0.0,0.0,1.0
2026740295.0,06,California,39125347,06037,Los Angeles,9748524.0,3.96493746953829,,2,2,3,1.0,0.0,0.0,0.0,0.0,0.0,0.0,0.0
2014009275.0,06,California,39125347,06037,Los Angeles,9748524.0,0.301455097287196,0.39997888810000004,2,3,6,2.0,0.0,0.0,1.0,0.0,0.0,0.0,0.0
1995165605.0,06,California,39125347,06075,San Francisco,813266.0,0.528196215888985,0.4091139796,1,5,6,2.0,1.0,1.0,1.0,1.0,0.0,0.0,1.0
2015211129.0,06,California,39125347,06083,Santa Barbara,445401.0,1.37988004080332,,1,2,1,2.0,0.0,0.0,0.0,0.0,0.0,1.0,0.0
2011925047.0,06,California,39125347,06065,Riverside,2479339.0,1.0593980995153,1.2505488377,2,5,1,2.0,0.0,0.0,0.0,0.0,0.0,1.0,0.0
2024526835.0,06,California,39125347,06073,San Diego,3279089.0,9.99415213533356,,1,1,3,1.0,1.0,1.0,1.0,1.0,1.0,1.0,1.0
2023493409.0,06,California,39125347,06089,Shasta,180957.0,3.63199821048961,0.9790962363000001,1,1,1,2.0,1.0,1.0,1.0,0.0,1.0,1.0,1.0
2034418313.0,06,California,39125347,06037,Los Angeles,9748524.0,2.40765613416397,0.7345454167000001,1,3,4,1.0,1.0,1.0,1.0,1.0,1.0,1.0,0.0
2031206613.0,06,California,39125347,06059,Orange,3156252.0,2.90633433677776,0.8007317167,2,5,1,1.0,1.0,1.0,1.0,1.0,1.0,0.0,1.0
2031297991.0,06,California,39125347,06037,Los Angeles,9748524.0,4.3704482081941,,2,5,4,2.0,1.0,1.0,1.0,0.0,1.0,0.0,1.0
2013223215.0,06,California,39125347,06037,Los Angeles,9748524.0,1.28237063798994,1.4385977081,2,6,1,2.0,1.0,0.0,0.0,0.0,0.0,1.0,0.0
2037570515.0,06,California,39125347,06107,Tulare,478037.0,6.15322368266971,,1,3,3,,1.0,1.0,1.0,1.0,1.0,1.0,1.0
2020744889.0,06,California,39125347,06065,Riverside,2479339.0,1.24920693276165,,2,5,1,2.0,0.0,0.0,0.0,0.0,0.0,1.0,0.0
2014306273.0,06,California,39125347,06073,San Diego,3279089.0,1.06339381119242,2.2426739194,2,2,1,1.0,1.0,1.0,1.0,1.0,1.0,1.0,1.0
2029600339.0,06,California,39125347,06037,Los Angeles,9748524.0,4.9032630028366,,1,3,1,2.0,1.0,0.0,1.0,0.0,1.0,0.0,0.0
2014469105.0,06,California,39125347,06037,Los Angeles,9748524.0,0.935422581349505,1.0989911595,2,3,1,2.0,0.0,0.0,0.0,0.0,0.0,1.0,0.0
2020037469.0,06,California,39125347,06059,Orange,3156252.0,3.92627390041949,,2,3,3,1.0,1.0,1.0,1.0,1.0,1.0,1.0,1.0
2034796867.0,06,California,39125347,06031,Kings,152763.0,0.848809086358372,0.7624175675,2,3,1,2.0,1.0,1.0,1.0,1.0,1.0,1.0,1.0
2040293933.0,06,California,39125347,06037,Los Angeles,9748524.0,1.80960708824428,,2,3,1,2.0,0.0,1.0,1.0,1.0,1.0,1.0,1.0
2042328665.0,06,California,39125347,06019,Fresno,1017870.0,0.766320871519086,0.8101729581,1,4,1,2.0,0.0,1.0,0.0,0.0,0.0,1.0,0.0
2019196021.0,06,California,39125347,06037,Los Angeles,9748524.0,0.529577125615559,,1,6,5,2.0,1.0,1.0,1.0,1.0,1.0,1.0,1.0
2020099463.0,06,California,39125347,06037,Los Angeles,9748524.0,0.358836971634893,1.3558025355,2,5,4,2.0,1.0,1.0,1.0,1.0,1.0,0.0,1.0
2036917385.0,06,California,39125347,06099,Stanislaus,552453.0,2.41155093667434,,1,2,1,2.0,1.0,1.0,1.0,1.0,1.0,0.0,1.0
2013945203.0,06,California,39125347,06029,Kern,917074.0,3.75918830134597,2.0751538581,1,2,3,1.0,1.0,1.0,1.0,1.0,1.0,1.0,1.0
2039365585.0,06,California,39125347,06037,Los Angeles,9748524.0,1.41853156122495,1.2654327932,2,3,1,2.0,0.0,0.0,0.0,0.0,1.0,1.0,0.0
2018472541.0,06,California,39125347,06095,Solano,449852.0,4.93146316592788,,1,2,2,2.0,1.0,1.0,1.0,1.0,1.0,1.0,0.0
1999678295.0,06,California,39125347,06017,El Dorado,192914.0,1.40996924026359,,2,5,1,2.0,1.0,0.0,0.0,0.0,0.0,1.0,1.0
1997862275.0,06,California,39125347,06111,Ventura,834675.0,0.467698881367538,,1,2,1,2.0,0.0,1.0,1.0,0.0,1.0,0.0,1.0
2039562181.0,06,California,39125347,06065,Riverside,2479339.0,0.563726699600575,0.6743254836,1,4,1,2.0,0.0,1.0,1.0,1.0,1.0,1.0,1.0
1997222641.0,06,California,39125347,06111,Ventura,834675.0,1.91681951585004,,1,6,1,2.0,0.0,0.0,0.0,0.0,1.0,1.0,0.0
2013115985.0,06,California,39125347,06001,Alameda,1633138.0,1.97710486203522,2.6481487563,2,5,4,2.0,1.0,1.0,1.0,1.0,1.0,0.0,1.0
2013805687.0,06,California,39125347,06075,San Francisco,813266.0,10.8100953911085,1.6727502766,1,2,4,2.0,0.0,1.0,1.0,1.0,1.0,1.0,1.0
2010063553.0,06,California,39125347,06037,Los Angeles,9748524.0,1.06990612938381,,1,5,1,2.0,1.0,1.0,1.0,0.0,1.0,0.0,1.0
2013964609.0,06,California,39125347,06067,Sacramento,1588707.0,2.49916089221844,1.961473937,1,6,2,2.0,1.0,0.0,0.0,0.0,1.0,0.0,1.0
2035198739.0,06,California,39125347,06037,Los Angeles,9748524.0,2.41155093667434,,1,2,1,2.0,1.0,1.0,1.0,1.0,1.0,1.0,1.0
1984539773.0,06,California,39125347,06077,San Joaquin,795443.0,0.290260486172419,1.073224078,2,4,1,2.0,0.0,0.0,0.0,0.0,1.0,1.0,0.0
2038901997.0,06,California,39125347,06037,Los Angeles,9748524.0,2.00947777847654,6.9591874588,1,2,3,,1.0,1.0,1.0,1.0,1.0,1.0,1.0
2039763821.0,06,California,39125347,06071,San Bernardino,2196267.0,0.65839466276291,1.5165931631,3,3,3,,1.0,1.0,1.0,1.0,1.0,0.0,1.0
2014126483.0,06,California,39125347,06069,San Benito,67674.0,4.28988451426888,1.9072216865,2,1,5,1.0,1.0,1.0,1.0,1.0,1.0,1.0,1.0
2003760489.0,06,California,39125347,06077,San Joaquin,795443.0,1.66611418732441,3.306195083,2,1,1,2.0,1.0,1.0,0.0,0.0,0.0,1.0,0.0
2026742317.0,06,California,39125347,06007,Butte,207312.0,1.30823735774815,0.7982789655,2,6,3,1.0,0.0,0.0,0.0,0.0,0.0,1.0,0.0
1999720325.0,06,California,39125347,06029,Kern,917074.0,1.57360338576644,1.3628697287,2,6,1,2.0,1.0,1.0,1.0,1.0,1.0,0.0,1.0
2014582565.0,06,California,39125347,06037,Los Angeles,9748524.0,1.05238667682206,,1,5,1,2.0,0.0,0.0,0.0,0.0,1.0,1.0,0.0
2043965019.0,06,California,39125347,06065,Riverside,2479339.0,6.19407740490291,,1,2,3,,1.0,1.0,1.0,1.0,1.0,0.0,1.0
2041446371.0,06,California,39125347,06101,Sutter,98657.0,0.947124514689105,0.8655050986,1,6,4,2.0,1.0,1.0,1.0,1.0,1.0,1.0,1.0
2037155987.0,06,California,39125347,06037,Los Angeles,9748524.0,0.605965330161286,0.5994132553,1,3,1,2.0,1.0,1.0,1.0,1.0,1.0,0.0,1.0
2013868889.0,06,California,39125347,06059,Orange,3156252.0,1.09891170331471,1.3081001367,1,2,1,2.0,1.0,1.0,1.0,1.0,1.0,0.0,1.0
2033128569.0,06,California,39125347,06071,San Bernardino,2196267.0,2.1648667013311,,1,3,1,2.0,0.0,0.0,0.0,0.0,0.0,1.0,0.0
2034472125.0,06,California,39125347,06019,Fresno,1017870.0,0.239835664617938,,1,2,2,2.0,0.0,1.0,1.0,1.0,1.0,1.0,1.0
2013689497.0,06,California,39125347,06111,Ventura,834675.0,1.18234667017285,1.0638155634,2,6,1,2.0,1.0,1.0,1.0,1.0,1.0,1.0,1.0
2030900389.0,06,California,39125347,06037,Los Angeles,9748524.0,3.92627390041949,,2,3,3,,1.0,1.0,1.0,1.0,0.0,1.0,0.0
1984396613.0,06,California,39125347,06007,Butte,207312.0,0.848809086358372,0.7624175675,2,3,1,2.0,1.0,1.0,1.0,1.0,0.0,0.0,1.0
2011529019.0,06,California,39125347,06095,Solano,449852.0,3.16487603859666,0.8936830712,2,5,3,1.0,1.0,1.0,1.0,0.0,0.0,1.0,1.0
2019459863.0,06,California,39125347,06037,Los Angeles,9748524.0,1.48871271221707,1.3890693386000001,1,5,3,1.0,1.0,1.0,0.0,1.0,1.0,1.0,0.0
2008881183.0,06,California,39125347,06037,Los Angeles,9748524.0,3.72863840614009,,2,4,2,2.0,1.0,1.0,1.0,1.0,0.0,1.0,0.0
2009146127.0,06,California,39125347,06019,Fresno,1017870.0,0.239312155684889,0.9877435584,1,3,6,1.0,1.0,1.0,1.0,1.0,1.0,0.0,1.0
2038155463.0,06,California,39125347,06037,Los Angeles,9748524.0,0.869011986718956,0.9568906794,1,5,1,2.0,0.0,0.0,0.0,0.0,0.0,1.0,0.0
2045583169.0,06,California,39125347,06001,Alameda,1633138.0,1.76656370493194,2.8829504525000003,1,2,2,2.0,1.0,1.0,1.0,1.0,1.0,1.0,1.0
2021964817.0,06,California,39125347,06113,Yolo,222854.0,0.810658811429931,1.3953878977,1,5,1,2.0,1.0,1.0,1.0,1.0,1.0,0.0,1.0
2039392675.0,06,California,39125347,06037,Los Angeles,9748524.0,7.96678101659875,,2,2,4,2.0,1.0,1.0,0.0,1.0,1.0,1.0,1.0
2042350979.0,06,California,39125347,06037,Los Angeles,9748524.0,6.19407740490291,,1,2,3,1.0,1.0,1.0,0.0,1.0,1.0,1.0,0.0
2001803275.0,06,California,39125347,06097,Sonoma,483236.0,1.11551479919021,0.8981375611,1,5,1,2.0,1.0,1.0,1.0,1.0,1.0,0.0,1.0
2015745701.0,06,California,39125347,06059,Orange,3156252.0,1.15594568954253,0.7067755273,2,5,3,1.0,1.0,1.0,1.0,1.0,1.0,0.0,1.0
2014817843.0,06,California,39125347,06079,San Luis Obispo,282747.0,0.766320871519086,0.9610515853,1,3,1,2.0,0.0,0.0,0.0,0.0,0.0,1.0,0.0
1998602331.0,06,California,39125347,06073,San Diego,3279089.0,1.09891170331471,1.238329912,1,2,1,2.0,1.0,1.0,1.0,1.0,0.0,1.0,1.0
2036172607.0,06,California,39125347,06029,Kern,917074.0,2.40531447487545,,2,3,3,,0.0,0.0,1.0,1.0,1.0,1.0,0.0
2015615451.0,06,California,39125347,06065,Riverside,2479339.0,5.01242169783239,3.301983155,1,2,6,2.0,0.0,0.0,0.0,0.0,0.0,1.0,0.0
2016812441.0,06,California,39125347,06085,Santa Clara,1880151.0,3.70539746270452,2.4008143251,2,5,4,,1.0,1.0,1.0,1.0,1.0,0.0,1.0
2003925597.0,06,California,39125347,06065,Riverside,2479339.0,3.88422078821941,2.9041751527,2,2,3,1.0,0.0,0.0,0.0,0.0,1.0,1.0,0.0
2010050645.0,06,California,39125347,06037,Los Angeles,9748524.0,0.362443084424633,0.9826870385,1,2,1,2.0,1.0,1.0,1.0,0.0,1.0,1.0,0.0
2041627391.0,06,California,39125347,06037,Los Angeles,9748524.0,0.205444064925927,0.5383276519,1,4,3,,0.0,1.0,1.0,1.0,1.0,1.0,1.0
1983973889.0,06,California,39125347,06037,Los Angeles,9748524.0,2.30544847031947,3.3105840664,2,6,4,2.0,0.0,0.0,0.0,0.0,0.0,1.0,0.0
2012067361.0,06,California,39125347,06111,Ventura,834675.0,0.843685636143392,0.8191599268,2,5,1,2.0,1.0,1.0,0.0,1.0,1.0,1.0,1.0
2013303743.0,06,California,39125347,06037,Los Angeles,9748524.0,2.65841408566706,1.7005376627,1,6,4,2.0,0.0,0.0,0.0,0.0,0.0,1.0,0.0
2014439339.0,06,California,39125347,06061,Placer,418469.0,5.03775994265413,,2,6,4,2.0,1.0,1.0,1.0,1.0,1.0,0.0,1.0
2026621659.0,06,California,39125347,06107,Tulare,478037.0,0.569076829250999,,2,3,3,,1.0,0.0,1.0,0.0,0.0,0.0,0.0
2011445543.0,06,California,39125347,06023,Humboldt,134979.0,0.46459387472683,0.36067633450000003,1,5,6,2.0,1.0,1.0,1.0,1.0,1.0,0.0,1.0
1998714749.0,06,California,39125347,06073,San Diego,3279089.0,0.423006984291277,0.304983298,1,5,6,2.0,1.0,1.0,1.0,1.0,1.0,1.0,1.0
2012200379.0,06,California,39125347,06067,Sacramento,1588707.0,9.78697982325036,,2,3,1,2.0,0.0,0.0,1.0,0.0,1.0,1.0,0.0
2039572845.0,06,California,39125347,06071,San Bernardino,2196267.0,2.70405794509946,1.0873236027,1,3,3,,1.0,1.0,1.0,1.0,1.0,0.0,1.0
2030621913.0,06,California,39125347,06037,Los Angeles,9748524.0,0.983911942432076,,2,2,2,2.0,1.0,0.0,1.0,1.0,0.0,0.0,1.0
2031252517.0,06,California,39125347,06071,San Bernardino,2196267.0,4.9032630028366,,1,3,1,2.0,1.0,1.0,0.0,1.0,1.0,1.0,0.0
2030998061.0,06,California,39125347,06075,San Francisco,813266.0,0.286599022896053,,1,5,1,2.0,1.0,1.0,1.0,0.0,1.0,1.0,1.0
2036495165.0,06,California,39125347,06071,San Bernardino,2196267.0,4.57874856942978,,1,2,1,2.0,1.0,0.0,0.0,1.0,1.0,1.0,0.0
1997397041.0,06,California,39125347,06037,Los Angeles,9748524.0,1.37283781461373,1.4455845657,1,3,4,2.0,1.0,1.0,1.0,1.0,1.0,0.0,1.0
2012377777.0,06,California,39125347,06075,San Francisco,813266.0,2.21282636309846,1.699644396,1,3,4,2.0,0.0,1.0,1.0,1.0,1.0,1.0,1.0
2021639679.0,06,California,39125347,06037,Los Angeles,9748524.0,3.53180999369428,,1,2,3,,1.0,1.0,0.0,0.0,0.0,1.0,1.0
2014348717.0,06,California,39125347,06071,San Bernardino,2196267.0,2.80277926410367,2.4190560677,2,2,3,,1.0,1.0,1.0,1.0,1.0,1.0,1.0
2039593957.0,06,California,39125347,06071,San Bernardino,2196267.0,1.96630691256278,2.326927807,1,5,4,2.0,1.0,1.0,1.0,1.0,1.0,0.0,1.0
2017673699.0,06,California,39125347,06037,Los Angeles,9748524.0,5.75068788451091,,1,1,1,2.0,1.0,1.0,0.0,0.0,0.0,0.0,0.0
2037006693.0,06,California,39125347,06095,Solano,449852.0,0.666635571322438,0.6889451513,1,2,1,2.0,1.0,1.0,0.0,1.0,1.0,0.0,1.0
2039698261.0,06,California,39125347,06037,Los Angeles,9748524.0,0.447066338491159,1.0446602034,1,5,4,2.0,1.0,0.0,1.0,0.0,1.0,1.0,0.0
2018742459.0,06,California,39125347,06073,San Diego,3279089.0,1.71329156913147,,2,2,1,2.0,1.0,1.0,1.0,1.0,1.0,0.0,1.0
2039693685.0,06,California,39125347,06073,San Diego,3279089.0,0.235557755769704,0.39452681570000003,1,5,2,2.0,1.0,1.0,1.0,1.0,1.0,1.0,1.0
2026690825.0,06,California,39125347,06019,Fresno,1017870.0,1.01269055628248,1.0195394326,1,3,1,2.0,1.0,1.0,1.0,1.0,1.0,1.0,1.0
2034965255.0,06,California,39125347,06019,Fresno,1017870.0,1.61497909692305,,2,3,3,,1.0,1.0,1.0,1.0,1.0,1.0,1.0
2014394433.0,06,California,39125347,06059,Orange,3156252.0,1.29443949570317,,1,1,3,,1.0,0.0,0.0,0.0,0.0,0.0,0.0
2018802763.0,06,California,39125347,06037,Los Angeles,9748524.0,3.49151932122683,,2,2,1,2.0,0.0,1.0,1.0,1.0,1.0,1.0,0.0
2021328167.0,06,California,39125347,06037,Los Angeles,9748524.0,3.60400841879994,,2,2,3,,1.0,1.0,1.0,1.0,1.0,1.0,1.0
1999323213.0,06,California,39125347,06071,San Bernardino,2196267.0,0.854934151749657,1.2184920407,1,5,6,1.0,0.0,0.0,0.0,0.0,1.0,1.0,0.0
2014836021.0,06,California,39125347,06085,Santa Clara,1880151.0,0.99138493133416,,2,2,1,2.0,1.0,0.0,0.0,0.0,1.0,1.0,1.0
2042328483.0,06,California,39125347,06037,Los Angeles,9748524.0,0.582312125354657,0.9053515695000001,2,5,1,2.0,0.0,0.0,1.0,0.0,0.0,1.0,0.0
2029815965.0,06,California,39125347,06029,Kern,917074.0,2.70791699597645,,2,2,3,,1.0,1.0,0.0,1.0,0.0,0.0,0.0
2008518263.0,06,California,39125347,06073,San Diego,3279089.0,2.88125442130236,0.7985279264,1,3,1,2.0,0.0,0.0,0.0,1.0,0.0,1.0,0.0
2014270519.0,06,California,39125347,06071,San Bernardino,2196267.0,3.0811454701405,0.6546966203,2,5,3,1.0,1.0,1.0,1.0,1.0,1.0,1.0,1.0
2010363773.0,06,California,39125347,06057,Nevada,102377.0,0.306467433693376,0.2209545946,2,5,7,2.0,1.0,1.0,1.0,0.0,1.0,1.0,1.0
1992796103.0,06,California,39125347,06001,Alameda,1633138.0,0.613204132789873,0.6303963769,1,6,1,2.0,1.0,1.0,1.0,1.0,1.0,1.0,1.0
2042360825.0,06,California,39125347,06037,Los Angeles,9748524.0,0.487363633588968,0.43305560590000003,1,6,4,2.0,1.0,1.0,1.0,1.0,1.0,1.0,1.0
2013841375.0,06,California,39125347,06037,Los Angeles,9748524.0,0.282107162953686,1.3251958105,1,2,3,1.0,0.0,0.0,0.0,0.0,0.0,1.0,0.0
2025764869.0,06,California,39125347,06037,Los Angeles,9748524.0,1.51854513530783,2.6902908903,1,3,1,2.0,1.0,1.0,1.0,1.0,1.0,0.0,1.0
1984248441.0,06,California,39125347,06001,Alameda,1633138.0,6.16315990787794,7.5127265931,1,2,2,2.0,,0.0,0.0,0.0,0.0,1.0,1.0
2012918111.0,06,California,39125347,06001,Alameda,1633138.0,0.810658811429931,1.3953878977,1,5,1,2.0,1.0,1.0,1.0,1.0,1.0,0.0,1.0
2034418187.0,06,California,39125347,06009,Calaveras,46545.0,3.92627390041949,,2,3,4,1.0,0.0,0.0,0.0,0.0,1.0,1.0,0.0
2030648429.0,06,California,39125347,06037,Los Angeles,9748524.0,0.602783717291615,,1,3,2,2.0,1.0,0.0,1.0,0.0,1.0,1.0,1.0
2045337581.0,06,California,39125347,06019,Fresno,1017870.0,0.517751021049348,0.6045634959,1,5,2,2.0,1.0,1.0,1.0,1.0,1.0,0.0,1.0
2029284687.0,06,California,39125347,06059,Orange,3156252.0,3.6469240992112,,2,2,3,,1.0,1.0,1.0,0.0,1.0,1.0,1.0
2017164761.0,06,California,39125347,06067,Sacramento,1588707.0,3.31865324800047,0.43154523110000004,2,3,1,2.0,1.0,0.0,1.0,1.0,1.0,1.0,0.0
2036379599.0,06,California,39125347,06019,Fresno,1017870.0,1.9511191886325,,2,3,3,,0.0,1.0,1.0,0.0,1.0,1.0,0.0
2041446443.0,06,California,39125347,06037,Los Angeles,9748524.0,2.79011485116502,,1,5,4,2.0,1.0,1.0,1.0,1.0,1.0,0.0,1.0
2034659797.0,06,California,39125347,06071,San Bernardino,2196267.0,6.19407740490291,,1,2,3,,1.0,1.0,1.0,0.0,0.0,1.0,1.0
2044678393.0,06,California,39125347,06017,El Dorado,192914.0,1.48588229708059,,2,2,1,2.0,1.0,0.0,1.0,1.0,0.0,0.0,1.0
2037404383.0,06,California,39125347,06001,Alameda,1633138.0,4.325744712714,1.1720203497,2,6,4,2.0,1.0,1.0,1.0,1.0,1.0,0.0,1.0
2036914775.0,06,California,39125347,06073,San Diego,3279089.0,3.57710243490906,,1,5,3,1.0,1.0,1.0,1.0,1.0,1.0,1.0,1.0
1999724371.0,06,California,39125347,06037,Los Angeles,9748524.0,5.75343170639994,4.6803441578000005,2,1,3,1.0,1.0,1.0,0.0,0.0,0.0,0.0,1.0
2034139127.0,06,California,39125347,06073,San Diego,3279089.0,0.843685636143392,0.8191599268,2,5,1,2.0,1.0,1.0,1.0,1.0,1.0,0.0,1.0
2015742061.0,06,California,39125347,06037,Los Angeles,9748524.0,4.9032630028366,,1,3,1,2.0,0.0,0.0,1.0,1.0,1.0,1.0,0.0
2022339971.0,06,California,39125347,06037,Los Angeles,9748524.0,1.30667087569623,,1,5,1,2.0,0.0,1.0,1.0,0.0,0.0,1.0,0.0
2031436817.0,06,California,39125347,06107,Tulare,478037.0,0.709708810115869,0.9484677732000001,2,3,3,,1.0,1.0,1.0,1.0,1.0,1.0,1.0
2045014349.0,06,California,39125347,06037,Los Angeles,9748524.0,1.18234667017285,1.0638155634,2,6,1,2.0,1.0,1.0,1.0,1.0,1.0,1.0,1.0
2045123983.0,21,Kentucky,4521238,21151,Madison,95227.0,1.78656098691773,,2,6,1,2.0,0.0,0.0,0.0,0.0,0.0,1.0,0.0
2011110937.0,21,Kentucky,4521238,21121,Knox,29721.0,1.1870313406103,1.0228653137000001,1,2,1,2.0,0.0,0.0,0.0,0.0,1.0,1.0,0.0
2031428693.0,21,Kentucky,4521238,21199,Pulaski,65787.0,1.41761751646526,1.5681797643,1,2,1,2.0,0.0,0.0,0.0,0.0,1.0,1.0,0.0
2033226707.0,21,Kentucky,4521238,21121,Knox,29721.0,0.84673415102261,1.0620325415,2,2,1,2.0,0.0,1.0,0.0,0.0,0.0,1.0,0.0
1997785069.0,21,Kentucky,4521238,21111,Jefferson,778999.0,1.58070705595774,0.3453962297,2,2,1,2.0,1.0,1.0,1.0,1.0,1.0,1.0,1.0
1999972469.0,21,Kentucky,4521238,21059,Daviess,103358.0,2.39490926659046,2.4993860182,1,5,1,2.0,0.0,0.0,0.0,0.0,0.0,1.0,0.0
1992960969.0,21,Kentucky,4521238,21157,Marshall,31765.0,3.07866258777164,2.780064753,2,5,1,2.0,0.0,0.0,0.0,0.0,1.0,0.0,0.0
2034579975.0,21,Kentucky,4521238,21059,Daviess,103358.0,4.36043174032005,,2,3,1,2.0,0.0,1.0,0.0,1.0,1.0,1.0,0.0
2013668705.0,21,Kentucky,4521238,21011,Bath,12818.0,0.95462319434487,0.9356479317,1,3,1,2.0,0.0,0.0,0.0,0.0,0.0,1.0,0.0
2014529079.0,21,Kentucky,4521238,21145,McCracken,67370.0,4.50336622707079,1.2873157960000001,2,2,1,2.0,0.0,0.0,0.0,0.0,0.0,1.0,0.0
2044008619.0,21,Kentucky,4521238,21125,Laurel,62905.0,1.72085839455717,,1,3,1,2.0,0.0,0.0,0.0,0.0,1.0,1.0,0.0
2013590875.0,21,Kentucky,4521238,21067,Fayette,321332.0,3.55913701908112,4.9365976814,2,1,1,2.0,0.0,0.0,1.0,0.0,1.0,1.0,0.0
2034449129.0,21,Kentucky,4521238,21227,Warren,140434.0,2.00347612999703,1.6563303918,1,6,1,2.0,0.0,0.0,0.0,0.0,0.0,1.0,0.0
1998410255.0,21,Kentucky,4521238,21111,Jefferson,778999.0,0.717268128241655,0.730338939,1,4,1,2.0,0.0,0.0,0.0,0.0,0.0,1.0,0.0
2018114623.0,21,Kentucky,4521238,21111,Jefferson,778999.0,1.59612455175712,1.5013868132,1,1,1,2.0,1.0,1.0,1.0,1.0,1.0,0.0,1.0
2034203107.0,21,Kentucky,4521238,21015,Boone,139429.0,1.37703298856701,1.1288657439,1,5,1,2.0,0.0,0.0,0.0,0.0,0.0,1.0,0.0
2042052173.0,36,New York,19713025,36103,Suffolk,1531736.0,0.894349592387659,0.6658641096,1,5,1,2.0,1.0,0.0,0.0,1.0,1.0,1.0,1.0
2038321631.0,36,New York,19713025,36063,Niagara,210403.0,1.70171013648506,1.638760798,1,2,1,2.0,0.0,0.0,0.0,0.0,0.0,0.0,0.0
1994336703.0,36,New York,19713025,36047,Kings,2600751.0,0.573122563353898,0.4260968517,1,5,1,2.0,1.0,1.0,1.0,1.0,1.0,0.0,1.0
2014498499.0,36,New York,19713025,36009,Cattaraugus,76032.0,0.984120722939906,0.9195516475000001,1,6,1,2.0,1.0,1.0,1.0,1.0,1.0,1.0,1.0
1995175397.0,36,New York,19713025,36109,Tompkins,104177.0,0.892588097440865,0.7071655459,2,5,1,2.0,1.0,1.0,1.0,1.0,0.0,0.0,1.0
1998407335.0,36,New York,19713025,36087,Rockland,342154.0,0.842073658024648,1.2141539494,1,6,1,2.0,0.0,1.0,0.0,1.0,1.0,1.0,1.0
2030669553.0,36,New York,19713025,36047,Kings,2600751.0,1.94906068806385,,1,2,7,2.0,0.0,0.0,1.0,1.0,1.0,1.0,1.0
2032835093.0,36,New York,19713025,36119,Westchester,994313.0,0.6159254468775,0.8230126550000001,1,3,1,2.0,0.0,1.0,1.0,1.0,1.0,1.0,0.0
2035619185.0,36,New York,19713025,36029,Erie,949276.0,4.62706699923358,,2,2,1,2.0,1.0,1.0,0.0,1.0,1.0,1.0,1.0
2033793643.0,36,New York,19713025,36061,New York,1593919.0,2.99571369246076,,2,4,1,2.0,0.0,1.0,0.0,0.0,1.0,0.0,0.0
2034573023.0,36,New York,19713025,36047,Kings,2600751.0,0.344866125476981,,1,4,2,2.0,1.0,1.0,1.0,1.0,1.0,0.0,0.0
2037455657.0,36,New York,19713025,36061,New York,1593919.0,1.03362886826945,,1,2,1,2.0,1.0,1.0,1.0,1.0,1.0,1.0,1.0
1996041955.0,36,New York,19713025,36047,Kings,2600751.0,0.895669391051142,0.7287740731,2,6,2,2.0,1.0,1.0,1.0,1.0,1.0,0.0,1.0
2011540099.0,36,New York,19713025,36091,Saratoga,238523.0,3.66530605356974,,2,2,1,2.0,1.0,1.0,1.0,1.0,0.0,1.0,1.0
2026743505.0,36,New York,19713025,36119,Westchester,994313.0,1.11686509326487,0.9041972395000001,2,5,2,2.0,1.0,1.0,1.0,1.0,0.0,1.0,1.0
2039416647.0,36,New York,19713025,36061,New York,1593919.0,0.926282559031933,,1,4,4,2.0,0.0,0.0,0.0,0.0,1.0,1.0,0.0
1984167577.0,36,New York,19713025,36107,Tioga,47724.0,3.64512545990415,,2,5,1,2.0,1.0,1.0,1.0,1.0,1.0,0.0,1.0
2018064283.0,36,New York,19713025,36071,Orange,407314.0,2.87379678911414,,1,2,1,2.0,1.0,1.0,1.0,1.0,1.0,1.0,0.0
2030661069.0,36,New York,19713025,36055,Monroe,750469.0,4.58974580668077,,1,2,2,2.0,1.0,1.0,1.0,1.0,1.0,1.0,1.0
1993626515.0,36,New York,19713025,36067,Onondaga,469910.0,0.570453020938367,0.48071887550000003,1,2,1,2.0,1.0,1.0,1.0,0.0,1.0,1.0,1.0
2014993079.0,36,New York,19713025,36055,Monroe,750469.0,0.857627774784585,0.6947428064000001,2,6,1,2.0,1.0,1.0,1.0,1.0,1.0,0.0,1.0
2040142065.0,36,New York,19713025,36001,Albany,315764.0,1.28992148956474,3.8479318236,2,2,1,2.0,1.0,1.0,1.0,0.0,1.0,1.0,0.0
2030542771.0,36,New York,19713025,36071,Orange,407314.0,0.819388469336946,1.6247871740000002,2,2,1,2.0,0.0,0.0,0.0,0.0,0.0,0.0,0.0
2011367143.0,36,New York,19713025,36095,Schoharie,30059.0,0.615657818902506,0.44544291810000003,2,2,1,2.0,1.0,1.0,1.0,1.0,0.0,0.0,0.0
2039217067.0,36,New York,19713025,36061,New York,1593919.0,1.80643008957067,,2,3,4,2.0,1.0,1.0,0.0,0.0,1.0,0.0,1.0
2013897415.0,36,New York,19713025,36061,New York,1593919.0,0.70598719465539,0.2940126943,1,5,1,2.0,1.0,1.0,1.0,1.0,1.0,0.0,1.0
2039023565.0,36,New York,19713025,36047,Kings,2600751.0,0.826845821107099,,1,2,1,2.0,0.0,0.0,0.0,0.0,0.0,0.0,0.0
2013117651.0,36,New York,19713025,36061,New York,1593919.0,0.497348455928413,,2,5,1,1.0,1.0,1.0,1.0,1.0,1.0,0.0,1.0
2024882919.0,36,New York,19713025,36047,Kings,2600751.0,2.16634620765651,,2,2,2,2.0,1.0,1.0,1.0,1.0,0.0,0.0,1.0
2014168455.0,36,New York,19713025,36061,New York,1593919.0,0.736264829973757,,1,6,1,2.0,1.0,1.0,1.0,1.0,1.0,1.0,1.0
2012010581.0,36,New York,19713025,36059,Nassau,1388346.0,9.51313734197352,4.8372143438,1,2,2,2.0,1.0,1.0,1.0,1.0,1.0,0.0,1.0
2039866683.0,36,New York,19713025,36019,Clinton,78011.0,1.40061656360772,1.6329829738,2,5,1,2.0,0.0,0.0,0.0,0.0,0.0,1.0,0.0
2010207175.0,36,New York,19713025,36059,Nassau,1388346.0,0.721990757604583,0.9429681678,2,2,1,2.0,1.0,1.0,1.0,1.0,1.0,1.0,0.0
1998685275.0,36,New York,19713025,36047,Kings,2600751.0,1.69075559514633,2.3867300059,1,4,1,2.0,0.0,1.0,1.0,0.0,0.0,1.0,0.0
2013646187.0,36,New York,19713025,36005,Bronx,1384053.0,0.970973483659193,,2,2,6,2.0,1.0,0.0,1.0,0.0,1.0,1.0,0.0
2033317769.0,36,New York,19713025,36005,Bronx,1384053.0,0.272380064913101,,2,5,1,2.0,1.0,1.0,1.0,1.0,0.0,1.0,1.0
2037780501.0,36,New York,19713025,36029,Erie,949276.0,0.424935970981432,,1,4,1,2.0,1.0,1.0,1.0,1.0,1.0,0.0,1.0
2045844667.0,36,New York,19713025,36081,Queens,2291363.0,3.31695756716631,,1,3,3,,1.0,1.0,1.0,1.0,1.0,1.0,1.0
2013081615.0,36,New York,19713025,36061,New York,1593919.0,0.979906197137663,,1,6,1,2.0,1.0,1.0,1.0,1.0,1.0,1.0,1.0
2015051139.0,36,New York,19713025,36109,Tompkins,104177.0,0.401052122278554,,1,2,1,2.0,1.0,1.0,1.0,1.0,0.0,0.0,1.0
2002100307.0,36,New York,19713025,36091,Saratoga,238523.0,0.544610342935666,0.4556195965,2,2,1,2.0,1.0,1.0,1.0,1.0,1.0,0.0,1.0
2022707961.0,36,New York,19713025,36005,Bronx,1384053.0,15.0614388091749,15.0172750693,2,1,3,,0.0,0.0,0.0,0.0,0.0,1.0,0.0
2045803619.0,36,New York,19713025,36107,Tioga,47724.0,1.65128371466122,2.0546462677,1,3,1,2.0,1.0,1.0,1.0,1.0,1.0,0.0,1.0
2030924437.0,36,New York,19713025,36085,Richmond,492579.0,0.849331128065222,1.0199889292,2,3,1,2.0,0.0,0.0,0.0,0.0,0.0,0.0,1.0
2025224385.0,36,New York,19713025,36081,Queens,2291363.0,0.225928930506044,0.7641808443,2,5,3,,1.0,0.0,0.0,0.0,0.0,0.0,0.0
2014505061.0,36,New York,19713025,36059,Nassau,1388346.0,0.629316307201359,0.7156927779000001,1,2,1,2.0,0.0,0.0,0.0,0.0,0.0,1.0,0.0
2041470939.0,36,New York,19713025,36001,Albany,315764.0,0.135504297047255,0.6800717366,2,2,1,2.0,1.0,1.0,1.0,1.0,1.0,1.0,1.0
2017516995.0,36,New York,19713025,36061,New York,1593919.0,0.225700164181113,,1,4,3,,0.0,0.0,0.0,1.0,1.0,1.0,0.0
1998331845.0,36,New York,19713025,36085,Richmond,492579.0,1.01581880856809,1.1576760793,2,5,1,2.0,0.0,0.0,0.0,0.0,0.0,1.0,1.0
2014437461.0,36,New York,19713025,36103,Suffolk,1531736.0,1.09683949999135,1.4783576984,2,6,2,2.0,1.0,1.0,1.0,1.0,1.0,1.0,1.0
1998349395.0,36,New York,19713025,36055,Monroe,750469.0,0.819744659529044,1.0543735893,1,4,1,2.0,0.0,0.0,1.0,0.0,0.0,1.0,0.0
2010577995.0,36,New York,19713025,36081,Queens,2291363.0,0.893285981816311,0.6642590286000001,2,5,3,1.0,1.0,1.0,1.0,1.0,1.0,1.0,1.0
1984611031.0,36,New York,19713025,36037,Genesee,57584.0,1.64579720700716,2.029044582,2,5,1,2.0,0.0,0.0,0.0,0.0,1.0,1.0,0.0
2015163275.0,36,New York,19713025,36081,Queens,2291363.0,1.30986735125609,,1,6,4,2.0,0.0,0.0,0.0,0.0,1.0,0.0,0.0
2026743807.0,36,New York,19713025,36047,Kings,2600751.0,3.35143481839593,1.010351132,2,3,2,2.0,1.0,1.0,1.0,0.0,1.0,1.0,1.0
2014116317.0,36,New York,19713025,36059,Nassau,1388346.0,1.19981421912801,1.4393943774,1,5,1,2.0,1.0,1.0,1.0,1.0,1.0,0.0,1.0
2012649959.0,36,New York,19713025,36061,New York,1593919.0,7.82206347253901,1.3430805262,2,6,1,2.0,1.0,0.0,1.0,0.0,1.0,0.0,1.0
2043492273.0,36,New York,19713025,36103,Suffolk,1531736.0,2.08837108171833,,1,3,7,1.0,1.0,1.0,1.0,1.0,1.0,1.0,1.0
2034611431.0,36,New York,19713025,36061,New York,1593919.0,15.0614388091749,,2,6,4,2.0,1.0,1.0,1.0,1.0,1.0,1.0,1.0
2020794461.0,36,New York,19713025,36103,Suffolk,1531736.0,2.9655761943201,,1,3,2,2.0,1.0,1.0,1.0,1.0,1.0,1.0,0.0
2012885147.0,36,New York,19713025,36061,New York,1593919.0,1.47151162133147,,2,6,2,2.0,1.0,1.0,1.0,1.0,0.0,0.0,1.0
2040226467.0,36,New York,19713025,36061,New York,1593919.0,2.51802798622183,,1,1,3,,1.0,1.0,1.0,1.0,1.0,0.0,1.0
2011875171.0,36,New York,19713025,36061,New York,1593919.0,0.949129454950806,1.0483687007,2,6,1,2.0,1.0,1.0,1.0,1.0,1.0,1.0,1.0
2041033445.0,36,New York,19713025,36081,Queens,2291363.0,4.53074941851412,,1,2,3,,0.0,1.0,1.0,1.0,1.0,0.0,1.0
2020094213.0,36,New York,19713025,36007,Broome,197171.0,0.721990757604583,,2,2,1,2.0,1.0,1.0,0.0,0.0,1.0,1.0,0.0
2034684469.0,36,New York,19713025,36073,Orleans,39510.0,2.40467776490459,,1,2,1,2.0,1.0,1.0,1.0,1.0,0.0,0.0,1.0
2024891589.0,36,New York,19713025,36055,Monroe,750469.0,6.80615806462808,,2,1,1,2.0,1.0,1.0,1.0,1.0,1.0,1.0,1.0
2029259411.0,36,New York,19713025,36005,Bronx,1384053.0,2.39999841573298,,2,3,3,,1.0,1.0,1.0,1.0,0.0,0.0,
2012705473.0,36,New York,19713025,36063,Niagara,210403.0,1.13737715368073,1.2308455448,2,2,1,2.0,0.0,0.0,0.0,0.0,1.0,1.0,0.0
2011151919.0,36,New York,19713025,36089,St. Lawrence,106900.0,0.837566761688702,0.9168845199000001,1,2,1,2.0,0.0,0.0,0.0,0.0,0.0,1.0,0.0
2013391701.0,36,New York,19713025,36103,Suffolk,1531736.0,0.309901937577983,,1,5,1,2.0,1.0,1.0,1.0,1.0,0.0,1.0,1.0
1999647743.0,41,Oregon,4245964,41039,Lane,386268.0,0.960118155335835,1.2539075348,1,3,1,2.0,0.0,0.0,0.0,0.0,0.0,1.0,0.0
2040892547.0,41,Oregon,4245964,41071,Yamhill,107681.0,8.59935475986271,,2,3,1,2.0,1.0,1.0,1.0,1.0,1.0,1.0,1.0
2011175099.0,41,Oregon,4245964,41033,Josephine,87793.0,0.757361749554407,0.4256689804,1,4,7,2.0,0.0,0.0,0.0,0.0,0.0,1.0,0.0
2012966417.0,41,Oregon,4245964,41019,Douglas,112247.0,3.22535868972554,0.9721051067,2,2,1,2.0,1.0,0.0,1.0,1.0,1.0,0.0,0.0
2038238781.0,41,Oregon,4245964,41051,Multnomah,796165.0,0.844474891065823,0.9564609072,1,4,1,2.0,1.0,1.0,1.0,1.0,0.0,0.0,1.0
2037856955.0,41,Oregon,4245964,41039,Lane,386268.0,1.29374779808964,0.6117436478,1,2,1,2.0,1.0,1.0,1.0,0.0,0.0,1.0,1.0
2014657773.0,41,Oregon,4245964,41051,Multnomah,796165.0,1.40294075777564,1.5662283765,2,6,1,2.0,1.0,1.0,1.0,1.0,1.0,0.0,1.0
2014941593.0,41,Oregon,4245964,41033,Josephine,87793.0,12.9218200418658,1.5113025587,2,3,1,2.0,0.0,0.0,0.0,0.0,0.0,1.0,0.0
2042376117.0,41,Oregon,4245964,41039,Lane,386268.0,0.830586498397426,1.0633952986,2,3,1,2.0,1.0,1.0,1.0,1.0,1.0,1.0,1.0
2029564859.0,41,Oregon,4245964,41019,Douglas,112247.0,7.84653085379011,,1,2,1,2.0,1.0,1.0,1.0,1.0,1.0,1.0,1.0
2038693625.0,41,Oregon,4245964,41067,Washington,600063.0,0.253412792780102,0.8319487331000001,2,3,6,1.0,,1.0,1.0,1.0,1.0,0.0,1.0
2042468291.0,41,Oregon,4245964,41051,Multnomah,796165.0,3.44902263237991,1.2066898252,2,2,2,2.0,1.0,1.0,1.0,0.0,0.0,0.0,1.0
2037951737.0,41,Oregon,4245964,41051,Multnomah,796165.0,2.92400408687245,1.0393159057,1,5,4,2.0,1.0,1.0,1.0,1.0,1.0,1.0,1.0
2003244371.0,41,Oregon,4245964,41071,Yamhill,107681.0,1.46716209176881,,2,2,1,2.0,0.0,0.0,0.0,0.0,1.0,1.0,0.0
1997659499.0,41,Oregon,4245964,41005,Clackamas,423098.0,0.380421508558644,0.2646683234,2,3,6,2.0,1.0,1.0,1.0,1.0,1.0,0.0,1.0
2029565723.0,05,Arkansas,3047429,05139,Union,37856.0,3.64991578124085,5.3989802098,1,3,1,2.0,1.0,1.0,0.0,0.0,1.0,1.0,1.0
2043452555.0,05,Arkansas,3047429,05027,Columbia,22313.0,6.37730957260418,,1,2,1,2.0,1.0,1.0,0.0,0.0,1.0,1.0,1.0
2016993763.0,05,Arkansas,3047429,05085,Lonoke,75226.0,0.676291135723521,0.6333853976,1,6,1,2.0,0.0,0.0,0.0,0.0,0.0,1.0,0.0
2014022399.0,05,Arkansas,3047429,05119,Pulaski,400246.0,3.09003021362332,,1,1,1,2.0,1.0,0.0,1.0,0.0,0.0,1.0,1.0
1993729819.0,05,Arkansas,3047429,05045,Faulkner,127693.0,3.65372110078495,0.8660331225000001,1,5,1,2.0,1.0,1.0,1.0,1.0,1.0,0.0,1.0
1998921471.0,05,Arkansas,3047429,05115,Pope,64025.0,5.21450093365782,,1,1,1,1.0,0.0,1.0,0.0,0.0,1.0,1.0,0.0
1994206927.0,05,Arkansas,3047429,05051,Garland,99975.0,0.331397223302914,0.32551474080000004,2,6,1,2.0,1.0,1.0,1.0,1.0,1.0,1.0,1.0
2011607607.0,05,Arkansas,3047429,05051,Garland,99975.0,0.572441244351842,0.30244731350000004,2,6,1,2.0,1.0,1.0,1.0,1.0,1.0,0.0,1.0
1996995735.0,05,Arkansas,3047429,05131,Sebastian,129163.0,2.85185460577147,0.9819140892,2,5,1,2.0,0.0,0.0,0.0,1.0,1.0,1.0,0.0
2014464989.0,05,Arkansas,3047429,05005,Baxter,42384.0,2.67043564900966,2.6319588383,1,5,1,2.0,1.0,1.0,1.0,1.0,0.0,1.0,1.0
2017403379.0,05,Arkansas,3047429,05007,Benton,303380.0,2.22207385005107,0.5971489416,2,6,1,2.0,1.0,1.0,1.0,1.0,1.0,0.0,1.0
2012366277.0,08,Colorado,5853355,08035,Douglas,376188.0,0.928101992279568,,2,5,1,2.0,1.0,1.0,1.0,1.0,1.0,0.0,1.0
1995190141.0,08,Colorado,5853355,08041,El Paso,741819.0,1.95099088893304,1.8103623758,1,6,1,2.0,0.0,0.0,0.0,0.0,0.0,1.0,0.0
1998686203.0,08,Colorado,5853355,08075,Logan,20798.0,15.0614388091749,1.6015313228,2,4,1,2.0,0.0,0.0,0.0,0.0,0.0,1.0,0.0
2014489285.0,08,Colorado,5853355,08059,Jefferson,576703.0,1.95099088893304,1.8103623758,1,6,1,2.0,0.0,0.0,0.0,0.0,0.0,1.0,0.0
1993911949.0,08,Colorado,5853355,08069,Larimer,367972.0,0.870259353547119,0.7579714115,2,6,1,2.0,1.0,1.0,1.0,1.0,1.0,0.0,0.0
2026235457.0,08,Colorado,5853355,08001,Adams,528035.0,2.39723770769776,4.4167022598,2,2,4,2.0,1.0,1.0,1.0,1.0,1.0,1.0,1.0
2010297955.0,08,Colorado,5853355,08069,Larimer,367972.0,3.21269922119142,,2,3,1,2.0,0.0,0.0,0.0,0.0,0.0,1.0,0.0
2012846511.0,08,Colorado,5853355,08041,El Paso,741819.0,1.44965176686644,1.4316265791,2,5,1,2.0,1.0,0.0,0.0,0.0,0.0,1.0,0.0
2014556851.0,08,Colorado,5853355,08041,El Paso,741819.0,1.47948081550967,1.388918402,2,2,1,2.0,0.0,0.0,0.0,0.0,0.0,1.0,0.0
2013855433.0,08,Colorado,5853355,08014,Broomfield,76133.0,2.10398129607831,1.5747983317,2,5,1,2.0,1.0,1.0,0.0,1.0,1.0,1.0,1.0
1983203311.0,08,Colorado,5853355,08001,Adams,528035.0,3.08954080245452,,1,2,6,1.0,1.0,1.0,1.0,1.0,1.0,0.0,1.0
2039577625.0,08,Colorado,5853355,08059,Jefferson,576703.0,1.41147693737297,1.2510717719,2,4,1,2.0,1.0,1.0,1.0,1.0,1.0,1.0,1.0
1975135443.0,08,Colorado,5853355,08077,Mesa,158634.0,0.575899524091887,0.2679855342,1,3,6,2.0,0.0,0.0,0.0,0.0,0.0,1.0,0.0
2018282773.0,08,Colorado,5853355,08059,Jefferson,576703.0,3.68492336394442,,1,2,1,2.0,1.0,1.0,1.0,1.0,1.0,1.0,1.0
2017138941.0,08,Colorado,5853355,08059,Jefferson,576703.0,0.873091802827405,0.8923583017000001,1,5,1,2.0,1.0,1.0,1.0,1.0,1.0,0.0,1.0
2012880387.0,08,Colorado,5853355,08005,Arapahoe,659472.0,1.13427697559701,0.9358196821,2,5,4,2.0,1.0,1.0,1.0,1.0,1.0,1.0,1.0
2014943953.0,08,Colorado,5853355,08083,Montezuma,26474.0,2.59660380992631,2.319281805,1,6,1,2.0,0.0,0.0,0.0,0.0,0.0,1.0,0.0
2035408511.0,08,Colorado,5853355,08013,Boulder,327914.0,2.83399173380383,2.2803900063,2,5,1,2.0,1.0,1.0,1.0,1.0,1.0,0.0,1.0
2038289531.0,08,Colorado,5853355,08001,Adams,528035.0,4.40231998186969,,1,6,2,2.0,1.0,1.0,1.0,1.0,1.0,1.0,1.0
2011105401.0,08,Colorado,5853355,08043,Fremont,49544.0,1.06001350377299,0.8621800454,1,2,1,2.0,0.0,0.0,0.0,1.0,0.0,1.0,0.0
2012194067.0,08,Colorado,5853355,08059,Jefferson,576703.0,2.63970335427962,2.6157485761,1,5,1,2.0,0.0,0.0,0.0,0.0,0.0,1.0,0.0
2012091919.0,12,Florida,22413989,12055,Highlands,105981.0,1.56561671994007,,2,5,1,2.0,1.0,1.0,1.0,1.0,1.0,1.0,1.0
2016972367.0,12,Florida,22413989,12057,Hillsborough,1525239.0,2.62568060796064,,1,6,2,2.0,1.0,1.0,1.0,1.0,1.0,0.0,1.0
2031091435.0,12,Florida,22413989,12086,Miami-Dade,2733972.0,4.0410429005703,,1,1,3,,0.0,0.0,0.0,0.0,1.0,0.0,0.0
2011726717.0,12,Florida,22413989,12103,Pinellas,964496.0,0.864869691854396,0.7118212025,2,6,1,2.0,1.0,1.0,0.0,1.0,1.0,0.0,1.0
2014449917.0,12,Florida,22413989,12017,Citrus,162495.0,1.76042491214896,2.8737131781,2,2,3,,1.0,1.0,1.0,1.0,1.0,1.0,1.0
2042327705.0,12,Florida,22413989,12103,Pinellas,964496.0,0.577738835163957,0.43231595,1,5,1,2.0,1.0,1.0,1.0,1.0,1.0,0.0,1.0
1997538863.0,12,Florida,22413989,12086,Miami-Dade,2733972.0,2.48872698756392,,1,5,1,2.0,1.0,0.0,1.0,1.0,1.0,1.0,1.0
2016642793.0,12,Florida,22413989,12063,Jackson,48305.0,3.2527800247902,0.41378472460000004,2,2,2,2.0,0.0,1.0,0.0,1.0,1.0,0.0,1.0
2032687429.0,12,Florida,22413989,12086,Miami-Dade,2733972.0,0.832167746100339,,2,2,1,2.0,0.0,1.0,0.0,1.0,0.0,1.0,0.0
2004439655.0,12,Florida,22413989,12009,Brevard,631833.0,4.05445819780913,,1,2,2,2.0,1.0,0.0,0.0,0.0,1.0,1.0,0.0
1996907219.0,12,Florida,22413989,12033,Escambia,325075.0,0.577738835163957,0.43231595,1,5,1,2.0,1.0,1.0,1.0,1.0,1.0,0.0,1.0
2001326189.0,12,Florida,22413989,12079,Madison,18208.0,1.2369116058989,1.1006510591,2,4,1,2.0,0.0,1.0,0.0,0.0,0.0,1.0,0.0
2041290073.0,12,Florida,22413989,12099,Palm Beach,1533130.0,15.0614388091749,,1,2,1,1.0,0.0,1.0,0.0,1.0,0.0,1.0,1.0
1984445863.0,12,Florida,22413989,12057,Hillsborough,1525239.0,0.471891552459375,,1,5,1,2.0,0.0,1.0,1.0,0.0,0.0,1.0,1.0
2010441439.0,12,Florida,22413989,12057,Hillsborough,1525239.0,1.58414503931138,3.0110810538,1,1,1,2.0,1.0,1.0,1.0,1.0,1.0,0.0,1.0
1995671643.0,12,Florida,22413989,12071,Lee,828059.0,0.935018912948957,1.0802404995,2,2,1,2.0,0.0,0.0,0.0,0.0,0.0,1.0,0.0
1999742987.0,12,Florida,22413989,12099,Palm Beach,1533130.0,1.24849631346164,,1,5,1,2.0,0.0,0.0,0.0,0.0,0.0,1.0,0.0
2027051495.0,12,Florida,22413989,12099,Palm Beach,1533130.0,0.736627911239339,,2,3,2,2.0,1.0,1.0,1.0,1.0,1.0,1.0,1.0
2012067971.0,12,Florida,22413989,12087,Monroe,82696.0,1.56561671994007,,2,5,1,2.0,1.0,1.0,1.0,1.0,1.0,1.0,1.0
2022008895.0,12,Florida,22413989,12099,Palm Beach,1533130.0,1.16455198674663,1.3378100606,1,6,1,2.0,1.0,0.0,1.0,1.0,1.0,1.0,1.0
2024228965.0,12,Florida,22413989,12099,Palm Beach,1533130.0,1.00035126843205,,2,6,1,2.0,1.0,1.0,1.0,1.0,1.0,1.0,1.0
2038946807.0,12,Florida,22413989,12011,Broward,1966353.0,1.36837115131089,1.9117126221,2,5,3,1.0,1.0,1.0,1.0,1.0,1.0,0.0,1.0
1984345509.0,12,Florida,22413989,12111,St. Lucie,360720.0,7.02749185205661,,1,2,3,1.0,1.0,1.0,1.0,1.0,1.0,1.0,0.0
2039216291.0,12,Florida,22413989,12086,Miami-Dade,2733972.0,2.26959774591938,,1,5,2,2.0,0.0,1.0,0.0,1.0,0.0,1.0,0.0
2026740711.0,12,Florida,22413989,12021,Collier,401486.0,4.43481605680655,,1,2,3,1.0,1.0,1.0,1.0,0.0,1.0,1.0,1.0
2008960819.0,12,Florida,22413989,12073,Leon,297935.0,0.270664951618729,0.8822050996,2,1,2,2.0,1.0,1.0,1.0,1.0,0.0,0.0,1.0
2035066775.0,12,Florida,22413989,12086,Miami-Dade,2733972.0,3.31228506213527,,1,5,1,2.0,1.0,1.0,1.0,1.0,1.0,1.0,1.0
2039001175.0,12,Florida,22413989,12103,Pinellas,964496.0,0.890354474189992,0.9177864641000001,2,3,1,2.0,1.0,1.0,1.0,0.0,1.0,1.0,1.0
2012562543.0,12,Florida,22413989,12127,Volusia,580529.0,1.39985772532836,1.3749791809,2,5,1,2.0,0.0,0.0,0.0,0.0,1.0,1.0,
2015706701.0,12,Florida,22413989,12086,Miami-Dade,2733972.0,11.0436723427988,,1,2,3,1.0,0.0,0.0,0.0,0.0,1.0,1.0,0.0
2026126973.0,12,Florida,22413989,12086,Miami-Dade,2733972.0,1.69920701156455,,1,2,2,2.0,0.0,1.0,1.0,0.0,1.0,1.0,0.0
2044959089.0,12,Florida,22413989,12127,Volusia,580529.0,1.02032806675001,,1,2,1,2.0,1.0,0.0,1.0,1.0,1.0,1.0,1.0
2013495201.0,12,Florida,22413989,12031,Duval,1022751.0,8.39567670502194,10.285503565900001,1,1,2,2.0,1.0,1.0,1.0,1.0,1.0,0.0,1.0
2037257833.0,12,Florida,22413989,12051,Hendry,41919.0,0.404885644947971,,2,2,3,,1.0,1.0,0.0,1.0,1.0,1.0,0.0
2014014435.0,12,Florida,22413989,12086,Miami-Dade,2733972.0,0.599246370343137,0.5451296286,2,3,3,1.0,1.0,1.0,1.0,1.0,1.0,0.0,1.0
2029753127.0,12,Florida,22413989,12097,Osceola,427887.0,2.50844736359233,,2,3,3,1.0,1.0,1.0,0.0,0.0,1.0,1.0,1.0
2025216943.0,12,Florida,22413989,12009,Brevard,631833.0,4.74642797098357,,2,2,1,1.0,0.0,0.0,0.0,0.0,0.0,1.0,0.0
2011435463.0,12,Florida,22413989,12101,Pasco,610396.0,0.860486012102044,0.9383720240000001,2,2,1,2.0,0.0,0.0,0.0,0.0,0.0,1.0,0.0
2015334743.0,12,Florida,22413989,12111,St. Lucie,360720.0,0.818132227279381,0.922114481,2,6,1,2.0,1.0,1.0,1.0,1.0,1.0,0.0,1.0
2011440217.0,12,Florida,22413989,12053,Hernando,207033.0,0.628749097123868,0.5947735645000001,2,2,1,2.0,1.0,1.0,1.0,1.0,1.0,0.0,1.0
1998510345.0,12,Florida,22413989,12086,Miami-Dade,2733972.0,1.85282236324227,,1,2,1,2.0,1.0,1.0,1.0,1.0,1.0,1.0,1.0
1995478707.0,12,Florida,22413989,12099,Palm Beach,1533130.0,1.21629564132881,,2,4,1,2.0,1.0,1.0,1.0,1.0,1.0,1.0,0.0
2013699163.0,12,Florida,22413989,12015,Charlotte,203116.0,0.55573406876057,0.5737153944,2,2,1,2.0,1.0,1.0,1.0,1.0,0.0,1.0,1.0
1993717461.0,12,Florida,22413989,12069,Lake,410943.0,0.886062098996003,0.7650625009,2,4,1,2.0,0.0,1.0,0.0,0.0,0.0,0.0,0.0
2009103745.0,12,Florida,22413989,12103,Pinellas,964496.0,0.707077582029036,0.503299748,2,6,2,2.0,1.0,1.0,1.0,1.0,1.0,1.0,1.0
2034233627.0,12,Florida,22413989,12071,Lee,828059.0,2.5154992423354,3.2748449635,2,4,1,2.0,1.0,1.0,1.0,1.0,1.0,0.0,1.0
2031883537.0,12,Florida,22413989,12086,Miami-Dade,2733972.0,0.270378093476347,,1,3,1,1.0,0.0,1.0,1.0,1.0,1.0,1.0,1.0
2034438393.0,12,Florida,22413989,12073,Leon,297935.0,2.3355243035826,,1,3,1,2.0,1.0,1.0,1.0,1.0,1.0,0.0,1.0
2013579535.0,12,Florida,22413989,12099,Palm Beach,1533130.0,1.48676581522194,,2,2,3,1.0,1.0,1.0,0.0,0.0,1.0,0.0,0.0
2039699601.0,12,Florida,22413989,12099,Palm Beach,1533130.0,1.4551375641298,1.0216869931,2,6,1,2.0,1.0,1.0,0.0,1.0,1.0,1.0,1.0
2024322165.0,12,Florida,22413989,12095,Orange,1467069.0,5.21925044263037,,1,1,1,2.0,1.0,1.0,1.0,1.0,1.0,0.0,1.0
1999921529.0,12,Florida,22413989,12109,St. Johns,307645.0,3.24405273541258,,1,6,4,2.0,1.0,1.0,1.0,1.0,1.0,1.0,1.0
2002488113.0,12,Florida,22413989,12057,Hillsborough,1525239.0,0.388198650634432,0.2861758433,1,5,8,2.0,0.0,0.0,0.0,0.0,0.0,1.0,0.0
2031342267.0,12,Florida,22413989,12033,Escambia,325075.0,0.486460151737087,0.4072976306,2,3,1,2.0,,1.0,1.0,1.0,1.0,1.0,1.0
2009785359.0,12,Florida,22413989,12095,Orange,1467069.0,0.616298146831929,0.6685203802,1,5,1,2.0,0.0,0.0,0.0,0.0,0.0,1.0,0.0
2018617991.0,12,Florida,22413989,12099,Palm Beach,1533130.0,0.472418531939361,0.4642625493,2,2,1,2.0,1.0,1.0,1.0,1.0,0.0,0.0,1.0
2045017613.0,12,Florida,22413989,12053,Hernando,207033.0,1.05180068575639,1.0732678415,2,5,1,2.0,0.0,0.0,0.0,0.0,0.0,1.0,0.0
1982290275.0,12,Florida,22413989,12103,Pinellas,964496.0,0.860486012102044,0.9383720240000001,2,2,1,2.0,0.0,0.0,0.0,0.0,0.0,1.0,0.0
1993666449.0,12,Florida,22413989,12095,Orange,1467069.0,0.62514401208959,0.5205192056,2,5,1,2.0,1.0,1.0,1.0,0.0,1.0,0.0,1.0
2045138431.0,12,Florida,22413989,12103,Pinellas,964496.0,1.29964364375864,,2,2,1,2.0,1.0,0.0,0.0,1.0,1.0,1.0,1.0
2023517575.0,12,Florida,22413989,12101,Pasco,610396.0,7.36949258418919,,1,2,1,1.0,0.0,1.0,1.0,1.0,1.0,1.0,0.0
1999503489.0,12,Florida,22413989,12089,Nassau,97898.0,1.2369116058989,1.1006510591,2,3,1,2.0,0.0,0.0,0.0,0.0,1.0,1.0,0.0
2040166535.0,12,Florida,22413989,12071,Lee,828059.0,0.143767772771718,,2,2,3,,1.0,1.0,1.0,1.0,1.0,0.0,1.0
2039912233.0,12,Florida,22413989,12099,Palm Beach,1533130.0,2.28218379277348,0.36884774870000003,2,3,2,2.0,1.0,1.0,1.0,1.0,1.0,0.0,1.0
2018912445.0,12,Florida,22413989,12071,Lee,828059.0,1.02032806675001,1.1783528155,1,2,1,2.0,0.0,0.0,0.0,0.0,1.0,1.0,0.0
2027177233.0,12,Florida,22413989,12086,Miami-Dade,2733972.0,2.50996817187434,,1,6,3,,1.0,1.0,1.0,1.0,1.0,0.0,1.0
2013023579.0,12,Florida,22413989,12103,Pinellas,964496.0,0.972931872560249,,1,6,2,2.0,1.0,1.0,1.0,1.0,1.0,1.0,1.0
1995559907.0,12,Florida,22413989,12095,Orange,1467069.0,0.62828668788508,0.5955974256000001,1,4,1,2.0,1.0,1.0,0.0,0.0,1.0,1.0,0.0
2012934469.0,12,Florida,22413989,12021,Collier,401486.0,2.07465370807777,,1,5,1,2.0,1.0,1.0,1.0,1.0,1.0,1.0,1.0
2030477883.0,12,Florida,22413989,12095,Orange,1467069.0,0.73835272181154,0.7768144697,2,3,2,2.0,1.0,1.0,0.0,1.0,1.0,0.0,1.0
2038399283.0,12,Florida,22413989,12015,Charlotte,203116.0,2.03166509488602,,1,2,1,2.0,0.0,1.0,1.0,0.0,1.0,1.0,1.0
1993721021.0,12,Florida,22413989,12095,Orange,1467069.0,1.42310050840973,1.7868451218999999,2,6,1,2.0,1.0,0.0,0.0,0.0,1.0,0.0,0.0
2024671639.0,12,Florida,22413989,12031,Duval,1022751.0,2.37505886399883,2.1730901591,2,2,4,2.0,1.0,1.0,1.0,1.0,1.0,1.0,
2011779861.0,12,Florida,22413989,12107,Putnam,74795.0,0.935018912948957,1.0802404995,2,2,1,2.0,1.0,1.0,0.0,0.0,1.0,1.0,0.0
2039784453.0,12,Florida,22413989,12057,Hillsborough,1525239.0,4.71097276572805,2.0103801109,1,2,1,2.0,0.0,0.0,0.0,0.0,0.0,1.0,0.0
2012562923.0,12,Florida,22413989,12103,Pinellas,964496.0,1.51229836684901,0.5631225187000001,2,3,3,1.0,1.0,1.0,1.0,1.0,1.0,1.0,1.0
2026744059.0,12,Florida,22413989,12105,Polk,790796.0,3.93575629565962,,2,5,2,2.0,1.0,1.0,1.0,1.0,1.0,1.0,1.0
2021488989.0,12,Florida,22413989,12129,Wakulla,35174.0,1.52651708910432,,1,2,1,2.0,0.0,1.0,1.0,0.0,0.0,1.0,1.0
2015201037.0,12,Florida,22413989,12011,Broward,1966353.0,2.29909252063191,1.6849283256,2,4,2,2.0,0.0,0.0,1.0,1.0,1.0,0.0,1.0
2030958013.0,12,Florida,22413989,12111,St. Lucie,360720.0,2.65919449467017,,1,2,1,2.0,1.0,1.0,0.0,0.0,1.0,1.0,0.0
2034242955.0,12,Florida,22413989,12105,Polk,790796.0,0.740591900641732,1.21452131,2,3,3,,0.0,1.0,1.0,1.0,0.0,1.0,1.0
2019924885.0,46,South Dakota,909156,46093,Meade,30663.0,1.76220564649116,1.6023494157,1,2,1,2.0,0.0,0.0,0.0,0.0,1.0,1.0,0.0
2036863947.0,46,South Dakota,909156,46099,Minnehaha,203516.0,12.7773338705606,,1,2,1,2.0,0.0,1.0,1.0,1.0,1.0,0.0,0.0
2045756059.0,46,South Dakota,909156,46099,Minnehaha,203516.0,3.74880122296958,,2,1,5,2.0,0.0,0.0,0.0,0.0,0.0,0.0,0.0
2012705673.0,47,Tennessee,7063325,47179,Washington,136273.0,1.63791515603833,,2,2,2,2.0,1.0,1.0,1.0,1.0,0.0,0.0,0.0
2018762365.0,47,Tennessee,7063325,47113,Madison,99283.0,10.8992168573823,,1,1,1,2.0,1.0,1.0,1.0,0.0,0.0,1.0,1.0
1984263223.0,47,Tennessee,7063325,47089,Jefferson,56695.0,4.68422006172232,,1,5,1,2.0,1.0,1.0,1.0,0.0,1.0,1.0,1.0
2034659963.0,47,Tennessee,7063325,47071,Hardin,27215.0,1.84758468639182,,2,2,2,2.0,0.0,1.0,1.0,1.0,0.0,1.0,1.0
2014374103.0,47,Tennessee,7063325,47011,Bradley,110790.0,2.3507272227995,,2,2,1,2.0,1.0,1.0,1.0,1.0,1.0,1.0,1.0
1998495577.0,47,Tennessee,7063325,47051,Franklin,44166.0,0.547295179253354,0.7563902941,1,3,1,2.0,0.0,0.0,0.0,0.0,0.0,1.0,0.0
2039934327.0,47,Tennessee,7063325,47079,Henry,32328.0,2.90203970717391,3.1439700861,2,5,1,2.0,0.0,0.0,0.0,0.0,1.0,1.0,0.0
2014818041.0,47,Tennessee,7063325,47141,Putnam,82590.0,0.979613564552148,0.9795140593,2,5,1,2.0,1.0,1.0,1.0,1.0,1.0,0.0,1.0
2030625913.0,47,Tennessee,7063325,47043,Dickson,55777.0,0.603958267313686,1.404584714,1,3,1,2.0,1.0,1.0,1.0,1.0,1.0,1.0,1.0
2001854389.0,47,Tennessee,7063325,47157,Shelby,919092.0,2.15489816852298,,2,3,1,2.0,1.0,0.0,0.0,0.0,0.0,1.0,0.0
2041059779.0,47,Tennessee,7063325,47123,Monroe,47719.0,0.456576154146306,,1,2,1,2.0,0.0,1.0,0.0,0.0,1.0,1.0,1.0
2008073971.0,47,Tennessee,7063325,47093,Knox,495827.0,3.15619807343041,,2,2,4,2.0,1.0,0.0,0.0,1.0,0.0,1.0,1.0
2010166605.0,47,Tennessee,7063325,47065,Hamilton,375738.0,0.950913631777523,0.8261775756,2,3,1,2.0,0.0,0.0,0.0,0.0,0.0,1.0,0.0
2038077129.0,47,Tennessee,7063325,47123,Monroe,47719.0,0.979001176998639,0.9885391676,2,4,1,2.0,0.0,1.0,0.0,1.0,1.0,1.0,0.0
2040055193.0,47,Tennessee,7063325,47089,Jefferson,56695.0,1.81636080116225,6.1301592668,1,2,1,2.0,0.0,0.0,0.0,0.0,1.0,1.0,0.0
2010620067.0,47,Tennessee,7063325,47157,Shelby,919092.0,0.555875141141796,0.5569377783,2,5,1,2.0,1.0,1.0,1.0,0.0,1.0,1.0,0.0
2015876167.0,47,Tennessee,7063325,47167,Tipton,61606.0,2.53746832513685,,2,3,1,2.0,1.0,1.0,0.0,0.0,1.0,1.0,0.0
2032778435.0,47,Tennessee,7063325,47093,Knox,495827.0,13.3679647484199,,1,1,1,2.0,0.0,1.0,1.0,0.0,1.0,1.0,0.0
2039664407.0,47,Tennessee,7063325,47037,Davidson,712156.0,2.39186822892261,1.3335717004,1,5,1,2.0,1.0,1.0,1.0,1.0,1.0,0.0,1.0
2003802725.0,47,Tennessee,7063325,47041,DeKalb,20987.0,2.86798714752073,1.4669083608,2,4,1,2.0,1.0,1.0,1.0,1.0,1.0,1.0,1.0
2032974975.0,47,Tennessee,7063325,47157,Shelby,919092.0,0.728403579773118,0.9690227051,1,4,1,2.0,1.0,0.0,0.0,0.0,0.0,1.0,0.0
2034553537.0,47,Tennessee,7063325,47065,Hamilton,375738.0,6.46667412389334,,1,2,1,2.0,1.0,0.0,1.0,0.0,1.0,1.0,0.0
2021361289.0,47,Tennessee,7063325,47037,Davidson,712156.0,1.19800431809041,0.8968235122,1,6,1,2.0,1.0,0.0,0.0,0.0,0.0,1.0,0.0
1998626035.0,47,Tennessee,7063325,47149,Rutherford,362373.0,1.19800431809041,0.8968235122,1,6,1,2.0,0.0,0.0,0.0,0.0,0.0,1.0,0.0
2040784769.0,47,Tennessee,7063325,47173,Union,20483.0,4.76615411610823,,2,3,1,2.0,1.0,1.0,1.0,1.0,1.0,1.0,1.0
2039448745.0,31,Nebraska,1972595,31055,Douglas,587963.0,0.708062404425172,0.3679575861,2,6,1,2.0,1.0,1.0,1.0,1.0,1.0,0.0,1.0
2037682347.0,31,Nebraska,1972595,31081,Hamilton,9446.0,3.52214039234844,,2,4,1,2.0,1.0,0.0,0.0,0.0,1.0,1.0,1.0
1998037397.0,31,Nebraska,1972595,31079,Hall,62555.0,4.13444514899856,1.769694848,1,3,1,2.0,1.0,1.0,1.0,1.0,1.0,0.0,1.0
2009351929.0,31,Nebraska,1972595,31017,Brown,2892.0,0.606086200617628,0.6264070030000001,1,2,1,2.0,1.0,1.0,1.0,1.0,1.0,0.0,1.0
2036917489.0,31,Nebraska,1972595,31079,Hall,62555.0,0.56978705336631,,2,2,1,2.0,1.0,0.0,1.0,1.0,1.0,1.0,0.0
1984652737.0,31,Nebraska,1972595,31109,Lancaster,325122.0,0.551897522481293,0.5954375566,2,4,1,2.0,1.0,1.0,1.0,1.0,1.0,0.0,1.0
2043488667.0,31,Nebraska,1972595,31055,Douglas,587963.0,4.48865330048738,2.2855005175,1,1,1,2.0,1.0,1.0,1.0,1.0,0.0,1.0,1.0
2014827327.0,04,Arizona,7370065,04013,Maricopa,4559561.0,1.39989766196588,,2,1,3,,0.0,0.0,0.0,1.0,0.0,0.0,0.0
2034444065.0,04,Arizona,7370065,04019,Pima,1058224.0,11.6716290821079,,1,3,3,,1.0,1.0,1.0,1.0,1.0,0.0,1.0
2039232753.0,04,Arizona,7370065,04005,Coconino,144078.0,0.651395245261524,0.6615688226,2,6,1,2.0,1.0,1.0,1.0,1.0,1.0,1.0,1.0
2015126309.0,04,Arizona,7370065,04019,Pima,1058224.0,1.16706158964485,0.9951968244,2,4,1,2.0,0.0,0.0,0.0,0.0,0.0,1.0,0.0
2013004295.0,04,Arizona,7370065,04013,Maricopa,4559561.0,0.515819414282891,,2,2,1,2.0,0.0,0.0,0.0,0.0,0.0,1.0,0.0
2021837377.0,04,Arizona,7370065,04019,Pima,1058224.0,4.98723370022688,,1,3,1,2.0,1.0,1.0,1.0,1.0,1.0,0.0,1.0
2022170377.0,04,Arizona,7370065,04013,Maricopa,4559561.0,0.602571735544876,0.8334036211,1,3,1,2.0,0.0,0.0,0.0,0.0,0.0,1.0,0.0
2015506277.0,04,Arizona,7370065,04015,Mohave,220791.0,14.9200984194786,2.6656702111,1,1,1,2.0,1.0,0.0,0.0,0.0,1.0,1.0,0.0
2026742417.0,04,Arizona,7370065,04013,Maricopa,4559561.0,1.86314534997929,,2,1,3,1.0,1.0,1.0,1.0,1.0,1.0,1.0,1.0
2042330155.0,04,Arizona,7370065,04013,Maricopa,4559561.0,0.998735749335862,0.9039888809000001,2,6,1,2.0,0.0,0.0,0.0,0.0,0.0,1.0,0.0
2017201871.0,04,Arizona,7370065,04017,Navajo,108671.0,1.3304888106307,1.2270507553,2,5,1,2.0,0.0,0.0,0.0,0.0,0.0,1.0,0.0
2010540211.0,04,Arizona,7370065,04013,Maricopa,4559561.0,3.20149654118921,,2,5,4,2.0,0.0,0.0,0.0,0.0,1.0,1.0,0.0
2000216477.0,04,Arizona,7370065,04013,Maricopa,4559561.0,1.05523655956863,0.8940565667,2,6,1,2.0,1.0,1.0,1.0,1.0,1.0,0.0,1.0
2003939011.0,04,Arizona,7370065,04013,Maricopa,4559561.0,0.364212785891059,0.9919729121,2,2,1,2.0,1.0,1.0,1.0,1.0,1.0,1.0,1.0
2032895037.0,04,Arizona,7370065,04013,Maricopa,4559561.0,5.78705394447519,,1,1,4,2.0,0.0,0.0,0.0,0.0,0.0,0.0,1.0
2014334607.0,04,Arizona,7370065,04013,Maricopa,4559561.0,2.21516809090184,4.9462784668,2,1,3,,1.0,1.0,0.0,0.0,1.0,1.0,0.0
2043726527.0,04,Arizona,7370065,04021,Pinal,465550.0,0.407981677104141,0.688647621,2,3,3,,1.0,1.0,1.0,1.0,1.0,1.0,1.0
2012022435.0,04,Arizona,7370065,04021,Pinal,465550.0,0.948043341326166,,2,6,7,2.0,0.0,0.0,0.0,0.0,0.0,1.0,0.0
1998501961.0,04,Arizona,7370065,04025,Yavapai,246237.0,9.66416615439967,4.1452540679,1,3,1,2.0,1.0,0.0,1.0,0.0,0.0,1.0,0.0
2034740211.0,04,Arizona,7370065,04019,Pima,1058224.0,3.88179124730491,,2,3,3,,1.0,1.0,0.0,0.0,0.0,1.0,1.0
2039230565.0,04,Arizona,7370065,04013,Maricopa,4559561.0,1.43727080217723,1.2556535820999999,1,5,1,2.0,0.0,0.0,0.0,0.0,0.0,1.0,0.0
2009463629.0,04,Arizona,7370065,04013,Maricopa,4559561.0,1.10734113312426,1.1486437988,1,5,1,2.0,1.0,1.0,1.0,1.0,1.0,0.0,1.0
2010265909.0,04,Arizona,7370065,04013,Maricopa,4559561.0,1.88685171518233,1.4431487977000002,2,2,7,2.0,0.0,1.0,1.0,1.0,0.0,1.0,1.0
2010191177.0,04,Arizona,7370065,04013,Maricopa,4559561.0,2.46834210181791,1.9516901249,2,4,1,2.0,0.0,1.0,0.0,0.0,0.0,1.0,0.0
2020254599.0,04,Arizona,7370065,04013,Maricopa,4559561.0,5.01777522822738,3.2922692772,1,1,3,,1.0,1.0,1.0,1.0,1.0,1.0,1.0
2016472487.0,04,Arizona,7370065,04003,Cochise,125418.0,0.379039569151631,0.5943327463,2,5,6,2.0,0.0,0.0,0.0,0.0,0.0,1.0,0.0
2012212579.0,04,Arizona,7370065,04015,Mohave,220791.0,0.677975140842546,1.1739421068,2,2,1,2.0,0.0,0.0,0.0,0.0,0.0,1.0,0.0
1995690381.0,49,Utah,3393928,49011,Davis,370527.0,2.34263018386638,,1,6,1,2.0,0.0,0.0,0.0,0.0,1.0,1.0,0.0
2011481337.0,49,Utah,3393928,49057,Weber,269800.0,4.21482003547274,,2,3,1,2.0,1.0,1.0,1.0,1.0,1.0,1.0,1.0
2043854361.0,49,Utah,3393928,49035,Salt Lake,1194746.0,1.91466960803362,,2,3,3,,1.0,1.0,1.0,1.0,0.0,0.0,1.0
2030986511.0,49,Utah,3393928,49035,Salt Lake,1194746.0,2.18345562057595,,3,2,1,2.0,1.0,1.0,1.0,1.0,1.0,0.0,1.0
2015285909.0,49,Utah,3393928,49011,Davis,370527.0,1.87764220991559,,1,2,1,2.0,0.0,0.0,0.0,0.0,0.0,1.0,0.0
1999302407.0,49,Utah,3393928,49035,Salt Lake,1194746.0,4.50006674409706,0.9144270964000001,2,5,1,2.0,1.0,1.0,0.0,1.0,1.0,0.0,1.0
2006857801.0,49,Utah,3393928,49049,Utah,705241.0,6.41454115625617,,2,4,1,2.0,,0.0,0.0,0.0,1.0,0.0,0.0
2012185345.0,49,Utah,3393928,49035,Salt Lake,1194746.0,0.920394969370479,,2,5,1,2.0,1.0,1.0,1.0,1.0,1.0,0.0,1.0
2036080265.0,49,Utah,3393928,49003,Box Elder,61548.0,0.61856077154594,0.6880019898,1,3,1,2.0,1.0,1.0,0.0,1.0,1.0,1.0,0.0
2039699663.0,49,Utah,3393928,49035,Salt Lake,1194746.0,1.65299619468675,2.706019473,1,6,1,2.0,1.0,1.0,1.0,1.0,1.0,0.0,1.0
2038935113.0,49,Utah,3393928,49005,Cache,140419.0,4.11429461442116,,1,3,1,2.0,1.0,1.0,1.0,1.0,1.0,0.0,1.0
2045314823.0,49,Utah,3393928,49035,Salt Lake,1194746.0,2.45203399936311,,2,4,3,2.0,1.0,1.0,1.0,1.0,1.0,0.0,1.0
2044030893.0,39,Ohio,11764950,39129,Pickaway,59953.0,1.36911522132656,1.0101911925,2,3,1,2.0,1.0,1.0,1.0,1.0,1.0,1.0,1.0
2043493917.0,39,Ohio,11764950,39153,Summit,535956.0,4.96619072315327,0.6924923150000001,2,5,2,2.0,1.0,1.0,1.0,1.0,1.0,0.0,1.0
1998437403.0,39,Ohio,11764950,39083,Knox,63103.0,1.74797600483772,1.6613039888,2,6,1,2.0,0.0,0.0,0.0,0.0,0.0,1.0,1.0
2001390709.0,39,Ohio,11764950,39067,Harrison,14364.0,4.19938867721947,4.8976039305,2,1,1,2.0,1.0,1.0,0.0,0.0,1.0,1.0,0.0
2013694943.0,39,Ohio,11764950,39061,Hamilton,826532.0,3.89929421931552,,1,2,2,2.0,1.0,1.0,0.0,1.0,0.0,0.0,1.0
2022094461.0,39,Ohio,11764950,39153,Summit,535956.0,0.771757417625532,0.6077415098,2,6,1,2.0,1.0,1.0,1.0,1.0,1.0,0.0,1.0
1999183145.0,39,Ohio,11764950,39167,Washington,58890.0,1.51375365970428,1.6918073329,1,2,1,2.0,0.0,0.0,0.0,0.0,0.0,0.0,0.0
2038749971.0,39,Ohio,11764950,39049,Franklin,1326392.0,14.8963537833105,,1,2,1,2.0,1.0,1.0,1.0,1.0,1.0,0.0,1.0
2028986161.0,39,Ohio,11764950,39013,Belmont,65382.0,2.45913656035321,,2,2,1,2.0,0.0,1.0,1.0,1.0,1.0,1.0,0.0
2019245827.0,39,Ohio,11764950,39035,Cuyahoga,1237196.0,0.687850601084865,0.8039805869000001,1,3,1,2.0,0.0,0.0,0.0,0.0,1.0,1.0,0.0
2009532313.0,39,Ohio,11764950,39049,Franklin,1326392.0,1.56504777866337,2.6537320498,1,2,1,2.0,0.0,1.0,1.0,0.0,0.0,1.0,1.0
2012099239.0,39,Ohio,11764950,39169,Wayne,116533.0,1.24075939605911,,2,1,1,2.0,1.0,0.0,1.0,1.0,0.0,1.0,0.0
2009057421.0,39,Ohio,11764950,39093,Lorain,316304.0,0.662076125880955,1.2170352988,2,3,1,2.0,1.0,1.0,1.0,1.0,1.0,1.0,1.0
2038403107.0,39,Ohio,11764950,39119,Muskingum,86090.0,1.14687472663366,1.1617555871,2,5,1,2.0,0.0,0.0,0.0,0.0,0.0,1.0,0.0
2021643995.0,39,Ohio,11764950,39153,Summit,535956.0,4.85379785659972,,2,3,4,2.0,1.0,1.0,1.0,1.0,0.0,1.0,
2034271607.0,39,Ohio,11764950,39025,Clermont,210781.0,2.45913656035321,,2,2,1,2.0,1.0,1.0,1.0,1.0,1.0,0.0,1.0
2013412153.0,39,Ohio,11764950,39153,Summit,535956.0,2.61499662631837,1.5700370116,1,1,2,2.0,1.0,1.0,1.0,1.0,1.0,0.0,1.0
2014529067.0,39,Ohio,11764950,39041,Delaware,226809.0,1.44573892817368,1.4074108142,2,5,1,2.0,1.0,0.0,0.0,0.0,0.0,1.0,0.0
2015179491.0,39,Ohio,11764950,39157,Tuscarawas,91951.0,0.847217124566331,0.8560740371000001,2,2,1,2.0,0.0,1.0,0.0,0.0,1.0,0.0,
2034727835.0,39,Ohio,11764950,39049,Franklin,1326392.0,2.53489053272266,0.8096785609,1,2,1,2.0,1.0,1.0,1.0,1.0,1.0,1.0,1.0
2034673273.0,39,Ohio,11764950,39041,Delaware,226809.0,3.28556055522791,,1,5,1,2.0,0.0,0.0,0.0,0.0,1.0,1.0,0.0
2011235919.0,39,Ohio,11764950,39141,Ross,76365.0,3.85982158330773,0.7095753463000001,1,2,1,2.0,0.0,0.0,0.0,0.0,0.0,1.0,0.0
2038230413.0,39,Ohio,11764950,39139,Richland,125076.0,0.56298566685836,,1,3,3,1.0,0.0,1.0,1.0,1.0,1.0,0.0,0.0
1999510071.0,39,Ohio,11764950,39151,Stark,372531.0,1.31200747688342,1.3093587991,1,5,1,2.0,0.0,0.0,0.0,0.0,0.0,1.0,1.0
2040364027.0,39,Ohio,11764950,39049,Franklin,1326392.0,1.11960665159151,,1,5,1,2.0,1.0,1.0,1.0,0.0,1.0,0.0,1.0
1999323457.0,39,Ohio,11764950,39113,Montgomery,533913.0,0.696511650041199,1.1501982876,3,1,1,2.0,1.0,1.0,1.0,1.0,1.0,0.0,1.0
2012694825.0,39,Ohio,11764950,39049,Franklin,1326392.0,0.932260157601045,,2,1,1,2.0,1.0,1.0,1.0,1.0,1.0,1.0,1.0
2038735237.0,39,Ohio,11764950,39085,Lake,231698.0,3.18622579372236,,1,6,1,2.0,1.0,0.0,1.0,0.0,0.0,1.0,0.0
2010209455.0,39,Ohio,11764950,39091,Logan,46067.0,5.14937232776012,,2,4,2,2.0,1.0,0.0,0.0,0.0,0.0,0.0,0.0
2015251737.0,39,Ohio,11764950,39109,Miami,110217.0,1.24075939605911,,2,1,1,2.0,1.0,0.0,0.0,1.0,0.0,0.0,1.0
2016211403.0,39,Ohio,11764950,39099,Mahoning,225714.0,1.49160630476102,1.0269410182,1,5,1,2.0,1.0,1.0,1.0,1.0,1.0,0.0,1.0
2011214813.0,39,Ohio,11764950,39049,Franklin,1326392.0,1.53298928248508,2.3226788715,2,2,2,2.0,0.0,1.0,1.0,0.0,1.0,0.0,1.0
2032997259.0,39,Ohio,11764950,39139,Richland,125076.0,6.16049656491515,,2,2,1,2.0,1.0,1.0,1.0,1.0,1.0,0.0,1.0
2038977433.0,39,Ohio,11764950,39049,Franklin,1326392.0,1.09445574862008,,2,6,1,2.0,1.0,1.0,1.0,1.0,1.0,1.0,1.0
2039699931.0,39,Ohio,11764950,39153,Summit,535956.0,0.691032918222033,0.5048452244,2,5,1,2.0,1.0,1.0,1.0,1.0,1.0,0.0,1.0
2014331007.0,39,Ohio,11764950,39061,Hamilton,826532.0,3.58948819397518,,1,2,2,2.0,1.0,1.0,1.0,1.0,0.0,0.0,1.0
2021128121.0,39,Ohio,11764950,39035,Cuyahoga,1237196.0,6.25813157697764,,2,2,1,2.0,1.0,1.0,1.0,1.0,0.0,1.0,0.0
2011582459.0,39,Ohio,11764950,39061,Hamilton,826532.0,2.66293982987133,,1,3,2,2.0,1.0,1.0,1.0,1.0,1.0,1.0,1.0
2011880639.0,39,Ohio,11764950,39147,Seneca,54650.0,0.847217124566331,1.0095034468,2,2,1,2.0,0.0,1.0,1.0,1.0,1.0,1.0,
2006816869.0,39,Ohio,11764950,39109,Miami,110217.0,1.21734769472783,1.2956296012,1,3,1,2.0,0.0,0.0,0.0,0.0,0.0,1.0,0.0
2042949539.0,39,Ohio,11764950,39151,Stark,372531.0,1.13737782671431,,1,2,1,2.0,0.0,0.0,0.0,0.0,0.0,1.0,0.0
2039397299.0,39,Ohio,11764950,39005,Ashland,51927.0,1.44573892817368,1.4074108142,2,5,1,2.0,0.0,0.0,0.0,0.0,1.0,1.0,0.0
2035145711.0,20,Kansas,2938034,20091,Johnson,619693.0,0.277154319056022,1.8000827255,1,2,1,2.0,0.0,0.0,0.0,0.0,0.0,1.0,0.0
2025368077.0,20,Kansas,2938034,20091,Johnson,619693.0,0.311858088716694,,1,2,3,,1.0,0.0,1.0,1.0,0.0,0.0,0.0
2022075779.0,20,Kansas,2938034,20037,Crawford,39194.0,1.09665629681183,0.2382511639,2,4,1,2.0,1.0,1.0,1.0,0.0,1.0,0.0,1.0
2028338951.0,20,Kansas,2938034,20023,Cheyenne,2614.0,1.32195941037325,1.880608086,2,2,1,2.0,0.0,0.0,0.0,0.0,1.0,1.0,0.0
2028900345.0,20,Kansas,2938034,20173,Sedgwick,525420.0,1.76639857063134,2.4151696811,2,5,1,2.0,1.0,1.0,1.0,1.0,1.0,0.0,1.0
2017380135.0,20,Kansas,2938034,20011,Bourbon,14457.0,0.635365037981,0.27865867510000003,2,4,6,2.0,1.0,1.0,1.0,1.0,1.0,0.0,1.0
2000461897.0,20,Kansas,2938034,20173,Sedgwick,525420.0,0.712848103546776,0.6272525659,2,5,1,2.0,1.0,1.0,1.0,1.0,1.0,0.0,1.0
1999562315.0,20,Kansas,2938034,20173,Sedgwick,525420.0,2.083553327078,1.541403963,2,5,1,2.0,0.0,0.0,0.0,0.0,0.0,1.0,0.0
2042739179.0,20,Kansas,2938034,20169,Saline,53463.0,1.84157467502542,,1,1,1,2.0,0.0,0.0,0.0,0.0,0.0,1.0,0.0
2021279947.0,20,Kansas,2938034,20091,Johnson,619693.0,1.1010836165742,,2,3,2,2.0,1.0,0.0,0.0,0.0,0.0,0.0,0.0
2002923375.0,20,Kansas,2938034,20045,Douglas,119941.0,1.56022817096194,,2,3,4,2.0,1.0,1.0,1.0,1.0,1.0,0.0,1.0
2019398661.0,27,Minnesota,5727565,27119,Polk,30815.0,0.515183527501876,0.5564425687,2,2,1,2.0,1.0,1.0,1.0,1.0,1.0,0.0,1.0
2010562979.0,27,Minnesota,5727565,27145,Stearns,160119.0,1.4025189310135,1.3734261791,2,3,1,2.0,0.0,1.0,0.0,0.0,1.0,1.0,0.0
2011513579.0,27,Minnesota,5727565,27127,Redwood,15365.0,1.38651493066639,1.1327781017,2,4,1,2.0,0.0,0.0,0.0,0.0,0.0,1.0,0.0
1993781733.0,27,Minnesota,5727565,27021,Cass,31246.0,0.642556495881638,0.5577117881,1,5,1,2.0,1.0,1.0,1.0,1.0,1.0,1.0,1.0
1999062587.0,27,Minnesota,5727565,27139,Scott,154819.0,0.687869738964007,0.6748664814,2,4,2,2.0,1.0,1.0,1.0,1.0,0.0,0.0,1.0
2039680935.0,27,Minnesota,5727565,27037,Dakota,444023.0,0.685021293719477,0.7018310465,2,4,1,2.0,1.0,1.0,1.0,1.0,1.0,0.0,1.0
2008633551.0,27,Minnesota,5727565,27137,St. Louis,200567.0,2.33515253578235,2.2169545615,1,5,1,2.0,0.0,0.0,0.0,0.0,0.0,1.0,0.0
2021143157.0,27,Minnesota,5727565,27137,St. Louis,200567.0,0.550849496470592,0.48503328360000003,2,4,1,2.0,1.0,1.0,1.0,1.0,1.0,0.0,1.0
2015103795.0,27,Minnesota,5727565,27111,Otter Tail,60594.0,2.76502221466531,,2,3,1,2.0,1.0,1.0,0.0,1.0,1.0,0.0,1.0
2014408233.0,27,Minnesota,5727565,27125,Red Lake,3883.0,0.7455163891908,0.5726061876,2,5,1,2.0,1.0,1.0,1.0,1.0,1.0,0.0,1.0
2018044853.0,27,Minnesota,5727565,27157,Wabasha,21650.0,1.60252822851424,2.8677722728,2,2,1,2.0,0.0,0.0,0.0,1.0,0.0,1.0,0.0
2009270995.0,27,Minnesota,5727565,27097,Morrison,34278.0,1.62946617570262,1.3327365066,1,2,1,2.0,1.0,0.0,1.0,0.0,0.0,1.0,0.0
2045078481.0,27,Minnesota,5727565,27123,Ramsey,538375.0,0.380177630907814,0.1258854555,1,6,6,2.0,1.0,1.0,1.0,1.0,1.0,0.0,1.0
2037662407.0,27,Minnesota,5727565,27099,Mower,40094.0,1.37088225003095,,1,3,1,2.0,1.0,1.0,1.0,1.0,1.0,0.0,1.0
2026827623.0,27,Minnesota,5727565,27123,Ramsey,538375.0,0.254338597738153,,2,3,3,1.0,1.0,1.0,1.0,0.0,0.0,0.0,1.0
2014053275.0,27,Minnesota,5727565,27123,Ramsey,538375.0,0.552792080527973,0.675500772,1,4,1,2.0,1.0,1.0,1.0,1.0,1.0,0.0,1.0
2002144065.0,27,Minnesota,5727565,27123,Ramsey,538375.0,0.550849496470592,0.48503328360000003,2,4,1,2.0,1.0,1.0,1.0,1.0,1.0,0.0,1.0
2041731729.0,27,Minnesota,5727565,27141,Sherburne,100972.0,2.20778020490137,,2,2,1,2.0,0.0,1.0,1.0,1.0,0.0,1.0,1.0
2012688683.0,27,Minnesota,5727565,27109,Olmsted,163908.0,0.837043846364797,0.6484609975,1,5,1,2.0,1.0,1.0,1.0,1.0,1.0,0.0,1.0
1996005979.0,27,Minnesota,5727565,27123,Ramsey,538375.0,1.75092049999581,1.6884019451,1,5,1,2.0,0.0,0.0,0.0,1.0,0.0,1.0,0.0
2011960191.0,27,Minnesota,5727565,27123,Ramsey,538375.0,0.897356393317076,0.7640603062,1,5,1,2.0,1.0,1.0,1.0,1.0,1.0,0.0,1.0
2035567501.0,55,Wisconsin,5903472,55079,Milwaukee,921471.0,10.4316618708951,,2,3,1,2.0,1.0,1.0,1.0,1.0,1.0,0.0,1.0
2026672247.0,55,Wisconsin,5903472,55079,Milwaukee,921471.0,0.671432257764598,,1,3,1,2.0,1.0,1.0,1.0,1.0,1.0,1.0,1.0
2034579627.0,55,Wisconsin,5903472,55079,Milwaukee,921471.0,0.158535734779188,,2,3,5,1.0,0.0,1.0,1.0,1.0,1.0,1.0,1.0
2009870861.0,55,Wisconsin,5903472,55025,Dane,570754.0,0.526015704028793,0.6414708419,2,4,1,2.0,1.0,1.0,1.0,1.0,1.0,0.0,1.0
2041598431.0,55,Wisconsin,5903472,55101,Racine,196642.0,1.41746452701094,,1,2,1,2.0,1.0,1.0,1.0,0.0,1.0,1.0,1.0
2014049013.0,55,Wisconsin,5903472,55133,Waukesha,410846.0,1.55612780568007,1.111242289,1,2,1,2.0,1.0,1.0,1.0,0.0,1.0,1.0,0.0
2028653841.0,55,Wisconsin,5903472,55079,Milwaukee,921471.0,5.87106556355902,,1,3,3,,1.0,0.0,0.0,1.0,0.0,0.0,1.0
1982054643.0,55,Wisconsin,5903472,55133,Waukesha,410846.0,0.906555374044316,0.8524606351,1,5,1,2.0,1.0,1.0,1.0,1.0,0.0,1.0,1.0
2045803615.0,55,Wisconsin,5903472,55039,Fond du Lac,104103.0,1.09162443372372,1.0086131303,2,2,1,2.0,0.0,0.0,0.0,0.0,0.0,1.0,0.0
2011720357.0,55,Wisconsin,5903472,55085,Oneida,38225.0,1.64466703665724,,2,3,1,2.0,1.0,1.0,0.0,0.0,1.0,1.0,0.0
1998223391.0,55,Wisconsin,5903472,55079,Milwaukee,921471.0,0.394365706001199,0.8704065439,1,2,1,2.0,0.0,0.0,0.0,0.0,0.0,1.0,0.0
2015132371.0,55,Wisconsin,5903472,55005,Barron,46776.0,0.806181911569388,,1,3,1,2.0,0.0,0.0,0.0,0.0,0.0,1.0,0.0
1999041283.0,55,Wisconsin,5903472,55127,Walworth,105843.0,1.92730401579757,1.3628528782,1,2,1,2.0,0.0,0.0,0.0,0.0,0.0,1.0,0.0
2001231151.0,55,Wisconsin,5903472,55133,Waukesha,410846.0,1.25003839468697,1.0127852657,1,6,1,2.0,0.0,0.0,0.0,0.0,0.0,1.0,0.0
2027308849.0,55,Wisconsin,5903472,55141,Wood,73879.0,4.35398691165942,,1,2,1,2.0,1.0,1.0,1.0,0.0,1.0,1.0,1.0
2013803831.0,55,Wisconsin,5903472,55063,La Crosse,120346.0,0.524961733569728,0.5778509951,2,2,1,2.0,1.0,1.0,1.0,1.0,1.0,1.0,1.0
2039516967.0,55,Wisconsin,5903472,55005,Barron,46776.0,1.00364906782332,1.028858313,2,3,1,2.0,0.0,0.0,0.0,0.0,1.0,1.0,0.0
2012731363.0,55,Wisconsin,5903472,55105,Rock,163954.0,1.44810408143545,1.0638024104000001,1,2,1,2.0,0.0,0.0,0.0,0.0,0.0,1.0,0.0
2032643355.0,55,Wisconsin,5903472,55135,Waupaca,51660.0,0.339674826647265,,2,3,1,2.0,1.0,1.0,1.0,1.0,1.0,1.0,1.0
2014993383.0,55,Wisconsin,5903472,55127,Walworth,105843.0,1.64466703665724,,2,3,1,2.0,0.0,1.0,0.0,0.0,1.0,1.0,0.0
2023779937.0,55,Wisconsin,5903472,55133,Waukesha,410846.0,2.94960674110096,1.5551078876000002,2,4,1,2.0,1.0,1.0,1.0,1.0,1.0,1.0,1.0
2026759165.0,54,West Virginia,1774003,54055,Mercer,58617.0,1.22120821591665,1.2204925260000001,1,2,1,2.0,0.0,0.0,0.0,0.0,0.0,1.0,0.0
2016550625.0,54,West Virginia,1774003,54003,Berkeley,129515.0,0.367248405377732,0.7076261082,2,3,2,2.0,1.0,1.0,1.0,1.0,1.0,1.0,1.0
2042329033.0,54,West Virginia,1774003,54051,Marshall,29687.0,0.532327120163395,0.3679207789,2,6,1,2.0,1.0,1.0,1.0,1.0,1.0,0.0,1.0
2011584855.0,54,West Virginia,1774003,54039,Kanawha,175864.0,4.120477001578,,1,5,1,2.0,1.0,1.0,0.0,1.0,1.0,1.0,1.0
2010037133.0,54,West Virginia,1774003,54011,Cabell,92492.0,3.25960092781141,,2,3,1,2.0,0.0,1.0,1.0,1.0,0.0,1.0,1.0
2030878511.0,54,West Virginia,1774003,54003,Berkeley,129515.0,0.612686694009839,0.5607541871,2,3,1,2.0,0.0,0.0,1.0,0.0,0.0,1.0,1.0
2038245997.0,30,Montana,1121533,30023,Deer Lodge,9529.0,1.15996326985539,0.9689578882000001,1,5,1,2.0,0.0,0.0,0.0,0.0,0.0,1.0,0.0
1997202745.0,30,Montana,1121533,30049,Lewis and Clark,73664.0,1.62378735700058,1.2755377414,2,5,1,2.0,0.0,0.0,0.0,0.0,0.0,1.0,0.0
2014619993.0,30,Montana,1121533,30043,Jefferson,12846.0,1.1391169033499,0.9597694763,2,6,1,2.0,0.0,0.0,0.0,0.0,1.0,1.0,0.0
2042329467.0,30,Montana,1121533,30053,Lincoln,21457.0,1.15996326985539,0.9689578882000001,1,5,1,2.0,0.0,0.0,0.0,0.0,0.0,1.0,0.0
2034526693.0,40,Oklahoma,4025327,40137,Stephens,43699.0,3.52153818730708,,1,3,1,2.0,1.0,1.0,1.0,1.0,1.0,1.0,1.0
2045074899.0,40,Oklahoma,4025327,40109,Oklahoma,805035.0,0.825552530921495,0.4780895344,2,6,1,2.0,1.0,1.0,1.0,1.0,1.0,0.0,1.0
2024432179.0,40,Oklahoma,4025327,40021,Cherokee,48009.0,6.18213522872292,,1,2,5,2.0,0.0,1.0,0.0,0.0,0.0,1.0,0.0
2031279339.0,40,Oklahoma,4025327,40093,Major,7551.0,0.812847307392395,2.8109036596,2,3,1,2.0,0.0,0.0,0.0,0.0,0.0,1.0,0.0
2013049319.0,40,Oklahoma,4025327,40041,Delaware,41474.0,0.776517018887551,3.3489233783,1,2,1,2.0,0.0,0.0,0.0,0.0,0.0,1.0,0.0
2042329991.0,40,Oklahoma,4025327,40143,Tulsa,679125.0,0.785843792601452,0.8896350243000001,1,4,1,2.0,0.0,0.0,0.0,0.0,0.0,1.0,0.0
2014195157.0,40,Oklahoma,4025327,40109,Oklahoma,805035.0,2.30944078006322,,2,1,2,2.0,0.0,0.0,1.0,0.0,1.0,0.0,0.0
2034500081.0,40,Oklahoma,4025327,40143,Tulsa,679125.0,1.40497485501184,0.7979849388,2,3,1,2.0,1.0,1.0,1.0,1.0,1.0,0.0,1.0
2015422765.0,40,Oklahoma,4025327,40047,Garfield,61970.0,5.66217814740123,,2,1,1,2.0,0.0,0.0,0.0,0.0,0.0,0.0,1.0
2026993313.0,40,Oklahoma,4025327,40109,Oklahoma,805035.0,5.81305463509018,,2,3,2,2.0,0.0,1.0,0.0,0.0,1.0,1.0,0.0
2034416809.0,40,Oklahoma,4025327,40031,Comanche,122353.0,4.36224875195791,,2,2,1,2.0,1.0,1.0,1.0,0.0,1.0,0.0,1.0
2020705821.0,40,Oklahoma,4025327,40109,Oklahoma,805035.0,2.35801057206511,1.2865375155,2,6,1,2.0,0.0,0.0,0.0,0.0,0.0,1.0,0.0
2036913913.0,40,Oklahoma,4025327,40143,Tulsa,679125.0,0.0597018794551491,,2,5,1,1.0,0.0,1.0,0.0,1.0,1.0,0.0,1.0
2016840819.0,40,Oklahoma,4025327,40109,Oklahoma,805035.0,0.592311756780312,0.4038116014,2,5,1,2.0,1.0,1.0,1.0,1.0,1.0,1.0,1.0
2019645149.0,16,Idaho,1942951,16027,Canyon,251397.0,7.29993366906275,,1,2,1,2.0,1.0,1.0,1.0,0.0,1.0,1.0,1.0
2010818395.0,16,Idaho,1942951,16001,Ada,520365.0,0.92925014725509,0.5028905641,1,5,1,2.0,1.0,1.0,0.0,1.0,1.0,1.0,1.0
2008239151.0,16,Idaho,1942951,16001,Ada,520365.0,3.82262815573802,,2,4,1,2.0,1.0,1.0,1.0,1.0,1.0,0.0,0.0
2012197109.0,16,Idaho,1942951,16001,Ada,520365.0,1.45582384240247,0.8893768271,2,2,1,2.0,1.0,1.0,0.0,0.0,1.0,1.0,0.0
1998158655.0,16,Idaho,1942951,16069,Nez Perce,42998.0,3.94119328684018,8.5808623442,1,1,1,2.0,0.0,0.0,0.0,0.0,0.0,1.0,0.0
1998237575.0,16,Idaho,1942951,16055,Kootenai,183512.0,0.8175305077721,0.9390460015000001,1,3,1,2.0,1.0,1.0,1.0,1.0,1.0,1.0,1.0
2020808623.0,16,Idaho,1942951,16001,Ada,520365.0,1.40115153031755,1.2706057311,1,2,1,2.0,0.0,0.0,1.0,1.0,1.0,1.0,0.0
2027206345.0,19,Iowa,3201890,19061,Dubuque,98723.0,1.30219823342345,1.2247056988,2,2,1,2.0,1.0,1.0,0.0,0.0,1.0,1.0,0.0
2030536123.0,19,Iowa,3201890,19011,Benton,25748.0,0.324010247679173,,1,3,1,2.0,1.0,1.0,1.0,0.0,1.0,1.0,1.0
1982993153.0,19,Iowa,3201890,19065,Fayette,19303.0,1.46526525574647,,1,5,1,2.0,0.0,0.0,0.0,0.0,0.0,1.0,0.0
2011383735.0,19,Iowa,3201890,19013,Black Hawk,129963.0,1.46529332428927,1.530731067,1,2,1,2.0,0.0,0.0,0.0,0.0,0.0,1.0,0.0
2009901415.0,19,Iowa,3201890,19099,Jasper,37948.0,2.98702230698529,,2,2,1,2.0,0.0,0.0,0.0,0.0,1.0,0.0,0.0
2033539895.0,19,Iowa,3201890,19163,Scott,173859.0,5.10837373694272,,2,5,4,2.0,1.0,1.0,1.0,1.0,1.0,0.0,1.0
2038667535.0,19,Iowa,3201890,19165,Shelby,11717.0,1.55189286614793,,1,3,1,2.0,1.0,1.0,1.0,1.0,1.0,0.0,1.0
2011638557.0,19,Iowa,3201890,19113,Linn,228878.0,0.533986623257511,0.3998604052,2,5,1,2.0,1.0,1.0,1.0,1.0,1.0,0.0,1.0
2030809175.0,19,Iowa,3201890,19103,Johnson,156681.0,2.52253645470523,2.1142231534,1,3,1,2.0,1.0,1.0,1.0,1.0,1.0,1.0,1.0
1999157769.0,19,Iowa,3201890,19107,Keokuk,9880.0,0.870628274792053,2.5773728029000003,1,2,1,2.0,1.0,1.0,1.0,1.0,1.0,1.0,1.0
2011978867.0,19,Iowa,3201890,19171,Tama,16929.0,0.675741331241076,0.643137473,2,2,1,2.0,1.0,1.0,1.0,1.0,1.0,0.0,1.0
1998631957.0,19,Iowa,3201890,19017,Bremer,25261.0,1.46529332428927,1.530731067,1,2,1,2.0,0.0,0.0,0.0,0.0,0.0,1.0,0.0
2011451979.0,17,Illinois,12609577,17031,Cook,5127866.0,0.589344279374653,1.2658780056,2,2,3,1.0,1.0,1.0,1.0,1.0,1.0,1.0,1.0
2031122311.0,17,Illinois,12609577,17031,Cook,5127866.0,9.49517667461958,,2,5,2,2.0,1.0,1.0,0.0,0.0,0.0,0.0,1.0
1997132491.0,17,Illinois,12609577,17031,Cook,5127866.0,4.21353104506397,,1,2,6,1.0,1.0,1.0,1.0,1.0,1.0,1.0,1.0
2010555097.0,17,Illinois,12609577,17001,Adams,64557.0,0.493225496806604,0.6355554849,2,3,1,2.0,1.0,1.0,1.0,1.0,1.0,0.0,1.0
2022049875.0,17,Illinois,12609577,17123,Marshall,11658.0,8.47298301592674,,2,5,1,2.0,1.0,1.0,1.0,1.0,1.0,0.0,1.0
2032834229.0,17,Illinois,12609577,17031,Cook,5127866.0,1.04259857614468,,2,3,1,2.0,1.0,1.0,1.0,1.0,1.0,0.0,1.0
2043487371.0,17,Illinois,12609577,17031,Cook,5127866.0,2.05000391422489,,2,1,2,2.0,1.0,0.0,0.0,1.0,1.0,1.0,1.0
1293756187.0,17,Illinois,12609577,17201,Winnebago,281767.0,2.99025290184605,,1,2,1,2.0,1.0,1.0,1.0,1.0,1.0,1.0,1.0
2011859313.0,17,Illinois,12609577,17031,Cook,5127866.0,2.78427621438659,,2,5,4,2.0,1.0,1.0,1.0,1.0,1.0,0.0,1.0
2028985939.0,17,Illinois,12609577,17143,Peoria,178221.0,1.37173700438273,1.3850182722,1,2,1,2.0,0.0,0.0,1.0,1.0,1.0,1.0,0.0
2013776345.0,17,Illinois,12609577,17201,Winnebago,281767.0,3.03772801402148,2.9770422255,2,6,1,2.0,1.0,1.0,1.0,1.0,1.0,1.0,1.0
2043492575.0,17,Illinois,12609577,17031,Cook,5127866.0,3.58927596438882,2.9448948903,1,2,2,1.0,1.0,1.0,1.0,1.0,1.0,1.0,1.0
2015102267.0,17,Illinois,12609577,17037,DeKalb,100185.0,2.15381771998295,2.0246004197,2,5,1,2.0,0.0,0.0,0.0,0.0,0.0,1.0,0.0
2031293507.0,17,Illinois,12609577,17089,Kane,515285.0,5.00198162867822,,2,5,1,2.0,1.0,1.0,0.0,1.0,1.0,1.0,1.0
1993713335.0,17,Illinois,12609577,17191,Wayne,15868.0,1.02754452264392,1.0270566537,2,2,1,2.0,0.0,0.0,0.0,0.0,0.0,1.0,0.0
2012972655.0,17,Illinois,12609577,17097,Lake,712412.0,0.806137859165433,0.6955967086,1,6,1,2.0,1.0,1.0,1.0,1.0,1.0,0.0,1.0
2038892831.0,17,Illinois,12609577,17031,Cook,5127866.0,2.03443190971665,,1,5,1,2.0,1.0,1.0,0.0,1.0,1.0,1.0,1.0
2016203661.0,17,Illinois,12609577,17043,DuPage,924178.0,5.4136606639887,,1,2,4,2.0,1.0,0.0,1.0,1.0,1.0,0.0,
2042331009.0,17,Illinois,12609577,17031,Cook,5127866.0,4.39424200122725,,2,3,1,2.0,1.0,1.0,1.0,1.0,1.0,1.0,1.0
2038246607.0,17,Illinois,12609577,17031,Cook,5127866.0,2.13064926627483,2.0525016227,1,6,1,2.0,0.0,0.0,0.0,0.0,0.0,1.0,0.0
2012480979.0,17,Illinois,12609577,17167,Sangamon,194221.0,1.31908120570786,,2,2,1,2.0,1.0,1.0,1.0,1.0,1.0,1.0,1.0
2018781125.0,17,Illinois,12609577,17113,McLean,171054.0,1.02754452264392,,2,2,1,2.0,1.0,0.0,0.0,0.0,1.0,1.0,1.0
2029147491.0,17,Illinois,12609577,17163,St. Clair,252830.0,3.00798105074253,,2,1,2,2.0,1.0,1.0,1.0,0.0,1.0,0.0,1.0
2013613423.0,17,Illinois,12609577,17197,Will,699112.0,1.18862358223862,1.1951714098,1,2,1,2.0,0.0,0.0,0.0,0.0,1.0,1.0,0.0
2011786791.0,17,Illinois,12609577,17029,Coles,46722.0,1.02213015234679,1.6973642422,2,6,1,2.0,1.0,1.0,1.0,1.0,0.0,1.0,1.0
2041126471.0,17,Illinois,12609577,17161,Rock Island,140972.0,0.224667859143346,,1,4,1,2.0,1.0,1.0,1.0,0.0,0.0,0.0,1.0
2041878783.0,17,Illinois,12609577,17031,Cook,5127866.0,0.842700155780465,0.987433804,1,5,1,2.0,0.0,0.0,0.0,0.0,0.0,1.0,0.0
2038246877.0,17,Illinois,12609577,17077,Jackson,52729.0,0.590101007194658,0.7360585883,1,3,1,2.0,0.0,0.0,0.0,0.0,0.0,1.0,0.0
473183458.0,17,Illinois,12609577,17199,Williamson,66544.0,2.28361847802059,,2,1,2,2.0,1.0,0.0,1.0,1.0,1.0,1.0,0.0
2034062147.0,17,Illinois,12609577,17019,Champaign,208056.0,0.938718015004952,0.8904607085,2,6,1,2.0,1.0,1.0,1.0,1.0,1.0,0.0,1.0
2035463047.0,17,Illinois,12609577,17089,Kane,515285.0,3.0123251713713,2.1115782075,2,1,3,,0.0,1.0,0.0,1.0,0.0,0.0,0.0
2035419311.0,17,Illinois,12609577,17031,Cook,5127866.0,2.32374268268021,,1,3,4,2.0,1.0,1.0,1.0,1.0,1.0,1.0,1.0
2017484443.0,17,Illinois,12609577,17073,Henry,48583.0,0.435059395000734,,2,2,1,2.0,0.0,0.0,0.0,0.0,0.0,1.0,0.0
2016993955.0,17,Illinois,12609577,17031,Cook,5127866.0,0.825302006198542,0.8615394777000001,1,6,1,2.0,1.0,1.0,1.0,1.0,1.0,0.0,1.0
2011699741.0,17,Illinois,12609577,17031,Cook,5127866.0,12.1659785272292,3.549040836,2,5,4,2.0,1.0,0.0,1.0,0.0,1.0,1.0,0.0
2029609133.0,17,Illinois,12609577,17031,Cook,5127866.0,5.86203905436134,,1,1,2,2.0,0.0,1.0,1.0,1.0,1.0,1.0,1.0
2012875599.0,17,Illinois,12609577,17031,Cook,5127866.0,1.5606723779517,,2,2,4,2.0,1.0,1.0,1.0,1.0,1.0,1.0,1.0
2012053401.0,17,Illinois,12609577,17201,Winnebago,281767.0,6.28117558542315,,2,2,1,2.0,0.0,0.0,1.0,0.0,0.0,1.0,0.0
2025646247.0,17,Illinois,12609577,17143,Peoria,178221.0,4.89390688335121,,2,3,2,2.0,0.0,1.0,0.0,1.0,1.0,0.0,1.0
2014137101.0,17,Illinois,12609577,17011,Bureau,32855.0,0.730442798579743,0.7721306205,2,4,1,2.0,1.0,1.0,1.0,1.0,1.0,1.0,1.0
2011027623.0,17,Illinois,12609577,17031,Cook,5127866.0,0.572865315836752,0.6976446686000001,2,5,1,2.0,1.0,1.0,1.0,1.0,0.0,0.0,1.0
2036913901.0,17,Illinois,12609577,17161,Rock Island,140972.0,0.50871469028787,,1,5,4,2.0,1.0,1.0,1.0,0.0,1.0,0.0,1.0
2038863225.0,17,Illinois,12609577,17183,Vermilion,72130.0,3.60561482840596,,1,2,1,2.0,1.0,1.0,0.0,1.0,0.0,0.0,1.0
2003063201.0,17,Illinois,12609577,17031,Cook,5127866.0,5.28484639143102,1.9576721438,2,5,4,2.0,1.0,1.0,1.0,1.0,1.0,1.0,1.0
1984243563.0,17,Illinois,12609577,17197,Will,699112.0,1.44442307483005,1.2050092803,1,6,1,2.0,0.0,1.0,0.0,0.0,1.0,1.0,0.0
2013914327.0,34,New Jersey,9298402,34025,Monmouth,645026.0,0.190462667232941,0.8901741277,2,3,3,1.0,1.0,1.0,1.0,1.0,1.0,1.0,1.0
2036407249.0,34,New Jersey,9298402,34019,Hunterdon,129859.0,1.90196465206284,,1,3,1,2.0,0.0,1.0,1.0,0.0,0.0,1.0,0.0
2033687953.0,34,New Jersey,9298402,34007,Camden,525833.0,1.82208451995422,3.168011781,1,5,2,2.0,0.0,0.0,0.0,0.0,0.0,0.0,1.0
2003094405.0,34,New Jersey,9298402,34007,Camden,525833.0,2.39324685694697,0.6357028474,2,5,1,2.0,0.0,0.0,0.0,0.0,1.0,1.0,0.0
2034094571.0,34,New Jersey,9298402,34029,Ocean,656066.0,1.08459395185196,1.1705461349,2,5,1,2.0,1.0,1.0,1.0,1.0,1.0,1.0,1.0
1996963833.0,34,New Jersey,9298402,34023,Middlesex,864552.0,0.803345820273696,0.8535835224,1,6,1,2.0,1.0,1.0,0.0,1.0,1.0,1.0,1.0
2014464881.0,34,New Jersey,9298402,34035,Somerset,347621.0,1.12722150409579,1.1333431214,2,6,1,2.0,0.0,0.0,0.0,0.0,0.0,1.0,0.0
2045889521.0,34,New Jersey,9298402,34003,Bergen,956251.0,3.52723214377926,,2,3,3,,,0.0,1.0,1.0,1.0,1.0,1.0
2009075133.0,34,New Jersey,9298402,34007,Camden,525833.0,4.7123770340177,2.3487083838,1,2,1,1.0,1.0,1.0,1.0,1.0,1.0,1.0,1.0
2008223745.0,34,New Jersey,9298402,34021,Mercer,387024.0,1.08459395185196,,2,5,1,2.0,1.0,1.0,1.0,1.0,1.0,0.0,1.0
2015092445.0,34,New Jersey,9298402,34029,Ocean,656066.0,0.782482779392391,0.6453484434,2,5,1,2.0,1.0,1.0,1.0,1.0,1.0,0.0,1.0
2027059609.0,34,New Jersey,9298402,34011,Cumberland,152025.0,2.69902277003268,,1,2,1,2.0,1.0,1.0,0.0,0.0,1.0,1.0,1.0
2042544509.0,34,New Jersey,9298402,34003,Bergen,956251.0,3.51900524310955,,1,1,1,2.0,1.0,0.0,1.0,1.0,1.0,1.0,1.0
2043492591.0,34,New Jersey,9298402,34025,Monmouth,645026.0,1.30028142280826,1.1151653355,1,3,3,2.0,1.0,1.0,1.0,1.0,1.0,1.0,1.0
1998358617.0,34,New Jersey,9298402,34035,Somerset,347621.0,0.468212535865449,0.8617002501000001,2,2,7,2.0,1.0,1.0,1.0,1.0,1.0,1.0,1.0
2035647823.0,34,New Jersey,9298402,34035,Somerset,347621.0,1.36872078781385,,2,2,3,,1.0,1.0,1.0,1.0,1.0,0.0,1.0
2012512889.0,34,New Jersey,9298402,34029,Ocean,656066.0,1.6872886978155,0.8532871931,2,4,3,1.0,0.0,0.0,0.0,0.0,1.0,1.0,0.0
2039434595.0,34,New Jersey,9298402,34005,Burlington,467822.0,1.43713438764673,1.2633535196,1,5,1,2.0,0.0,0.0,0.0,0.0,0.0,1.0,0.0
2030526673.0,34,New Jersey,9298402,34007,Camden,525833.0,0.915278843318597,,1,2,2,2.0,1.0,1.0,1.0,1.0,1.0,1.0,1.0
1999672059.0,34,New Jersey,9298402,34023,Middlesex,864552.0,1.07980897422726,,1,5,1,2.0,0.0,1.0,1.0,1.0,1.0,1.0,1.0
2038230405.0,34,New Jersey,9298402,34017,Hudson,707743.0,4.56949764608968,,1,3,3,1.0,1.0,1.0,1.0,1.0,1.0,0.0,1.0
2009867589.0,34,New Jersey,9298402,34025,Monmouth,645026.0,1.1974153735775,,1,1,1,2.0,1.0,1.0,1.0,1.0,1.0,0.0,1.0
2014969521.0,34,New Jersey,9298402,34035,Somerset,347621.0,0.587508109578231,0.6618877161000001,2,6,1,2.0,1.0,1.0,1.0,1.0,0.0,0.0,1.0
2021771105.0,34,New Jersey,9298402,34001,Atlantic,275872.0,4.58484706451495,,2,3,2,2.0,1.0,1.0,0.0,1.0,1.0,0.0,1.0
2017312509.0,34,New Jersey,9298402,34025,Monmouth,645026.0,0.776704123486408,,1,5,2,2.0,1.0,1.0,0.0,1.0,1.0,0.0,1.0
2031209765.0,34,New Jersey,9298402,34039,Union,574934.0,6.04906965165295,,2,2,2,1.0,1.0,1.0,0.0,1.0,1.0,1.0,1.0
2029423409.0,34,New Jersey,9298402,34003,Bergen,956251.0,0.457829484883437,,2,3,3,,1.0,1.0,1.0,1.0,1.0,0.0,0.0
2043492883.0,34,New Jersey,9298402,34015,Gloucester,306718.0,3.59869101325757,,1,2,3,1.0,1.0,1.0,0.0,0.0,0.0,0.0,0.0
2016556833.0,34,New Jersey,9298402,34029,Ocean,656066.0,0.811766374812629,0.7583459731000001,2,2,1,2.0,1.0,0.0,1.0,0.0,1.0,1.0,0.0
1999218265.0,34,New Jersey,9298402,34039,Union,574934.0,1.32006741528029,1.6695569327,1,2,3,1.0,0.0,0.0,0.0,0.0,0.0,0.0,0.0
2033197469.0,34,New Jersey,9298402,34029,Ocean,656066.0,0.690119452232824,0.5928496938000001,1,4,1,2.0,1.0,1.0,0.0,1.0,1.0,0.0,1.0
2043965605.0,34,New Jersey,9298402,34013,Essex,855294.0,2.49927016885647,,1,2,2,2.0,0.0,0.0,1.0,1.0,0.0,0.0,0.0
2012606613.0,34,New Jersey,9298402,34017,Hudson,707743.0,0.757643681599659,0.7288003231,1,5,3,1.0,1.0,1.0,1.0,1.0,1.0,0.0,1.0
2020562189.0,35,New Mexico,2112859,35049,Santa Fe,155789.0,1.29953098759821,,2,5,1,2.0,1.0,1.0,1.0,1.0,1.0,0.0,1.0
2020368877.0,35,New Mexico,2112859,35061,Valencia,78236.0,8.77934878864631,,1,1,3,1.0,1.0,0.0,0.0,0.0,0.0,0.0,0.0
1997716335.0,35,New Mexico,2112859,35035,Otero,68851.0,4.60380678535994,5.5645494774,1,2,5,2.0,0.0,0.0,0.0,0.0,0.0,1.0,0.0
2034499009.0,35,New Mexico,2112859,35013,DoÃ±a Ana,,6.06881437407094,,2,2,3,,1.0,1.0,1.0,1.0,0.0,1.0,0.0
2014935955.0,35,New Mexico,2112859,35049,Santa Fe,155789.0,2.78197569513849,,2,5,1,2.0,1.0,1.0,1.0,1.0,1.0,0.0,1.0
2035596539.0,35,New Mexico,2112859,35001,Bernalillo,672636.0,2.9022763637111,,2,3,3,,1.0,1.0,1.0,0.0,1.0,1.0,1.0
2038690503.0,35,New Mexico,2112859,35051,Sierra,11490.0,8.3366711160386,0.6086921485,1,3,6,1.0,1.0,0.0,0.0,0.0,0.0,1.0,0.0
2038238511.0,35,New Mexico,2112859,35015,Eddy,60244.0,0.6538914943342,0.9703331866,1,2,1,1.0,1.0,1.0,1.0,1.0,1.0,0.0,1.0
2015241527.0,29,Missouri,6179285,29189,St. Louis,991719.0,1.31941776059617,,1,2,1,2.0,0.0,0.0,0.0,0.0,0.0,1.0,0.0
2013469235.0,29,Missouri,6179285,29097,Jasper,123971.0,0.310636522171476,0.15233216,1,5,7,2.0,0.0,0.0,0.0,0.0,1.0,1.0,0.0
2034596267.0,29,Missouri,6179285,29077,Greene,303279.0,3.00532855496764,,1,2,1,2.0,1.0,1.0,,0.0,1.0,0.0,0.0
2036080219.0,29,Missouri,6179285,29051,Cole,76952.0,1.99886714723143,,2,5,1,2.0,1.0,1.0,1.0,0.0,1.0,0.0,1.0
2017148407.0,29,Missouri,6179285,29510,St. Louis city,286509.0,0.981509547597576,0.7692163208,2,6,1,2.0,1.0,1.0,1.0,1.0,1.0,0.0,1.0
2039664481.0,29,Missouri,6179285,29183,St. Charles,413991.0,1.78647211131726,1.0357458548,2,5,1,2.0,1.0,1.0,1.0,1.0,1.0,0.0,1.0
1997103981.0,29,Missouri,6179285,29189,St. Louis,991719.0,0.700590315821095,0.5923037693000001,2,6,1,2.0,1.0,1.0,1.0,1.0,1.0,0.0,1.0
2039190465.0,29,Missouri,6179285,29186,Ste. Genevieve,18613.0,5.62874461108365,1.1085365822,2,5,1,2.0,1.0,1.0,1.0,1.0,1.0,1.0,0.0
1998773623.0,29,Missouri,6179285,29225,Webster,40367.0,2.06808504063945,0.8987475047,2,5,1,2.0,1.0,1.0,1.0,1.0,1.0,0.0,1.0
1999436881.0,29,Missouri,6179285,29510,St. Louis city,286509.0,0.324655551426667,,2,2,2,2.0,1.0,1.0,0.0,1.0,0.0,1.0,0.0
2019848603.0,29,Missouri,6179285,29023,Butler,42133.0,3.25470258418906,,1,2,1,2.0,1.0,1.0,1.0,1.0,1.0,1.0,1.0
1997709699.0,29,Missouri,6179285,29169,Pulaski,53781.0,2.73261651160409,,2,1,2,2.0,0.0,0.0,1.0,0.0,0.0,0.0,0.0
1995176559.0,29,Missouri,6179285,29145,Newton,60079.0,0.746878828442642,0.6022251102,2,2,1,2.0,0.0,1.0,1.0,1.0,1.0,1.0,1.0
1983316159.0,29,Missouri,6179285,29095,Jackson,717037.0,3.00532855496764,,1,2,1,2.0,1.0,1.0,1.0,1.0,1.0,0.0,0.0
2015198203.0,29,Missouri,6179285,29047,Clay,257034.0,1.04338763560956,0.862536999,1,3,1,2.0,1.0,0.0,1.0,0.0,1.0,1.0,0.0
2033502283.0,29,Missouri,6179285,29047,Clay,257034.0,0.731667370368817,0.658117849,2,5,1,2.0,1.0,1.0,1.0,1.0,1.0,0.0,1.0
1993780965.0,29,Missouri,6179285,29095,Jackson,717037.0,4.64080368157338,2.0147192445,2,5,2,2.0,1.0,1.0,1.0,1.0,1.0,1.0,1.0
2029193211.0,29,Missouri,6179285,29079,Grundy,9823.0,0.58324199525194,0.5859759045,2,2,1,2.0,0.0,0.0,0.0,0.0,0.0,1.0,0.0
2036960457.0,29,Missouri,6179285,29039,Cedar,14607.0,2.08371190598173,,1,1,1,2.0,1.0,0.0,1.0,1.0,1.0,1.0,1.0
2009139009.0,29,Missouri,6179285,29183,St. Charles,413991.0,1.46938758978018,1.1267917617,2,6,1,2.0,1.0,1.0,1.0,1.0,1.0,1.0,1.0
2001854295.0,29,Missouri,6179285,29145,Newton,60079.0,0.795476391750481,0.9080162114,2,5,1,2.0,1.0,1.0,1.0,1.0,1.0,0.0,1.0
2038441515.0,29,Missouri,6179285,29510,St. Louis city,286509.0,1.48609571661564,,1,5,1,2.0,0.0,0.0,0.0,0.0,0.0,1.0,0.0
2037462971.0,28,Mississippi,2941237,28087,Lowndes,57685.0,2.06659528045941,,1,4,2,2.0,1.0,1.0,0.0,1.0,1.0,0.0,0.0
2023053635.0,28,Mississippi,2941237,28027,Coahoma,20347.0,0.129744523509773,0.7115461806000001,2,2,2,2.0,0.0,0.0,0.0,0.0,0.0,0.0,0.0
2037444577.0,28,Mississippi,2941237,28077,Lawrence,11771.0,1.30443840897693,0.9919857432,1,3,1,2.0,0.0,0.0,1.0,1.0,1.0,1.0,0.0
1997715225.0,28,Mississippi,2941237,28049,Hinds,217434.0,4.60748587296233,,2,1,7,2.0,1.0,1.0,1.0,1.0,1.0,1.0,1.0
2014989945.0,28,Mississippi,2941237,28035,Forrest,78240.0,0.634663406778874,1.1012487069,1,3,1,2.0,0.0,0.0,0.0,0.0,0.0,1.0,0.0
2034233617.0,28,Mississippi,2941237,28049,Hinds,217434.0,5.27670872259643,,1,5,2,2.0,1.0,1.0,1.0,1.0,0.0,0.0,1.0
2012395803.0,28,Mississippi,2941237,28079,Leake,21260.0,3.59387625552887,,1,2,1,2.0,1.0,1.0,0.0,1.0,1.0,0.0,1.0
2034501103.0,28,Mississippi,2941237,28037,Franklin,7617.0,7.81358386409612,,1,2,1,2.0,0.0,0.0,0.0,0.0,0.0,0.0,0.0
2020093087.0,28,Mississippi,2941237,28135,Tallahatchie,11730.0,0.29343067581565,,2,2,2,2.0,0.0,0.0,1.0,0.0,0.0,0.0,0.0
2017460327.0,28,Mississippi,2941237,28081,Lee,82959.0,3.98603337118543,1.4389114139,1,5,1,2.0,1.0,1.0,0.0,0.0,0.0,1.0,1.0
2014090551.0,28,Mississippi,2941237,28039,George,25208.0,3.09263581654594,,2,2,1,2.0,0.0,0.0,0.0,0.0,0.0,0.0,0.0
2012591477.0,44,Rhode Island,1098275,44007,Providence,661306.0,1.30076830959432,0.9775892992,1,6,1,2.0,1.0,1.0,1.0,1.0,1.0,0.0,1.0
2011802563.0,44,Rhode Island,1098275,44003,Kent,171386.0,0.646887152449945,0.9158644656,2,5,1,2.0,1.0,1.0,1.0,1.0,1.0,1.0,1.0
2032795521.0,44,Rhode Island,1098275,44007,Providence,661306.0,0.16246576777973,,2,3,3,,0.0,0.0,1.0,1.0,1.0,1.0,0.0
1999672983.0,44,Rhode Island,1098275,44007,Providence,661306.0,0.358096601274674,0.6609430940000001,2,5,7,2.0,1.0,1.0,0.0,0.0,0.0,1.0,1.0
1999176947.0,32,Nevada,3177672,32005,Douglas,49588.0,4.8881516771374,,2,3,1,2.0,0.0,0.0,0.0,0.0,0.0,1.0,0.0
2010126813.0,32,Nevada,3177672,32003,Clark,2323145.0,1.49376601487943,,1,5,3,1.0,0.0,0.0,0.0,0.0,0.0,1.0,0.0
2039371143.0,32,Nevada,3177672,32003,Clark,2323145.0,0.791998196852908,0.6149474617,1,5,1,2.0,1.0,1.0,1.0,1.0,0.0,0.0,1.0
2015104765.0,32,Nevada,3177672,32031,Washoe,496521.0,1.06962285570122,1.2394575483,1,2,1,2.0,0.0,0.0,0.0,0.0,0.0,1.0,0.0
2043494247.0,32,Nevada,3177672,32003,Clark,2323145.0,3.7238373388393,2.248020506,2,2,7,2.0,0.0,0.0,0.0,0.0,0.0,1.0,0.0
2001914443.0,32,Nevada,3177672,32003,Clark,2323145.0,4.82950126848243,3.8406695110999998,1,5,4,2.0,1.0,1.0,1.0,1.0,1.0,0.0,1.0
2032739471.0,32,Nevada,3177672,32003,Clark,2323145.0,1.26201350139328,,1,3,1,2.0,0.0,1.0,1.0,1.0,1.0,0.0,1.0
2018278083.0,32,Nevada,3177672,32003,Clark,2323145.0,1.280429431306,1.0548700446,2,1,1,2.0,1.0,1.0,1.0,1.0,1.0,0.0,1.0
2015430801.0,32,Nevada,3177672,32003,Clark,2323145.0,0.751089298998439,,1,5,1,2.0,1.0,1.0,1.0,1.0,1.0,0.0,1.0
2041601365.0,32,Nevada,3177672,32003,Clark,2323145.0,3.67891076810021,2.6907558854999998,2,5,1,2.0,0.0,0.0,1.0,1.0,0.0,1.0,1.0
2045071763.0,32,Nevada,3177672,32003,Clark,2323145.0,1.04098651262809,0.7135617827,2,6,1,2.0,1.0,1.0,1.0,1.0,1.0,0.0,1.0
1896947549.0,11,District of Columbia,674501,11001,District of Columbia,674501.0,2.13752646559256,1.1190567011,1,5,1,2.0,1.0,1.0,1.0,1.0,1.0,0.0,1.0
2011283385.0,11,District of Columbia,674501,11001,District of Columbia,674501.0,0.515230561954817,0.7236952257,1,3,2,2.0,1.0,1.0,0.0,0.0,1.0,0.0,1.0
2010478887.0,02,Alaska,733659,02020,Anchorage Municipality,286992.0,0.720663112398696,0.338045678,1,5,1,2.0,1.0,1.0,1.0,1.0,1.0,0.0,1.0
2021724259.0,02,Alaska,733659,02020,Anchorage Municipality,286992.0,0.0934398020057594,0.675670827,2,5,3,1.0,1.0,1.0,1.0,1.0,1.0,0.0,1.0
2012522027.0,02,Alaska,733659,02020,Anchorage Municipality,286992.0,1.0817468124264,1.2923521676,2,4,5,2.0,1.0,1.0,1.0,1.0,0.0,1.0,1.0
2034472983.0,01,Alabama,5076868,01127,Walker,64437.0,0.70511380189429,,2,2,1,2.0,1.0,1.0,1.0,1.0,1.0,1.0,1.0
2024758559.0,01,Alabama,5076868,01087,Macon,18538.0,3.4028006467168,,2,2,2,2.0,0.0,0.0,0.0,0.0,0.0,1.0,0.0
2022283743.0,01,Alabama,5076868,01001,Autauga,59755.0,0.510677475603118,0.3827788207,1,3,1,2.0,1.0,1.0,1.0,1.0,1.0,0.0,1.0
2037894235.0,01,Alabama,5076868,01089,Madison,404070.0,4.54049458236136,,1,2,2,2.0,0.0,1.0,0.0,0.0,1.0,1.0,1.0
2026743829.0,01,Alabama,5076868,01069,Houston,108170.0,1.80026274454193,2.3521888569,1,2,2,2.0,1.0,1.0,0.0,1.0,1.0,1.0,0.0
1992960809.0,01,Alabama,5076868,01089,Madison,404070.0,1.34838923205334,1.5521007599,1,5,1,2.0,0.0,0.0,0.0,1.0,0.0,1.0,0.0
1996451581.0,01,Alabama,5076868,01065,Hale,14601.0,1.01312918683044,1.2115236764,1,5,1,2.0,0.0,0.0,0.0,0.0,0.0,1.0,0.0
2025601455.0,01,Alabama,5076868,01041,Crenshaw,13086.0,0.175965759105378,0.7529403732000001,2,1,1,2.0,1.0,0.0,1.0,1.0,1.0,1.0,1.0
2018949319.0,01,Alabama,5076868,01039,Covington,37526.0,1.07561446667681,3.6032026076,2,2,1,2.0,1.0,1.0,1.0,1.0,0.0,1.0,1.0
2012539227.0,01,Alabama,5076868,01117,Shelby,230157.0,0.991408531754808,1.1186519633,1,2,1,2.0,0.0,0.0,0.0,0.0,0.0,1.0,0.0
2015107027.0,01,Alabama,5076868,01021,Chilton,45868.0,0.220721660857427,0.4609824923,2,4,1,2.0,0.0,1.0,1.0,1.0,1.0,1.0,1.0
2034684517.0,01,Alabama,5076868,01069,Houston,108170.0,3.91794584851325,,1,4,1,2.0,0.0,0.0,1.0,1.0,0.0,1.0,0.0
2024476279.0,01,Alabama,5076868,01077,Lauderdale,95916.0,1.3194808778199,1.4331214454,1,2,1,2.0,0.0,0.0,0.0,0.0,1.0,1.0,0.0
2014017477.0,01,Alabama,5076868,01089,Madison,404070.0,3.77098966052725,4.5545806339,2,1,1,2.0,0.0,0.0,0.0,0.0,0.0,1.0,0.0
2012238885.0,01,Alabama,5076868,01051,Elmore,89617.0,11.5989800783069,,2,2,2,2.0,0.0,1.0,1.0,1.0,0.0,0.0,0.0
2020679573.0,01,Alabama,5076868,01117,Shelby,230157.0,0.799083704394993,1.5746808733000002,1,2,1,1.0,0.0,0.0,0.0,0.0,0.0,1.0,0.0
2013821577.0,01,Alabama,5076868,01097,Mobile,411378.0,1.3194808778199,1.4331214454,1,2,1,2.0,0.0,0.0,0.0,0.0,0.0,1.0,0.0
2024885615.0,01,Alabama,5076868,01005,Barbour,24744.0,6.04301414137149,,1,2,2,2.0,0.0,0.0,0.0,0.0,0.0,0.0,0.0
2034632063.0,15,Hawaii,1437812,15003,Honolulu,993798.0,4.87940686064677,,2,2,7,2.0,1.0,0.0,1.0,1.0,1.0,1.0,0.0
1998297077.0,15,Hawaii,1437812,15003,Honolulu,993798.0,1.51912761140285,1.0564822726,1,4,4,2.0,0.0,0.0,0.0,0.0,0.0,1.0,0.0
1981192189.0,15,Hawaii,1437812,15003,Honolulu,993798.0,0.451401370794069,0.3512518435,1,6,1,2.0,1.0,1.0,1.0,1.0,1.0,0.0,1.0
2010589703.0,15,Hawaii,1437812,15003,Honolulu,993798.0,2.02696118184831,5.745955375,2,2,7,2.0,1.0,1.0,1.0,1.0,1.0,1.0,1.0
2038259519.0,15,Hawaii,1437812,15007,Kauai,73707.0,0.717459017512765,0.8630062638,2,6,1,2.0,1.0,1.0,1.0,1.0,1.0,1.0,1.0
2029043073.0,38,North Dakota,780191,38015,Burleigh,100302.0,15.0614388091749,2.701072972,1,4,1,2.0,1.0,1.0,0.0,0.0,1.0,1.0,1.0
2008912467.0,38,North Dakota,780191,38015,Burleigh,100302.0,1.34993094329728,,2,2,1,2.0,0.0,1.0,0.0,0.0,0.0,1.0,0.0
2033617959.0,38,North Dakota,780191,38097,Traill,7967.0,0.782609462128219,0.3590356912,2,5,1,2.0,1.0,1.0,1.0,1.0,1.0,0.0,1.0
2020290319.0,10,Delaware,1020279,10001,Kent,187830.0,3.37035546231192,,2,2,1,2.0,0.0,1.0,0.0,0.0,0.0,0.0,1.0
2043306401.0,10,Delaware,1020279,10003,New Castle,575913.0,4.31523675227982,1.1254988673,2,1,3,1.0,0.0,1.0,1.0,1.0,1.0,1.0,1.0
1997317785.0,10,Delaware,1020279,10005,Sussex,256536.0,0.679930885357501,0.7435729547000001,1,4,1,2.0,0.0,0.0,0.0,1.0,0.0,1.0,0.0
2003215913.0,10,Delaware,1020279,10003,New Castle,575913.0,1.55708608266803,0.6775374828,1,3,4,2.0,0.0,0.0,0.0,0.0,0.0,1.0,0.0
2025507621.0,56,Wyoming,581742,56043,Washakie,7738.0,6.00556036783154,,1,3,3,,1.0,0.0,1.0,1.0,0.0,1.0,1.0
2009920223.0,56,Wyoming,581742,56019,Johnson,8736.0,0.726354983203583,0.4564011713,2,4,1,2.0,1.0,1.0,1.0,1.0,1.0,1.0,1.0
2029084269.0,50,Vermont,647614,50007,Chittenden,169727.0,2.26269175663769,,2,2,1,2.0,0.0,1.0,1.0,0.0,0.0,0.0,0.0
2010504711.0,50,Vermont,647614,50015,Lamoille,26141.0,1.18101801447744,0.7587981838000001,2,3,1,2.0,1.0,1.0,1.0,1.0,1.0,0.0,1.0
