caseid,state_fips,state_name,state_pop,county_fips,county_name,county_pop,commonweight,vvweight,gender4,educ,race,hispanic,climate_problem,regulate_carbon,renewable_fuel,clean_air_water,fuel_efficiency,fossil_fuel,paris_agreement,gender,educ_category,race4
2036974471.0,26,Michigan,10043906,26049,Genesee,401952.0,6.3957375379163,3.717917597,1,1,1,2.0,0,0,0,0,0,1,1,Male,1,White
2015249863.0,26,Michigan,10043906,26099,Macomb,875065.0,1.25591240776057,1.1863570006,1,6,1,2.0,0,0,0,0,0,1,1,Male,4,White
2039541193.0,26,Michigan,10043906,26163,Wayne,1761595.0,2.93236322537903,,1,2,1,2.0,1,1,1,1,1,1,0,Male,2,White
2032986953.0,26,Michigan,10043906,26163,Wayne,1761595.0,7.1518323576671,,2,5,4,2.0,1,1,1,1,1,1,1,Female,4,Other
1998812579.0,26,Michigan,10043906,26109,Menominee,23295.0,1.04794250409084,1.2165353465,2,3,1,2.0,1,1,0,0,1,1,1,Female,3,White
2044920335.0,26,Michigan,10043906,26125,Oakland,1272787.0,2.93236322537903,,1,2,1,2.0,1,0,1,0,0,1,1,Male,2,White
2036206417.0,26,Michigan,10043906,26075,Jackson,159780.0,0.822170791555741,0.3714478627,2,3,2,2.0,1,1,1,1,1,1,1,Female,3,Black
2037330875.0,26,Michigan,10043906,26149,St. Joseph,60777.0,2.24015868993054,0.4131585578,2,1,1,2.0,0,0,0,0,0,0,0,Female,1,White
1999783887.0,26,Michigan,10043906,26065,Ingham,284388.0,0.779168250147768,0.7984580842000001,1,6,1,2.0,1,1,1,1,1,1,1,Male,4,White
2015478053.0,26,Michigan,10043906,26163,Wayne,1761595.0,1.21839660029986,,1,2,2,2.0,1,1,1,1,1,1,1,Male,2,Black
2014231153.0,26,Michigan,10043906,26147,St. Clair,159886.0,0.432736023385954,0.5369152394,2,2,1,2.0,1,1,1,0,1,1,1,Female,2,White
2042740317.0,26,Michigan,10043906,26115,Monroe,155376.0,5.38782539006574,,1,2,2,2.0,0,0,0,0,0,0,0,Male,2,Black
2030644221.0,26,Michigan,10043906,26163,Wayne,1761595.0,1.54474530697164,0.9373059439,2,3,2,2.0,1,1,1,0,1,1,1,Female,3,Black
2038610783.0,26,Michigan,10043906,26163,Wayne,1761595.0,1.99970741914297,0.5977803729,1,2,6,2.0,1,1,0,1,1,0,1,Male,2,Other
2006126501.0,26,Michigan,10043906,26081,Kent,659818.0,1.01949030568443,1.464880621,2,4,1,2.0,1,1,0,1,1,1,1,Female,3,White
2011404803.0,26,Michigan,10043906,26139,Ottawa,300837.0,4.06825938388148,1.4273355733,2,5,1,2.0,0,0,0,0,0,1,0,Female,4,White
2021670769.0,26,Michigan,10043906,26147,St. Clair,159886.0,3.9369688588341,0.7036502044,2,4,1,2.0,1,1,1,1,1,0,0,Female,3,White
1998424307.0,26,Michigan,10043906,26163,Wayne,1761595.0,1.16639406214446,0.9215177962,2,4,1,2.0,0,0,0,0,0,1,0,Female,3,White
2037925345.0,26,Michigan,10043906,26163,Wayne,1761595.0,3.64967053961725,4.4873258587,1,6,1,2.0,1,1,1,1,1,0,1,Male,4,White
2029581119.0,26,Michigan,10043906,26099,Macomb,875065.0,3.49806653299445,,2,2,1,2.0,1,1,1,1,1,1,1,Female,2,White
2035285167.0,26,Michigan,10043906,26163,Wayne,1761595.0,1.99970741914297,,1,2,8,2.0,0,0,1,1,0,1,0,Male,2,Other
2013303273.0,26,Michigan,10043906,26021,Berrien,152991.0,0.960385517287225,0.9681987898,2,2,1,2.0,1,1,1,1,1,1,1,Female,2,White
2044137447.0,26,Michigan,10043906,26163,Wayne,1761595.0,0.378911965901696,,1,3,1,2.0,1,1,1,1,1,0,1,Male,3,White
2041090191.0,26,Michigan,10043906,26161,Washtenaw,367307.0,1.36358802526644,0.9906595066,1,5,1,2.0,1,1,1,1,1,0,1,Male,4,White
2037088155.0,26,Michigan,10043906,26125,Oakland,1272787.0,3.05977640349708,0.8644207329,1,3,1,2.0,1,1,1,1,1,0,1,Male,3,White
2010606417.0,26,Michigan,10043906,26049,Genesee,401952.0,1.04794250409084,1.2165353465,2,3,1,2.0,1,1,1,1,1,0,1,Female,3,White
2015400929.0,26,Michigan,10043906,26125,Oakland,1272787.0,1.29125037850835,0.1907079711,1,5,2,2.0,1,1,1,1,1,0,0,Male,4,Black
1996213807.0,26,Michigan,10043906,26069,Iosco,25451.0,0.447960616323014,,1,5,1,2.0,1,1,1,1,1,1,1,Male,4,White
2007699863.0,26,Michigan,10043906,26145,Saginaw,188392.0,0.584709484738144,0.3820756158,2,2,2,2.0,1,0,0,1,1,0,0,Female,2,Black
2032662699.0,26,Michigan,10043906,26139,Ottawa,300837.0,1.31613080759801,0.333429181,2,2,1,2.0,1,0,0,0,0,1,0,Female,2,White
2034449731.0,26,Michigan,10043906,26039,Crawford,13439.0,1.38911411447996,1.5067744716,2,5,1,2.0,0,1,0,0,0,1,0,Female,4,White
2043854005.0,26,Michigan,10043906,26081,Kent,659818.0,3.30582186122468,,3,3,3,,1,1,1,1,1,1,1,,3,Hispanic
2013173873.0,26,Michigan,10043906,26081,Kent,659818.0,1.54096530628991,1.4392893147,1,3,1,2.0,0,0,0,0,0,1,0,Male,3,White
2014394805.0,26,Michigan,10043906,26159,Van Buren,75681.0,3.37516722213168,,2,1,2,2.0,0,0,1,1,1,0,1,Female,1,Black
2015486069.0,26,Michigan,10043906,26081,Kent,659818.0,0.584709484738144,0.3820756158,2,2,2,2.0,1,1,1,1,1,1,1,Female,2,Black
2010334809.0,26,Michigan,10043906,26161,Washtenaw,367307.0,1.11656373113983,1.2519272213,2,2,1,2.0,0,0,0,0,0,1,0,Female,2,White
1998437161.0,26,Michigan,10043906,26081,Kent,659818.0,0.934517280696156,,2,6,1,2.0,1,1,1,0,0,1,1,Female,4,White
2016820419.0,26,Michigan,10043906,26161,Washtenaw,367307.0,2.13172603492465,,2,2,1,2.0,1,1,1,1,1,0,1,Female,2,White
2030323135.0,26,Michigan,10043906,26093,Livingston,196097.0,0.802206795230088,,1,5,1,2.0,0,0,0,0,0,1,0,Male,4,White
2015184803.0,26,Michigan,10043906,26079,Kalkaska,18214.0,0.893810197487008,0.9002082708,2,6,1,2.0,1,1,1,1,0,1,1,Female,4,White
2038246963.0,26,Michigan,10043906,26163,Wayne,1761595.0,0.779168250147768,0.7984580842000001,1,6,1,2.0,1,1,1,1,0,1,1,Male,4,White
2033197783.0,26,Michigan,10043906,26093,Livingston,196097.0,0.911510947516346,0.9467713113,2,5,1,2.0,1,1,1,1,1,0,1,Female,4,White
2011200435.0,26,Michigan,10043906,26049,Genesee,401952.0,4.65077007424083,,2,2,1,2.0,0,1,0,0,1,1,1,Female,2,White
2038735105.0,26,Michigan,10043906,26163,Wayne,1761595.0,0.256665565058902,0.5491686174,2,2,2,2.0,0,1,0,0,0,1,1,Female,2,Black
2038097661.0,26,Michigan,10043906,26093,Livingston,196097.0,4.81551617401181,2.2640485517,1,3,1,2.0,0,0,0,0,0,1,0,Male,3,White
2014528535.0,26,Michigan,10043906,26075,Jackson,159780.0,1.60063315377037,1.5267517698000002,2,6,1,2.0,0,0,0,0,0,1,0,Female,4,White
2012512315.0,26,Michigan,10043906,26033,Chippewa,36204.0,1.55237181414827,1.4919025056000002,2,3,1,2.0,0,0,0,0,0,1,0,Female,3,White
2032667525.0,26,Michigan,10043906,26093,Livingston,196097.0,0.766006847152525,1.143442231,2,4,1,2.0,1,1,0,0,1,0,1,Female,3,White
2002140661.0,26,Michigan,10043906,26009,Antrim,24285.0,0.911510947516346,0.9467713113,2,5,1,2.0,1,1,1,1,1,0,1,Female,4,White
2010813911.0,26,Michigan,10043906,26125,Oakland,1272787.0,0.735189578708561,,2,6,2,2.0,1,1,1,1,1,0,1,Female,4,Black
1984281753.0,26,Michigan,10043906,26065,Ingham,284388.0,1.55237181414827,1.4919025056000002,2,4,1,2.0,0,0,0,0,0,1,0,Female,3,White
2037288745.0,26,Michigan,10043906,26081,Kent,659818.0,0.734595626746823,,1,3,1,2.0,0,0,0,0,0,1,0,Male,3,White
2031397743.0,26,Michigan,10043906,26049,Genesee,401952.0,1.91158517693631,0.6301123136,1,3,3,,0,0,1,0,1,1,0,Male,3,Hispanic
2033322029.0,26,Michigan,10043906,26163,Wayne,1761595.0,0.370454048715321,,1,2,1,2.0,0,1,1,1,1,1,1,Male,2,White
2037219961.0,26,Michigan,10043906,26099,Macomb,875065.0,0.378911965901696,0.5126344528,1,3,1,2.0,1,1,1,1,1,1,1,Male,3,White
2014278153.0,26,Michigan,10043906,26125,Oakland,1272787.0,15.0614388091749,1.0830538219,1,4,1,2.0,0,0,0,0,0,0,0,Male,3,White
2021899605.0,26,Michigan,10043906,26081,Kent,659818.0,2.03164336274078,2.0577078313,2,3,1,2.0,0,0,0,0,0,1,0,Female,3,White
1997132959.0,26,Michigan,10043906,26163,Wayne,1761595.0,1.45114362979932,1.6266567699,1,2,2,2.0,1,1,1,1,1,1,1,Male,2,Black
2031402289.0,26,Michigan,10043906,26015,Barry,63366.0,1.29223546644585,1.2813696354,2,2,1,2.0,0,1,1,0,0,0,0,Female,2,White
2015510345.0,26,Michigan,10043906,26037,Clinton,79692.0,0.911510947516346,0.9467713113,3,5,1,2.0,1,1,1,1,1,0,1,,4,White
2022049269.0,26,Michigan,10043906,26015,Barry,63366.0,0.899918582083081,0.9670294841,2,6,1,2.0,1,1,1,1,1,0,1,Female,4,White
2036409687.0,26,Michigan,10043906,26049,Genesee,401952.0,5.38782539006574,0.5068993106,1,2,2,2.0,1,1,1,1,1,1,1,Male,2,Black
2029544949.0,26,Michigan,10043906,26081,Kent,659818.0,1.7753500860595,,1,2,2,2.0,1,0,1,0,1,1,1,Male,2,Black
2021942003.0,26,Michigan,10043906,26077,Kalamazoo,261121.0,1.54096530628991,1.4392893147,1,4,1,2.0,0,1,0,0,1,1,0,Male,3,White
2021915891.0,26,Michigan,10043906,26161,Washtenaw,367307.0,0.592630867353854,0.6466679141,1,6,1,2.0,1,1,1,1,1,0,1,Male,4,White
2010466475.0,26,Michigan,10043906,26065,Ingham,284388.0,9.89913926744683,6.0600778127,1,1,4,2.0,0,0,0,0,0,0,0,Male,1,Other
1994416931.0,26,Michigan,10043906,26063,Huron,31153.0,1.1342678065413,1.1883573954,2,5,1,2.0,0,0,0,0,0,1,0,Female,4,White
2014658101.0,26,Michigan,10043906,26089,Leelanau,22893.0,0.893810197487008,0.9002082708,2,6,1,2.0,1,1,1,1,1,0,1,Female,4,White
2011318109.0,26,Michigan,10043906,26161,Washtenaw,367307.0,0.934143399413068,0.9353604817,2,5,1,2.0,1,1,1,1,1,1,1,Female,4,White
2014935907.0,26,Michigan,10043906,26093,Livingston,196097.0,0.802206795230088,0.8976913786,1,5,1,2.0,0,0,0,0,0,1,0,Male,4,White
2039375123.0,26,Michigan,10043906,26063,Huron,31153.0,1.41069833287109,2.2498045402,2,4,1,2.0,1,1,1,1,1,1,1,Female,3,White
2011532507.0,26,Michigan,10043906,26085,Lake,12684.0,6.08280662606265,,1,2,1,2.0,1,1,1,1,1,1,1,Male,2,White
1997209081.0,26,Michigan,10043906,26149,St. Joseph,60777.0,1.1758053301051,1.1668012381,1,5,1,2.0,0,0,0,0,0,1,0,Male,4,White
2011308099.0,26,Michigan,10043906,26017,Bay,102736.0,0.497689218637962,0.7635060633,1,5,1,2.0,1,1,0,0,1,1,0,Male,4,White
2010243175.0,26,Michigan,10043906,26005,Allegan,121299.0,0.779168250147768,0.7984580842000001,1,6,1,2.0,1,1,1,1,1,0,1,Male,4,White
2031342261.0,26,Michigan,10043906,26163,Wayne,1761595.0,1.06766937388538,1.1500455979,1,5,1,2.0,0,0,0,0,0,1,0,Male,4,White
2021030933.0,26,Michigan,10043906,26065,Ingham,284388.0,1.16639406214446,1.1645347101,2,3,1,2.0,0,0,0,0,0,1,0,Female,3,White
2037292823.0,26,Michigan,10043906,26163,Wayne,1761595.0,7.01467825826171,0.7112344727000001,1,3,4,2.0,1,1,1,0,1,1,1,Male,3,Other
2031165773.0,26,Michigan,10043906,26049,Genesee,401952.0,2.70771540568321,,1,5,1,2.0,0,1,0,0,1,1,0,Male,4,White
2015050847.0,26,Michigan,10043906,26057,Gratiot,41130.0,0.838944184722854,0.9772171428,2,2,1,2.0,0,0,0,0,1,1,0,Female,2,White
2038251089.0,26,Michigan,10043906,26061,Houghton,37728.0,5.405570110886,,1,2,1,2.0,0,1,1,1,1,0,1,Male,2,White
2009261481.0,26,Michigan,10043906,26093,Livingston,196097.0,0.802206795230088,,1,5,1,2.0,0,0,0,0,0,1,0,Male,4,White
1993773079.0,26,Michigan,10043906,26063,Huron,31153.0,1.5291311485087,1.5456590262,1,6,1,2.0,0,0,0,0,0,1,0,Male,4,White
1998744003.0,26,Michigan,10043906,26125,Oakland,1272787.0,10.9956610253874,1.6219471641,2,5,1,2.0,0,1,0,0,1,1,0,Female,4,White
2034445231.0,26,Michigan,10043906,26145,Saginaw,188392.0,1.11943548736615,0.5633247533,2,1,2,2.0,1,1,0,1,0,1,0,Female,1,Black
2008974963.0,26,Michigan,10043906,26163,Wayne,1761595.0,0.982780796939089,0.7896347810000001,2,3,2,2.0,0,1,0,0,1,1,1,Female,3,Black
2017190063.0,26,Michigan,10043906,26163,Wayne,1761595.0,1.15782363918616,1.1234664186,1,3,1,2.0,0,0,0,0,0,1,0,Male,3,White
2004313645.0,26,Michigan,10043906,26081,Kent,659818.0,3.69242237956174,0.7123660397,2,3,1,2.0,1,1,1,1,1,1,1,Female,3,White
2032849145.0,26,Michigan,10043906,26099,Macomb,875065.0,0.985352814168484,1.7095855753,1,3,1,2.0,1,1,1,1,1,0,1,Male,3,White
2015154411.0,26,Michigan,10043906,26125,Oakland,1272787.0,0.686027255989543,0.7593497766,2,3,1,2.0,1,1,1,1,1,0,1,Female,3,White
2014400729.0,25,Massachusetts,7025465,25013,Hampden,461294.0,2.45579266747205,,2,2,1,2.0,0,0,0,0,0,0,0,Female,2,White
2012731503.0,25,Massachusetts,7025465,25023,Plymouth,534977.0,0.988576993940865,1.0113689202,2,2,1,2.0,1,1,1,1,1,1,1,Female,2,White
2024650173.0,25,Massachusetts,7025465,25017,Middlesex,1630890.0,0.307697942373224,0.9634964995,2,5,1,2.0,1,1,1,1,0,1,1,Female,4,White
2012318551.0,25,Massachusetts,7025465,25025,Suffolk,778090.0,0.988576993940865,1.0113689202,2,2,1,2.0,1,1,1,0,1,1,0,Female,2,White
1998700345.0,25,Massachusetts,7025465,25017,Middlesex,1630890.0,2.07541710986853,1.32759582,2,5,1,2.0,1,1,1,1,1,0,1,Female,4,White
1999397367.0,25,Massachusetts,7025465,25005,Bristol,581598.0,2.65264163252473,,2,5,4,2.0,1,1,1,0,1,1,1,Female,4,Other
2042358651.0,25,Massachusetts,7025465,25023,Plymouth,534977.0,3.85662798471738,,1,1,1,1.0,0,0,1,1,1,0,0,Male,1,Hispanic
2042331841.0,25,Massachusetts,7025465,25009,Essex,810054.0,0.737626473079636,0.6546903129,2,3,1,2.0,1,1,0,1,1,0,0,Female,3,White
2033068281.0,25,Massachusetts,7025465,25009,Essex,810054.0,3.81862283906027,,1,2,1,2.0,1,1,1,1,1,0,1,Male,2,White
2011058885.0,25,Massachusetts,7025465,25005,Bristol,581598.0,0.409423539168335,,1,1,1,2.0,0,0,1,0,1,1,0,Male,1,White
2042373243.0,25,Massachusetts,7025465,25017,Middlesex,1630890.0,1.47850012273082,1.2153552138,1,5,1,2.0,1,1,1,1,1,1,1,Male,4,White
2036946805.0,25,Massachusetts,7025465,25027,Worcester,866439.0,0.263706579805645,,2,2,3,,0,1,1,0,0,0,1,Female,2,Hispanic
2033574209.0,25,Massachusetts,7025465,25023,Plymouth,534977.0,2.198792864517,,1,3,1,2.0,1,1,1,1,0,1,0,Male,3,White
2015126873.0,25,Massachusetts,7025465,25005,Bristol,581598.0,0.663369871922692,0.6701602638,2,5,1,2.0,1,1,1,1,1,0,1,Female,4,White
2011898695.0,25,Massachusetts,7025465,25021,Norfolk,727727.0,1.08679807684859,0.8891754745,2,5,1,2.0,1,1,1,1,1,0,1,Female,4,White
1997026939.0,25,Massachusetts,7025465,25027,Worcester,866439.0,0.548131335951403,0.5281524121,1,5,1,2.0,1,1,1,1,1,1,1,Male,4,White
2041545369.0,25,Massachusetts,7025465,25017,Middlesex,1630890.0,1.10199388183021,,1,2,1,2.0,1,0,0,0,1,1,0,Male,2,White
2015310531.0,25,Massachusetts,7025465,25021,Norfolk,727727.0,2.51311457560561,,2,6,1,2.0,1,1,0,1,1,1,1,Female,4,White
2009312869.0,25,Massachusetts,7025465,25025,Suffolk,778090.0,1.7403210404676,,2,3,2,2.0,1,0,1,0,1,0,1,Female,3,Black
2013016177.0,25,Massachusetts,7025465,25025,Suffolk,778090.0,1.40105477208313,1.3810002936,1,5,1,2.0,1,1,1,1,1,0,1,Male,4,White
2022006487.0,25,Massachusetts,7025465,25005,Bristol,581598.0,0.57526885754064,0.6445822402,2,3,1,2.0,1,1,1,0,1,1,0,Female,3,White
2007873193.0,25,Massachusetts,7025465,25009,Essex,810054.0,0.976672158510868,0.7871912851,2,5,1,2.0,1,1,1,1,1,0,1,Female,4,White
2039911303.0,25,Massachusetts,7025465,25017,Middlesex,1630890.0,1.34068059524935,,2,6,6,2.0,1,1,0,1,1,1,1,Female,4,Other
2035389103.0,25,Massachusetts,7025465,25027,Worcester,866439.0,0.621075485263825,1.0266377892,3,3,1,2.0,1,1,1,1,1,0,1,,3,White
2034444125.0,25,Massachusetts,7025465,25005,Bristol,581598.0,0.800004903798996,,2,3,2,2.0,1,1,1,1,1,1,1,Female,3,Black
2015108945.0,25,Massachusetts,7025465,25027,Worcester,866439.0,0.403314242413424,,1,1,1,2.0,1,1,1,1,1,1,1,Male,1,White
2025052875.0,25,Massachusetts,7025465,25015,Hampshire,165193.0,0.988576993940865,1.0113689202,2,2,1,2.0,1,1,0,1,1,1,1,Female,2,White
2022054469.0,25,Massachusetts,7025465,25015,Hampshire,165193.0,0.737626473079636,0.6546903129,2,3,1,2.0,1,1,1,1,1,1,1,Female,3,White
2028985547.0,25,Massachusetts,7025465,25013,Hampden,461294.0,0.658709625316158,4.1649023217,1,2,3,,1,1,0,1,1,0,1,Male,2,Hispanic
1998181779.0,25,Massachusetts,7025465,25027,Worcester,866439.0,0.548131335951403,0.5281524121,1,5,1,2.0,1,1,1,1,1,1,1,Male,4,White
2014776623.0,25,Massachusetts,7025465,25017,Middlesex,1630890.0,0.715449579571026,0.6664088278,2,6,1,2.0,1,1,1,1,1,0,1,Female,4,White
1995671015.0,25,Massachusetts,7025465,25023,Plymouth,534977.0,0.869490220559937,0.9515159536,2,3,1,2.0,0,0,0,0,0,1,0,Female,3,White
2016562215.0,25,Massachusetts,7025465,25009,Essex,810054.0,0.184550959058538,1.5171906061,2,1,1,2.0,1,1,1,1,1,0,1,Female,1,White
2012574305.0,25,Massachusetts,7025465,25017,Middlesex,1630890.0,1.59400932737541,,2,6,2,2.0,1,1,1,1,1,0,1,Female,4,Black
2000538037.0,25,Massachusetts,7025465,25027,Worcester,866439.0,0.785307602632436,0.8720198239,1,3,1,2.0,0,0,1,1,0,1,0,Male,3,White
1997063403.0,25,Massachusetts,7025465,25017,Middlesex,1630890.0,1.0854581815688,1.2513466456,2,5,1,2.0,0,0,0,0,0,1,0,Female,4,White
2021337619.0,25,Massachusetts,7025465,25017,Middlesex,1630890.0,0.731546816974442,0.6569574672,1,5,1,2.0,1,1,1,1,1,0,1,Male,4,White
2005845395.0,25,Massachusetts,7025465,25005,Bristol,581598.0,1.56893336660905,,1,2,6,1.0,0,0,0,0,1,1,0,Male,2,Hispanic
2043333831.0,25,Massachusetts,7025465,25017,Middlesex,1630890.0,4.48552207195761,,1,2,4,2.0,1,1,1,1,0,1,1,Male,2,Other
2021461759.0,25,Massachusetts,7025465,25009,Essex,810054.0,0.663369871922692,0.6701602638,2,5,1,2.0,1,1,1,1,1,0,1,Female,4,White
2013695163.0,25,Massachusetts,7025465,25021,Norfolk,727727.0,0.875308202846471,,1,4,1,2.0,1,1,1,1,1,0,1,Male,3,White
2017526209.0,25,Massachusetts,7025465,25025,Suffolk,778090.0,0.99362282583917,0.8817717019,1,2,1,2.0,0,1,0,1,1,1,0,Male,2,White
1993289641.0,25,Massachusetts,7025465,25023,Plymouth,534977.0,0.32212603481662,0.6273491830000001,2,5,1,2.0,1,1,1,1,1,1,1,Female,4,White
2044029291.0,25,Massachusetts,7025465,25027,Worcester,866439.0,0.269298033691197,1.6133160942,2,3,3,1.0,1,1,1,1,1,0,1,Female,3,Hispanic
2015877539.0,25,Massachusetts,7025465,25017,Middlesex,1630890.0,2.11684731064686,1.5635602177,1,2,2,2.0,1,1,1,1,0,1,1,Male,2,Black
2037092793.0,25,Massachusetts,7025465,25015,Hampshire,165193.0,0.36379414634913,0.3425893721,1,4,1,2.0,1,1,1,1,1,0,1,Male,3,White
1998106707.0,25,Massachusetts,7025465,25023,Plymouth,534977.0,0.707890916434264,0.6466944582,2,2,1,2.0,1,1,0,1,1,1,1,Female,2,White
2016975437.0,25,Massachusetts,7025465,25017,Middlesex,1630890.0,1.64264115318713,1.5466747235,2,5,1,2.0,0,0,0,0,1,1,0,Female,4,White
2017016691.0,25,Massachusetts,7025465,25021,Norfolk,727727.0,1.64616057802918,0.7882343749,1,3,1,2.0,0,0,0,0,0,1,0,Male,3,White
2043796999.0,25,Massachusetts,7025465,25017,Middlesex,1630890.0,1.67114396489966,0.8801722553,2,3,1,2.0,1,1,1,1,1,0,1,Female,3,White
2021963151.0,25,Massachusetts,7025465,25027,Worcester,866439.0,2.18621639952407,1.9814676843,2,5,1,2.0,0,0,0,0,0,1,0,Female,4,White
2015431799.0,25,Massachusetts,7025465,25009,Essex,810054.0,1.1310670301508,0.4154129476,1,2,1,2.0,0,0,0,1,1,1,0,Male,2,White
2009305099.0,25,Massachusetts,7025465,25017,Middlesex,1630890.0,0.82439585527306,0.8949338345000001,1,6,1,2.0,1,0,0,0,0,1,0,Male,4,White
2013373921.0,25,Massachusetts,7025465,25017,Middlesex,1630890.0,0.751689562189438,0.9541051513,2,6,1,2.0,1,1,1,1,1,1,1,Female,4,White
2017070187.0,25,Massachusetts,7025465,25017,Middlesex,1630890.0,0.976672158510868,0.7871912851,3,5,1,2.0,1,1,1,1,1,0,1,,4,White
2014915579.0,25,Massachusetts,7025465,25023,Plymouth,534977.0,0.59526871700848,0.55632755,1,3,1,2.0,0,0,0,0,0,1,0,Male,3,White
1990266063.0,25,Massachusetts,7025465,25005,Bristol,581598.0,1.76944854383072,1.8386066572,1,6,1,2.0,0,0,0,0,0,1,0,Male,4,White
2038743333.0,25,Massachusetts,7025465,25017,Middlesex,1630890.0,1.40105477208313,1.3810002936,1,5,1,2.0,1,1,1,1,0,0,1,Male,4,White
2041316659.0,25,Massachusetts,7025465,25023,Plymouth,534977.0,0.616443753347793,0.7499660316000001,1,2,1,2.0,0,1,0,1,0,1,1,Male,2,White
2000537475.0,25,Massachusetts,7025465,25013,Hampden,461294.0,5.98339032441385,,1,5,1,2.0,0,1,1,1,1,1,1,Male,4,White
2020095949.0,25,Massachusetts,7025465,25005,Bristol,581598.0,2.69914564956072,,2,2,1,2.0,1,0,0,0,0,1,1,Female,2,White
1998395757.0,25,Massachusetts,7025465,25015,Hampshire,165193.0,1.32242791590622,1.4133636493,1,2,1,2.0,0,0,1,0,1,1,0,Male,2,White
2030845879.0,25,Massachusetts,7025465,25005,Bristol,581598.0,1.27326857900466,,1,2,1,2.0,1,1,0,0,1,1,0,Male,2,White
2007911561.0,42,Pennsylvania,12984655,42095,Northampton,318123.0,0.747451268204205,0.8118468355,2,2,1,2.0,0,0,0,0,1,1,0,Female,2,White
2029151999.0,42,Pennsylvania,12984655,42005,Armstrong,64724.0,1.3264833698331,,2,2,1,2.0,0,0,0,0,0,1,0,Female,2,White
2033078397.0,42,Pennsylvania,12984655,42045,Delaware,576666.0,1.75492726580875,,1,2,2,2.0,0,1,0,1,1,0,1,Male,2,Black
2034394261.0,42,Pennsylvania,12984655,42125,Washington,209981.0,2.62408373587063,,2,3,1,2.0,0,0,0,0,1,1,0,Female,3,White
1998291217.0,42,Pennsylvania,12984655,42077,Lehigh,376746.0,0.632437446801534,0.9814192517,2,5,1,2.0,1,1,0,1,1,1,1,Female,4,White
2041659669.0,42,Pennsylvania,12984655,42111,Somerset,72570.0,0.58476373587388,1.6382187979,1,1,1,2.0,1,1,1,1,1,1,1,Male,1,White
2000439429.0,42,Pennsylvania,12984655,42065,Jefferson,43731.0,0.747451268204205,0.8118468355,2,2,1,2.0,0,0,0,0,0,1,0,Female,2,White
1995201769.0,42,Pennsylvania,12984655,42045,Delaware,576666.0,0.770334800842349,0.8249695911,2,6,1,2.0,1,1,1,1,1,0,1,Female,4,White
2020232579.0,42,Pennsylvania,12984655,42011,Berks,432214.0,0.964719659369508,1.0147138012,1,2,1,2.0,0,1,1,0,1,1,1,Male,2,White
2014520151.0,42,Pennsylvania,12984655,42101,Philadelphia,1572341.0,0.616118694461994,,1,2,2,2.0,1,1,1,1,0,0,1,Male,2,Black
2037812635.0,42,Pennsylvania,12984655,42045,Delaware,576666.0,2.18584139586981,,1,3,1,2.0,1,1,1,1,1,1,1,Male,3,White
2034962891.0,42,Pennsylvania,12984655,42091,Montgomery,865483.0,2.3546445762881,2.8422005932000003,1,4,1,2.0,0,0,0,0,0,1,0,Male,3,White
2012238815.0,42,Pennsylvania,12984655,42091,Montgomery,865483.0,12.9628652923027,1.6852774934,2,2,1,2.0,1,1,1,1,1,0,1,Female,2,White
2043487109.0,42,Pennsylvania,12984655,42101,Philadelphia,1572341.0,3.43514761701796,,1,2,1,2.0,1,1,1,1,0,0,1,Male,2,White
2012551889.0,42,Pennsylvania,12984655,42033,Clearfield,77846.0,1.0759394822155,0.926374863,2,4,1,2.0,0,0,0,0,0,1,0,Female,3,White
2017673735.0,42,Pennsylvania,12984655,42005,Armstrong,64724.0,4.38190077266601,,2,2,1,2.0,0,0,0,0,1,1,0,Female,2,White
2011815501.0,42,Pennsylvania,12984655,42029,Chester,547131.0,1.46396477308506,1.4539966804,1,2,1,2.0,0,1,0,0,0,1,0,Male,2,White
2040055359.0,42,Pennsylvania,12984655,42019,Butler,197374.0,0.898533158853225,1.6063940435,1,3,1,2.0,1,1,1,1,1,1,1,Male,3,White
2008586951.0,42,Pennsylvania,12984655,42079,Luzerne,326627.0,1.099968321347,1.1349465508,1,2,1,2.0,0,1,1,0,0,1,0,Male,2,White
1997027011.0,42,Pennsylvania,12984655,42101,Philadelphia,1572341.0,1.4853690032933,2.8558080863,1,1,1,2.0,0,0,0,0,0,1,0,Male,1,White
2014231613.0,42,Pennsylvania,12984655,42115,Susquehanna,38157.0,0.447795602148636,0.6214175943,2,4,1,2.0,1,1,1,1,1,1,1,Female,3,White
2045704209.0,42,Pennsylvania,12984655,42101,Philadelphia,1572341.0,5.98203694547162,,1,3,2,2.0,1,1,1,0,1,0,1,Male,3,Black
2039700257.0,42,Pennsylvania,12984655,42049,Erie,268923.0,0.787490585816789,0.8721331939,1,6,1,2.0,1,1,1,0,0,1,1,Male,4,White
2034391751.0,42,Pennsylvania,12984655,42003,Allegheny,1233325.0,2.79754292127803,1.758489735,2,6,1,2.0,1,1,0,0,1,0,0,Female,4,White
2039695775.0,42,Pennsylvania,12984655,42041,Cumberland,268588.0,0.494734518224297,0.6021149427,2,2,1,2.0,1,1,1,1,1,0,1,Female,2,White
2039920927.0,42,Pennsylvania,12984655,42003,Allegheny,1233325.0,1.18425955811763,1.049398649,2,6,1,2.0,0,0,0,0,0,1,0,Female,4,White
2018362371.0,42,Pennsylvania,12984655,42131,Wyoming,26039.0,0.97061907050615,0.5533743013,2,2,1,2.0,0,1,0,0,1,1,0,Female,2,White
2034012879.0,42,Pennsylvania,12984655,42091,Montgomery,865483.0,0.89889162743875,0.9515593527,1,5,1,2.0,0,0,1,0,0,1,0,Male,4,White
2029188587.0,42,Pennsylvania,12984655,42071,Lancaster,557092.0,1.58811613388042,0.3248552016,2,2,1,2.0,0,1,1,0,0,1,0,Female,2,White
2010844545.0,42,Pennsylvania,12984655,42003,Allegheny,1233325.0,1.04165376844269,0.8914364019000001,1,5,1,2.0,1,1,1,1,1,0,1,Male,4,White
1998975353.0,42,Pennsylvania,12984655,42071,Lancaster,557092.0,2.67483503844894,15.0172750693,1,1,1,2.0,0,0,0,0,0,1,0,Male,1,White
2026744219.0,42,Pennsylvania,12984655,42011,Berks,432214.0,1.89847486864364,3.2405961972,1,2,2,2.0,1,1,1,1,1,1,1,Male,2,Black
2011970177.0,42,Pennsylvania,12984655,42013,Blair,120774.0,2.84975917287769,,2,3,1,2.0,1,1,1,1,1,1,0,Female,3,White
2042739293.0,42,Pennsylvania,12984655,42107,Schuylkill,143114.0,0.240130058368242,,1,2,1,2.0,1,1,1,1,1,0,1,Male,2,White
2011496855.0,42,Pennsylvania,12984655,42045,Delaware,576666.0,3.89207163431629,1.8916788739,1,1,1,2.0,0,1,0,0,0,1,0,Male,1,White
1999679909.0,42,Pennsylvania,12984655,42017,Bucks,646351.0,0.783855893837054,0.8136729450000001,2,6,1,2.0,1,1,1,1,1,0,1,Female,4,White
2037895383.0,42,Pennsylvania,12984655,42017,Bucks,646351.0,0.569173954389987,0.5349497249,1,4,1,2.0,1,1,1,1,1,0,1,Male,3,White
2003057493.0,42,Pennsylvania,12984655,42095,Northampton,318123.0,0.784170233627109,0.9909744468,2,2,1,2.0,1,1,1,1,1,1,1,Female,2,White
2009740033.0,42,Pennsylvania,12984655,42001,Adams,105994.0,1.43198442115676,1.1867924307,2,4,1,2.0,0,0,0,0,0,1,0,Female,3,White
2022098203.0,42,Pennsylvania,12984655,42017,Bucks,646351.0,1.3460223685282,1.1008417814,1,5,1,2.0,1,1,1,1,1,0,1,Male,4,White
2039417675.0,42,Pennsylvania,12984655,42045,Delaware,576666.0,0.447795602148636,0.5292416539,2,3,1,2.0,1,1,1,1,1,1,1,Female,3,White
2010119565.0,42,Pennsylvania,12984655,42013,Blair,120774.0,1.46396477308506,1.4539966804,1,2,1,2.0,0,0,0,0,0,1,0,Male,2,White
2012400447.0,42,Pennsylvania,12984655,42003,Allegheny,1233325.0,1.04165376844269,,1,5,1,2.0,1,0,0,0,1,1,1,Male,4,White
2034664089.0,42,Pennsylvania,12984655,42101,Philadelphia,1572341.0,0.549582821801101,0.5943600797,1,5,1,2.0,1,1,1,1,1,1,1,Male,4,White
2041059839.0,42,Pennsylvania,12984655,42027,Centre,157977.0,1.75150390169251,7.7795700296,1,1,1,1.0,1,1,1,1,1,1,0,Male,1,Hispanic
2016252337.0,42,Pennsylvania,12984655,42037,Columbia,65358.0,1.18975089747179,1.2054148653,1,6,1,2.0,0,0,0,0,0,1,0,Male,4,White
2001797247.0,42,Pennsylvania,12984655,42123,Warren,37824.0,0.577552011079875,0.6271705779,1,3,1,2.0,0,0,0,0,0,1,0,Male,3,White
1983889091.0,42,Pennsylvania,12984655,42039,Crawford,82350.0,3.71384684202549,,2,2,1,2.0,0,1,0,0,1,1,0,Female,2,White
2011358219.0,42,Pennsylvania,12984655,42127,Wayne,51108.0,0.963682760354372,1.119583772,2,2,1,2.0,0,0,1,0,0,0,0,Female,2,White
1999922147.0,42,Pennsylvania,12984655,42095,Northampton,318123.0,0.577552011079875,0.6271705779,1,3,1,2.0,0,0,0,0,1,1,0,Male,3,White
2030536007.0,42,Pennsylvania,12984655,42049,Erie,268923.0,2.33425398984626,,2,2,1,2.0,0,1,1,1,0,1,0,Female,2,White
1999756775.0,42,Pennsylvania,12984655,42017,Bucks,646351.0,1.04165376844269,0.8914364019000001,1,5,1,2.0,1,1,0,1,1,1,1,Male,4,White
2017336799.0,42,Pennsylvania,12984655,42101,Philadelphia,1572341.0,2.57591945509032,,2,6,2,2.0,1,1,1,1,0,0,1,Female,4,Black
2031019911.0,42,Pennsylvania,12984655,42017,Bucks,646351.0,0.66736700628458,,1,4,3,,1,0,1,1,0,0,1,Male,3,Hispanic
2021467149.0,42,Pennsylvania,12984655,42043,Dauphin,288943.0,0.654639354070333,0.1491285413,2,4,3,1.0,1,1,1,1,1,0,1,Female,3,Hispanic
2010499549.0,42,Pennsylvania,12984655,42101,Philadelphia,1572341.0,1.48505820251219,1.6709151304,1,6,1,2.0,1,1,1,1,0,0,1,Male,4,White
2036677093.0,42,Pennsylvania,12984655,42043,Dauphin,288943.0,2.72431354469797,2.0113637213,1,3,1,2.0,1,1,1,1,1,0,1,Male,3,White
2031641109.0,42,Pennsylvania,12984655,42081,Lycoming,113195.0,0.152798738363852,,1,4,1,2.0,1,1,1,1,1,1,1,Male,3,White
2033692979.0,42,Pennsylvania,12984655,42129,Westmoreland,351924.0,2.54484062418112,2.3751157629,1,5,1,2.0,0,0,0,0,0,1,0,Male,4,White
2000348777.0,42,Pennsylvania,12984655,42091,Montgomery,865483.0,0.89393428146177,0.9409109814,1,6,1,2.0,0,0,0,0,0,1,0,Male,4,White
1999892427.0,42,Pennsylvania,12984655,42045,Delaware,576666.0,1.08963515635716,0.9954742136,2,6,1,2.0,1,1,1,1,1,1,1,Female,4,White
2042328909.0,42,Pennsylvania,12984655,42029,Chester,547131.0,0.76611735484357,0.8342007191,1,6,1,2.0,1,1,1,1,1,0,1,Male,4,White
2010868305.0,42,Pennsylvania,12984655,42013,Blair,120774.0,4.90894617161059,,2,5,1,2.0,0,0,0,0,0,1,1,Female,4,White
2012682871.0,42,Pennsylvania,12984655,42131,Wyoming,26039.0,2.31959863623325,,1,6,1,2.0,0,0,0,0,1,1,0,Male,4,White
2013972987.0,42,Pennsylvania,12984655,42077,Lehigh,376746.0,3.18649256271823,4.3016155027,1,1,1,2.0,0,0,0,0,0,1,0,Male,1,White
2029229935.0,42,Pennsylvania,12984655,42077,Lehigh,376746.0,1.17577414270675,,2,2,3,,0,1,1,1,1,1,1,Female,2,Hispanic
2043837957.0,42,Pennsylvania,12984655,42101,Philadelphia,1572341.0,1.8925365391148,,2,2,2,2.0,1,1,1,1,1,1,1,Female,2,Black
2012628753.0,42,Pennsylvania,12984655,42091,Montgomery,865483.0,0.589196155120176,0.7735251706,2,2,1,2.0,1,1,1,1,1,0,1,Female,2,White
2042329633.0,42,Pennsylvania,12984655,42101,Philadelphia,1572341.0,0.770334800842349,0.8249695911,2,6,1,2.0,1,1,1,1,1,1,1,Female,4,White
1993756579.0,42,Pennsylvania,12984655,42117,Tioga,40951.0,0.900071057244166,0.9342556909,2,5,1,2.0,1,1,1,1,1,0,1,Female,4,White
2020215585.0,42,Pennsylvania,12984655,42097,Northumberland,90075.0,0.3010119312532,,2,1,1,2.0,1,0,1,1,0,1,1,Female,1,White
2027105223.0,42,Pennsylvania,12984655,42101,Philadelphia,1572341.0,3.43514761701796,,1,2,1,2.0,0,1,0,1,0,0,1,Male,2,White
1998692529.0,42,Pennsylvania,12984655,42097,Northumberland,90075.0,2.53611427444894,,3,2,1,2.0,0,1,1,1,1,1,1,,2,White
2001330443.0,42,Pennsylvania,12984655,42071,Lancaster,557092.0,1.26545232074484,1.0979216082,1,3,1,2.0,0,1,1,1,1,1,1,Male,3,White
2014106285.0,42,Pennsylvania,12984655,42129,Westmoreland,351924.0,2.82256472392188,,2,3,1,2.0,1,1,1,0,1,1,1,Female,3,White
2044066841.0,42,Pennsylvania,12984655,42003,Allegheny,1233325.0,0.840257626111938,0.771725443,2,3,1,2.0,1,1,0,0,1,1,1,Female,3,White
2021771465.0,42,Pennsylvania,12984655,42071,Lancaster,557092.0,1.04683527974119,0.5693327629,1,3,1,2.0,0,0,0,0,0,1,0,Male,3,White
2042637837.0,42,Pennsylvania,12984655,42133,York,461464.0,0.367816399057017,0.3985147094,2,2,1,2.0,0,1,0,0,1,1,0,Female,2,White
2015482613.0,42,Pennsylvania,12984655,42079,Luzerne,326627.0,1.08963515635716,0.9954742136,2,6,1,2.0,1,1,1,1,1,0,1,Female,4,White
2035162593.0,42,Pennsylvania,12984655,42003,Allegheny,1233325.0,1.3460223685282,1.1008417814,1,5,1,2.0,1,1,1,1,1,0,1,Male,4,White
1992896809.0,42,Pennsylvania,12984655,42003,Allegheny,1233325.0,5.36135909507223,,2,6,4,2.0,1,0,0,0,0,1,0,Female,4,Other
1998568467.0,42,Pennsylvania,12984655,42011,Berks,432214.0,3.9286407300269,,2,3,1,2.0,1,1,1,1,1,0,1,Female,3,White
2035496779.0,42,Pennsylvania,12984655,42101,Philadelphia,1572341.0,3.9286407300269,,2,3,1,2.0,1,0,1,1,1,1,1,Female,3,White
2011242999.0,42,Pennsylvania,12984655,42133,York,461464.0,1.28258022181996,1.4343151991,2,2,1,2.0,0,0,0,0,0,1,0,Female,2,White
2018773411.0,42,Pennsylvania,12984655,42129,Westmoreland,351924.0,3.71384684202549,,2,2,1,2.0,1,1,1,1,1,0,1,Female,2,White
2023102465.0,42,Pennsylvania,12984655,42049,Erie,268923.0,0.891554991040227,0.8699040432,2,5,1,2.0,1,1,1,1,1,0,1,Female,4,White
2039272275.0,42,Pennsylvania,12984655,42103,Pike,60722.0,0.732409568872911,0.7118849227,2,3,1,2.0,0,0,0,0,0,1,0,Female,3,White
2019316905.0,42,Pennsylvania,12984655,42043,Dauphin,288943.0,0.574951351258695,0.6141116914,2,3,2,2.0,1,1,1,1,1,0,1,Female,3,Black
2015055341.0,42,Pennsylvania,12984655,42017,Bucks,646351.0,0.783855893837054,0.8136729450000001,2,6,1,2.0,1,1,1,1,1,0,1,Female,4,White
2014402181.0,42,Pennsylvania,12984655,42003,Allegheny,1233325.0,0.76611735484357,0.8342007191,1,6,1,2.0,1,1,1,1,1,0,1,Male,4,White
2015025905.0,42,Pennsylvania,12984655,42003,Allegheny,1233325.0,2.09451998477991,1.7280327472,1,5,1,2.0,0,0,0,0,0,1,0,Male,4,White
2028984765.0,42,Pennsylvania,12984655,42081,Lycoming,113195.0,0.931545062940375,1.0217874413,1,3,1,2.0,0,1,1,0,1,1,0,Male,3,White
2038741103.0,42,Pennsylvania,12984655,42049,Erie,268923.0,0.674737752070847,0.7788055859,2,5,1,2.0,1,1,0,1,1,0,1,Female,4,White
2014961975.0,42,Pennsylvania,12984655,42029,Chester,547131.0,0.463279143831131,0.6211160198,1,3,1,2.0,1,1,1,1,1,0,1,Male,3,White
2011691261.0,42,Pennsylvania,12984655,42069,Lackawanna,215714.0,0.714697010847134,0.6752525727,2,5,1,2.0,1,1,1,0,1,1,0,Female,4,White
2011235075.0,42,Pennsylvania,12984655,42089,Monroe,167459.0,1.23417002059083,,1,3,3,1.0,1,1,0,1,0,1,0,Male,3,Hispanic
2034262887.0,42,Pennsylvania,12984655,42101,Philadelphia,1572341.0,2.18320045207473,,2,1,2,2.0,0,1,1,1,1,1,1,Female,1,Black
2037166115.0,42,Pennsylvania,12984655,42017,Bucks,646351.0,0.463279143831131,0.6211160198,1,4,1,2.0,1,1,1,1,1,0,1,Male,3,White
1998904721.0,42,Pennsylvania,12984655,42049,Erie,268923.0,0.89889162743875,0.9654075213,1,5,1,2.0,0,0,0,0,0,1,0,Male,4,White
1998403349.0,42,Pennsylvania,12984655,42079,Luzerne,326627.0,2.33425398984626,,2,2,1,2.0,0,1,0,1,1,1,1,Female,2,White
2022214699.0,42,Pennsylvania,12984655,42003,Allegheny,1233325.0,1.3460223685282,1.1008417814,1,5,1,2.0,1,1,1,1,1,0,1,Male,4,White
2002433775.0,42,Pennsylvania,12984655,42129,Westmoreland,351924.0,0.964719659369508,1.0147138012,1,2,1,2.0,0,0,0,0,0,1,0,Male,2,White
2037404511.0,42,Pennsylvania,12984655,42129,Westmoreland,351924.0,3.43514761701796,,1,2,1,2.0,1,1,0,0,1,0,1,Male,2,White
2002135917.0,42,Pennsylvania,12984655,42003,Allegheny,1233325.0,1.22981926020282,1.1331334887,2,5,1,2.0,1,1,1,1,1,0,1,Female,4,White
2041382051.0,42,Pennsylvania,12984655,42043,Dauphin,288943.0,0.688840184897475,,2,4,1,2.0,1,1,1,1,1,0,1,Female,3,White
2008614657.0,42,Pennsylvania,12984655,42041,Cumberland,268588.0,0.783855893837054,0.8136729450000001,2,6,1,2.0,1,1,0,1,1,0,1,Female,4,White
2011418173.0,42,Pennsylvania,12984655,42013,Blair,120774.0,0.724854234061187,0.7920554044,1,2,1,2.0,1,0,1,0,0,1,0,Male,2,White
2002971349.0,42,Pennsylvania,12984655,42095,Northampton,318123.0,0.840257626111938,0.76906818,2,4,1,2.0,0,1,0,0,0,1,0,Female,3,White
1999323073.0,42,Pennsylvania,12984655,42055,Franklin,157038.0,1.45079115896308,1.0984500576,2,5,1,2.0,1,1,1,1,1,1,1,Female,4,White
1993674979.0,42,Pennsylvania,12984655,42091,Montgomery,865483.0,1.18425955811763,1.0974180713,2,6,1,2.0,0,0,0,0,0,1,0,Female,4,White
1997631901.0,42,Pennsylvania,12984655,42133,York,461464.0,2.6550759045176,2.0242877602,2,2,4,2.0,1,1,1,1,1,0,1,Female,2,Other
2009720225.0,42,Pennsylvania,12984655,42041,Cumberland,268588.0,1.85339485959894,1.6929808281,2,5,1,2.0,0,0,0,0,0,1,0,Female,4,White
1997830689.0,42,Pennsylvania,12984655,42091,Montgomery,865483.0,4.28820980878325,2.4806854059,1,5,1,2.0,0,1,0,0,0,1,0,Male,4,White
2019759205.0,42,Pennsylvania,12984655,42101,Philadelphia,1572341.0,0.891554991040227,0.8699040432,4,5,1,2.0,1,1,1,1,1,0,1,,4,White
2030526235.0,42,Pennsylvania,12984655,42091,Montgomery,865483.0,0.463279143831131,,1,3,1,2.0,1,1,1,1,1,1,1,Male,3,White
2013736575.0,42,Pennsylvania,12984655,42045,Delaware,576666.0,0.900071057244166,0.9342556909,2,5,1,2.0,1,1,1,1,1,0,1,Female,4,White
2013342377.0,42,Pennsylvania,12984655,42109,Snyder,39506.0,9.22682662640496,,1,1,1,2.0,0,0,0,0,0,1,0,Male,1,White
2021212911.0,09,Connecticut,3618707,09005,Litchfield,,0.950070552828767,0.7144800605,2,2,1,2.0,1,1,1,1,1,1,1,Female,2,White
2040005727.0,09,Connecticut,3618707,09003,Hartford,,1.10359831753329,1.0635350769,2,6,1,2.0,1,1,1,1,1,0,1,Female,4,White
2037411229.0,09,Connecticut,3618707,09015,Windham,,2.52642761924488,,2,5,1,2.0,1,1,1,1,1,1,1,Female,4,White
1995073551.0,09,Connecticut,3618707,09003,Hartford,,0.635640456055639,0.5608680065,2,6,1,2.0,1,1,1,1,1,0,1,Female,4,White
2008880505.0,09,Connecticut,3618707,09001,Fairfield,,2.41973761527099,2.5631704616,1,1,1,2.0,0,0,1,0,0,0,1,Male,1,White
2009197231.0,09,Connecticut,3618707,09003,Hartford,,2.96944227992833,,2,5,4,2.0,1,1,0,1,1,1,1,Female,4,Other
2010899959.0,09,Connecticut,3618707,09009,New Haven,,3.81902742039372,2.389746319,1,5,3,,1,1,1,1,1,1,0,Male,4,Hispanic
2026343481.0,09,Connecticut,3618707,09003,Hartford,,3.03687646731315,,1,2,1,2.0,0,0,0,0,0,1,0,Male,2,White
2014154633.0,09,Connecticut,3618707,09013,Tolland,,1.10359831753329,,2,6,1,2.0,1,1,1,1,1,0,1,Female,4,White
1995167215.0,09,Connecticut,3618707,09003,Hartford,,1.0906217181369,0.8988685893,1,6,1,2.0,1,1,1,1,1,0,1,Male,4,White
2014610371.0,09,Connecticut,3618707,09009,New Haven,,0.399657391684135,0.3671147029,1,3,1,2.0,0,0,0,0,0,1,0,Male,3,White
2021942647.0,09,Connecticut,3618707,09003,Hartford,,0.828353520622866,1.0174327167,1,5,1,2.0,0,0,0,0,0,1,0,Male,4,White
1999116837.0,09,Connecticut,3618707,09009,New Haven,,3.1879905770946,,1,2,1,2.0,1,1,0,0,0,0,1,Male,2,White
2038800565.0,09,Connecticut,3618707,09013,Tolland,,1.6701445063131,,2,4,1,2.0,1,1,1,1,1,0,1,Female,3,White
1995151051.0,09,Connecticut,3618707,09003,Hartford,,0.887117753220796,0.709570602,1,6,1,2.0,1,1,1,1,1,0,1,Male,4,White
2036916527.0,09,Connecticut,3618707,09001,Fairfield,,2.08895803120795,1.0699919548,2,4,2,1.0,1,1,1,0,1,1,1,Female,3,Black
2038834957.0,09,Connecticut,3618707,09003,Hartford,,2.57615074487982,,2,3,6,1.0,1,1,1,1,1,0,1,Female,3,Hispanic
2041446889.0,09,Connecticut,3618707,09001,Fairfield,,0.382462145138649,,1,5,4,2.0,1,1,1,1,1,0,1,Male,4,Other
2044490191.0,09,Connecticut,3618707,09003,Hartford,,4.36444070809405,,3,1,3,,1,1,1,1,1,0,1,,1,Hispanic
2038219283.0,09,Connecticut,3618707,09009,New Haven,,4.36444070809405,,1,1,1,1.0,1,1,1,1,1,1,1,Male,1,Hispanic
2035266969.0,09,Connecticut,3618707,09003,Hartford,,1.86303290894567,,1,3,1,2.0,1,0,0,0,1,1,1,Male,3,White
2029579109.0,09,Connecticut,3618707,09009,New Haven,,0.83850441556849,,1,3,1,2.0,1,1,1,1,1,0,1,Male,3,White
2000860535.0,09,Connecticut,3618707,09009,New Haven,,1.29288065998386,1.4173196529,1,5,1,2.0,1,1,1,1,1,0,1,Male,4,White
1995078257.0,09,Connecticut,3618707,09009,New Haven,,1.19587599876826,1.0683003327,2,2,1,2.0,1,0,1,0,0,0,0,Female,2,White
1667113659.0,09,Connecticut,3618707,09009,New Haven,,1.12979738549892,0.9251370879,2,5,1,2.0,1,1,1,1,1,1,1,Female,4,White
2038849015.0,09,Connecticut,3618707,09009,New Haven,,0.885692907693716,0.7914237292,2,3,1,2.0,1,1,1,1,1,0,1,Female,3,White
2018236889.0,09,Connecticut,3618707,09009,New Haven,,1.80395430259045,1.9328445634,1,6,2,2.0,1,0,0,1,1,1,1,Male,4,Black
2014610995.0,09,Connecticut,3618707,09005,Litchfield,,2.91894318171986,1.1763542098,2,3,1,2.0,1,1,1,1,1,0,1,Female,3,White
2027822673.0,09,Connecticut,3618707,09001,Fairfield,,1.6701445063131,1.38155338,2,3,1,2.0,1,1,1,1,1,0,1,Female,3,White
2011836153.0,09,Connecticut,3618707,09007,Middlesex,,1.10359831753329,1.0635350769,2,6,1,2.0,1,1,1,1,1,0,1,Female,4,White
2001019791.0,09,Connecticut,3618707,09009,New Haven,,1.66367690986119,1.797396531,1,6,1,2.0,1,1,1,1,1,0,1,Male,4,White
2019339509.0,09,Connecticut,3618707,09011,New London,,0.912121472381629,2.3066901457,1,2,1,2.0,0,1,1,0,0,0,1,Male,2,White
2014258307.0,09,Connecticut,3618707,09009,New Haven,,0.50777891046696,0.574256608,1,4,1,2.0,1,1,1,1,1,0,1,Male,3,White
2011836163.0,24,Maryland,6183257,24033,Prince George's,952326.0,1.18488790392423,1.0234174951,2,6,1,2.0,0,0,0,1,1,1,0,Female,4,White
2014334393.0,24,Maryland,6183257,24041,Talbot,37901.0,1.06245656106443,1.4679334523,1,6,1,2.0,0,0,0,0,0,1,0,Male,4,White
2014452919.0,24,Maryland,6183257,24033,Prince George's,952326.0,1.9227196550306,1.864470678,2,2,2,2.0,0,1,1,1,1,1,1,Female,2,Black
2013809223.0,24,Maryland,6183257,24003,Anne Arundel,598102.0,2.76835871372344,1.9443878083,2,5,1,2.0,1,1,1,1,1,0,1,Female,4,White
2014500137.0,24,Maryland,6183257,24510,Baltimore city,570475.0,2.90840689957571,1.4236130063,1,6,2,2.0,1,1,1,1,1,0,1,Male,4,Black
2031191879.0,24,Maryland,6183257,24027,Howard,335900.0,0.703656571274035,0.6912722653000001,1,6,1,2.0,1,1,1,1,1,1,1,Male,4,White
2011217743.0,24,Maryland,6183257,24510,Baltimore city,570475.0,0.821734738108762,0.6654435603000001,2,6,1,2.0,1,1,1,1,1,0,1,Female,4,White
2042352987.0,24,Maryland,6183257,24031,Montgomery,1058546.0,5.57153827282132,2.7250510018,1,6,2,2.0,1,1,1,1,1,0,1,Male,4,Black
2042443943.0,24,Maryland,6183257,24005,Baltimore,847672.0,2.73238341187386,,1,2,2,2.0,1,1,1,1,0,0,1,Male,2,Black
2017034693.0,24,Maryland,6183257,24003,Anne Arundel,598102.0,3.47908429201114,,1,6,1,2.0,1,1,1,1,1,0,1,Male,4,White
2019965239.0,24,Maryland,6183257,24009,Calvert,94655.0,2.35932158800899,2.2426385121,1,2,2,2.0,0,1,1,1,1,1,0,Male,2,Black
2038723413.0,24,Maryland,6183257,24003,Anne Arundel,598102.0,1.08683492792382,,2,5,2,2.0,1,1,1,1,1,1,1,Female,4,Black
2028973197.0,24,Maryland,6183257,24005,Baltimore,847672.0,1.07829225492983,,2,2,1,2.0,0,1,0,0,1,0,0,Female,2,White
2037907783.0,24,Maryland,6183257,24033,Prince George's,952326.0,6.92045346318816,,1,3,2,2.0,0,1,0,1,1,0,0,Male,3,Black
2019863759.0,24,Maryland,6183257,24510,Baltimore city,570475.0,0.876172771662877,1.1408999522,2,3,2,2.0,1,1,1,1,1,1,1,Female,3,Black
2028441749.0,24,Maryland,6183257,24025,Harford,263749.0,1.9227196550306,1.864470678,2,2,2,2.0,1,1,1,1,1,1,1,Female,2,Black
2012685881.0,24,Maryland,6183257,24021,Frederick,287899.0,7.38285462702979,,2,5,4,2.0,0,0,0,0,0,1,0,Female,4,Other
2034551889.0,24,Maryland,6183257,24510,Baltimore city,570475.0,2.69251616020862,,2,2,2,2.0,0,1,1,1,0,0,1,Female,2,Black
2010919359.0,24,Maryland,6183257,24003,Anne Arundel,598102.0,0.719654078448761,,2,2,1,2.0,0,0,0,0,1,1,0,Female,2,White
2031507475.0,24,Maryland,6183257,24025,Harford,263749.0,0.358459922074672,,2,5,2,2.0,0,1,1,1,1,1,0,Female,4,Black
2039694155.0,24,Maryland,6183257,24510,Baltimore city,570475.0,0.208456679381565,0.9343430151,2,5,2,2.0,0,0,1,1,1,1,1,Female,4,Black
1999846177.0,24,Maryland,6183257,24003,Anne Arundel,598102.0,1.31642715118111,,1,5,1,2.0,1,1,1,0,0,0,1,Male,4,White
2026743859.0,24,Maryland,6183257,24031,Montgomery,1058546.0,3.42636690338796,,2,5,2,2.0,1,1,1,1,1,0,1,Female,4,Black
1998509899.0,24,Maryland,6183257,24510,Baltimore city,570475.0,0.489568062995591,0.5089422115,2,4,2,2.0,1,1,1,0,0,1,1,Female,3,Black
2034241837.0,24,Maryland,6183257,24033,Prince George's,952326.0,1.9227196550306,1.864470678,2,2,2,2.0,0,1,1,1,1,1,1,Female,2,Black
1998570515.0,24,Maryland,6183257,24001,Allegany,67013.0,2.42619870588822,1.1787503874,1,3,1,2.0,1,1,1,1,1,0,1,Male,3,White
2043494245.0,24,Maryland,6183257,24005,Baltimore,847672.0,0.373499414965215,0.2023692293,2,3,6,2.0,0,0,0,0,0,1,1,Female,3,Other
1999951085.0,24,Maryland,6183257,24510,Baltimore city,570475.0,1.27349031160783,,2,6,1,2.0,1,1,1,1,1,0,1,Female,4,White
2043935371.0,24,Maryland,6183257,24510,Baltimore city,570475.0,11.0259259084447,,1,2,2,2.0,1,1,0,1,1,1,0,Male,2,Black
2037801529.0,24,Maryland,6183257,24009,Calvert,94655.0,2.05269180720315,1.1854992006,2,6,1,2.0,1,1,1,0,1,1,1,Female,4,White
2020931817.0,24,Maryland,6183257,24003,Anne Arundel,598102.0,5.31676893117595,0.7361012284,2,2,3,1.0,1,1,0,1,1,1,1,Female,2,Hispanic
2036710331.0,24,Maryland,6183257,24017,Charles,170246.0,3.10754141970002,,2,2,2,2.0,1,1,0,1,0,1,1,Female,2,Black
2037383457.0,24,Maryland,6183257,24510,Baltimore city,570475.0,1.79418441305128,2.3191102425,1,3,1,2.0,1,1,1,1,1,1,1,Male,3,White
2042327975.0,24,Maryland,6183257,24025,Harford,263749.0,0.832069682824899,0.7231521547,1,5,1,2.0,0,0,0,1,0,1,0,Male,4,White
2012143681.0,24,Maryland,6183257,24021,Frederick,287899.0,6.83593783501205,4.6759664372,1,1,1,2.0,0,0,0,0,1,0,1,Male,1,White
2023100243.0,24,Maryland,6183257,24011,Caroline,33528.0,2.58305986571563,,2,2,1,2.0,0,1,1,1,1,0,0,Female,2,White
2007841073.0,24,Maryland,6183257,24033,Prince George's,952326.0,3.36448958415275,,2,2,3,1.0,1,1,1,1,1,1,1,Female,2,Hispanic
2021440093.0,24,Maryland,6183257,24025,Harford,263749.0,0.664105888334885,0.4941847027,2,5,1,2.0,1,1,1,1,1,1,1,Female,4,White
2022354973.0,24,Maryland,6183257,24045,Wicomico,105131.0,4.70062834447671,,1,2,1,2.0,1,1,1,1,1,0,0,Male,2,White
2015970711.0,24,Maryland,6183257,24005,Baltimore,847672.0,0.230957744646151,,1,2,1,2.0,1,1,1,1,1,1,1,Male,2,White
2018781297.0,24,Maryland,6183257,24021,Frederick,287899.0,1.04984038925933,0.8607782557,2,1,1,2.0,1,1,1,1,1,1,0,Female,1,White
2035488061.0,24,Maryland,6183257,24043,Washington,154503.0,1.04713877549566,1.4637297911,1,4,2,2.0,0,1,1,1,1,1,1,Male,3,Black
2037776525.0,24,Maryland,6183257,24043,Washington,154503.0,0.783582709963123,0.7672749082,1,3,1,2.0,0,0,0,0,0,1,0,Male,3,White
2017293723.0,24,Maryland,6183257,24017,Charles,170246.0,0.929971614676567,0.6522806647,1,4,1,2.0,0,1,0,0,0,1,0,Male,3,White
2023780933.0,24,Maryland,6183257,24033,Prince George's,952326.0,1.09394661630967,0.5110501692,2,4,3,1.0,1,1,1,1,1,1,1,Female,3,Hispanic
2042353109.0,24,Maryland,6183257,24510,Baltimore city,570475.0,0.489568062995591,0.5089422115,2,3,2,2.0,1,1,1,1,1,0,1,Female,3,Black
1998725873.0,24,Maryland,6183257,24021,Frederick,287899.0,0.236401441074316,0.7847668675,2,4,1,2.0,1,1,1,1,1,1,1,Female,3,White
1998928799.0,24,Maryland,6183257,24510,Baltimore city,570475.0,4.13309941404974,,1,5,1,2.0,1,1,1,1,1,1,1,Male,4,White
1998601979.0,24,Maryland,6183257,24510,Baltimore city,570475.0,1.86784440887841,,2,1,5,2.0,0,0,0,0,0,0,0,Female,1,Other
2030490369.0,24,Maryland,6183257,24005,Baltimore,847672.0,0.929971614676567,0.6522806647,1,3,1,2.0,0,0,0,0,0,0,0,Male,3,White
2011337511.0,24,Maryland,6183257,24033,Prince George's,952326.0,4.79676112432487,,2,5,2,2.0,1,1,1,1,1,1,1,Female,4,Black
2034745015.0,24,Maryland,6183257,24033,Prince George's,952326.0,10.2993683958987,,2,5,4,2.0,1,1,1,1,1,0,1,Female,4,Other
2030980475.0,24,Maryland,6183257,24001,Allegany,67013.0,0.345367336125815,,1,3,2,2.0,0,1,0,0,1,1,0,Male,3,Black
2013702117.0,24,Maryland,6183257,24025,Harford,263749.0,0.666780319962019,0.4583169131,1,3,1,2.0,1,1,1,1,1,0,1,Male,3,White
2041498621.0,24,Maryland,6183257,24015,Cecil,104908.0,4.96445466066179,,2,3,1,2.0,1,1,1,1,1,1,0,Female,3,White
2034659967.0,24,Maryland,6183257,24011,Caroline,33528.0,1.23426175261566,,1,2,1,2.0,1,0,1,0,1,0,0,Male,2,White
2014126059.0,33,New Hampshire,1396647,33011,Hillsborough,426329.0,0.902846538231596,0.9999959081,1,4,1,2.0,0,0,0,0,0,1,0,Male,3,White
2015149635.0,33,New Hampshire,1396647,33001,Belknap,64643.0,2.10033894019236,,2,1,1,2.0,1,1,1,1,1,0,1,Female,1,White
2013934285.0,33,New Hampshire,1396647,33011,Hillsborough,426329.0,0.802773245963416,0.6586157661,1,5,1,2.0,1,1,1,1,1,0,1,Male,4,White
2004162557.0,33,New Hampshire,1396647,33011,Hillsborough,426329.0,0.901095509191327,1.1398125321,2,3,1,2.0,0,0,0,0,1,1,0,Female,3,White
2000603401.0,33,New Hampshire,1396647,33003,Carroll,52093.0,0.901095509191327,,2,4,1,2.0,1,0,0,1,0,1,0,Female,3,White
2042330371.0,33,New Hampshire,1396647,33011,Hillsborough,426329.0,0.923884018002528,0.7244159606,1,6,1,2.0,1,1,1,1,1,0,1,Male,4,White
2018478449.0,33,New Hampshire,1396647,33013,Merrimack,156220.0,0.565010141363837,,2,2,1,2.0,1,1,1,1,1,1,1,Female,2,White
2015327157.0,33,New Hampshire,1396647,33015,Rockingham,319262.0,1.13612541020677,1.0459459549,2,5,1,2.0,1,1,1,1,1,0,1,Female,4,White
2034456723.0,33,New Hampshire,1396647,33007,Coos,31444.0,1.2176655708273,1.024601312,2,6,1,2.0,1,1,1,1,1,0,1,Female,4,White
2026759569.0,33,New Hampshire,1396647,33015,Rockingham,319262.0,2.38205356434092,,2,2,1,2.0,1,1,0,1,1,1,1,Female,2,White
2038246671.0,33,New Hampshire,1396647,33015,Rockingham,319262.0,0.766739973540474,,1,6,1,2.0,1,0,0,0,1,1,0,Male,4,White
2021070929.0,33,New Hampshire,1396647,33011,Hillsborough,426329.0,1.42776636673146,1.5607836819,1,5,1,2.0,1,1,1,0,1,0,0,Male,4,White
2015313861.0,33,New Hampshire,1396647,33011,Hillsborough,426329.0,0.373287018350402,,2,2,1,1.0,1,1,0,0,0,1,0,Female,2,Hispanic
2045134169.0,13,Georgia,10929992,13089,DeKalb,764752.0,1.51342022286856,0.9497742884,1,2,2,2.0,0,1,0,0,0,0,0,Male,2,Black
2033014197.0,13,Georgia,10929992,13115,Floyd,99425.0,1.24427966313978,1.3325780639,2,3,2,2.0,1,1,1,1,1,0,1,Female,3,Black
1987256489.0,13,Georgia,10929992,13151,Henry,248841.0,0.0854002353216292,,2,2,3,1.0,0,0,0,0,0,0,0,Female,2,Hispanic
1999897861.0,13,Georgia,10929992,13135,Gwinnett,979814.0,5.13873665336963,,2,3,2,2.0,1,1,1,1,1,0,1,Female,3,Black
2039064655.0,13,Georgia,10929992,13121,Fulton,1076385.0,1.26011580174847,,2,3,2,2.0,1,1,1,1,1,1,1,Female,3,Black
2028795701.0,13,Georgia,10929992,13121,Fulton,1076385.0,0.707774715450865,0.5600220641,2,3,2,2.0,0,1,1,0,1,1,0,Female,3,Black
1999964511.0,13,Georgia,10929992,13067,Cobb,774481.0,1.23596231852717,,1,5,1,2.0,0,0,0,0,0,1,0,Male,4,White
2021631409.0,13,Georgia,10929992,13121,Fulton,1076385.0,1.04844334618708,2.3045026994,1,5,1,2.0,1,1,1,1,1,0,1,Male,4,White
2030908713.0,13,Georgia,10929992,13089,DeKalb,764752.0,0.325474487414886,,1,6,1,2.0,0,0,0,0,0,1,0,Male,4,White
1980243647.0,13,Georgia,10929992,13059,Clarke,130067.0,0.922116813664291,1.0063835556,2,2,1,2.0,0,0,0,0,0,1,0,Female,2,White
2016915333.0,13,Georgia,10929992,13089,DeKalb,764752.0,4.54139376962948,,1,5,1,2.0,1,1,1,1,1,0,1,Male,4,White
2035020651.0,13,Georgia,10929992,13121,Fulton,1076385.0,2.86113934922402,0.3169991257,2,5,2,2.0,1,1,1,1,1,0,1,Female,4,Black
2013115491.0,13,Georgia,10929992,13113,Fayette,122106.0,0.0781316858259858,0.3995800833,1,3,1,1.0,0,0,0,0,0,1,0,Male,3,Hispanic
2016777525.0,13,Georgia,10929992,13121,Fulton,1076385.0,1.5267225827068,,1,6,3,1.0,1,1,1,1,1,0,1,Male,4,Hispanic
2017008631.0,13,Georgia,10929992,13151,Henry,248841.0,3.29472363715164,0.1179024625,2,2,2,2.0,0,0,0,0,0,0,0,Female,2,Black
2012767821.0,13,Georgia,10929992,13121,Fulton,1076385.0,0.441748190131557,0.8454179762,2,6,2,2.0,1,0,1,0,1,1,1,Female,4,Black
2041446437.0,13,Georgia,10929992,13089,DeKalb,764752.0,4.77383452659006,0.9019012023,1,5,4,2.0,1,1,0,1,1,1,1,Male,4,Other
2035652949.0,13,Georgia,10929992,13245,Richmond,206837.0,2.53780067430981,,2,2,4,1.0,1,1,0,0,0,1,0,Female,2,Hispanic
1999552483.0,13,Georgia,10929992,13151,Henry,248841.0,4.00519943170055,3.0161950157,1,5,2,2.0,1,1,1,0,1,0,0,Male,4,Black
2045862963.0,13,Georgia,10929992,13089,DeKalb,764752.0,0.949375753294544,1.0159230226,2,6,1,2.0,1,1,1,1,1,0,1,Female,4,White
2039765223.0,13,Georgia,10929992,13121,Fulton,1076385.0,0.961082471275447,1.3862219738,1,5,1,2.0,1,1,1,1,1,0,1,Male,4,White
2013240023.0,13,Georgia,10929992,13245,Richmond,206837.0,3.2547614992644,,2,3,1,2.0,1,0,1,0,1,0,0,Female,3,White
2037923719.0,13,Georgia,10929992,13277,Tift,41381.0,1.13776562759222,1.143879302,1,6,1,2.0,0,0,0,0,0,1,0,Male,4,White
1999239719.0,13,Georgia,10929992,13187,Lumpkin,34709.0,4.01592125595,,1,3,2,2.0,0,1,0,0,0,1,0,Male,3,Black
2045337691.0,13,Georgia,10929992,13245,Richmond,206837.0,0.573015139182309,0.6393116271,1,3,2,2.0,0,1,1,1,1,0,1,Male,3,Black
2030914981.0,13,Georgia,10929992,13135,Gwinnett,979814.0,3.17883472715835,2.5048068186,1,5,1,2.0,1,1,1,1,1,0,1,Male,4,White
2029453411.0,13,Georgia,10929992,13185,Lowndes,119517.0,0.220067078335751,0.2845561105,2,2,1,1.0,1,1,1,1,0,1,1,Female,2,Hispanic
1998370097.0,13,Georgia,10929992,13067,Cobb,774481.0,0.585015624066554,0.500203529,1,6,1,2.0,1,1,1,1,1,0,1,Male,4,White
1980103139.0,13,Georgia,10929992,13063,Clayton,298010.0,8.85502654618109,,1,2,3,1.0,1,1,1,1,0,1,1,Male,2,Hispanic
1993780993.0,13,Georgia,10929992,13073,Columbia,162441.0,0.629373811810401,0.5204195932,1,6,1,2.0,1,1,1,1,1,0,1,Male,4,White
2011796167.0,13,Georgia,10929992,13087,Decatur,29146.0,4.9407874739041,2.2258620371,1,2,2,2.0,1,1,1,0,1,1,1,Male,2,Black
2002924213.0,13,Georgia,10929992,13135,Gwinnett,979814.0,1.73471938326151,0.4324568084,1,3,2,2.0,0,0,0,0,0,1,0,Male,3,Black
2035447053.0,13,Georgia,10929992,13249,Schley,4507.0,0.573015139182309,0.6393116271,1,3,2,2.0,1,1,1,0,0,0,1,Male,3,Black
2011061471.0,13,Georgia,10929992,13135,Gwinnett,979814.0,4.83778366877761,,1,5,2,2.0,1,1,1,1,1,1,1,Male,4,Black
2039683133.0,13,Georgia,10929992,13097,Douglas,147617.0,1.90589747690198,,2,3,1,2.0,0,0,0,0,0,1,0,Female,3,White
2030393539.0,13,Georgia,10929992,13135,Gwinnett,979814.0,3.49132652605231,,1,6,2,2.0,0,0,1,1,1,1,0,Male,4,Black
1995808915.0,13,Georgia,10929992,13089,DeKalb,764752.0,0.531845391795984,0.3895816466,1,5,1,2.0,0,1,1,1,1,1,1,Male,4,White
1984185095.0,13,Georgia,10929992,13089,DeKalb,764752.0,0.468786157438095,0.5367251684000001,1,3,1,2.0,1,1,1,1,1,1,1,Male,3,White
1996991661.0,13,Georgia,10929992,13297,Walton,103235.0,0.712006191007207,0.5967359508,2,3,1,2.0,1,0,0,1,0,0,1,Female,3,White
2025169261.0,13,Georgia,10929992,13135,Gwinnett,979814.0,0.447407268322504,1.2849035019,2,5,4,2.0,1,1,1,1,1,0,1,Female,4,Other
2036627729.0,13,Georgia,10929992,13089,DeKalb,764752.0,6.82125467667791,4.7159854783,1,1,2,2.0,0,1,1,1,0,1,0,Male,1,Black
2011381195.0,13,Georgia,10929992,13263,Talbot,5763.0,1.08390198053129,0.9579687842,1,2,1,2.0,0,0,0,0,1,1,1,Male,2,White
2038902607.0,13,Georgia,10929992,13121,Fulton,1076385.0,1.31184384757515,,1,3,1,2.0,1,1,1,1,1,1,1,Male,3,White
1997567971.0,13,Georgia,10929992,13185,Lowndes,119517.0,0.629373811810401,0.5204195932,1,6,1,2.0,1,1,1,1,1,0,1,Male,4,White
2042328991.0,13,Georgia,10929992,13067,Cobb,774481.0,0.782064564836921,0.7854967005,1,5,1,2.0,0,0,0,0,0,1,0,Male,4,White
2034169707.0,13,Georgia,10929992,13171,Lamar,19465.0,1.39345011764757,1.2764705993,2,4,1,2.0,0,0,0,0,1,0,0,Female,3,White
2031551815.0,13,Georgia,10929992,13013,Barrow,89551.0,0.762634670405836,,1,4,2,2.0,0,1,1,1,0,1,1,Male,3,Black
2023332245.0,13,Georgia,10929992,13121,Fulton,1076385.0,0.949375753294544,1.0159230226,2,6,1,2.0,1,1,1,0,0,0,1,Female,4,White
1995896039.0,13,Georgia,10929992,13113,Fayette,122106.0,1.04698624923847,0.9963749734,2,3,1,2.0,0,1,0,0,1,1,0,Female,3,White
2011277541.0,13,Georgia,10929992,13095,Dougherty,83021.0,1.39345011764757,1.2764705993,2,3,1,2.0,0,0,0,0,0,1,0,Female,3,White
2000711435.0,13,Georgia,10929992,13057,Cherokee,281158.0,1.23596231852717,1.2981877754,1,5,1,2.0,0,0,0,0,0,1,0,Male,4,White
2018275033.0,13,Georgia,10929992,13119,Franklin,24155.0,0.842918642146119,0.7058991717,1,2,1,2.0,1,1,1,1,1,1,1,Male,2,White
2034551781.0,13,Georgia,10929992,13071,Colquitt,45935.0,3.36232695885538,,1,3,1,2.0,0,1,0,0,1,1,0,Male,3,White
2026743353.0,13,Georgia,10929992,13195,Madison,31450.0,1.63642006365957,1.2816805466,2,5,2,2.0,0,1,1,0,0,1,1,Female,4,Black
2039083325.0,13,Georgia,10929992,13067,Cobb,774481.0,0.34122728674413,,1,2,1,2.0,0,1,1,1,1,1,1,Male,2,White
2009252453.0,13,Georgia,10929992,13075,Cook,17398.0,2.98467951072852,,2,1,2,2.0,1,0,0,0,0,0,0,Female,1,Black
2034242875.0,13,Georgia,10929992,13277,Tift,41381.0,1.43218189036784,1.7761072815,2,5,1,2.0,1,0,0,0,0,1,0,Female,4,White
2010392579.0,13,Georgia,10929992,13067,Cobb,774481.0,2.94988793587466,,2,5,4,2.0,1,1,1,1,1,1,1,Female,4,Other
2012968869.0,13,Georgia,10929992,13245,Richmond,206837.0,1.58246540629472,0.9220955743,2,5,7,2.0,0,0,0,0,0,1,0,Female,4,Other
2032658047.0,13,Georgia,10929992,13279,Toombs,26868.0,2.97257811491592,,2,2,2,2.0,0,0,1,0,0,0,0,Female,2,Black
2038229869.0,13,Georgia,10929992,13151,Henry,248841.0,2.92417090045167,,1,2,3,1.0,1,1,1,1,1,1,1,Male,2,Hispanic
2026436035.0,13,Georgia,10929992,13095,Dougherty,83021.0,1.64439023916912,2.4155555252,1,2,2,2.0,1,1,1,1,1,0,1,Male,2,Black
1997396073.0,13,Georgia,10929992,13045,Carroll,124002.0,2.93403201605268,,2,2,1,2.0,0,1,0,1,1,1,0,Female,2,White
2025760161.0,13,Georgia,10929992,13039,Camden,57026.0,3.33799917081711,,1,1,1,2.0,1,0,1,1,1,0,0,Male,1,White
1996064521.0,13,Georgia,10929992,13185,Lowndes,119517.0,1.79623641786154,,1,5,1,2.0,0,0,0,0,0,1,0,Male,4,White
2039395371.0,13,Georgia,10929992,13055,Chattooga,24921.0,0.691011243124622,0.5222276123,2,5,1,2.0,1,1,0,0,1,1,0,Female,4,White
2009303495.0,13,Georgia,10929992,13063,Clayton,298010.0,0.934905154490734,1.0401707911,2,3,2,2.0,1,1,1,1,1,0,1,Female,3,Black
1999002275.0,13,Georgia,10929992,13067,Cobb,774481.0,2.777777102159,0.5357285908,1,2,1,2.0,0,0,0,0,1,1,0,Male,2,White
2010435241.0,13,Georgia,10929992,13187,Lumpkin,34709.0,1.25823305065428,1.2903257446,2,5,1,2.0,0,0,0,0,0,1,0,Female,4,White
2035667059.0,13,Georgia,10929992,13215,Muscogee,202697.0,0.614991598477415,,2,1,2,2.0,1,1,1,1,0,1,0,Female,1,Black
2028795729.0,13,Georgia,10929992,13291,Union,26413.0,1.13215458325335,,2,2,3,,0,0,0,0,0,0,0,Female,2,Hispanic
2022164023.0,13,Georgia,10929992,13313,Whitfield,103279.0,0.818924833710057,0.6916253189,2,6,1,2.0,1,1,1,1,1,1,1,Female,4,White
2003971253.0,13,Georgia,10929992,13057,Cherokee,281158.0,0.945389207470429,1.0071898876,2,5,1,2.0,0,0,0,0,0,1,0,Female,4,White
2043492659.0,13,Georgia,10929992,13135,Gwinnett,979814.0,5.17571307621635,,2,4,6,2.0,0,1,1,1,1,1,1,Female,3,Other
2013611089.0,13,Georgia,10929992,13121,Fulton,1076385.0,4.23076007709062,,1,5,1,2.0,1,1,0,1,0,1,1,Male,4,White
2022884191.0,13,Georgia,10929992,13151,Henry,248841.0,0.308350440545877,0.9569905264,2,3,2,2.0,1,1,1,0,1,1,1,Female,3,Black
2031636377.0,13,Georgia,10929992,13051,Chatham,301720.0,0.928655813140586,1.013326755,1,5,1,2.0,0,1,0,1,0,1,0,Male,4,White
1947271097.0,13,Georgia,10929992,13295,Walker,68963.0,1.36458293378526,1.0701870361,2,5,1,2.0,1,1,1,1,1,0,1,Female,4,White
2043238105.0,13,Georgia,10929992,13051,Chatham,301720.0,2.78424971152207,,2,3,1,2.0,0,0,0,0,0,0,0,Female,3,White
2008170051.0,13,Georgia,10929992,13067,Cobb,774481.0,0.697607596183855,0.4661567805,1,6,2,2.0,1,1,1,1,1,0,1,Male,4,Black
2019592449.0,13,Georgia,10929992,13051,Chatham,301720.0,0.922116813664291,,2,2,1,2.0,0,1,0,0,0,1,1,Female,2,White
2014773339.0,13,Georgia,10929992,13059,Clarke,130067.0,0.60306049033573,0.7679752524,2,6,1,2.0,1,1,1,1,1,0,1,Female,4,White
2017560267.0,13,Georgia,10929992,13093,Dooly,10607.0,0.707774715450865,0.5600220641,2,4,2,2.0,1,0,1,1,0,0,1,Female,3,Black
2000065245.0,13,Georgia,10929992,13047,Catoosa,68897.0,1.22500567226559,1.170232488,2,4,1,2.0,0,0,0,0,0,1,0,Female,3,White
2011522827.0,13,Georgia,10929992,13051,Chatham,301720.0,0.636749293543095,1.2522958649,1,3,1,2.0,1,0,1,0,1,1,0,Male,3,White
2013351451.0,13,Georgia,10929992,13215,Muscogee,202697.0,4.60360647533125,,2,6,2,2.0,1,0,1,0,1,1,1,Female,4,Black
2015793939.0,13,Georgia,10929992,13147,Hart,26813.0,1.52380642456644,1.5511067947,1,2,1,2.0,0,0,0,0,0,1,0,Male,2,White
2026743531.0,13,Georgia,10929992,13121,Fulton,1076385.0,0.865418617659401,0.8005873665000001,2,2,2,2.0,1,1,1,1,1,1,1,Female,2,Black
2015055857.0,13,Georgia,10929992,13153,Houston,169679.0,1.26353880586517,,2,6,1,2.0,1,1,1,1,1,0,1,Female,4,White
2014495729.0,13,Georgia,10929992,13121,Fulton,1076385.0,0.945389207470429,1.0071898876,2,5,1,2.0,1,1,1,1,1,1,0,Female,4,White
2011728193.0,13,Georgia,10929992,13089,DeKalb,764752.0,0.818924833710057,0.6916253189,2,6,1,2.0,1,1,1,1,1,0,1,Female,4,White
2013892505.0,13,Georgia,10929992,13117,Forsyth,267623.0,0.682153383817657,1.1990335146,2,2,1,2.0,1,1,1,1,0,1,0,Female,2,White
1995504429.0,13,Georgia,10929992,13089,DeKalb,764752.0,4.00519943170055,3.0161950157,1,5,2,2.0,1,1,1,1,1,1,1,Male,4,Black
2015615067.0,13,Georgia,10929992,13063,Clayton,298010.0,8.9391225589275,,2,2,4,2.0,1,1,1,1,0,1,1,Female,2,Other
2017673569.0,13,Georgia,10929992,13151,Henry,248841.0,0.791394750650222,,2,2,2,2.0,1,1,1,1,1,1,1,Female,2,Black
2012030643.0,13,Georgia,10929992,13083,Dade,16105.0,6.00872163436922,,2,2,1,2.0,1,1,1,0,1,1,1,Female,2,White
2022098253.0,13,Georgia,10929992,13057,Cherokee,281158.0,0.928655813140586,1.013326755,1,5,1,2.0,0,0,0,0,0,1,0,Male,4,White
2021959253.0,13,Georgia,10929992,13045,Carroll,124002.0,0.531845391795984,0.3895816466,1,5,1,2.0,1,1,1,1,1,1,1,Male,4,White
2034391857.0,48,Texas,30118002,48251,Johnson,195956.0,3.18328976590068,1.1894739404,1,3,1,1.0,1,1,1,1,1,0,1,Male,3,Hispanic
2031179247.0,48,Texas,30118002,48157,Fort Bend,893314.0,1.34538424272663,1.322990213,1,6,1,2.0,0,0,0,0,0,1,0,Male,4,White
2031376061.0,48,Texas,30118002,48133,Eastland,17895.0,3.4326260283362,,2,2,1,2.0,1,0,0,0,0,1,0,Female,2,White
2013032341.0,48,Texas,30118002,48085,Collin,1163646.0,0.542741900419408,,1,6,4,2.0,1,1,1,1,1,0,1,Male,4,Other
2036914255.0,48,Texas,30118002,48201,Harris,4809691.0,0.838010915879665,,2,6,1,2.0,1,1,1,1,1,0,1,Female,4,White
2025650127.0,48,Texas,30118002,48201,Harris,4809691.0,0.584904973672719,,1,4,1,2.0,1,1,1,1,1,0,1,Male,3,White
2018173309.0,48,Texas,30118002,48157,Fort Bend,893314.0,0.885274079094772,0.5647942245,1,6,3,,0,1,0,0,1,1,0,Male,4,Hispanic
2030730065.0,48,Texas,30118002,48355,Nueces,351831.0,1.2957574076254,,2,1,1,2.0,1,1,1,0,1,1,1,Female,1,White
2015450939.0,48,Texas,30118002,48453,Travis,1335984.0,1.58407285638309,2.0680950932,2,5,3,,0,0,1,0,0,1,0,Female,4,Hispanic
2022324487.0,48,Texas,30118002,48201,Harris,4809691.0,1.80465897510715,2.4517192036,1,5,1,2.0,1,0,0,0,0,1,0,Male,4,White
2034764225.0,48,Texas,30118002,48139,Ellis,212488.0,0.273008960726137,0.2216090496,2,2,1,2.0,1,1,0,1,1,1,0,Female,2,White
2040921647.0,48,Texas,30118002,48439,Tarrant,2160356.0,4.40320709206831,,2,3,2,2.0,0,1,1,0,1,0,0,Female,3,Black
2042138775.0,48,Texas,30118002,48215,Hidalgo,888619.0,15.0614388091749,0.9805527115,1,3,3,,1,0,0,1,0,0,0,Male,3,Hispanic
2018873175.0,48,Texas,30118002,48201,Harris,4809691.0,4.04183886993824,,1,2,3,1.0,1,1,1,1,1,0,1,Male,2,Hispanic
2019855819.0,48,Texas,30118002,48439,Tarrant,2160356.0,1.45496499999877,0.4724797322,1,3,6,2.0,0,0,0,0,0,1,0,Male,3,Other
2037647351.0,48,Texas,30118002,48039,Brazoria,388637.0,0.659363109015274,,1,2,1,2.0,0,0,0,0,0,1,0,Male,2,White
2014689967.0,48,Texas,30118002,48309,McLennan,266125.0,0.651366004348982,,1,4,3,1.0,1,1,1,0,1,1,1,Male,3,Hispanic
2039117799.0,48,Texas,30118002,48201,Harris,4809691.0,2.19934354637596,3.770352515,2,5,2,2.0,0,1,0,0,0,0,1,Female,4,Black
2021521537.0,48,Texas,30118002,48113,Dallas,2613911.0,1.83160958128387,,1,2,6,1.0,1,1,1,1,1,1,1,Male,2,Hispanic
1999723465.0,48,Texas,30118002,48199,Hardin,57802.0,1.37193805723519,1.5437551991,2,5,1,2.0,0,0,1,0,1,1,0,Female,4,White
1998327611.0,48,Texas,30118002,48029,Bexar,2065661.0,1.6040144758031,0.6402526835,2,2,1,2.0,1,1,0,0,0,0,0,Female,2,White
2036985965.0,48,Texas,30118002,48085,Collin,1163646.0,1.90081403462179,0.9493423473,2,5,1,2.0,0,0,1,0,1,0,0,Female,4,White
1998054475.0,48,Texas,30118002,48029,Bexar,2065661.0,2.15262206359531,,1,5,3,1.0,1,1,1,1,1,0,1,Male,4,Hispanic
2014198233.0,48,Texas,30118002,48221,Hood,66299.0,3.01582053282331,,2,2,1,2.0,1,1,1,1,1,0,1,Female,2,White
2014439765.0,48,Texas,30118002,48439,Tarrant,2160356.0,0.699155756299044,0.6734984263,2,5,1,2.0,1,1,1,1,1,0,1,Female,4,White
2011088451.0,48,Texas,30118002,48257,Kaufman,172773.0,0.495458646921176,0.5510454312,2,2,1,2.0,1,1,1,1,1,0,1,Female,2,White
2014365747.0,48,Texas,30118002,48049,Brown,38399.0,1.05057569121484,1.0138379978,2,3,1,2.0,0,0,0,1,1,1,0,Female,3,White
2030233611.0,48,Texas,30118002,48009,Archer,8866.0,0.789363242039167,0.7913717783,2,3,1,2.0,0,0,0,0,0,1,0,Female,3,White
1984568125.0,48,Texas,30118002,48209,Hays,269554.0,4.34392858437796,,2,3,3,1.0,1,1,1,1,1,1,1,Female,3,Hispanic
2037806893.0,48,Texas,30118002,48485,Wichita,130106.0,0.392738173437579,0.6247283046000001,1,5,1,2.0,1,1,1,1,1,1,1,Male,4,White
2039699719.0,48,Texas,30118002,48115,Dawson,12167.0,0.984639333532489,0.9109939431,1,6,1,2.0,0,0,0,0,0,1,0,Male,4,White
2015591831.0,48,Texas,30118002,48201,Harris,4809691.0,15.0614388091749,15.0172750693,2,1,3,1.0,0,0,0,0,0,0,0,Female,1,Hispanic
2010214587.0,48,Texas,30118002,48339,Montgomery,681285.0,4.43820322084076,,2,1,3,1.0,1,1,1,1,1,1,1,Female,1,Hispanic
2029084547.0,48,Texas,30118002,48423,Smith,242225.0,0.751746308486579,,2,2,1,2.0,0,0,1,0,0,1,0,Female,2,White
2002206665.0,48,Texas,30118002,48201,Harris,4809691.0,2.75226084323893,,2,5,4,2.0,1,1,1,1,1,1,0,Female,4,Other
2015570309.0,48,Texas,30118002,48201,Harris,4809691.0,1.72723431622277,0.8289583357,2,4,1,2.0,1,1,1,1,1,0,1,Female,3,White
2043994445.0,48,Texas,30118002,48441,Taylor,145346.0,1.95657046416001,,2,2,3,,0,0,0,1,0,0,0,Female,2,Hispanic
2045336783.0,48,Texas,30118002,48029,Bexar,2065661.0,0.572706293049119,0.5440642122,2,3,2,2.0,1,1,1,1,1,1,1,Female,3,Black
2036627805.0,48,Texas,30118002,48453,Travis,1335984.0,0.952557948732081,0.9607449696,1,3,1,2.0,0,1,0,0,1,1,0,Male,3,White
2014159481.0,48,Texas,30118002,48467,Van Zandt,62858.0,1.6140981750233,1.5923414036,2,5,1,2.0,0,0,0,0,0,1,0,Female,4,White
2033280277.0,48,Texas,30118002,48113,Dallas,2613911.0,2.5178642059821,,2,5,1,2.0,0,0,0,0,1,0,0,Female,4,White
2034455539.0,48,Texas,30118002,48139,Ellis,212488.0,4.48403453942263,,2,3,1,2.0,1,1,0,1,1,0,0,Female,3,White
2016006553.0,48,Texas,30118002,48469,Victoria,91138.0,0.139785039517216,,2,2,1,1.0,1,0,0,1,1,0,0,Female,2,Hispanic
2031148379.0,48,Texas,30118002,48439,Tarrant,2160356.0,0.911805601369517,0.8519385611,2,2,2,2.0,0,1,1,1,1,1,1,Female,2,Black
1983228057.0,48,Texas,30118002,48201,Harris,4809691.0,0.590480768287943,0.7108301192,1,3,1,2.0,0,0,0,0,0,1,0,Male,3,White
2012105041.0,48,Texas,30118002,48085,Collin,1163646.0,3.80804305396127,,2,5,1,2.0,0,1,1,1,1,1,1,Female,4,White
2022896089.0,48,Texas,30118002,48453,Travis,1335984.0,0.514551545229366,0.312886893,2,6,6,2.0,1,1,1,1,1,0,1,Female,4,Other
2010539955.0,48,Texas,30118002,48121,Denton,980835.0,0.53538571808478,0.5211952994,2,4,1,2.0,1,1,1,1,1,1,1,Female,3,White
2010585149.0,48,Texas,30118002,48113,Dallas,2613911.0,0.63279481265297,0.6164533931,2,3,2,2.0,1,1,0,0,0,0,0,Female,3,Black
2038771013.0,48,Texas,30118002,48439,Tarrant,2160356.0,3.55385383609253,1.2266403146,1,5,1,2.0,0,0,0,0,0,1,0,Male,4,White
2045589695.0,48,Texas,30118002,48113,Dallas,2613911.0,3.5441550514837,,2,4,3,,1,1,1,1,1,1,1,Female,3,Hispanic
2026416849.0,48,Texas,30118002,48201,Harris,4809691.0,4.43820322084076,,2,1,3,,1,1,1,1,0,1,0,Female,1,Hispanic
2039087031.0,48,Texas,30118002,48201,Harris,4809691.0,2.51100076850026,,1,5,1,2.0,1,1,1,1,1,1,1,Male,4,White
2045751579.0,48,Texas,30118002,48085,Collin,1163646.0,4.1645570716471,,1,3,3,,0,1,0,1,1,1,0,Male,3,Hispanic
2008957553.0,48,Texas,30118002,48303,Lubbock,317940.0,1.59843959045105,1.1516148565,1,5,1,2.0,1,0,0,0,0,1,0,Male,4,White
2018907757.0,48,Texas,30118002,48085,Collin,1163646.0,1.66060823911952,1.7147260887,2,5,1,2.0,1,1,1,1,1,0,1,Female,4,White
2014500813.0,48,Texas,30118002,48029,Bexar,2065661.0,2.18363007874754,,2,3,3,,0,0,0,0,1,1,0,Female,3,Hispanic
1998772551.0,48,Texas,30118002,48201,Harris,4809691.0,1.82015565970146,4.3919145268,1,6,2,2.0,0,1,0,0,1,1,0,Male,4,Black
2035667251.0,48,Texas,30118002,48453,Travis,1335984.0,1.61965241072119,1.8922064844,1,3,1,2.0,1,1,1,1,1,0,1,Male,3,White
2018385477.0,48,Texas,30118002,48201,Harris,4809691.0,1.25678409321467,,1,2,4,2.0,1,0,0,0,0,0,0,Male,2,Other
2020187511.0,48,Texas,30118002,48439,Tarrant,2160356.0,0.900982925546363,0.9445841482,1,2,1,2.0,0,0,0,0,0,1,0,Male,2,White
2009583085.0,48,Texas,30118002,48439,Tarrant,2160356.0,4.04582077409679,0.5891389199,2,3,2,2.0,1,1,1,0,1,1,1,Female,3,Black
2011366563.0,48,Texas,30118002,48449,Titus,31222.0,1.13808917485082,2.2259360998,1,1,1,2.0,0,0,0,0,0,1,0,Male,1,White
2041623309.0,48,Texas,30118002,48201,Harris,4809691.0,0.499427279319706,0.4807025463,1,2,1,2.0,1,1,0,0,1,1,1,Male,2,White
1996994167.0,48,Texas,30118002,48157,Fort Bend,893314.0,0.796385810886512,0.5706074112,2,5,2,2.0,1,1,0,1,1,0,1,Female,4,Black
2012974135.0,48,Texas,30118002,48309,McLennan,266125.0,1.05057569121484,1.0138379978,2,3,1,2.0,0,0,0,0,0,1,0,Female,3,White
1997099543.0,48,Texas,30118002,48409,San Patricio,70043.0,1.77085352076413,1.9524456348,2,6,1,2.0,0,0,0,0,0,1,0,Female,4,White
2021082349.0,48,Texas,30118002,48361,Orange,85103.0,7.2090717240243,,3,2,6,1.0,1,1,1,1,1,0,1,,2,Hispanic
2028876077.0,48,Texas,30118002,48183,Gregg,125614.0,0.565001160703655,,2,1,1,2.0,0,0,0,0,0,0,0,Female,1,White
2021539163.0,48,Texas,30118002,48029,Bexar,2065661.0,9.50083137240926,,1,1,1,1.0,1,0,0,0,0,1,1,Male,1,Hispanic
1998975007.0,48,Texas,30118002,48423,Smith,242225.0,1.13808917485082,2.3323563211,1,1,1,2.0,0,0,0,0,0,0,0,Male,1,White
2013145109.0,48,Texas,30118002,48201,Harris,4809691.0,2.410125073925,2.0703131704,1,6,1,2.0,0,0,0,0,0,1,0,Male,4,White
2039431221.0,48,Texas,30118002,48245,Jefferson,252341.0,2.74159828372576,,2,2,2,2.0,1,1,0,0,1,0,0,Female,2,Black
2031058103.0,48,Texas,30118002,48029,Bexar,2065661.0,0.485985956991489,0.5881947036,2,3,7,1.0,0,1,1,1,1,1,1,Female,3,Hispanic
2031332481.0,48,Texas,30118002,48381,Randall,146088.0,2.12641584862788,0.9763420094,2,3,1,2.0,1,1,1,1,1,0,1,Female,3,White
2032396143.0,48,Texas,30118002,48367,Parker,165814.0,1.47009379503298,,2,2,3,1.0,0,1,1,1,0,1,1,Female,2,Hispanic
2036251069.0,48,Texas,30118002,48491,Williamson,674478.0,11.101660826,,1,1,3,,1,1,1,1,1,1,1,Male,1,Hispanic
1998388905.0,48,Texas,30118002,48251,Johnson,195956.0,1.32787320828802,3.3210870819,1,1,1,2.0,0,1,0,0,0,1,0,Male,1,White
2014193569.0,48,Texas,30118002,48029,Bexar,2065661.0,3.05923291961696,,2,2,3,1.0,1,0,0,1,0,1,1,Female,2,Hispanic
2023573723.0,48,Texas,30118002,48439,Tarrant,2160356.0,1.57670512651698,,2,2,1,2.0,1,1,1,1,1,1,1,Female,2,White
2015209811.0,48,Texas,30118002,48201,Harris,4809691.0,1.0308228924313,1.20500938,2,5,1,2.0,1,0,1,1,1,1,0,Female,4,White
2039366697.0,48,Texas,30118002,48439,Tarrant,2160356.0,1.37193805723519,1.5437551991,2,5,1,2.0,0,0,0,0,0,1,0,Female,4,White
2016555327.0,48,Texas,30118002,48473,Waller,62110.0,7.54148881107655,,1,6,2,2.0,1,1,1,1,1,0,1,Male,4,Black
2034943903.0,48,Texas,30118002,48039,Brazoria,388637.0,1.62606004171056,,1,2,1,2.0,1,1,0,0,1,0,0,Male,2,White
2039641925.0,48,Texas,30118002,48041,Brazos,242285.0,2.94368395984349,,1,3,1,2.0,1,1,1,1,1,0,1,Male,3,White
2020731161.0,48,Texas,30118002,48201,Harris,4809691.0,0.785879945068935,0.9106548964,1,3,1,2.0,0,0,1,0,0,1,0,Male,3,White
2042327845.0,48,Texas,30118002,48265,Kerr,53782.0,0.972644365570082,0.8725295184,1,5,1,2.0,0,0,0,0,0,0,0,Male,4,White
2028875039.0,48,Texas,30118002,48245,Jefferson,252341.0,0.751746308486579,0.8903037936,2,2,1,2.0,0,1,0,0,0,1,0,Female,2,White
2039562799.0,48,Texas,30118002,48157,Fort Bend,893314.0,1.96360200329152,1.9027131316,2,3,4,2.0,1,1,0,0,0,1,1,Female,3,Other
2014915985.0,48,Texas,30118002,48085,Collin,1163646.0,0.230595568362687,0.6715872956000001,2,5,1,2.0,1,1,1,0,1,0,1,Female,4,White
2021899197.0,48,Texas,30118002,48085,Collin,1163646.0,9.9789509063458,12.7731321542,2,6,4,2.0,0,1,0,0,1,1,1,Female,4,Other
2023461635.0,48,Texas,30118002,48201,Harris,4809691.0,0.620455702837901,,1,2,2,2.0,1,1,1,1,0,1,0,Male,2,Black
1999601329.0,48,Texas,30118002,48095,Concho,3392.0,4.01380197621813,,2,2,1,2.0,0,0,0,0,1,1,0,Female,2,White
2016839831.0,48,Texas,30118002,48029,Bexar,2065661.0,0.475019312830204,0.28953488,2,3,3,,1,1,0,0,1,1,1,Female,3,Hispanic
2042351821.0,48,Texas,30118002,48439,Tarrant,2160356.0,1.01159796194813,1.287466853,2,3,2,2.0,0,1,1,1,0,1,1,Female,3,Black
2030903569.0,48,Texas,30118002,48209,Hays,269554.0,0.704488744473644,,2,2,3,,1,0,1,1,0,1,0,Female,2,Hispanic
2011242933.0,48,Texas,30118002,48355,Nueces,351831.0,1.17406623762778,0.9632314203,1,2,2,2.0,1,1,1,1,1,1,1,Male,2,Black
2015211323.0,48,Texas,30118002,48339,Montgomery,681285.0,0.287678296203334,1.3476123594,2,3,1,2.0,1,1,1,1,0,0,1,Female,3,White
2011638101.0,48,Texas,30118002,48453,Travis,1335984.0,1.75568560650766,,2,6,2,2.0,0,0,0,0,0,1,0,Female,4,Black
1993755369.0,48,Texas,30118002,48029,Bexar,2065661.0,4.32804425988214,,2,1,1,1.0,0,0,1,1,1,0,0,Female,1,Hispanic
2038230539.0,48,Texas,30118002,48141,El Paso,868332.0,1.65903822594973,,1,5,3,1.0,1,1,1,0,1,1,1,Male,4,Hispanic
2014605037.0,48,Texas,30118002,48121,Denton,980835.0,0.785879945068935,0.9106548964,1,3,1,2.0,0,0,0,0,0,1,0,Male,3,White
2029188001.0,48,Texas,30118002,48245,Jefferson,252341.0,3.4326260283362,,2,2,1,2.0,1,0,0,1,0,0,1,Female,2,White
1984166745.0,48,Texas,30118002,48121,Denton,980835.0,0.45631870372205,0.5786387963,1,5,4,2.0,1,0,0,0,1,1,0,Male,4,Other
2014183395.0,48,Texas,30118002,48215,Hidalgo,888619.0,13.246881727957,,2,1,3,1.0,0,1,0,0,1,1,1,Female,1,Hispanic
2034416969.0,48,Texas,30118002,48099,Coryell,84160.0,0.715716380008614,0.7499289401,1,4,1,2.0,0,0,0,0,0,1,0,Male,3,White
2030943113.0,48,Texas,30118002,48245,Jefferson,252341.0,2.52344844124022,,1,3,2,2.0,1,1,1,0,1,1,1,Male,3,Black
2045149017.0,48,Texas,30118002,48423,Smith,242225.0,1.37193805723519,1.5437551991,2,5,1,2.0,0,0,0,0,0,1,1,Female,4,White
2030535519.0,48,Texas,30118002,48209,Hays,269554.0,1.72922001244269,,1,2,1,2.0,1,1,0,1,1,0,1,Male,2,White
2020991721.0,48,Texas,30118002,48029,Bexar,2065661.0,0.751746308486579,0.8903037936,2,2,1,2.0,0,1,0,1,1,1,0,Female,2,White
2036226321.0,48,Texas,30118002,48217,Hill,37314.0,5.90687299353035,,2,1,3,,0,1,1,0,0,1,1,Female,1,Hispanic
2041662165.0,48,Texas,30118002,48439,Tarrant,2160356.0,0.81254434033552,0.8599864348,1,5,1,2.0,0,0,0,0,0,1,0,Male,4,White
2034630351.0,48,Texas,30118002,48477,Washington,36371.0,3.34905710356562,,1,3,4,2.0,1,1,1,1,1,0,1,Male,3,Other
2042330935.0,48,Texas,30118002,48491,Williamson,674478.0,1.64231984935675,1.5696436247,2,3,1,2.0,0,0,1,0,0,1,0,Female,3,White
2036915333.0,48,Texas,30118002,48029,Bexar,2065661.0,0.704488744473644,,2,2,3,,1,1,1,1,1,1,1,Female,2,Hispanic
2039953329.0,48,Texas,30118002,48141,El Paso,868332.0,0.80297929975832,0.6778971274000001,2,6,1,2.0,1,1,1,1,1,1,1,Female,4,White
1999672395.0,48,Texas,30118002,48339,Montgomery,681285.0,0.699155756299044,0.6734984263,2,5,1,2.0,1,1,1,1,1,0,1,Female,4,White
2034750971.0,48,Texas,30118002,48231,Hunt,108546.0,0.584904973672719,0.7274806339000001,1,3,1,2.0,1,1,1,1,1,0,1,Male,3,White
2018613783.0,48,Texas,30118002,48491,Williamson,674478.0,5.2180074193563,,1,1,1,1.0,0,1,1,1,1,1,1,Male,1,Hispanic
2025811267.0,48,Texas,30118002,48167,Galveston,357747.0,5.88501067956746,,3,3,1,2.0,1,1,1,1,1,0,1,,3,White
2031168537.0,48,Texas,30118002,48491,Williamson,674478.0,4.1645570716471,,1,3,1,1.0,1,1,1,1,1,0,1,Male,3,Hispanic
2044726389.0,48,Texas,30118002,48061,Cameron,425841.0,0.651366004348982,,1,3,3,,1,1,1,0,1,0,1,Male,3,Hispanic
2044237485.0,48,Texas,30118002,48091,Comal,184600.0,1.27412761388213,,2,2,3,,1,1,1,0,1,0,1,Female,2,Hispanic
2014236703.0,48,Texas,30118002,48201,Harris,4809691.0,3.05923291961696,,2,2,3,1.0,1,1,1,0,1,1,1,Female,2,Hispanic
2034763283.0,48,Texas,30118002,48397,Rockwall,123439.0,0.338136100470753,1.6346063078,2,5,2,2.0,0,0,0,0,0,1,0,Female,4,Black
2035328333.0,48,Texas,30118002,48201,Harris,4809691.0,2.56739703307334,2.7635976126,2,6,4,2.0,1,1,1,1,1,1,1,Female,4,Other
2015276163.0,48,Texas,30118002,48493,Wilson,52752.0,0.632172014848346,,1,2,3,,1,0,1,0,1,0,1,Male,2,Hispanic
2002591205.0,48,Texas,30118002,48217,Hill,37314.0,0.943732458254125,1.1889084863,2,5,1,2.0,1,1,1,1,1,0,1,Female,4,White
1995818847.0,48,Texas,30118002,48453,Travis,1335984.0,2.03768125542124,,1,3,3,1.0,1,1,0,1,1,1,0,Male,3,Hispanic
2036915033.0,48,Texas,30118002,48453,Travis,1335984.0,1.93369640819446,0.5817189244000001,1,6,3,1.0,1,1,1,1,1,0,1,Male,4,Hispanic
2045310185.0,48,Texas,30118002,48113,Dallas,2613911.0,1.97491345836197,1.0116734851,1,3,3,,1,1,1,1,1,1,1,Male,3,Hispanic
2020036935.0,48,Texas,30118002,48303,Lubbock,317940.0,0.331184335821327,,1,2,3,,0,0,0,0,0,1,0,Male,2,Hispanic
2041058153.0,48,Texas,30118002,48201,Harris,4809691.0,4.04183886993824,2.1897545224,1,2,3,1.0,1,1,1,1,1,1,1,Male,2,Hispanic
2016591773.0,48,Texas,30118002,48451,Tom Green,118979.0,1.37193805723519,,2,5,1,2.0,0,1,0,0,1,1,0,Female,4,White
2037423889.0,48,Texas,30118002,48389,Reeves,11771.0,1.28205223318849,,2,1,3,,0,1,1,1,1,1,0,Female,1,Hispanic
1998976149.0,48,Texas,30118002,48167,Galveston,357747.0,0.250601048890306,0.6167231424,2,5,1,2.0,1,1,1,1,1,0,1,Female,4,White
2026086497.0,48,Texas,30118002,48113,Dallas,2613911.0,1.5625828306135,1.80081134,1,2,2,2.0,0,1,0,0,1,1,1,Male,2,Black
2037826015.0,48,Texas,30118002,48355,Nueces,351831.0,2.1641483429908,,1,2,1,2.0,0,0,0,0,1,1,0,Male,2,White
2040050607.0,48,Texas,30118002,48453,Travis,1335984.0,2.29859308165542,,2,2,3,2.0,1,1,1,1,0,1,1,Female,2,Hispanic
2038734953.0,48,Texas,30118002,48041,Brazos,242285.0,0.504422812372269,1.39690819,2,5,2,1.0,1,1,0,0,1,1,1,Female,4,Black
1995905175.0,48,Texas,30118002,48355,Nueces,351831.0,1.35404486482462,1.02510904,1,5,2,2.0,1,1,1,1,1,0,1,Male,4,Black
1997208223.0,48,Texas,30118002,48157,Fort Bend,893314.0,1.01087135035368,1.0326867998,1,6,1,2.0,0,0,0,0,0,1,0,Male,4,White
2000589233.0,48,Texas,30118002,48307,McCulloch,7505.0,4.28870504069873,4.4321864903,1,2,1,2.0,0,0,0,1,0,0,0,Male,2,White
2032774613.0,48,Texas,30118002,48441,Taylor,145346.0,3.31262119327182,,1,2,3,,1,1,1,0,1,1,1,Male,2,Hispanic
2034527375.0,48,Texas,30118002,48115,Dawson,12167.0,4.17955108078717,,1,3,2,2.0,0,1,1,0,0,0,0,Male,3,Black
2036759093.0,48,Texas,30118002,48309,McLennan,266125.0,0.584904973672719,0.7274806339000001,1,3,1,2.0,1,1,1,1,1,0,1,Male,3,White
2039182663.0,48,Texas,30118002,48121,Denton,980835.0,0.723369539702199,0.9661502107,2,5,1,2.0,1,1,1,1,1,0,1,Female,4,White
2034826331.0,48,Texas,30118002,48201,Harris,4809691.0,0.739821131457671,0.7110947689,1,6,1,2.0,0,0,0,0,0,1,0,Male,4,White
2037826415.0,48,Texas,30118002,48187,Guadalupe,183092.0,1.04415913607436,,2,3,1,2.0,1,1,1,1,1,1,1,Female,3,White
1997463371.0,48,Texas,30118002,48141,El Paso,868332.0,0.590480768287943,0.7108301192,1,3,1,2.0,0,0,0,0,0,1,0,Male,3,White
2012831099.0,48,Texas,30118002,48029,Bexar,2065661.0,1.58874007704426,0.9331775586,2,6,3,1.0,0,0,0,0,0,1,0,Female,4,Hispanic
2030612515.0,48,Texas,30118002,48341,Moore,21092.0,2.25180203076218,,1,3,1,2.0,1,1,1,1,1,1,1,Male,3,White
2039851275.0,48,Texas,30118002,48439,Tarrant,2160356.0,5.98694211208326,2.8925697187,1,3,1,2.0,1,1,1,1,1,0,1,Male,3,White
1982863467.0,48,Texas,30118002,48491,Williamson,674478.0,3.01582053282331,,2,2,1,2.0,0,0,0,0,1,1,1,Female,2,White
2022094529.0,48,Texas,30118002,48113,Dallas,2613911.0,0.466281902775537,0.3905813746,2,5,1,2.0,1,1,1,1,1,0,1,Female,4,White
2032878497.0,48,Texas,30118002,48157,Fort Bend,893314.0,1.26683397098381,1.2884230651,1,3,3,,0,0,1,1,1,1,1,Male,3,Hispanic
1995230433.0,48,Texas,30118002,48029,Bexar,2065661.0,3.31159106663292,0.6853102685,1,3,3,1.0,1,0,1,1,1,1,0,Male,3,Hispanic
2015128391.0,48,Texas,30118002,48201,Harris,4809691.0,0.843383569210275,,1,4,2,2.0,1,1,1,1,1,1,1,Male,3,Black
2041514417.0,48,Texas,30118002,48029,Bexar,2065661.0,0.209002608351663,,1,3,2,2.0,1,1,1,1,1,0,1,Male,3,Black
2029848327.0,48,Texas,30118002,48203,Harrison,69995.0,4.17524806112143,,1,1,2,2.0,1,0,1,0,1,0,0,Male,1,Black
2011324811.0,48,Texas,30118002,48085,Collin,1163646.0,0.751746308486579,0.8903037936,2,2,1,2.0,1,1,1,0,1,1,0,Female,2,White
2039594381.0,48,Texas,30118002,48439,Tarrant,2160356.0,1.47009379503298,0.5099930058000001,2,2,3,,1,1,1,1,1,0,1,Female,2,Hispanic
2013724433.0,48,Texas,30118002,48029,Bexar,2065661.0,1.26671018562962,0.925249481,1,6,2,2.0,1,1,1,1,1,0,1,Male,4,Black
2039581339.0,48,Texas,30118002,48085,Collin,1163646.0,1.35404486482462,1.02510904,1,5,2,2.0,1,1,1,1,1,0,1,Male,4,Black
2014554005.0,48,Texas,30118002,48309,McLennan,266125.0,1.12694323610679,1.1555818705,2,5,1,2.0,0,1,0,1,1,1,0,Female,4,White
2028972783.0,48,Texas,30118002,48491,Williamson,674478.0,5.58065972902862,,1,2,3,,1,0,1,1,1,1,0,Male,2,Hispanic
2015763557.0,48,Texas,30118002,48201,Harris,4809691.0,2.69189085484505,,2,5,2,2.0,1,1,0,0,1,1,0,Female,4,Black
2014140155.0,48,Texas,30118002,48121,Denton,980835.0,0.721641636709042,0.7651611633000001,1,4,1,1.0,1,1,1,1,1,1,1,Male,3,Hispanic
2011198247.0,48,Texas,30118002,48491,Williamson,674478.0,2.33462429716844,,2,3,1,1.0,1,0,0,1,1,1,1,Female,3,Hispanic
2014193695.0,48,Texas,30118002,48321,Matagorda,36107.0,6.26299681641652,,2,3,1,2.0,1,1,1,0,1,1,1,Female,3,White
2034491723.0,48,Texas,30118002,48201,Harris,4809691.0,3.12213809671458,,1,2,3,,0,1,0,0,0,0,1,Male,2,Hispanic
2038229901.0,48,Texas,30118002,48029,Bexar,2065661.0,3.86389035355814,,2,5,3,2.0,1,1,1,1,1,0,1,Female,4,Hispanic
2043472997.0,48,Texas,30118002,48139,Ellis,212488.0,1.4806126282553,,2,1,1,2.0,1,1,1,1,0,1,1,Female,1,White
2014539769.0,48,Texas,30118002,48201,Harris,4809691.0,4.21568715606714,,1,2,1,2.0,1,0,1,0,1,0,0,Male,2,White
2017060513.0,48,Texas,30118002,48057,Calhoun,19709.0,0.623121001432454,1.8103964101,1,5,1,2.0,0,0,0,1,1,1,0,Male,4,White
2009206881.0,48,Texas,30118002,48441,Taylor,145346.0,0.590480768287943,0.7108301192,1,4,1,2.0,0,0,0,0,0,1,0,Male,3,White
2026742555.0,48,Texas,30118002,48355,Nueces,351831.0,5.51044537172216,1.3185950287,2,2,3,1.0,1,1,1,1,1,0,1,Female,2,Hispanic
2045958805.0,48,Texas,30118002,48141,El Paso,868332.0,1.68070682890857,0.7398897369,2,3,6,1.0,1,1,1,1,1,0,1,Female,3,Hispanic
2034410919.0,48,Texas,30118002,48201,Harris,4809691.0,4.32823973842507,,2,3,2,2.0,1,0,0,1,0,0,0,Female,3,Black
1977152709.0,48,Texas,30118002,48279,Lamb,12747.0,0.115048766800284,0.405479305,1,4,3,1.0,1,1,1,1,1,0,1,Male,3,Hispanic
2042328493.0,48,Texas,30118002,48029,Bexar,2065661.0,0.972644365570082,0.8725295184,1,5,1,2.0,0,0,0,0,0,1,0,Male,4,White
2021899731.0,48,Texas,30118002,48471,Walker,79826.0,1.70580125942786,0.9977945189,2,6,1,2.0,1,0,0,1,1,1,1,Female,4,White
2007758535.0,48,Texas,30118002,48029,Bexar,2065661.0,1.28167520310644,1.1892830026,2,6,1,2.0,0,0,0,0,1,1,0,Female,4,White
2015063949.0,48,Texas,30118002,48439,Tarrant,2160356.0,1.27412761388213,,2,2,3,1.0,1,1,1,1,1,1,1,Female,2,Hispanic
1998206853.0,48,Texas,30118002,48157,Fort Bend,893314.0,2.96415397259181,0.4174158148,2,3,4,2.0,1,1,1,0,1,0,1,Female,3,Other
2011899623.0,48,Texas,30118002,48183,Gregg,125614.0,0.982759042738827,1.2053311204,2,5,6,1.0,1,1,1,1,1,1,1,Female,4,Hispanic
1993289063.0,48,Texas,30118002,48201,Harris,4809691.0,1.0907585166262,,2,5,3,1.0,1,1,1,1,1,1,1,Female,4,Hispanic
2019415337.0,48,Texas,30118002,48187,Guadalupe,183092.0,1.03327569527665,1.2289276878,1,2,1,2.0,0,1,0,0,0,0,0,Male,2,White
2030983147.0,48,Texas,30118002,48249,Jim Wells,38747.0,1.47009379503298,,2,2,3,,1,1,1,1,1,1,1,Female,2,Hispanic
2014965909.0,48,Texas,30118002,48157,Fort Bend,893314.0,2.16460217159538,2.5853011614,1,5,2,2.0,0,0,0,0,0,1,0,Male,4,Black
2017406501.0,48,Texas,30118002,48213,Henderson,84610.0,1.97036221098385,,1,2,2,2.0,0,1,1,1,1,0,0,Male,2,Black
2044044055.0,48,Texas,30118002,48439,Tarrant,2160356.0,5.35306812159804,,1,1,3,,1,1,0,1,1,1,0,Male,1,Hispanic
2035520763.0,48,Texas,30118002,48245,Jefferson,252341.0,0.900982925546363,0.9445841482,1,2,1,2.0,0,0,0,0,0,1,0,Male,2,White
2024662167.0,48,Texas,30118002,48491,Williamson,674478.0,2.98148303711974,,1,2,3,,1,1,0,0,1,1,1,Male,2,Hispanic
2014291953.0,48,Texas,30118002,48113,Dallas,2613911.0,0.17061241925698,,2,2,2,2.0,1,0,1,1,0,0,0,Female,2,Black
2041516539.0,48,Texas,30118002,48375,Potter,115110.0,3.5441550514837,,2,3,3,,1,1,1,1,0,0,1,Female,3,Hispanic
2013088027.0,48,Texas,30118002,48213,Henderson,84610.0,0.221282176151355,0.6119258864,1,5,1,2.0,0,0,0,0,0,0,0,Male,4,White
2014657865.0,48,Texas,30118002,48039,Brazoria,388637.0,0.972644365570082,0.8725295184,1,5,1,2.0,0,0,0,0,0,1,0,Male,4,White
2042329383.0,48,Texas,30118002,48113,Dallas,2613911.0,0.80297929975832,0.6778971274000001,2,6,1,2.0,1,1,1,0,1,0,1,Female,4,White
2023266605.0,48,Texas,30118002,48201,Harris,4809691.0,13.851599338278,,2,2,1,2.0,0,1,1,0,0,0,1,Female,2,White
2034644477.0,48,Texas,30118002,48355,Nueces,351831.0,0.55110830091664,0.4690360933,1,5,1,2.0,1,1,1,1,0,0,1,Male,4,White
2031413771.0,48,Texas,30118002,48419,Shelby,24165.0,5.88501067956746,1.2540505667,1,3,1,2.0,1,1,1,1,0,1,0,Male,3,White
2013668759.0,48,Texas,30118002,48145,Falls,16946.0,1.6140981750233,1.042807351,2,5,1,2.0,1,1,1,0,1,1,1,Female,4,White
2012943873.0,48,Texas,30118002,48113,Dallas,2613911.0,0.952557948732081,0.9607449696,1,3,1,2.0,0,0,0,0,0,1,0,Male,3,White
2014841443.0,48,Texas,30118002,48439,Tarrant,2160356.0,0.695300704521599,0.5436365163,2,6,1,2.0,1,1,1,1,1,0,1,Female,4,White
2010262493.0,48,Texas,30118002,48355,Nueces,351831.0,0.953187126629107,0.9285369934,2,5,1,2.0,1,1,1,1,1,0,1,Female,4,White
2040050831.0,48,Texas,30118002,48469,Victoria,91138.0,4.98835227318463,,2,5,3,2.0,1,1,0,0,0,0,1,Female,4,Hispanic
2014168521.0,48,Texas,30118002,48303,Lubbock,317940.0,5.90687299353035,,2,1,3,1.0,1,1,1,1,1,0,1,Female,1,Hispanic
2026743291.0,48,Texas,30118002,48339,Montgomery,681285.0,0.848774926994568,0.9464605162,1,5,2,2.0,0,0,0,0,0,1,0,Male,4,Black
2036926607.0,48,Texas,30118002,48113,Dallas,2613911.0,5.02046712636041,2.5017748034,1,6,4,2.0,0,0,0,0,0,1,0,Male,4,Other
2036916247.0,48,Texas,30118002,48113,Dallas,2613911.0,2.57008236262664,0.527917022,2,3,2,2.0,1,0,1,0,0,0,0,Female,3,Black
2018471801.0,48,Texas,30118002,48367,Parker,165814.0,0.790826192050864,0.9664542261,2,2,1,2.0,0,0,0,1,1,1,1,Female,2,White
2020922175.0,48,Texas,30118002,48113,Dallas,2613911.0,3.01582053282331,,2,2,1,2.0,1,1,1,1,1,1,1,Female,2,White
2045847575.0,48,Texas,30118002,48085,Collin,1163646.0,1.69319631632846,,1,5,4,2.0,1,0,1,1,1,0,1,Male,4,Other
2032802275.0,48,Texas,30118002,48355,Nueces,351831.0,0.381276137781409,,1,2,3,,1,1,1,1,1,1,1,Male,2,Hispanic
2038246735.0,48,Texas,30118002,48121,Denton,980835.0,0.715716380008614,0.7499289401,1,3,1,2.0,1,0,0,0,0,1,0,Male,3,White
2040051661.0,48,Texas,30118002,48029,Bexar,2065661.0,3.86389035355814,,2,5,3,1.0,1,1,1,1,1,0,1,Female,4,Hispanic
2036783505.0,48,Texas,30118002,48113,Dallas,2613911.0,3.08599371747448,,2,1,3,1.0,1,0,0,1,0,0,0,Female,1,Hispanic
2011283657.0,48,Texas,30118002,48201,Harris,4809691.0,2.5178642059821,3.5589278082,2,5,1,2.0,1,1,1,1,1,0,1,Female,4,White
2026983849.0,48,Texas,30118002,48089,Colorado,20895.0,1.74550312792485,,2,2,1,2.0,1,1,1,1,1,0,1,Female,2,White
1999503913.0,48,Texas,30118002,48445,Terry,11437.0,1.08142777181451,1.1017412412,1,5,1,2.0,0,0,0,0,0,1,0,Male,4,White
2043951933.0,48,Texas,30118002,48439,Tarrant,2160356.0,1.97057014123486,,2,1,1,2.0,1,1,0,1,1,1,0,Female,1,White
2017547967.0,48,Texas,30118002,48201,Harris,4809691.0,0.612149336359184,0.7150541202,2,4,3,1.0,1,1,1,1,1,0,1,Female,3,Hispanic
1995553987.0,48,Texas,30118002,48029,Bexar,2065661.0,3.18554563313286,,2,5,1,2.0,1,1,1,0,1,0,1,Female,4,White
1999462573.0,48,Texas,30118002,48439,Tarrant,2160356.0,0.984639333532489,0.9109939431,1,6,1,2.0,0,0,0,0,0,1,0,Male,4,White
2013195227.0,48,Texas,30118002,48373,Polk,52834.0,2.58979842477456,2.3313296234,1,5,2,2.0,1,1,0,1,0,1,1,Male,4,Black
1998471209.0,48,Texas,30118002,48005,Angelina,87209.0,3.64226890832129,,2,3,1,2.0,0,1,0,0,1,1,0,Female,3,White
2019603593.0,48,Texas,30118002,48201,Harris,4809691.0,11.0197949273993,,2,2,4,2.0,1,1,1,1,1,0,1,Female,2,Other
2022390813.0,48,Texas,30118002,48201,Harris,4809691.0,5.93905092708002,,2,2,2,2.0,0,1,0,1,1,1,0,Female,2,Black
2013809497.0,48,Texas,30118002,48201,Harris,4809691.0,0.699155756299044,0.6734984263,2,5,1,2.0,1,1,1,1,1,0,1,Female,4,White
1997202671.0,48,Texas,30118002,48203,Harrison,69995.0,0.80297929975832,0.6778971274000001,2,6,1,2.0,1,1,1,1,1,0,1,Female,4,White
2000746373.0,48,Texas,30118002,48375,Potter,115110.0,0.439188566828561,0.1865240261,1,3,6,2.0,0,0,0,0,0,1,0,Male,3,Other
2015372635.0,48,Texas,30118002,48021,Bastrop,106581.0,0.715716380008614,0.7499289401,1,3,1,2.0,0,0,0,0,0,1,0,Male,3,White
1998529255.0,48,Texas,30118002,48181,Grayson,143277.0,1.57670512651698,0.2775764523,2,2,1,2.0,0,1,1,1,1,1,1,Female,2,White
2034248423.0,48,Texas,30118002,48149,Fayette,24972.0,4.93048803628218,,1,3,3,,1,1,0,1,0,1,1,Male,3,Hispanic
2011951643.0,48,Texas,30118002,48029,Bexar,2065661.0,0.580716195579648,0.3291181474,2,6,3,1.0,1,1,1,1,1,0,1,Female,4,Hispanic
2013597487.0,48,Texas,30118002,48201,Harris,4809691.0,0.715716380008614,0.5138904454000001,1,3,1,2.0,1,0,0,0,1,0,1,Male,3,White
2016068215.0,48,Texas,30118002,48329,Midland,172955.0,2.76121627561382,4.1016753586,2,1,1,2.0,0,0,0,0,1,1,0,Female,1,White
2015977697.0,48,Texas,30118002,48491,Williamson,674478.0,1.21610317812192,2.9037968327,1,2,1,1.0,0,0,0,0,0,1,0,Male,2,Hispanic
1981897009.0,48,Texas,30118002,48085,Collin,1163646.0,1.6140981750233,1.5923414036,2,5,1,2.0,0,0,0,0,0,1,0,Female,4,White
1999921213.0,48,Texas,30118002,48307,McCulloch,7505.0,0.785879945068935,0.9106548964,1,3,1,2.0,0,0,0,0,0,1,0,Male,3,White
2039686203.0,48,Texas,30118002,48439,Tarrant,2160356.0,0.934000348312211,0.5285884504,1,6,3,2.0,1,1,1,1,1,1,1,Male,4,Hispanic
1983297749.0,48,Texas,30118002,48029,Bexar,2065661.0,0.946283447783068,0.5453146839,2,6,3,1.0,1,1,1,1,1,0,1,Female,4,Hispanic
2021681649.0,48,Texas,30118002,48201,Harris,4809691.0,0.182705204391995,1.9157414823,2,2,2,2.0,1,1,1,1,1,1,1,Female,2,Black
2015063153.0,48,Texas,30118002,48439,Tarrant,2160356.0,0.765508453915185,,2,1,1,2.0,1,1,1,1,1,0,1,Female,1,White
2017638397.0,48,Texas,30118002,48113,Dallas,2613911.0,1.72454348222014,0.4195519873,2,1,1,2.0,0,1,0,0,1,0,0,Female,1,White
2036926263.0,48,Texas,30118002,48339,Montgomery,681285.0,15.0614388091749,4.2276924343,1,5,4,2.0,0,0,0,0,0,1,0,Male,4,Other
2039187295.0,48,Texas,30118002,48439,Tarrant,2160356.0,0.773096417491207,0.7517017111000001,2,3,1,2.0,1,1,1,0,0,0,1,Female,3,White
2011111123.0,48,Texas,30118002,48291,Liberty,102615.0,4.24977990617651,,1,2,1,2.0,0,0,0,0,1,1,1,Male,2,White
2012303195.0,48,Texas,30118002,48201,Harris,4809691.0,3.60066101443487,,2,5,4,2.0,1,1,0,1,0,1,0,Female,4,Other
2021156171.0,48,Texas,30118002,48265,Kerr,53782.0,0.601583082446071,,2,2,1,2.0,1,0,0,0,1,1,0,Female,2,White
2032878691.0,48,Texas,30118002,48029,Bexar,2065661.0,1.95657046416001,,2,2,3,,1,0,1,0,0,1,1,Female,2,Hispanic
2012945641.0,48,Texas,30118002,48039,Brazoria,388637.0,0.659009827714355,0.5477782507,2,6,1,1.0,1,1,1,1,1,1,1,Female,4,Hispanic
2014684763.0,48,Texas,30118002,48339,Montgomery,681285.0,1.0308228924313,1.20500938,2,5,1,2.0,0,0,0,0,0,1,0,Female,4,White
2042328131.0,48,Texas,30118002,48157,Fort Bend,893314.0,0.633318618543433,0.5744016947,1,6,1,2.0,1,1,1,1,1,0,1,Male,4,White
1997578111.0,48,Texas,30118002,48201,Harris,4809691.0,0.475458331121015,0.4811851785,2,3,2,2.0,1,1,1,1,1,0,1,Female,3,Black
2019778891.0,48,Texas,30118002,48029,Bexar,2065661.0,0.423171813309666,,1,2,3,,1,1,1,1,0,1,1,Male,2,Hispanic
2034501297.0,48,Texas,30118002,48257,Kaufman,172773.0,14.0325848325693,,1,3,2,2.0,0,0,0,0,1,0,1,Male,3,Black
2008188863.0,48,Texas,30118002,48375,Potter,115110.0,1.38968746921355,1.6872213294,2,4,1,2.0,1,1,0,0,1,1,1,Female,3,White
1997320803.0,48,Texas,30118002,48453,Travis,1335984.0,0.80297929975832,0.6778971274000001,2,6,1,2.0,1,1,1,1,1,0,1,Female,4,White
2008203177.0,48,Texas,30118002,48029,Bexar,2065661.0,3.05923291961696,0.4510211915,2,2,3,1.0,1,1,0,0,0,1,0,Female,2,Hispanic
2039218527.0,48,Texas,30118002,48029,Bexar,2065661.0,1.01737861755443,0.8001696185,1,5,2,2.0,1,1,1,1,1,0,1,Male,4,Black
1984423029.0,48,Texas,30118002,48091,Comal,184600.0,1.02176575592039,1.5234514162,2,4,1,1.0,1,1,1,1,0,0,1,Female,3,Hispanic
2011214295.0,48,Texas,30118002,48453,Travis,1335984.0,2.58979842477456,,1,5,2,2.0,1,1,1,1,1,1,1,Male,4,Black
1995586503.0,48,Texas,30118002,48201,Harris,4809691.0,1.92178504441973,,2,6,1,2.0,1,1,1,0,0,1,1,Female,4,White
2000415095.0,48,Texas,30118002,48491,Williamson,674478.0,0.489741062871084,4.0552598902,1,5,4,2.0,1,1,1,1,1,0,1,Male,4,Other
2029617647.0,48,Texas,30118002,48201,Harris,4809691.0,0.394685076965753,0.4383171773,1,3,2,2.0,0,1,0,0,1,1,0,Male,3,Black
2013060707.0,48,Texas,30118002,48113,Dallas,2613911.0,0.547701849376948,,2,5,1,2.0,1,1,1,1,1,0,1,Female,4,White
2027027043.0,48,Texas,30118002,48201,Harris,4809691.0,4.1645570716471,0.964103637,1,4,3,,1,1,0,0,1,1,0,Male,3,Hispanic
2028890667.0,48,Texas,30118002,48091,Comal,184600.0,3.70458411868882,0.7947668321,1,3,1,1.0,0,1,0,1,1,0,1,Male,3,Hispanic
2039572225.0,48,Texas,30118002,48201,Harris,4809691.0,4.19309878694176,,1,2,3,,0,0,0,0,1,0,0,Male,2,Hispanic
1984285409.0,37,North Carolina,10705768,37047,Columbus,50037.0,1.0164485017639,1.0577705474,2,5,2,2.0,1,1,1,1,1,1,1,Female,4,Black
2038246347.0,37,North Carolina,10705768,37089,Henderson,118337.0,0.856687295632378,0.7755940723,1,5,1,2.0,0,0,0,0,0,1,0,Male,4,White
2027992487.0,37,North Carolina,10705768,37025,Cabarrus,236041.0,1.66972701660836,1.8290362354,1,2,1,2.0,0,0,0,0,0,1,0,Male,2,White
2002845323.0,37,North Carolina,10705768,37067,Forsyth,389389.0,1.35041095147596,1.3097517391,2,3,1,2.0,0,0,0,0,0,1,0,Female,3,White
2034762785.0,37,North Carolina,10705768,37167,Stanly,64294.0,0.462280971826487,0.4867076301,1,3,1,2.0,1,1,1,1,1,1,1,Male,3,White
2038246715.0,37,North Carolina,10705768,37067,Forsyth,389389.0,0.661106817525266,0.6587709906,2,6,1,2.0,1,1,1,1,1,0,1,Female,4,White
2011925605.0,37,North Carolina,10705768,37119,Mecklenburg,1148324.0,1.59267338998986,,2,5,1,2.0,1,1,1,1,1,0,1,Female,4,White
2039061407.0,37,North Carolina,10705768,37021,Buncombe,274019.0,0.5322659536175,,2,3,1,2.0,1,1,1,1,1,0,1,Female,3,White
2015833721.0,37,North Carolina,10705768,37165,Scotland,33448.0,0.918423892284017,,2,4,2,2.0,1,1,0,1,1,0,1,Female,3,Black
2026077571.0,37,North Carolina,10705768,37125,Moore,105484.0,1.35154298216153,,2,2,2,2.0,1,0,1,1,1,1,0,Female,2,Black
2044279819.0,37,North Carolina,10705768,37025,Cabarrus,236041.0,1.52862101959273,1.3910855703,1,5,1,2.0,0,0,0,0,0,1,0,Male,4,White
2013809683.0,37,North Carolina,10705768,37179,Union,249615.0,0.96764930971294,,1,4,1,2.0,0,0,0,0,0,1,0,Male,3,White
2036407195.0,37,North Carolina,10705768,37025,Cabarrus,236041.0,1.08191181401992,,1,2,1,2.0,0,0,0,0,0,1,0,Male,2,White
2013089699.0,37,North Carolina,10705768,37097,Iredell,196005.0,0.96764930971294,0.9614344911,1,3,1,2.0,0,0,0,0,1,1,0,Male,3,White
2035419275.0,37,North Carolina,10705768,37195,Wilson,79357.0,3.16528617742735,,2,2,1,2.0,1,1,0,0,1,1,1,Female,2,White
2025195611.0,37,North Carolina,10705768,37161,Rutherford,64856.0,1.13779252137489,0.9671599243,1,3,1,2.0,1,1,1,1,1,1,0,Male,3,White
2011192269.0,37,North Carolina,10705768,37101,Johnston,234667.0,12.0956269350715,,2,5,4,2.0,0,0,0,0,1,1,0,Female,4,Other
2014971317.0,37,North Carolina,10705768,37081,Guilford,546589.0,0.856687295632378,0.7755940723,1,5,1,2.0,0,0,0,0,0,1,0,Male,4,White
2013186709.0,37,North Carolina,10705768,37183,Wake,1173034.0,0.503149779208789,0.397657998,1,5,1,2.0,1,1,1,1,1,1,1,Male,4,White
1998132921.0,37,North Carolina,10705768,37183,Wake,1173034.0,0.856687295632378,0.7755940723,1,5,1,2.0,0,0,0,0,0,1,0,Male,4,White
1995091893.0,37,North Carolina,10705768,37183,Wake,1173034.0,0.680280977455904,0.6372515927,2,6,1,2.0,1,1,1,1,1,0,1,Female,4,White
2013882411.0,37,North Carolina,10705768,37027,Caldwell,80298.0,1.00379547266507,1.617137579,2,3,1,2.0,1,1,1,0,1,0,1,Female,3,White
1993375427.0,37,North Carolina,10705768,37099,Jackson,43920.0,1.23440368756675,1.0085262775,1,6,1,2.0,0,0,0,0,0,1,0,Male,4,White
1999463211.0,37,North Carolina,10705768,37119,Mecklenburg,1148324.0,4.06661220936055,,2,2,4,2.0,1,1,1,1,1,1,1,Female,2,Other
2033084411.0,37,North Carolina,10705768,37167,Stanly,64294.0,2.81767165560382,,2,2,2,2.0,1,1,0,1,0,1,0,Female,2,Black
2030731755.0,37,North Carolina,10705768,37183,Wake,1173034.0,6.62046053935927,,2,5,4,2.0,1,1,1,1,1,1,1,Female,4,Other
2033367159.0,37,North Carolina,10705768,37161,Rutherford,64856.0,3.22051093966371,,1,2,1,2.0,1,1,1,1,1,1,1,Male,2,White
2013159189.0,37,North Carolina,10705768,37179,Union,249615.0,1.01464823111377,1.022353241,2,4,1,2.0,0,0,0,0,0,1,0,Female,3,White
2038246771.0,37,North Carolina,10705768,37119,Mecklenburg,1148324.0,0.727055463646518,0.75046716,1,4,1,2.0,0,1,0,0,0,1,0,Male,3,White
2023422841.0,37,North Carolina,10705768,37119,Mecklenburg,1148324.0,0.294380449247289,0.6278643255,2,5,1,2.0,1,1,1,1,1,0,1,Female,4,White
1999742949.0,37,North Carolina,10705768,37119,Mecklenburg,1148324.0,3.08182774732267,2.3936527961,2,5,2,2.0,1,1,1,1,1,1,1,Female,4,Black
1999717721.0,37,North Carolina,10705768,37025,Cabarrus,236041.0,3.72501763817844,3.28530944,1,5,1,2.0,1,1,1,1,1,1,1,Male,4,White
2031255193.0,37,North Carolina,10705768,37019,Brunswick,152519.0,1.50417007055362,1.4595434437,2,5,1,2.0,0,0,0,0,0,1,0,Female,4,White
2007363457.0,37,North Carolina,10705768,37067,Forsyth,389389.0,0.559738843888425,0.5213238087000001,2,2,1,2.0,1,1,1,1,1,0,1,Female,2,White
2018152347.0,37,North Carolina,10705768,37023,Burke,87801.0,2.47838411969728,,2,2,1,2.0,0,1,1,0,0,1,0,Female,2,White
2036916127.0,37,North Carolina,10705768,37125,Moore,105484.0,1.38775856885825,1.8880389199,2,3,2,2.0,0,0,0,0,1,1,0,Female,3,Black
1984285437.0,37,North Carolina,10705768,37171,Surry,71536.0,0.856732863210892,,2,2,1,2.0,1,1,1,0,1,1,1,Female,2,White
1990992687.0,37,North Carolina,10705768,37129,New Hanover,236065.0,0.503149779208789,0.397657998,1,5,1,2.0,1,1,1,1,1,0,1,Male,4,White
2040026841.0,37,North Carolina,10705768,37071,Gaston,234245.0,1.76149982022251,,2,2,1,2.0,1,1,1,1,1,1,1,Female,2,White
2022614723.0,37,North Carolina,10705768,37063,Durham,331135.0,0.690069327933162,1.0171687414,2,3,2,2.0,1,1,1,1,0,0,1,Female,3,Black
1999710515.0,37,North Carolina,10705768,37019,Brunswick,152519.0,0.730277388097717,0.5976246856,1,5,1,2.0,1,1,1,1,1,1,1,Male,4,White
2039699631.0,37,North Carolina,10705768,37155,Robeson,116281.0,1.42396823223156,1.3221626385,2,6,1,2.0,0,0,0,0,1,1,0,Female,4,White
2038657777.0,37,North Carolina,10705768,37099,Jackson,43920.0,0.718596287961104,,2,5,1,2.0,1,1,1,1,1,0,1,Female,4,White
2020209815.0,37,North Carolina,10705768,37035,Catawba,163274.0,1.52785491928146,,2,1,1,2.0,1,1,1,1,1,1,0,Female,1,White
2028440499.0,37,North Carolina,10705768,37183,Wake,1173034.0,0.705886654541203,0.8225905739,1,3,1,2.0,1,1,1,1,1,1,1,Male,3,White
2012082755.0,37,North Carolina,10705768,37051,Cumberland,338521.0,1.91854896682278,,1,2,2,2.0,1,1,1,1,1,0,1,Male,2,Black
1996592771.0,37,North Carolina,10705768,37025,Cabarrus,236041.0,1.13779252137489,0.9671599243,1,3,1,2.0,0,0,0,0,0,1,0,Male,3,White
2023690995.0,37,North Carolina,10705768,37161,Rutherford,64856.0,1.08191181401992,,1,2,1,2.0,1,1,0,1,1,1,1,Male,2,White
2012167225.0,37,North Carolina,10705768,37183,Wake,1173034.0,0.986695226784882,0.9281590409,1,2,1,2.0,1,1,1,1,0,1,0,Male,2,White
2030490727.0,37,North Carolina,10705768,37179,Union,249615.0,1.13779252137489,0.9671599243,1,3,1,2.0,0,0,0,0,1,1,0,Male,3,White
2037481589.0,37,North Carolina,10705768,37053,Currituck,30994.0,5.2698168315529,,1,3,1,2.0,1,1,1,1,0,1,0,Male,3,White
1992962179.0,37,North Carolina,10705768,37069,Franklin,74294.0,1.23440368756675,1.0085262775,1,6,1,2.0,0,0,0,0,0,1,0,Male,4,White
2024313213.0,37,North Carolina,10705768,37071,Gaston,234245.0,3.31421847354016,,1,2,1,2.0,1,1,1,1,1,1,1,Male,2,White
2011059161.0,37,North Carolina,10705768,37081,Guilford,546589.0,0.268709110558763,0.4770445594,1,2,1,2.0,0,1,0,0,1,1,0,Male,2,White
2038902917.0,37,North Carolina,10705768,37023,Burke,87801.0,2.16102036207308,1.9757613328,2,5,1,2.0,0,0,0,0,0,1,0,Female,4,White
2011898101.0,37,North Carolina,10705768,37081,Guilford,546589.0,0.880280213453705,,2,6,2,2.0,1,1,1,1,1,0,1,Female,4,Black
2026958681.0,37,North Carolina,10705768,37191,Wayne,118206.0,1.29461012873798,,2,2,2,2.0,1,1,1,0,1,0,1,Female,2,Black
2021156581.0,37,North Carolina,10705768,37047,Columbus,50037.0,0.686174281299595,1.1347283371,2,2,1,2.0,0,0,0,0,0,1,0,Female,2,White
2014524003.0,37,North Carolina,10705768,37065,Edgecombe,48470.0,0.813799604733461,,2,4,2,2.0,1,1,1,1,1,0,1,Female,3,Black
2030885633.0,37,North Carolina,10705768,37081,Guilford,546589.0,0.780646532915946,,1,2,2,2.0,1,1,1,1,1,1,1,Male,2,Black
2021871813.0,37,North Carolina,10705768,37121,Mitchell,15043.0,1.50417007055362,1.4595434437,2,5,1,2.0,0,0,0,0,0,1,0,Female,4,White
2034527409.0,37,North Carolina,10705768,37101,Johnston,234667.0,5.2698168315529,,1,3,1,2.0,1,1,1,1,1,0,1,Male,3,White
2045063787.0,37,North Carolina,10705768,37119,Mecklenburg,1148324.0,3.27617041944416,,1,1,2,2.0,1,1,0,1,1,1,1,Male,1,Black
2015195813.0,37,North Carolina,10705768,37151,Randolph,146192.0,1.06165631993371,1.1023827378,1,2,1,2.0,1,1,0,0,0,1,1,Male,2,White
2018780895.0,37,North Carolina,10705768,37025,Cabarrus,236041.0,1.17901001796369,1.1097377918,2,2,2,2.0,1,1,1,1,1,1,1,Female,2,Black
1982530829.0,37,North Carolina,10705768,37183,Wake,1173034.0,3.7395444411783,,2,4,1,2.0,1,1,1,1,1,0,0,Female,3,White
2035458271.0,37,North Carolina,10705768,37119,Mecklenburg,1148324.0,2.96530290183188,,3,2,2,1.0,1,1,1,1,1,0,1,,2,Black
2017826331.0,37,North Carolina,10705768,37021,Buncombe,274019.0,0.913239914754482,1.4537171237,2,2,1,2.0,1,1,0,0,0,1,0,Female,2,White
2015022361.0,37,North Carolina,10705768,37057,Davidson,172376.0,0.913239914754482,1.4537171237,2,2,1,2.0,0,0,0,0,1,1,1,Female,2,White
1998284267.0,37,North Carolina,10705768,37147,Pitt,177028.0,0.879442519897086,,2,2,5,2.0,0,0,0,0,0,0,0,Female,2,Other
2039540659.0,37,North Carolina,10705768,37031,Carteret,69335.0,1.11298366371408,,1,3,1,2.0,0,1,1,1,1,1,1,Male,3,White
2014365755.0,37,North Carolina,10705768,37183,Wake,1173034.0,1.23557542452611,1.123750661,2,3,1,2.0,0,0,1,0,0,1,0,Female,3,White
2030980629.0,37,North Carolina,10705768,37153,Richmond,42371.0,1.4418039795486,,2,1,2,2.0,0,1,1,1,1,1,1,Female,1,Black
2001132837.0,37,North Carolina,10705768,37183,Wake,1173034.0,0.564476343826844,0.5773500677,1,6,1,2.0,1,1,1,1,1,0,1,Male,4,White
2043613417.0,37,North Carolina,10705768,37183,Wake,1173034.0,0.502096953247701,0.4560991905,1,3,1,2.0,1,1,1,1,1,1,1,Male,3,White
2007760991.0,37,North Carolina,10705768,37133,Onslow,206682.0,1.13779252137489,0.9671599243,1,4,1,2.0,0,0,1,0,1,1,0,Male,3,White
2010540487.0,37,North Carolina,10705768,37111,McDowell,44745.0,0.635711496170115,0.9388849617,1,2,1,2.0,1,1,1,1,1,1,0,Male,2,White
2038227679.0,37,North Carolina,10705768,37081,Guilford,546589.0,3.72501763817844,2.4380813983,1,5,1,2.0,1,1,1,1,1,0,1,Male,4,White
2041117611.0,37,North Carolina,10705768,37019,Brunswick,152519.0,0.854894702924111,0.7549362628,1,4,1,2.0,0,0,0,0,1,1,0,Male,3,White
2010489461.0,37,North Carolina,10705768,37017,Bladen,29360.0,1.26841373240736,1.1607572996,2,2,1,2.0,1,0,0,0,1,1,1,Female,2,White
2016649881.0,37,North Carolina,10705768,37179,Union,249615.0,1.19667515738741,,2,5,1,2.0,0,0,0,1,1,1,0,Female,4,White
2033280303.0,37,North Carolina,10705768,37047,Columbus,50037.0,3.31421847354016,,1,2,1,2.0,1,1,0,1,1,0,1,Male,2,White
2038656573.0,37,North Carolina,10705768,37183,Wake,1173034.0,1.02163964381031,0.5717526082000001,1,5,3,1.0,1,1,1,0,1,1,1,Male,4,Hispanic
2014289557.0,37,North Carolina,10705768,37119,Mecklenburg,1148324.0,1.93146043400474,,2,5,3,,1,1,1,1,1,0,1,Female,4,Hispanic
2018846145.0,37,North Carolina,10705768,37035,Catawba,163274.0,3.40469927555943,,1,2,1,2.0,1,1,1,0,1,1,0,Male,2,White
2033479711.0,37,North Carolina,10705768,37067,Forsyth,389389.0,2.55342635634071,,1,2,2,2.0,1,0,1,1,1,1,0,Male,2,Black
2033184593.0,37,North Carolina,10705768,37077,Granville,60878.0,1.57418644615475,,1,4,2,2.0,1,1,1,1,0,1,1,Male,3,Black
2028349821.0,37,North Carolina,10705768,37067,Forsyth,389389.0,1.15827870816076,0.7555057390000001,2,5,1,2.0,1,0,1,1,1,1,1,Female,4,White
2021871019.0,37,North Carolina,10705768,37119,Mecklenburg,1148324.0,1.23557542452611,1.123750661,2,3,1,2.0,0,0,0,0,0,1,0,Female,3,White
1999137757.0,37,North Carolina,10705768,37127,Nash,96364.0,0.673196244916413,0.7781403519000001,2,2,2,2.0,1,1,1,1,1,1,0,Female,2,Black
2039920161.0,37,North Carolina,10705768,37051,Cumberland,338521.0,0.771280021515824,0.4142530995,1,3,2,2.0,1,1,1,1,1,1,1,Male,3,Black
2038781421.0,37,North Carolina,10705768,37047,Columbus,50037.0,0.363599551964745,1.172178086,2,4,1,2.0,0,0,1,1,0,0,0,Female,3,White
2035462025.0,37,North Carolina,10705768,37021,Buncombe,274019.0,2.53183649773463,,1,3,1,2.0,1,1,1,0,1,1,1,Male,3,White
1999066713.0,37,North Carolina,10705768,37067,Forsyth,389389.0,6.17484640168437,4.2607271558,1,6,1,2.0,1,1,1,1,1,0,1,Male,4,White
2009675473.0,37,North Carolina,10705768,37149,Polk,19998.0,0.718596287961104,0.6425740809,2,5,1,2.0,1,1,1,1,1,0,1,Female,4,White
2033687311.0,37,North Carolina,10705768,37171,Surry,71536.0,1.70836345694822,,1,1,3,,0,0,1,1,1,1,1,Male,1,Hispanic
1994095205.0,22,Louisiana,4600892,22001,Acadia Parish,56961.0,0.583919119093358,0.6079652226000001,1,2,1,2.0,0,0,0,0,0,1,0,Male,2,White
2044886077.0,22,Louisiana,4600892,22019,Calcasieu Parish,202821.0,0.973560645623002,1.5456622229,2,2,1,2.0,0,0,0,0,0,1,0,Female,2,White
2014495535.0,22,Louisiana,4600892,22097,St. Landry Parish,81661.0,3.15291473375395,,2,2,1,2.0,0,1,1,0,1,1,1,Female,2,White
2034233491.0,22,Louisiana,4600892,22019,Calcasieu Parish,202821.0,2.15381209482643,2.2616855868,1,1,1,1.0,0,0,0,0,0,1,0,Male,1,Hispanic
2039274405.0,22,Louisiana,4600892,22103,St. Tammany Parish,273650.0,0.923768430994209,0.51685434,1,6,1,2.0,0,0,0,0,0,1,0,Male,4,White
2015069887.0,22,Louisiana,4600892,22079,Rapides Parish,127018.0,1.32162958796285,1.2102023735,2,3,1,2.0,1,0,0,0,0,1,0,Female,3,White
2014290535.0,22,Louisiana,4600892,22099,St. Martin Parish,51307.0,0.891112557224789,,2,2,1,2.0,1,0,0,0,0,1,0,Female,2,White
2028990507.0,22,Louisiana,4600892,22057,Lafourche Parish,95738.0,1.12270554478785,,2,2,2,2.0,1,1,0,1,0,1,1,Female,2,Black
1280829241.0,22,Louisiana,4600892,22017,Caddo Parish,229272.0,0.849529648928968,,2,1,2,2.0,1,1,1,1,1,0,0,Female,1,Black
2015813257.0,22,Louisiana,4600892,22005,Ascension Parish,130638.0,0.396195299487204,,1,2,1,1.0,0,1,1,1,1,1,1,Male,2,Hispanic
2027485149.0,22,Louisiana,4600892,22117,Washington Parish,45020.0,4.61278296915869,,1,2,2,2.0,1,1,1,1,1,1,1,Male,2,Black
2042657027.0,22,Louisiana,4600892,22033,East Baton Rouge Parish,451837.0,4.61278296915869,,1,2,2,2.0,1,1,1,1,1,0,1,Male,2,Black
2017481779.0,22,Louisiana,4600892,22109,Terrebonne Parish,104798.0,0.777146945138126,0.7788731680000001,1,2,1,2.0,0,0,1,0,0,1,0,Male,2,White
2010539893.0,22,Louisiana,4600892,22015,Bossier Parish,129355.0,3.04819915202311,2.3672097723,1,1,1,2.0,0,1,0,0,0,1,0,Male,1,White
2015153783.0,22,Louisiana,4600892,22079,Rapides Parish,127018.0,0.509234528365413,0.4314794273,1,4,1,2.0,0,0,0,0,1,1,0,Male,3,White
2006883545.0,22,Louisiana,4600892,22119,Webster Parish,35636.0,12.9654072138688,,1,3,1,2.0,0,0,0,0,0,1,0,Male,3,White
2010190265.0,22,Louisiana,4600892,22119,Webster Parish,35636.0,6.41053931768521,4.1772726811,1,1,2,2.0,0,1,1,1,1,0,1,Male,1,Black
2031587233.0,22,Louisiana,4600892,22105,Tangipahoa Parish,136814.0,1.31112964480505,,2,4,2,2.0,1,1,1,0,0,0,0,Female,3,Black
2013636157.0,22,Louisiana,4600892,22051,Jefferson Parish,430086.0,13.2453636281014,,1,1,2,2.0,1,1,1,1,1,1,1,Male,1,Black
2041090849.0,22,Louisiana,4600892,22017,Caddo Parish,229272.0,8.15408261396986,,2,5,1,2.0,1,1,1,1,1,0,1,Female,4,White
2012165573.0,22,Louisiana,4600892,22001,Acadia Parish,56961.0,0.154274850437677,0.2576497109,2,3,2,2.0,1,0,1,0,1,0,1,Female,3,Black
1999608561.0,22,Louisiana,4600892,22095,St. John the Baptist Parish,40028.0,0.700704930337282,0.7344102555,2,4,1,2.0,1,1,1,1,1,1,1,Female,3,White
2034697447.0,22,Louisiana,4600892,22071,Orleans Parish,371038.0,1.01027572642731,0.5065408237,2,6,1,2.0,1,1,1,1,1,0,1,Female,4,White
2039700191.0,22,Louisiana,4600892,22003,Allen Parish,22425.0,1.04686900977196,0.7834057831,1,5,1,2.0,0,0,0,0,0,1,0,Male,4,White
2013520611.0,22,Louisiana,4600892,22001,Acadia Parish,56961.0,2.3689820894591,,2,2,1,2.0,0,1,1,0,1,1,1,Female,2,White
2010673417.0,22,Louisiana,4600892,22071,Orleans Parish,371038.0,3.3333605046431,3.4740783103,1,5,1,2.0,0,0,0,0,0,1,0,Male,4,White
2006322779.0,22,Louisiana,4600892,22103,St. Tammany Parish,273650.0,2.70982448423131,,1,5,1,2.0,1,1,1,1,1,1,1,Male,4,White
2022130875.0,22,Louisiana,4600892,22033,East Baton Rouge Parish,451837.0,2.3753716506549,1.2966641918,2,6,1,2.0,1,1,1,1,1,0,1,Female,4,White
2018977241.0,22,Louisiana,4600892,22053,Jefferson Davis Parish,32012.0,1.1552503668604,,2,1,2,2.0,1,0,0,0,0,0,0,Female,1,Black
2012858481.0,22,Louisiana,4600892,22105,Tangipahoa Parish,136814.0,1.13996397134526,1.0418751638,2,6,2,2.0,1,1,1,1,1,1,1,Female,4,Black
1997367767.0,22,Louisiana,4600892,22063,Livingston Parish,148332.0,4.07761940405006,2.2959949421,2,5,1,2.0,1,0,0,0,0,0,1,Female,4,White
2019511249.0,22,Louisiana,4600892,22115,Vernon Parish,46863.0,0.932578979260618,1.4930419508,2,3,1,2.0,1,1,0,0,0,1,1,Female,3,White
2030982557.0,22,Louisiana,4600892,22051,Jefferson Parish,430086.0,3.96987951224078,,2,4,1,2.0,1,1,0,0,1,1,0,Female,3,White
2020347809.0,22,Louisiana,4600892,22071,Orleans Parish,371038.0,0.509838531684351,,1,3,1,2.0,1,1,1,1,1,0,1,Male,3,White
2000946167.0,22,Louisiana,4600892,22073,Ouachita Parish,157979.0,0.819192298936024,0.9714273715,1,3,1,2.0,0,0,0,0,0,1,0,Male,3,White
2012843691.0,22,Louisiana,4600892,22051,Jefferson Parish,430086.0,1.01027572642731,0.7430969104,2,6,1,2.0,1,1,0,0,1,1,1,Female,4,White
2013849911.0,22,Louisiana,4600892,22015,Bossier Parish,129355.0,6.32908820232426,,1,2,2,2.0,0,0,0,0,1,1,0,Male,2,Black
2034868603.0,22,Louisiana,4600892,22033,East Baton Rouge Parish,451837.0,0.849529648928968,1.2642278415,2,1,2,2.0,1,1,0,0,1,1,1,Female,1,Black
2039540651.0,22,Louisiana,4600892,22009,Avoyelles Parish,38772.0,3.54810045710308,,2,3,2,2.0,0,0,0,1,1,0,0,Female,3,Black
2039923853.0,22,Louisiana,4600892,22079,Rapides Parish,127018.0,12.672798869191,,1,2,1,2.0,0,0,0,0,0,0,0,Male,2,White
2042681857.0,22,Louisiana,4600892,22063,Livingston Parish,148332.0,1.01564567973255,0.5312455610000001,1,6,1,2.0,0,0,0,0,0,1,0,Male,4,White
2044082435.0,45,South Carolina,5288957,45021,Cherokee,56235.0,0.802953881692698,2.7093141873,1,2,1,2.0,1,1,1,1,1,1,1,Male,2,White
2042329389.0,45,South Carolina,5288957,45013,Beaufort,196266.0,1.28372601882373,1.1183386419,1,5,1,2.0,0,0,0,0,0,1,0,Male,4,White
1999845895.0,45,South Carolina,5288957,45075,Orangeburg,83183.0,0.185073173918605,,1,6,6,2.0,0,0,1,0,1,1,0,Male,4,Other
2009825085.0,45,South Carolina,5288957,45015,Berkeley,245656.0,5.42587908285067,2.9892483016,1,5,1,2.0,0,0,0,0,0,1,0,Male,4,White
2012940935.0,45,South Carolina,5288957,45003,Aiken,173545.0,7.24916126602601,2.2140172072,1,3,1,2.0,1,1,0,1,1,0,1,Male,3,White
2022281441.0,45,South Carolina,5288957,45035,Dorchester,166125.0,1.26450054731377,,2,3,5,2.0,1,1,1,1,1,1,0,Female,3,Other
1999672041.0,45,South Carolina,5288957,45079,Richland,421786.0,1.15645378897182,0.8534489093000001,1,5,1,2.0,1,1,1,1,1,0,1,Male,4,White
2038772939.0,45,South Carolina,5288957,45051,Horry,383626.0,1.28372601882373,1.1183386419,1,5,1,2.0,0,0,0,1,1,1,0,Male,4,White
2026743653.0,45,South Carolina,5288957,45017,Calhoun,14197.0,1.3292081075395,,2,4,2,2.0,1,1,1,0,0,1,0,Female,3,Black
2021917199.0,45,South Carolina,5288957,45003,Aiken,173545.0,0.615775236911716,0.6171378464,1,4,1,2.0,0,1,1,0,0,1,0,Male,3,White
2010607119.0,45,South Carolina,5288957,45045,Greenville,548763.0,3.80420029910131,,2,2,1,2.0,0,1,1,0,1,1,1,Female,2,White
2008842685.0,45,South Carolina,5288957,45055,Kershaw,67989.0,1.40740527967975,1.2165963224,2,2,2,2.0,1,1,1,1,1,1,1,Female,2,Black
2010563629.0,45,South Carolina,5288957,45039,Fairfield,20455.0,0.541003037324379,0.7209129506,2,3,2,2.0,0,1,0,0,1,0,0,Female,3,Black
2038823003.0,45,South Carolina,5288957,45083,Spartanburg,346466.0,2.87861188008978,,1,4,1,2.0,1,1,1,1,1,1,1,Male,3,White
2026622583.0,45,South Carolina,5288957,45043,Georgetown,64762.0,6.19882738467293,,1,3,2,2.0,1,1,1,1,1,1,1,Male,3,Black
2034501057.0,45,South Carolina,5288957,45045,Greenville,548763.0,3.65581027861678,,1,5,1,2.0,0,1,1,0,1,1,1,Male,4,White
2012820843.0,45,South Carolina,5288957,45091,York,293579.0,0.792825380886356,0.5056496806,2,6,1,2.0,1,1,1,1,1,0,1,Female,4,White
2013819993.0,45,South Carolina,5288957,45045,Greenville,548763.0,1.23691793446102,1.3610902948,1,5,1,2.0,0,0,0,0,0,1,0,Male,4,White
2015327831.0,45,South Carolina,5288957,45051,Horry,383626.0,0.717464107816756,0.7157819581,1,5,1,2.0,1,1,1,1,1,0,1,Male,4,White
2033096457.0,45,South Carolina,5288957,45013,Beaufort,196266.0,3.48378277632089,,1,2,1,2.0,0,0,0,0,1,1,0,Male,2,White
2032736859.0,45,South Carolina,5288957,45063,Lexington,305297.0,1.13877808628659,1.0776419911,2,5,1,2.0,0,0,0,0,0,1,0,Female,4,White
2011075557.0,45,South Carolina,5288957,45015,Berkeley,245656.0,0.929373827176127,1.0624265902,1,5,1,2.0,1,0,1,0,0,1,0,Male,4,White
2040026445.0,45,South Carolina,5288957,45075,Orangeburg,83183.0,4.14655941342103,,2,2,2,2.0,1,1,1,1,0,1,0,Female,2,Black
2006948487.0,45,South Carolina,5288957,45051,Horry,383626.0,0.976864851953571,1.707811246,2,2,1,2.0,0,0,0,0,0,0,0,Female,2,White
2039693921.0,45,South Carolina,5288957,45019,Charleston,420325.0,0.178433634785659,0.6488534963,2,3,2,2.0,1,1,1,1,1,1,1,Female,3,Black
2000842917.0,45,South Carolina,5288957,45051,Horry,383626.0,2.93288244694184,,1,5,1,2.0,0,0,0,0,1,1,0,Male,4,White
2012319603.0,45,South Carolina,5288957,45003,Aiken,173545.0,6.17215356012936,4.3828078725,1,1,1,2.0,0,0,0,0,0,1,0,Male,1,White
2010608409.0,45,South Carolina,5288957,45041,Florence,136895.0,14.0376214727411,,2,2,1,2.0,1,1,1,1,0,0,0,Female,2,White
2014890185.0,45,South Carolina,5288957,45015,Berkeley,245656.0,3.79359509682013,0.8667369809000001,2,3,1,2.0,0,1,1,0,1,1,0,Female,3,White
2015647109.0,45,South Carolina,5288957,45055,Kershaw,67989.0,0.773922695303633,1.1111392876,1,3,2,2.0,1,1,1,1,1,0,1,Male,3,Black
2012536205.0,45,South Carolina,5288957,45013,Beaufort,196266.0,2.31450452426037,0.8536592199,2,5,2,2.0,0,1,1,0,1,1,1,Female,4,Black
2033168423.0,45,South Carolina,5288957,45063,Lexington,305297.0,3.02417503885178,,1,6,1,2.0,0,0,0,0,1,1,0,Male,4,White
2038030641.0,45,South Carolina,5288957,45079,Richland,421786.0,0.994291868783299,0.9081536152,2,5,1,2.0,1,0,0,0,1,1,1,Female,4,White
2014433255.0,45,South Carolina,5288957,45077,Pickens,134421.0,1.43526042602805,1.1719606695,2,5,1,2.0,0,0,0,0,1,1,0,Female,4,White
2021098119.0,45,South Carolina,5288957,45063,Lexington,305297.0,1.96284876066645,,2,3,2,2.0,0,0,0,0,0,0,0,Female,3,Black
2010903327.0,45,South Carolina,5288957,45015,Berkeley,245656.0,1.85754312376001,1.9187828895,1,6,1,2.0,1,0,0,1,1,1,1,Male,4,White
2010512667.0,45,South Carolina,5288957,45075,Orangeburg,83183.0,1.12752790253587,0.8528107880000001,2,3,1,2.0,0,0,0,0,0,0,0,Female,3,White
2039506257.0,45,South Carolina,5288957,45013,Beaufort,196266.0,1.67081088325462,,1,3,1,2.0,0,1,1,1,1,1,1,Male,3,White
2025904783.0,45,South Carolina,5288957,45085,Sumter,103890.0,1.15490030594019,1.0959931175,1,6,1,2.0,0,0,0,0,0,1,0,Male,4,White
2020563993.0,45,South Carolina,5288957,45041,Florence,136895.0,4.37859683463657,6.1836153728,1,2,2,2.0,1,1,1,0,1,1,1,Male,2,Black
2018444033.0,45,South Carolina,5288957,45079,Richland,421786.0,2.32069151406368,2.1636808848,1,2,1,2.0,0,0,0,0,0,1,0,Male,2,White
2020350647.0,45,South Carolina,5288957,45007,Anderson,210142.0,1.83584471255641,1.0064191134,1,1,1,2.0,1,0,1,1,0,0,1,Male,1,White
2021212977.0,45,South Carolina,5288957,45029,Colleton,38650.0,0.445238069345162,,2,2,2,2.0,1,1,0,0,1,1,1,Female,2,Black
2014962361.0,45,South Carolina,5288957,45063,Lexington,305297.0,0.68389239688184,1.7414356207,2,2,1,2.0,0,0,0,0,1,0,0,Female,2,White
2007219197.0,45,South Carolina,5288957,45045,Greenville,548763.0,1.44016647777156,0.5609657589,2,2,1,2.0,0,0,0,0,0,0,0,Female,2,White
2004275043.0,45,South Carolina,5288957,45003,Aiken,173545.0,1.01506188679682,,2,3,2,2.0,1,1,1,1,1,1,1,Female,3,Black
2041081667.0,45,South Carolina,5288957,45035,Dorchester,166125.0,2.69311810241615,2.8115595141,1,3,1,2.0,1,0,1,1,1,1,1,Male,3,White
2018519435.0,45,South Carolina,5288957,45051,Horry,383626.0,0.733979677066878,1.3330666494,2,2,1,2.0,0,1,0,0,1,1,0,Female,2,White
2042932297.0,53,Washington,7786828,53063,Spokane,549602.0,3.59211710195245,0.4727147418,2,3,1,2.0,1,1,1,1,1,1,1,Female,3,White
2002128989.0,53,Washington,7786828,53063,Spokane,549602.0,0.581110150943177,0.6963095401,1,3,1,2.0,0,0,0,0,0,1,0,Male,3,White
2019922215.0,53,Washington,7786828,53053,Pierce,927456.0,1.85657293617936,2.0660046559,2,2,1,2.0,1,1,1,0,1,1,1,Female,2,White
2010310179.0,53,Washington,7786828,53053,Pierce,927456.0,0.791606232947743,0.6479298969,2,6,1,2.0,1,1,1,1,1,0,1,Female,4,White
2011607409.0,53,Washington,7786828,53061,Snohomish,840860.0,0.675154082992788,,1,2,1,2.0,0,1,1,1,0,1,1,Male,2,White
1993701689.0,53,Washington,7786828,53057,Skagit,131116.0,1.10589355211009,0.889734668,2,5,1,2.0,1,1,1,1,1,0,1,Female,4,White
1998749933.0,53,Washington,7786828,53063,Spokane,549602.0,5.00524066021151,1.1696836808,2,3,1,2.0,0,0,0,0,1,1,0,Female,3,White
2039869839.0,53,Washington,7786828,53035,Kitsap,277805.0,2.43674595653875,2.278648387,2,5,1,2.0,0,0,0,1,0,1,0,Female,4,White
2013309567.0,53,Washington,7786828,53063,Spokane,549602.0,1.17237388023461,0.9466429476,2,6,1,2.0,1,1,1,1,1,0,1,Female,4,White
2022964407.0,53,Washington,7786828,53053,Pierce,927456.0,10.4536738777332,,1,1,4,2.0,1,1,1,1,1,0,1,Male,1,Other
2015450621.0,53,Washington,7786828,53063,Spokane,549602.0,0.906358753856717,1.0008775161,2,4,1,2.0,1,1,1,1,1,0,1,Female,3,White
2014087235.0,53,Washington,7786828,53053,Pierce,927456.0,1.39495939630019,1.6126617685,2,2,1,2.0,0,0,0,0,0,1,0,Female,2,White
2017654693.0,53,Washington,7786828,53075,Whitman,47507.0,4.82053430583052,4.4113045724,1,4,1,2.0,1,1,1,1,1,0,1,Male,3,White
2008515513.0,53,Washington,7786828,53033,King,2265822.0,0.40988411436563,0.9415116624,1,2,1,2.0,0,1,1,1,1,1,1,Male,2,White
2043221679.0,53,Washington,7786828,53049,Pacific,24091.0,1.86968463924149,1.7683924105000002,1,6,1,2.0,0,0,0,0,0,1,0,Male,4,White
2036788107.0,53,Washington,7786828,53029,Island,86738.0,1.39315515914453,1.3980686659,2,3,1,2.0,0,0,0,0,1,1,0,Female,3,White
2034579693.0,53,Washington,7786828,53021,Franklin,98445.0,4.28860544664916,,1,2,3,,1,1,1,1,1,0,1,Male,2,Hispanic
2014031733.0,53,Washington,7786828,53063,Spokane,549602.0,0.906358753856717,1.0008775161,2,4,1,2.0,1,1,1,1,1,0,1,Female,3,White
2000910379.0,53,Washington,7786828,53033,King,2265822.0,3.14532111914651,,1,4,1,2.0,1,1,1,1,1,0,1,Male,3,White
2041565963.0,53,Washington,7786828,53035,Kitsap,277805.0,1.91199582028411,1.9617689355,1,2,1,2.0,0,0,0,0,0,1,0,Male,2,White
2013117879.0,53,Washington,7786828,53005,Benton,212818.0,1.91199582028411,1.9617689355,1,2,1,2.0,0,0,0,0,0,1,0,Male,2,White
1997222945.0,53,Washington,7786828,53033,King,2265822.0,1.47820421670907,1.8927503645,1,5,1,2.0,0,0,0,0,0,1,0,Male,4,White
2013598793.0,53,Washington,7786828,53033,King,2265822.0,1.15035926815553,,1,5,1,2.0,1,1,1,1,1,0,1,Male,4,White
2036932647.0,53,Washington,7786828,53011,Clark,516807.0,3.68650572326756,,2,4,4,2.0,1,1,1,1,1,0,1,Female,3,Other
2026405393.0,53,Washington,7786828,53033,King,2265822.0,0.743962512617499,,1,2,5,2.0,1,1,1,1,1,0,1,Male,2,Other
2034660519.0,53,Washington,7786828,53073,Whatcom,230641.0,0.732285330393659,1.2112634917,1,3,1,2.0,1,1,1,1,1,0,1,Male,3,White
2034798187.0,53,Washington,7786828,53067,Thurston,298556.0,9.82038315084229,,1,2,1,2.0,1,0,1,0,1,1,0,Male,2,White
2010363361.0,53,Washington,7786828,53063,Spokane,549602.0,1.15035926815553,1.3778010753,1,5,1,2.0,1,1,1,1,1,0,1,Male,4,White
2039665707.0,53,Washington,7786828,53033,King,2265822.0,1.12638200958917,2.2869188202,1,4,1,2.0,1,1,1,1,1,0,1,Male,3,White
2014997663.0,53,Washington,7786828,53005,Benton,212818.0,1.39315515914453,1.3980686659,2,3,1,2.0,0,0,0,0,0,1,0,Female,3,White
2028887135.0,53,Washington,7786828,53033,King,2265822.0,0.666793401903719,0.6786980971000001,2,2,1,2.0,1,1,1,1,1,1,1,Female,2,White
1982013403.0,53,Washington,7786828,53061,Snohomish,840860.0,2.10676855831979,,1,4,1,2.0,1,1,1,1,0,1,1,Male,3,White
2044567345.0,53,Washington,7786828,53011,Clark,516807.0,1.51175756468274,,2,5,1,2.0,1,1,0,1,1,1,0,Female,4,White
2012232599.0,53,Washington,7786828,53033,King,2265822.0,2.90222237896739,,1,3,1,2.0,1,0,1,1,1,1,1,Male,3,White
1997025275.0,53,Washington,7786828,53065,Stevens,48282.0,0.773408446182495,0.8920523695,1,3,1,2.0,0,0,0,0,0,1,0,Male,3,White
2015311551.0,53,Washington,7786828,53011,Clark,516807.0,2.46781186648188,2.5005342131,1,5,1,2.0,0,0,0,0,0,1,0,Male,4,White
1998981785.0,53,Washington,7786828,53061,Snohomish,840860.0,1.21229264824273,0.9854190842,1,3,3,1.0,0,0,0,0,1,1,0,Male,3,Hispanic
2027089627.0,53,Washington,7786828,53063,Spokane,549602.0,2.90222237896739,,1,4,1,2.0,0,0,0,0,1,1,0,Male,3,White
2013418457.0,53,Washington,7786828,53007,Chelan,80011.0,0.854953159181799,0.6878747749,1,4,1,2.0,0,0,0,0,0,1,0,Male,3,White
2041773767.0,53,Washington,7786828,53033,King,2265822.0,0.960796840327492,0.9851803792,1,5,1,2.0,1,1,1,1,1,1,1,Male,4,White
2012880729.0,53,Washington,7786828,53061,Snohomish,840860.0,0.790722133214353,0.5087616731,1,5,4,2.0,1,1,1,1,1,0,1,Male,4,Other
2033753173.0,53,Washington,7786828,53057,Skagit,131116.0,2.04703788049724,5.3444111003,1,2,1,2.0,1,1,1,1,1,1,1,Male,2,White
2015193727.0,53,Washington,7786828,53033,King,2265822.0,0.960796840327492,0.9851803792,1,5,1,2.0,1,1,1,1,1,0,1,Male,4,White
2030683923.0,53,Washington,7786828,53011,Clark,516807.0,2.95881934658808,,1,1,1,2.0,1,0,1,1,1,1,1,Male,1,White
2022641961.0,53,Washington,7786828,53033,King,2265822.0,1.18885741642947,1.3501659336,2,5,3,1.0,1,1,1,1,1,1,1,Female,4,Hispanic
2015318573.0,53,Washington,7786828,53045,Mason,68244.0,7.93146422841223,8.6777600007,1,1,1,2.0,0,0,0,0,0,1,0,Male,1,White
2038225651.0,53,Washington,7786828,53035,Kitsap,277805.0,1.44165619884729,1.638339231,2,3,1,2.0,1,1,1,1,1,0,1,Female,3,White
2004353599.0,53,Washington,7786828,53033,King,2265822.0,1.15035926815553,1.3778010753,1,5,1,2.0,1,1,1,1,1,1,1,Male,4,White
2031360289.0,53,Washington,7786828,53033,King,2265822.0,1.02418606837111,1.0427318132,1,3,1,2.0,0,0,0,0,0,0,0,Male,3,White
2037803151.0,53,Washington,7786828,53077,Yakima,256550.0,1.33934043605248,0.8165580624000001,2,5,1,2.0,1,1,1,0,1,0,1,Female,4,White
1994126073.0,53,Washington,7786828,53033,King,2265822.0,1.10616874196808,1.2521410103,1,5,1,2.0,0,1,0,0,0,1,0,Male,4,White
2015333113.0,53,Washington,7786828,53011,Clark,516807.0,1.39495939630019,1.6126617685,2,2,1,2.0,0,0,1,0,1,1,0,Female,2,White
2040364337.0,53,Washington,7786828,53011,Clark,516807.0,2.65218732765499,1.3357350911,2,2,4,2.0,1,1,1,0,0,0,1,Female,2,Other
2034614551.0,53,Washington,7786828,53033,King,2265822.0,0.877823457065888,0.6266002663,1,3,4,2.0,1,1,1,1,1,0,1,Male,3,Other
2044246247.0,53,Washington,7786828,53057,Skagit,131116.0,1.40481103909407,1.3803545041,1,6,1,2.0,1,0,0,0,0,1,0,Male,4,White
2012986461.0,53,Washington,7786828,53033,King,2265822.0,3.60425309576401,4.5779826676,2,2,6,2.0,1,1,0,0,1,1,0,Female,2,Other
2043009783.0,53,Washington,7786828,53041,Lewis,85293.0,1.39495939630019,,2,2,1,2.0,0,0,0,0,0,1,0,Female,2,White
1997296521.0,53,Washington,7786828,53053,Pierce,927456.0,1.15106072382776,0.9221310338,2,5,1,2.0,1,1,1,1,0,0,1,Female,4,White
2034524865.0,53,Washington,7786828,53033,King,2265822.0,1.70136453262644,1.5939856519,2,3,1,2.0,1,1,1,1,1,0,1,Female,3,White
2013576659.0,53,Washington,7786828,53067,Thurston,298556.0,1.42489133804555,1.604662776,1,3,1,2.0,0,0,1,0,0,1,0,Male,3,White
2018998465.0,53,Washington,7786828,53061,Snohomish,840860.0,4.17607965866735,,1,2,1,2.0,1,1,1,1,1,1,1,Male,2,White
2033321783.0,53,Washington,7786828,53021,Franklin,98445.0,2.40472192490227,,1,2,2,2.0,1,0,1,0,0,1,0,Male,2,Black
2016472937.0,53,Washington,7786828,53063,Spokane,549602.0,0.960796840327492,0.9851803792,1,5,1,2.0,1,1,1,1,0,0,1,Male,4,White
2038238589.0,53,Washington,7786828,53033,King,2265822.0,6.61065076530651,2.242069655,1,3,1,2.0,1,1,1,1,1,0,1,Male,3,White
2014586781.0,53,Washington,7786828,53063,Spokane,549602.0,1.10616874196808,1.2521410103,1,5,1,2.0,0,0,0,0,1,1,0,Male,4,White
2028991519.0,53,Washington,7786828,53053,Pierce,927456.0,1.14663393251581,0.2711788875,2,2,1,2.0,1,1,1,1,1,1,1,Female,2,White
2013236077.0,53,Washington,7786828,53033,King,2265822.0,10.6554628194177,3.1761966023,1,3,1,2.0,1,0,0,0,0,1,0,Male,3,White
2014529037.0,53,Washington,7786828,53063,Spokane,549602.0,1.85417164917235,,2,3,1,2.0,0,0,0,0,0,1,0,Female,3,White
2014753049.0,53,Washington,7786828,53053,Pierce,927456.0,0.960796840327492,0.9851803792,1,5,1,2.0,1,1,1,1,1,1,1,Male,4,White
1998154923.0,53,Washington,7786828,53011,Clark,516807.0,0.45073827386803,,2,3,1,2.0,1,0,1,1,1,1,0,Female,3,White
1998233967.0,23,Maine,1391585,23015,Lincoln,36248.0,1.35980773159756,1.2328578426,1,2,1,2.0,0,0,0,0,1,1,0,Male,2,White
2026759825.0,23,Maine,1391585,23027,Waldo,40196.0,0.962825522996632,,2,1,7,2.0,1,0,0,1,1,1,0,Female,1,Other
2024765397.0,23,Maine,1391585,23031,York,217376.0,0.576704741624999,,1,3,1,2.0,1,1,1,1,1,0,1,Male,3,White
2025449155.0,23,Maine,1391585,23031,York,217376.0,1.39080386428892,,1,2,1,2.0,1,0,0,0,1,1,0,Male,2,White
1987877713.0,23,Maine,1391585,23019,Penobscot,154948.0,1.18880679499265,1.0099609999,2,6,1,2.0,1,1,1,1,1,0,1,Female,4,White
2012191411.0,23,Maine,1391585,23025,Somerset,51052.0,1.00484922470751,,2,2,1,2.0,1,0,0,0,0,0,1,Female,2,White
2009073867.0,23,Maine,1391585,23019,Penobscot,154948.0,0.938454486990916,,2,3,1,2.0,1,1,1,1,1,1,1,Female,3,White
2034581053.0,23,Maine,1391585,23011,Kennebec,127182.0,0.630352498187872,0.6505146958,1,3,1,2.0,1,1,1,1,1,0,1,Male,3,White
2038924495.0,23,Maine,1391585,23011,Kennebec,127182.0,4.95009587524936,,1,4,1,2.0,1,1,1,1,1,1,1,Male,3,White
2011507147.0,23,Maine,1391585,23019,Penobscot,154948.0,3.39415335282077,0.3856307851,1,2,1,2.0,0,0,0,0,0,1,0,Male,2,White
1999176323.0,23,Maine,1391585,23003,Aroostook,67295.0,2.27207815591247,,1,3,2,2.0,1,1,0,1,0,1,0,Male,3,Black
2012619355.0,23,Maine,1391585,23005,Cumberland,309532.0,0.278244393049448,0.7540648218,1,2,1,2.0,0,0,0,0,0,1,0,Male,2,White
2001723243.0,51,Virginia,8681038,51710,Norfolk city,232960.0,1.50287394719795,,1,5,1,2.0,0,0,0,0,0,1,0,Male,4,White
2012122757.0,51,Virginia,8681038,51730,Petersburg city,33484.0,0.448918394405104,0.3568415141,2,6,1,2.0,1,1,1,1,1,1,1,Female,4,White
2029890733.0,51,Virginia,8681038,51165,Rockingham,85494.0,0.62497244335705,0.5241715985000001,2,3,1,2.0,1,0,0,0,0,0,1,Female,3,White
2041446263.0,51,Virginia,8681038,51059,Fairfax,1138853.0,3.08232111035708,,1,5,4,2.0,1,1,0,1,1,0,1,Male,4,Other
2010673931.0,51,Virginia,8681038,51045,Craig,4855.0,1.28877530778376,1.0200330469,2,3,1,2.0,0,0,0,0,1,1,1,Female,3,White
2021651025.0,51,Virginia,8681038,51085,Hanover,112955.0,1.09674726547293,1.0319998233,1,5,1,2.0,0,1,1,0,0,1,0,Male,4,White
2032731203.0,51,Virginia,8681038,51770,Roanoke city,97922.0,2.28477237784757,3.0636861264,1,1,1,2.0,0,1,1,1,1,1,0,Male,1,White
2043481223.0,51,Virginia,8681038,51820,Waynesboro city,22748.0,3.15206361429545,,2,2,1,2.0,1,1,1,1,1,1,1,Female,2,White
2026974335.0,51,Virginia,8681038,51087,Henrico,335033.0,11.9458986541316,,1,3,4,2.0,1,1,1,0,1,1,0,Male,3,Other
2012650849.0,51,Virginia,8681038,51790,Staunton city,25924.0,2.62603066019137,1.7919388102,2,2,2,2.0,1,1,1,1,1,1,1,Female,2,Black
2028888481.0,51,Virginia,8681038,51670,Hopewell city,22857.0,12.719452079418,,2,2,1,2.0,1,1,0,1,1,1,1,Female,2,White
2012973291.0,51,Virginia,8681038,51059,Fairfax,1138853.0,3.73864777362473,4.0828325511,2,6,4,2.0,1,1,1,1,1,0,1,Female,4,Other
2039665477.0,51,Virginia,8681038,51770,Roanoke city,97922.0,1.5940418426622,,1,4,1,2.0,1,1,1,1,1,0,1,Male,3,White
2011369027.0,51,Virginia,8681038,51133,Northumberland,12262.0,3.04083873214696,3.9249332532,1,1,1,2.0,0,0,0,0,0,1,0,Male,1,White
2031387489.0,51,Virginia,8681038,51810,Virginia Beach city,454721.0,0.309167796930082,,2,5,3,,1,1,1,1,0,0,1,Female,4,Hispanic
1985043951.0,51,Virginia,8681038,51059,Fairfax,1138853.0,0.773842426822086,0.6785185418,2,6,1,2.0,1,1,1,1,1,0,1,Female,4,White
2039699973.0,51,Virginia,8681038,51041,Chesterfield,378739.0,1.42394125803719,1.2012097949,2,6,1,2.0,0,0,0,0,1,1,0,Female,4,White
2015842475.0,51,Virginia,8681038,51069,Frederick,94855.0,0.353118837893068,1.6365164578,1,2,1,2.0,0,0,1,0,1,1,0,Male,2,White
2042331363.0,51,Virginia,8681038,51153,Prince William,487524.0,0.97835080292076,1.1732698785,1,5,1,2.0,0,0,0,0,0,1,0,Male,4,White
2039307821.0,51,Virginia,8681038,51141,Patrick,17559.0,5.54815959322068,,1,3,1,2.0,0,1,1,1,0,1,0,Male,3,White
2020695581.0,51,Virginia,8681038,51810,Virginia Beach city,454721.0,0.824054834326319,0.8055483590000001,1,5,1,2.0,0,0,0,0,1,1,0,Male,4,White
2017851649.0,51,Virginia,8681038,51700,Newport News city,183976.0,1.10348172073724,,2,2,2,2.0,0,1,0,0,0,0,0,Female,2,Black
2013774109.0,51,Virginia,8681038,51059,Fairfax,1138853.0,1.77807269191329,,1,6,2,2.0,1,1,0,0,0,1,1,Male,4,Black
2009979009.0,51,Virginia,8681038,51031,Campbell,55034.0,2.00019807333253,2.1589499285,1,5,1,2.0,0,0,0,0,1,1,0,Male,4,White
2041446259.0,51,Virginia,8681038,51059,Fairfax,1138853.0,4.2615439222522,3.8312492178,1,5,4,2.0,0,0,0,0,1,1,0,Male,4,Other
2036914457.0,51,Virginia,8681038,51660,Harrisonburg city,51011.0,1.84993010443391,,2,5,3,,1,1,1,1,1,1,1,Female,4,Hispanic
2038258941.0,51,Virginia,8681038,51023,Botetourt,34088.0,2.30316092940924,1.6924507293,1,5,1,2.0,1,1,0,0,0,1,1,Male,4,White
2042330861.0,51,Virginia,8681038,51147,Prince Edward,21848.0,1.30210214548865,1.503093258,1,5,1,2.0,0,0,0,0,1,1,0,Male,4,White
2034472077.0,51,Virginia,8681038,51019,Bedford,80832.0,3.38649289664853,,2,3,1,2.0,1,1,1,1,1,1,1,Female,3,White
2033876639.0,51,Virginia,8681038,51035,Carroll,29097.0,1.06989615057418,0.9376286286,2,6,1,2.0,0,0,1,0,0,1,0,Female,4,White
2034785009.0,51,Virginia,8681038,51059,Fairfax,1138853.0,1.05141645176307,,1,5,1,2.0,1,1,1,1,1,0,1,Male,4,White
2017126389.0,51,Virginia,8681038,51041,Chesterfield,378739.0,1.66634102417901,0.8378595622,1,6,1,2.0,1,1,0,0,0,1,1,Male,4,White
2016087871.0,51,Virginia,8681038,51177,Spotsylvania,146798.0,0.746995462901293,,2,3,2,2.0,1,0,1,0,0,0,0,Female,3,Black
2010979427.0,51,Virginia,8681038,51550,Chesapeake city,252431.0,0.435811705380409,0.7101428296000001,2,3,3,1.0,1,1,1,0,1,1,1,Female,3,Hispanic
2029684059.0,51,Virginia,8681038,51650,Hampton city,137889.0,0.501159364803374,,1,2,2,2.0,1,1,1,1,0,1,1,Male,2,Black
2013032383.0,51,Virginia,8681038,51059,Fairfax,1138853.0,5.60193524879499,,2,3,4,2.0,0,0,0,0,1,0,0,Female,3,Other
2012651387.0,51,Virginia,8681038,51710,Norfolk city,232960.0,1.40030556675674,1.3140760976,1,3,2,2.0,0,0,0,0,0,1,0,Male,3,Black
2025246497.0,51,Virginia,8681038,51041,Chesterfield,378739.0,2.23212984796571,0.5053697751,2,2,1,2.0,1,0,1,1,1,1,1,Female,2,White
2015201443.0,51,Virginia,8681038,51550,Chesapeake city,252431.0,0.833385999207464,,2,2,1,2.0,1,1,1,1,1,0,1,Female,2,White
2011496793.0,51,Virginia,8681038,51035,Carroll,29097.0,5.54815959322068,1.7380193006,1,4,1,2.0,0,0,0,0,1,0,0,Male,3,White
2035366001.0,51,Virginia,8681038,51059,Fairfax,1138853.0,0.773842426822086,0.6785185418,2,6,1,2.0,1,1,1,1,1,0,1,Female,4,White
2039311441.0,51,Virginia,8681038,51041,Chesterfield,378739.0,0.641352268549326,0.437958006,2,5,1,2.0,1,0,1,1,1,0,1,Female,4,White
2009208059.0,51,Virginia,8681038,51179,Stafford,163226.0,0.822391796007741,0.9682179314,2,4,1,2.0,0,1,0,0,0,0,0,Female,3,White
1984207337.0,51,Virginia,8681038,51650,Hampton city,137889.0,1.50287394719795,1.6852120831,1,5,1,2.0,0,0,1,1,1,1,0,Male,4,White
2013777345.0,51,Virginia,8681038,51121,Montgomery,98746.0,0.792599752493961,0.8009750887,2,6,1,2.0,1,1,1,1,1,0,1,Female,4,White
2037094543.0,51,Virginia,8681038,51009,Amherst,31525.0,2.00895985458398,,2,1,2,2.0,0,1,1,1,1,1,0,Female,1,Black
2037589535.0,51,Virginia,8681038,51121,Montgomery,98746.0,0.97835080292076,,1,5,1,2.0,1,0,0,0,0,1,0,Male,4,White
2033668381.0,51,Virginia,8681038,51059,Fairfax,1138853.0,1.09185474030926,1.1205754583,1,3,1,2.0,0,0,0,0,0,1,0,Male,3,White
1999726417.0,51,Virginia,8681038,51121,Montgomery,98746.0,1.38767072063818,1.6344530567,2,5,1,2.0,0,0,0,0,1,1,0,Female,4,White
2013781075.0,51,Virginia,8681038,51095,James City,81458.0,0.701234893352704,0.5784049731,1,6,1,2.0,1,1,1,1,1,0,1,Male,4,White
2045755147.0,51,Virginia,8681038,51041,Chesterfield,378739.0,1.18802738757562,1.0912741802,2,2,1,2.0,1,1,1,1,1,1,1,Female,2,White
2010409745.0,51,Virginia,8681038,51680,Lynchburg city,79278.0,1.38767072063818,,2,5,1,2.0,1,0,1,1,1,1,1,Female,4,White
2005633069.0,51,Virginia,8681038,51087,Henrico,335033.0,15.0614388091749,,1,1,2,2.0,1,0,0,1,1,1,0,Male,1,Black
2015295933.0,51,Virginia,8681038,51003,Albemarle,114871.0,0.824054834326319,0.8055483590000001,1,5,1,2.0,0,0,0,0,0,1,0,Male,4,White
2028415241.0,51,Virginia,8681038,51143,Pittsylvania,59862.0,1.15532400912065,1.0530722634,2,2,1,2.0,1,1,1,1,1,1,1,Female,2,White
2039694113.0,51,Virginia,8681038,51800,Suffolk city,98626.0,1.00791778537337,0.6568997334000001,2,5,2,2.0,1,1,1,1,1,1,0,Female,4,Black
2041446353.0,51,Virginia,8681038,51087,Henrico,335033.0,1.32382485529928,1.8025889918,1,5,4,2.0,1,1,1,1,1,0,1,Male,4,Other
1997516397.0,51,Virginia,8681038,51087,Henrico,335033.0,1.95555663414185,2.3102931068,2,3,2,2.0,1,1,1,1,1,0,1,Female,3,Black
2001578659.0,51,Virginia,8681038,51089,Henry,49772.0,0.496015877266666,0.6819093727000001,2,2,1,2.0,1,1,1,1,1,0,1,Female,2,White
2036063463.0,51,Virginia,8681038,51087,Henrico,335033.0,1.35722557828129,,2,6,3,,1,1,1,1,1,1,0,Female,4,Hispanic
2012594693.0,51,Virginia,8681038,51059,Fairfax,1138853.0,2.45155553777241,1.5860273368,2,5,2,2.0,1,1,1,1,1,0,1,Female,4,Black
2040047669.0,51,Virginia,8681038,51810,Virginia Beach city,454721.0,0.729437671579204,,2,5,1,2.0,1,1,1,1,1,0,1,Female,4,White
2030934367.0,51,Virginia,8681038,51035,Carroll,29097.0,0.280450833081321,0.1880203411,2,1,1,2.0,0,1,0,0,1,1,0,Female,1,White
1999394517.0,51,Virginia,8681038,51003,Albemarle,114871.0,6.73497437810266,1.5801385082,1,1,1,2.0,0,0,0,0,1,1,0,Male,1,White
2037678697.0,51,Virginia,8681038,51195,Wise,35341.0,1.83740505340592,,2,2,3,1.0,1,1,0,0,1,0,0,Female,2,Hispanic
2009974753.0,51,Virginia,8681038,51029,Buckingham,16979.0,1.105678301096,1.1064259677,2,5,1,2.0,0,0,0,0,0,1,0,Female,4,White
2015101625.0,51,Virginia,8681038,51083,Halifax,33612.0,1.06989615057418,0.9376286286,2,6,1,2.0,0,1,1,0,1,1,0,Female,4,White
2021313739.0,51,Virginia,8681038,51059,Fairfax,1138853.0,0.773842426822086,0.6785185418,2,6,1,2.0,1,1,1,1,0,0,1,Female,4,White
2018785989.0,51,Virginia,8681038,51760,Richmond city,228936.0,0.0992701244763751,,1,5,3,1.0,0,0,0,0,0,1,0,Male,4,Hispanic
2031436495.0,51,Virginia,8681038,51085,Hanover,112955.0,1.90172024434103,1.8441212659,1,5,1,2.0,1,1,1,1,0,0,1,Male,4,White
2030539457.0,51,Virginia,8681038,51161,Roanoke,96878.0,1.45316628317194,,1,3,1,2.0,0,0,0,0,0,1,1,Male,3,White
2038230315.0,51,Virginia,8681038,51059,Fairfax,1138853.0,1.84993010443391,,2,5,3,1.0,1,1,1,0,1,0,1,Female,4,Hispanic
2045605261.0,51,Virginia,8681038,51013,Arlington,233476.0,0.792599752493961,0.8009750887,2,6,1,2.0,1,1,1,1,1,0,1,Female,4,White
2020819693.0,51,Virginia,8681038,51710,Norfolk city,232960.0,1.58609624324717,,2,2,2,2.0,0,1,1,1,1,1,1,Female,2,Black
1998368477.0,51,Virginia,8681038,51059,Fairfax,1138853.0,0.983556126575405,0.7978655555,2,6,2,2.0,1,1,1,1,1,0,1,Female,4,Black
2033184901.0,51,Virginia,8681038,51097,King and Queen,6712.0,1.53350690917194,,2,2,1,2.0,1,1,1,0,1,0,1,Female,2,White
2044270085.0,51,Virginia,8681038,51075,Goochland,26212.0,0.864072049019839,0.6729591806,2,3,1,2.0,0,0,0,0,1,1,0,Female,3,White
2013760703.0,51,Virginia,8681038,51121,Montgomery,98746.0,1.32278898538867,1.7476689742,1,2,1,2.0,0,0,0,0,0,1,0,Male,2,White
2018272563.0,18,Indiana,6841491,18113,Noble,47266.0,0.66566076904214,1.3748762729,2,2,1,2.0,1,1,1,1,1,0,1,Female,2,White
2012989667.0,18,Indiana,6841491,18097,Marion,974293.0,3.17086668019368,,2,1,1,2.0,1,0,0,0,0,0,0,Female,1,White
1994409707.0,18,Indiana,6841491,18143,Scott,24442.0,1.46835042557148,1.6966693821,1,3,1,2.0,0,0,0,0,0,1,0,Male,3,White
2031433661.0,18,Indiana,6841491,18089,Lake,499630.0,0.795869061899277,,2,3,2,2.0,0,1,1,0,1,0,0,Female,3,Black
2014439325.0,18,Indiana,6841491,18003,Allen,391751.0,1.42238953773441,1.3193436985,2,6,1,2.0,0,1,1,0,0,1,0,Female,4,White
2034164539.0,18,Indiana,6841491,18035,Delaware,112091.0,2.41062164567202,0.3784217585,2,5,5,1.0,1,1,0,1,1,1,1,Female,4,Hispanic
2037725703.0,18,Indiana,6841491,18057,Hamilton,366036.0,0.72557783479882,0.7702149102,1,6,1,2.0,1,0,0,0,0,1,1,Male,4,White
2036916767.0,18,Indiana,6841491,18005,Bartholomew,83542.0,1.75983892232598,,2,2,1,2.0,0,1,1,1,1,1,1,Female,2,White
2013809297.0,18,Indiana,6841491,18003,Allen,391751.0,0.260130159455334,0.9243322853,2,6,2,2.0,1,1,1,1,1,0,1,Female,4,Black
2014022265.0,18,Indiana,6841491,18097,Marion,974293.0,0.452689850789703,0.5417693485,2,4,2,2.0,1,1,1,0,1,1,1,Female,3,Black
2034488087.0,18,Indiana,6841491,18097,Marion,974293.0,2.78439844126873,,1,3,2,2.0,1,1,1,1,1,1,1,Male,3,Black
2035652727.0,18,Indiana,6841491,18003,Allen,391751.0,1.82348479569346,,2,1,1,2.0,0,0,1,1,1,1,0,Female,1,White
2019609113.0,18,Indiana,6841491,18141,St. Joseph,272478.0,15.0614388091749,,2,1,1,2.0,1,1,1,1,0,0,1,Female,1,White
2039311261.0,18,Indiana,6841491,18113,Noble,47266.0,0.623005488791861,1.1761461015,1,5,1,2.0,0,0,0,1,0,1,1,Male,4,White
2004221659.0,18,Indiana,6841491,18135,Randolph,24396.0,0.978724015297141,1.7459505946,2,4,1,2.0,0,0,0,0,0,1,1,Female,3,White
2038369249.0,18,Indiana,6841491,18097,Marion,974293.0,0.41536147152894,0.4557954311,2,3,1,2.0,1,1,1,1,1,1,1,Female,3,White
1999344875.0,18,Indiana,6841491,18097,Marion,974293.0,0.745265659954759,0.559989678,1,4,1,2.0,1,1,1,1,1,0,1,Male,3,White
2008772421.0,18,Indiana,6841491,18105,Monroe,144456.0,0.522212370993905,0.4960041497,2,5,1,2.0,1,1,1,1,1,0,1,Female,4,White
2022005219.0,18,Indiana,6841491,18003,Allen,391751.0,1.32678196959918,1.3456065697,2,4,1,2.0,1,1,1,1,1,1,1,Female,3,White
1996910031.0,18,Indiana,6841491,18097,Marion,974293.0,1.49030106480118,1.3519625613,1,6,1,2.0,0,0,1,0,0,1,0,Male,4,White
1996005395.0,18,Indiana,6841491,18119,Owen,21381.0,1.10326353643154,1.3243696419,1,3,1,2.0,0,0,0,0,0,1,0,Male,3,White
1983126173.0,18,Indiana,6841491,18057,Hamilton,366036.0,0.978724015297141,1.7459505946,2,4,1,2.0,0,1,1,0,1,1,0,Female,3,White
2016942317.0,18,Indiana,6841491,18097,Marion,974293.0,1.09080729890616,1.4808599339,2,5,1,2.0,0,1,0,0,1,1,0,Female,4,White
2034432327.0,18,Indiana,6841491,18035,Delaware,112091.0,1.89308013370597,1.6902305722,2,6,1,2.0,0,0,0,0,1,1,0,Female,4,White
1995435345.0,18,Indiana,6841491,18097,Marion,974293.0,2.39270386895663,2.4822060132,1,5,1,2.0,1,1,0,1,1,1,0,Male,4,White
2030738043.0,18,Indiana,6841491,18097,Marion,974293.0,1.90731262334637,,1,4,1,2.0,1,1,1,0,1,1,1,Male,3,White
2037093621.0,18,Indiana,6841491,18127,Porter,174767.0,1.46835042557148,1.6966693821,1,4,1,2.0,0,0,0,0,0,1,0,Male,3,White
2009742173.0,18,Indiana,6841491,18147,Spencer,19886.0,1.79778810706655,1.9375361656,1,5,1,2.0,0,0,0,0,0,1,0,Male,4,White
2007435119.0,18,Indiana,6841491,18095,Madison,130977.0,0.522212370993905,0.4960041497,2,5,1,2.0,1,1,1,1,1,1,1,Female,4,White
2038691445.0,18,Indiana,6841491,18003,Allen,391751.0,3.22795728260595,,2,2,2,2.0,1,1,1,0,1,1,1,Female,2,Black
2021806783.0,18,Indiana,6841491,18151,Steuben,34716.0,0.91432345938797,0.9712061464,2,4,1,2.0,0,1,0,0,1,1,0,Female,3,White
2036657797.0,18,Indiana,6841491,18157,Tippecanoe,188836.0,8.31567130045758,,1,3,4,2.0,1,1,1,1,1,0,1,Male,3,Other
1999210529.0,18,Indiana,6841491,18067,Howard,83479.0,0.91432345938797,0.9712061464,2,4,1,2.0,0,0,0,0,0,1,0,Female,3,White
2015122843.0,18,Indiana,6841491,18003,Allen,391751.0,0.41536147152894,0.4557954311,2,3,1,2.0,1,1,1,1,1,1,1,Female,3,White
2034418209.0,18,Indiana,6841491,18057,Hamilton,366036.0,3.08899306105577,,2,5,1,2.0,1,1,1,1,1,1,1,Female,4,White
2012423545.0,18,Indiana,6841491,18025,Crawford,10521.0,2.43833067080344,2.6771286474,1,2,1,2.0,0,0,0,0,0,1,0,Male,2,White
2034527161.0,18,Indiana,6841491,18177,Wayne,66238.0,5.45585237247875,,1,2,1,2.0,0,0,1,0,0,0,0,Male,2,White
2020280045.0,18,Indiana,6841491,18039,Elkhart,207185.0,1.23583709606291,1.3922692403,1,2,1,2.0,0,0,0,0,0,1,0,Male,2,White
2034515289.0,18,Indiana,6841491,18023,Clinton,32870.0,2.57392617079179,,2,3,1,2.0,1,1,1,1,1,1,1,Female,3,White
2018441589.0,18,Indiana,6841491,18175,Washington,28152.0,0.879194010280907,,2,2,1,2.0,0,0,0,0,0,1,0,Female,2,White
2014402009.0,18,Indiana,6841491,18095,Madison,130977.0,0.616158642824271,0.7238304109,1,3,1,2.0,1,1,1,1,1,1,1,Male,3,White
2011123195.0,18,Indiana,6841491,18141,St. Joseph,272478.0,1.09154899462712,0.6513205138,2,4,4,2.0,0,0,0,0,1,1,0,Female,3,Other
2010947293.0,18,Indiana,6841491,18029,Dearborn,50978.0,1.17013284362813,1.991092491,2,2,1,2.0,0,0,0,0,0,1,1,Female,2,White
2000490117.0,18,Indiana,6841491,18101,Martin,9813.0,5.96755547501133,3.4264730185,1,5,1,2.0,0,0,0,0,0,0,0,Male,4,White
1998772801.0,18,Indiana,6841491,18023,Clinton,32870.0,0.41536147152894,0.4557954311,2,4,1,2.0,1,1,1,1,1,1,1,Female,3,White
2010166301.0,18,Indiana,6841491,18169,Wabash,30811.0,1.32678196959918,1.3456065697,2,3,1,2.0,0,1,0,0,0,1,0,Female,3,White
2010068721.0,18,Indiana,6841491,18019,Clark,124254.0,0.347050263727013,0.4681552759,1,3,1,2.0,1,0,0,0,0,0,0,Male,3,White
2015306467.0,18,Indiana,6841491,18105,Monroe,144456.0,2.43752813727478,,1,4,1,2.0,0,0,0,0,1,0,0,Male,3,White
2045355763.0,18,Indiana,6841491,18167,Vigo,106014.0,1.05137246517919,0.9376494825,1,5,1,2.0,1,1,1,1,1,0,1,Male,4,White
2003014377.0,18,Indiana,6841491,18097,Marion,974293.0,0.79823915534546,,2,2,1,2.0,0,1,1,1,1,1,1,Female,2,White
2030880799.0,18,Indiana,6841491,18145,Shelby,45165.0,0.378614751012169,3.1846571237,2,2,1,2.0,1,1,1,1,1,0,1,Female,2,White
2017497955.0,18,Indiana,6841491,18089,Lake,499630.0,1.27436259217937,0.9820091795,1,3,1,2.0,0,0,0,0,0,1,0,Male,3,White
2015257013.0,18,Indiana,6841491,18097,Marion,974293.0,0.882546603695773,0.6570561849000001,2,6,1,2.0,1,1,1,1,1,0,1,Female,4,White
2037590427.0,18,Indiana,6841491,18051,Gibson,32973.0,2.14268048685425,,2,3,1,2.0,1,1,1,1,1,1,1,Female,3,White
2043919229.0,18,Indiana,6841491,18141,St. Joseph,272478.0,1.93778427460299,,2,2,2,2.0,0,0,0,0,0,0,0,Female,2,Black
2038616517.0,18,Indiana,6841491,18097,Marion,974293.0,1.05137246517919,0.9376494825,1,5,1,2.0,1,1,1,1,1,0,1,Male,4,White
2010628653.0,18,Indiana,6841491,18105,Monroe,144456.0,0.804113352805941,0.5786197201000001,2,4,2,2.0,1,1,0,1,1,1,1,Female,3,Black
2011607345.0,18,Indiana,6841491,18039,Elkhart,207185.0,0.997470503457392,1.2354704483,1,3,1,2.0,0,0,0,0,0,1,0,Male,3,White
2030664703.0,18,Indiana,6841491,18057,Hamilton,366036.0,1.98766510511817,,1,3,2,2.0,1,0,1,1,1,1,1,Male,3,Black
2013056019.0,18,Indiana,6841491,18089,Lake,499630.0,3.38389901633746,,2,2,1,2.0,0,1,0,0,1,1,1,Female,2,White
2033317137.0,18,Indiana,6841491,18133,Putnam,37107.0,3.17086668019368,4.6858262176,2,1,1,2.0,1,0,1,1,0,1,1,Female,1,White
2023493409.0,06,California,39125347,06089,Shasta,180957.0,3.63199821048961,0.9790962363,1,1,1,2.0,1,1,1,0,1,1,1,Male,1,White
2022051469.0,06,California,39125347,06045,Mendocino,90033.0,0.563726699600575,0.6743254836,1,3,1,2.0,1,1,1,1,1,0,1,Male,3,White
2038946661.0,06,California,39125347,06013,Contra Costa,1160163.0,0.932231216643634,,2,4,4,2.0,1,1,1,1,1,0,1,Female,3,Other
2034502951.0,06,California,39125347,06023,Humboldt,134979.0,5.75068788451091,4.4092222139,1,1,1,2.0,1,1,0,0,1,0,1,Male,1,White
1992764101.0,06,California,39125347,06085,Santa Clara,1880151.0,0.613204132789873,0.6303963769,1,6,1,2.0,1,1,1,1,1,0,1,Male,4,White
1996260335.0,06,California,39125347,06071,San Bernardino,2196267.0,10.6542306943682,,2,5,4,2.0,0,0,0,0,0,1,0,Female,4,Other
2026740613.0,06,California,39125347,06099,Stanislaus,552453.0,1.24579888738984,,1,4,7,2.0,1,1,1,1,1,1,1,Male,3,Other
2017697513.0,06,California,39125347,06095,Solano,449852.0,0.465197313692556,,1,2,1,2.0,1,0,0,1,1,0,1,Male,2,White
2011582359.0,06,California,39125347,06037,Los Angeles,9748524.0,0.26459947622749,0.5752894489,1,3,2,2.0,1,1,1,0,1,0,1,Male,3,Black
2015022613.0,06,California,39125347,06073,San Diego,3279089.0,4.27909118321156,5.058918221,1,2,4,2.0,0,0,1,0,1,1,0,Male,2,Other
2036136663.0,06,California,39125347,06037,Los Angeles,9748524.0,0.709708810115869,0.9484677732,2,3,3,1.0,1,1,1,1,1,1,1,Female,3,Hispanic
2038901997.0,06,California,39125347,06037,Los Angeles,9748524.0,2.00947777847654,6.9591874588,1,2,3,,1,1,1,1,1,1,1,Male,2,Hispanic
2022885183.0,06,California,39125347,06037,Los Angeles,9748524.0,2.734307612477,,2,2,4,2.0,1,1,1,1,1,1,1,Female,2,Other
2014744625.0,06,California,39125347,06085,Santa Clara,1880151.0,5.03775994265413,,2,6,4,2.0,1,1,1,1,1,0,1,Female,4,Other
2012762179.0,06,California,39125347,06037,Los Angeles,9748524.0,1.96514426147991,,1,6,1,2.0,1,1,1,1,0,1,1,Male,4,White
2020383013.0,06,California,39125347,06099,Stanislaus,552453.0,2.67799977173231,,1,2,1,2.0,1,1,0,0,1,1,1,Male,2,White
2013731273.0,06,California,39125347,06065,Riverside,2479339.0,2.43818271996682,1.6527281803,1,5,4,2.0,0,1,0,0,1,1,0,Male,4,Other
2022054491.0,06,California,39125347,06073,San Diego,3279089.0,1.17529889434719,1.6902022715,2,5,1,2.0,0,0,0,0,0,1,0,Female,4,White
2028764027.0,06,California,39125347,06067,Sacramento,1588707.0,1.30291171603718,1.0224912133,3,6,2,2.0,1,1,1,1,1,0,1,,4,Black
1997868073.0,06,California,39125347,06059,Orange,3156252.0,0.917193161697256,0.5787093197000001,1,4,4,2.0,0,1,1,1,1,0,0,Male,3,Other
1983126033.0,06,California,39125347,06037,Los Angeles,9748524.0,1.22631272478392,0.8426041507,1,6,1,1.0,1,1,1,1,1,1,1,Male,4,Hispanic
2011574091.0,06,California,39125347,06059,Orange,3156252.0,1.69741949843226,,2,5,4,2.0,1,1,1,1,1,1,1,Female,4,Other
2040986259.0,06,California,39125347,06037,Los Angeles,9748524.0,0.725584070792997,,1,3,6,1.0,1,1,1,0,1,1,1,Male,3,Hispanic
2031067923.0,06,California,39125347,06023,Humboldt,134979.0,1.40731639507718,,2,4,1,1.0,1,1,0,1,1,1,1,Female,3,Hispanic
2009786645.0,06,California,39125347,06101,Sutter,98657.0,0.934772968918828,0.8483587441,2,4,1,2.0,1,1,1,1,1,0,1,Female,3,White
2040191797.0,06,California,39125347,06065,Riverside,2479339.0,3.92627390041949,,2,3,3,,1,1,1,1,1,0,1,Female,3,Hispanic
2015538185.0,06,California,39125347,06001,Alameda,1633138.0,1.08175142261479,1.1961713379,1,5,1,2.0,0,0,1,0,0,1,0,Male,4,White
2016776335.0,06,California,39125347,06037,Los Angeles,9748524.0,5.61476375821388,2.8801809195,2,4,4,2.0,0,1,0,0,0,1,0,Female,3,Other
2041446817.0,06,California,39125347,06085,Santa Clara,1880151.0,1.59071965185514,1.329578812,1,6,4,2.0,1,1,1,1,1,1,1,Male,4,Other
1996962245.0,06,California,39125347,06065,Riverside,2479339.0,0.671825321989644,0.7807521314,2,4,3,1.0,1,1,1,1,1,0,1,Female,3,Hispanic
2011669943.0,06,California,39125347,06085,Santa Clara,1880151.0,3.33988117926558,,1,6,4,2.0,1,1,1,0,1,1,1,Male,4,Other
2026428199.0,06,California,39125347,06037,Los Angeles,9748524.0,2.35502726258409,,1,2,3,,0,1,0,0,0,0,0,Male,2,Hispanic
2010767507.0,06,California,39125347,06067,Sacramento,1588707.0,0.688122566035152,0.7902209999,2,3,1,2.0,1,1,1,1,1,0,1,Female,3,White
2032832623.0,06,California,39125347,06095,Solano,449852.0,7.76964421518753,2.8649219488,1,3,2,2.0,0,1,1,1,1,1,1,Male,3,Black
2011638711.0,06,California,39125347,06029,Kern,917074.0,0.708921905513479,1.5135419475,2,2,3,1.0,1,1,1,1,0,1,1,Female,2,Hispanic
1999219271.0,06,California,39125347,06019,Fresno,1017870.0,1.18234667017285,1.0638155634,2,6,1,2.0,1,1,1,1,1,0,1,Female,4,White
2011470539.0,06,California,39125347,06077,San Joaquin,795443.0,3.19827600923872,,1,1,2,2.0,1,1,1,1,0,0,1,Male,1,Black
2015250053.0,06,California,39125347,06055,Napa,134499.0,0.760897770026653,,1,3,1,2.0,0,0,0,0,0,1,0,Male,3,White
2010064127.0,06,California,39125347,06037,Los Angeles,9748524.0,1.97710486203522,2.6481487563,2,5,4,2.0,1,1,1,1,1,1,1,Female,4,Other
1999876917.0,06,California,39125347,06061,Placer,418469.0,1.244968314512,1.4079337011,2,4,1,2.0,0,0,0,0,0,1,0,Female,3,White
2039913757.0,06,California,39125347,06037,Los Angeles,9748524.0,8.38766217952242,,1,2,4,2.0,1,1,1,1,1,1,1,Male,2,Other
2013473097.0,06,California,39125347,06025,Imperial,179421.0,15.0614388091749,,1,1,3,,1,1,0,1,1,1,1,Male,1,Hispanic
2014126225.0,06,California,39125347,06037,Los Angeles,9748524.0,0.760897770026653,0.7958221487,1,3,1,2.0,0,0,0,0,0,1,0,Male,3,White
1997222641.0,06,California,39125347,06111,Ventura,834675.0,1.91681951585004,,1,6,1,2.0,0,0,0,0,1,1,0,Male,4,White
2014495723.0,06,California,39125347,06059,Orange,3156252.0,1.90578075154225,1.6501178245,2,6,1,2.0,1,1,1,0,1,0,1,Female,4,White
2011256813.0,06,California,39125347,06059,Orange,3156252.0,0.20393931087516,,1,5,5,2.0,0,1,1,0,1,1,1,Male,4,Other
2029033815.0,06,California,39125347,06093,Siskiyou,43602.0,2.03528905871943,,2,2,1,2.0,1,1,0,1,0,0,0,Female,2,White
2011240279.0,06,California,39125347,06073,San Diego,3279089.0,0.609783162774254,0.9747898684,1,3,1,2.0,1,1,1,1,1,0,1,Male,3,White
2040054575.0,06,California,39125347,06071,San Bernardino,2196267.0,2.14089993194145,0.3864751404,1,3,6,2.0,1,0,0,0,0,1,0,Male,3,Other
2042351691.0,06,California,39125347,06073,San Diego,3279089.0,0.602783717291615,0.5977563061,1,4,2,2.0,1,1,1,0,1,1,1,Male,3,Black
1999239753.0,06,California,39125347,06059,Orange,3156252.0,0.869011986718956,0.9568906794,1,5,1,2.0,0,0,0,0,0,1,0,Male,4,White
1999408419.0,06,California,39125347,06037,Los Angeles,9748524.0,6.19407740490291,,1,2,1,1.0,0,0,0,1,0,1,0,Male,2,Hispanic
1999559425.0,06,California,39125347,06029,Kern,917074.0,1.0593980995153,1.2505488377,2,5,1,2.0,0,0,0,0,0,1,0,Female,4,White
2029292099.0,06,California,39125347,06029,Kern,917074.0,0.569076829250999,,2,3,3,,0,1,1,0,0,0,0,Female,3,Hispanic
1999630203.0,06,California,39125347,06073,San Diego,3279089.0,0.862328036275487,,2,2,1,2.0,1,1,1,1,1,1,0,Female,2,White
2038905063.0,06,California,39125347,06081,San Mateo,732245.0,3.8625658433494,,2,5,4,2.0,1,1,1,1,1,0,1,Female,4,Other
2026742849.0,06,California,39125347,06095,Solano,449852.0,2.70791699597645,,2,2,3,1.0,1,1,0,1,1,0,1,Female,2,Hispanic
2038801645.0,06,California,39125347,06073,San Diego,3279089.0,4.69710916335458,,1,2,2,2.0,1,0,0,0,0,0,0,Male,2,Black
2020430685.0,06,California,39125347,06065,Riverside,2479339.0,0.535861953406035,0.3999515343,2,3,3,1.0,1,1,1,1,1,1,1,Female,3,Hispanic
2042360893.0,06,California,39125347,06037,Los Angeles,9748524.0,1.96630691256278,2.326927807,1,5,4,2.0,0,1,1,0,1,1,1,Male,4,Other
1995272979.0,06,California,39125347,06013,Contra Costa,1160163.0,0.442438551343287,0.41031666,1,6,1,2.0,1,1,1,1,1,0,1,Male,4,White
2010631661.0,06,California,39125347,06067,Sacramento,1588707.0,3.73484015352245,,2,5,1,2.0,0,0,0,0,1,1,0,Female,4,White
2013415417.0,06,California,39125347,06037,Los Angeles,9748524.0,1.63641992997722,1.1389178026,1,6,4,2.0,0,0,0,0,0,1,0,Male,4,Other
2043485257.0,06,California,39125347,06025,Imperial,179421.0,1.24018415391458,0.2160460868,1,1,6,2.0,0,0,1,1,0,1,0,Male,1,Other
2024885541.0,06,California,39125347,06071,San Bernardino,2196267.0,1.37988004080332,,1,2,1,2.0,0,1,1,0,1,1,0,Male,2,White
2038637267.0,06,California,39125347,06067,Sacramento,1588707.0,1.88729487633817,,1,2,1,2.0,1,1,1,1,1,1,1,Male,2,White
2009758199.0,06,California,39125347,06031,Kings,152763.0,0.99138493133416,1.2762470618,2,2,1,2.0,0,0,1,1,1,1,0,Female,2,White
2045260397.0,06,California,39125347,06075,San Francisco,813266.0,1.31470035624023,,2,6,1,2.0,0,1,1,0,1,1,1,Female,4,White
2010201823.0,06,California,39125347,06037,Los Angeles,9748524.0,0.221564387131451,,2,2,1,2.0,0,0,0,0,0,1,0,Female,2,White
2018039283.0,06,California,39125347,06037,Los Angeles,9748524.0,4.3704482081941,,2,5,4,2.0,1,1,1,1,0,0,1,Female,4,Other
2038229861.0,06,California,39125347,06071,San Bernardino,2196267.0,3.6469240992112,0.6167623423,2,2,3,1.0,0,1,0,1,1,1,0,Female,2,Hispanic
2014629633.0,06,California,39125347,06099,Stanislaus,552453.0,4.47225004146413,,2,1,3,,0,1,1,0,1,0,1,Female,1,Hispanic
2014882963.0,06,California,39125347,06065,Riverside,2479339.0,0.350728572390379,,2,2,1,1.0,0,1,0,1,0,1,1,Female,2,Hispanic
2024131435.0,06,California,39125347,06013,Contra Costa,1160163.0,0.803887409570066,,1,5,1,2.0,1,1,1,1,1,1,1,Male,4,White
1994397925.0,06,California,39125347,06037,Los Angeles,9748524.0,0.905292247411834,0.9715342041,1,6,1,2.0,0,0,0,0,1,1,0,Male,4,White
2010650639.0,06,California,39125347,06103,Tehama,65312.0,1.244968314512,1.4079337011,2,4,1,2.0,0,0,0,0,0,1,0,Female,3,White
1999294165.0,06,California,39125347,06037,Los Angeles,9748524.0,1.37283781461373,1.4455845657,1,3,4,2.0,1,1,1,1,0,1,1,Male,3,Other
2040011365.0,06,California,39125347,06065,Riverside,2479339.0,1.93100369677144,,2,1,3,,1,1,1,1,0,0,0,Female,1,Hispanic
2026681645.0,06,California,39125347,06037,Los Angeles,9748524.0,0.721781829730905,,2,4,3,,1,0,0,1,0,1,0,Female,3,Hispanic
2014554531.0,06,California,39125347,06037,Los Angeles,9748524.0,10.1018727631558,,1,1,3,,0,0,0,1,1,0,0,Male,1,Hispanic
2014437533.0,06,California,39125347,06041,Marin,257038.0,1.16208627155181,0.799335456,1,6,1,2.0,0,0,1,0,1,1,1,Male,4,White
2014868529.0,06,California,39125347,06061,Placer,418469.0,0.98781662681705,1.0027131154,2,6,1,2.0,1,1,1,1,1,0,1,Female,4,White
2030527001.0,06,California,39125347,06019,Fresno,1017870.0,0.582648083660254,2.1657654203,1,2,2,2.0,1,1,1,1,1,1,1,Male,2,Black
2042760065.0,06,California,39125347,06065,Riverside,2479339.0,4.21616811998893,4.1257971184,2,1,1,1.0,0,0,0,0,0,0,0,Female,1,Hispanic
2036914727.0,06,California,39125347,06073,San Diego,3279089.0,1.82592710415006,1.5078977786,2,6,3,1.0,1,1,1,1,1,0,1,Female,4,Hispanic
2013615773.0,06,California,39125347,06059,Orange,3156252.0,8.62199235188279,,1,6,4,2.0,1,1,1,1,1,0,1,Male,4,Other
2014269449.0,06,California,39125347,06073,San Diego,3279089.0,0.544859328040983,,1,2,2,1.0,1,0,0,1,1,0,1,Male,2,Black
2016088007.0,06,California,39125347,06005,Amador,41465.0,1.44112445925143,2.1127811459,2,2,1,2.0,0,0,1,0,1,1,0,Female,2,White
2023764953.0,06,California,39125347,06073,San Diego,3279089.0,3.49151932122683,,2,2,1,2.0,1,1,0,0,1,1,0,Female,2,White
2016976223.0,06,California,39125347,06037,Los Angeles,9748524.0,3.50697010505868,,2,6,1,2.0,1,1,1,1,1,0,1,Female,4,White
2031423513.0,06,California,39125347,06107,Tulare,478037.0,2.00947777847654,,1,2,3,,1,1,1,1,1,1,1,Male,2,Hispanic
2021920503.0,06,California,39125347,06037,Los Angeles,9748524.0,1.3232854023711,,1,5,6,1.0,0,0,0,0,0,1,0,Male,4,Hispanic
2014457375.0,06,California,39125347,06085,Santa Clara,1880151.0,3.21415506943043,,2,5,1,2.0,1,1,1,1,1,1,1,Female,4,White
2014026583.0,06,California,39125347,06073,San Diego,3279089.0,0.836480537894153,0.6148155151,2,5,7,2.0,1,1,1,1,1,0,1,Female,4,Other
1998130279.0,06,California,39125347,06037,Los Angeles,9748524.0,2.88125442130236,,1,3,1,2.0,1,1,0,1,1,1,1,Male,3,White
2009086573.0,06,California,39125347,06059,Orange,3156252.0,0.98781662681705,1.0027131154,2,6,1,2.0,1,1,1,1,1,0,1,Female,4,White
2034724079.0,06,California,39125347,06001,Alameda,1633138.0,1.99743281601935,1.3273891066,1,6,4,2.0,0,0,0,0,0,1,0,Male,4,Other
2014812387.0,06,California,39125347,06107,Tulare,478037.0,0.431793602758959,,2,2,3,,0,0,1,0,0,0,0,Female,2,Hispanic
2011667875.0,06,California,39125347,06059,Orange,3156252.0,1.14889516930811,2.0592170976,2,3,4,2.0,0,0,0,0,0,1,0,Female,3,Other
2022823151.0,06,California,39125347,06107,Tulare,478037.0,0.794790785913855,1.8617726134,3,2,3,,1,1,1,1,1,1,1,,2,Hispanic
2036122229.0,06,California,39125347,06037,Los Angeles,9748524.0,2.79020539604214,,1,1,3,,1,1,0,0,1,1,1,Male,1,Hispanic
2012720573.0,06,California,39125347,06073,San Diego,3279089.0,3.8625658433494,,2,5,4,2.0,1,1,1,1,1,1,1,Female,4,Other
2042889881.0,06,California,39125347,06073,San Diego,3279089.0,0.448147417650233,0.2257281572,1,3,4,2.0,1,1,1,1,1,1,1,Male,3,Other
2027410665.0,06,California,39125347,06067,Sacramento,1588707.0,2.13944997198513,,3,1,1,2.0,1,1,1,1,1,0,1,,1,White
2030100483.0,06,California,39125347,06085,Santa Clara,1880151.0,3.61976482494467,0.9988225126,1,6,4,2.0,1,1,1,1,1,1,1,Male,4,Other
1996385913.0,06,California,39125347,06071,San Bernardino,2196267.0,10.1018727631558,,1,1,1,1.0,1,0,1,0,0,0,0,Male,1,Hispanic
2043492523.0,06,California,39125347,06037,Los Angeles,9748524.0,0.622897489359032,0.716592819,1,3,6,1.0,1,1,1,1,0,0,1,Male,3,Hispanic
2041057421.0,06,California,39125347,06073,San Diego,3279089.0,1.96534757726303,,2,1,3,1.0,1,1,1,1,1,0,1,Female,1,Hispanic
2024641949.0,06,California,39125347,06037,Los Angeles,9748524.0,3.35514685490064,,1,2,2,2.0,0,0,1,0,0,0,0,Male,2,Black
1982093407.0,06,California,39125347,06073,San Diego,3279089.0,2.90633433677776,,2,5,3,1.0,1,1,0,1,1,0,0,Female,4,Hispanic
1995278727.0,06,California,39125347,06037,Los Angeles,9748524.0,2.30373258087859,2.0970977406,2,5,1,2.0,1,1,1,1,1,0,1,Female,4,White
2035488145.0,06,California,39125347,06111,Ventura,834675.0,0.710682299148785,,1,4,1,2.0,1,1,1,0,1,1,1,Male,3,White
2018522513.0,06,California,39125347,06013,Contra Costa,1160163.0,3.94484910634768,,2,2,1,2.0,1,0,1,0,1,0,1,Female,2,White
2015759669.0,06,California,39125347,06013,Contra Costa,1160163.0,5.28713432446752,0.7695153282,1,4,1,2.0,1,1,0,0,0,1,1,Male,3,White
1983464849.0,06,California,39125347,06037,Los Angeles,9748524.0,4.1007439409824,0.8387414473,2,5,3,1.0,0,1,0,0,1,1,0,Female,4,Hispanic
2037570515.0,06,California,39125347,06107,Tulare,478037.0,6.15322368266971,,1,3,3,,1,1,1,1,1,1,1,Male,3,Hispanic
2014290593.0,06,California,39125347,06037,Los Angeles,9748524.0,8.4597816764252,,1,1,3,,1,1,1,0,0,0,1,Male,1,Hispanic
2040052171.0,06,California,39125347,06077,San Joaquin,795443.0,1.83491371481729,3.3184693554,1,2,3,,1,1,0,1,1,0,1,Male,2,Hispanic
2013846313.0,06,California,39125347,06073,San Diego,3279089.0,1.31944946765672,1.6350188386,2,2,1,2.0,0,0,0,0,0,1,0,Female,2,White
2023186157.0,06,California,39125347,06037,Los Angeles,9748524.0,0.862328036275487,1.1829924008,2,2,1,2.0,1,1,0,0,1,0,1,Female,2,White
2012912777.0,06,California,39125347,06037,Los Angeles,9748524.0,1.1565814317155,1.2258866908,1,5,1,2.0,0,0,0,0,0,1,0,Male,4,White
2008397765.0,06,California,39125347,06073,San Diego,3279089.0,2.3102201396729,0.5826699622,1,6,4,2.0,0,1,1,1,1,1,1,Male,4,Other
2037261111.0,06,California,39125347,06107,Tulare,478037.0,3.15120257623368,,2,4,8,2.0,1,1,1,1,0,0,0,Female,3,Other
2021455089.0,06,California,39125347,06059,Orange,3156252.0,4.29463708435365,,1,2,1,2.0,0,0,1,1,0,1,1,Male,2,White
2044813445.0,06,California,39125347,06037,Los Angeles,9748524.0,1.99622404565578,,1,3,3,,1,1,1,1,1,0,1,Male,3,Hispanic
2044678393.0,06,California,39125347,06017,El Dorado,192914.0,1.48588229708059,,2,2,1,2.0,1,0,1,1,0,0,1,Female,2,White
2039665835.0,06,California,39125347,06037,Los Angeles,9748524.0,0.594149809119105,1.0636213141,2,5,4,2.0,1,1,1,1,1,1,1,Female,4,Other
2008290155.0,06,California,39125347,06037,Los Angeles,9748524.0,1.40063762985908,,1,5,1,2.0,0,0,0,0,0,1,0,Male,4,White
2026740365.0,06,California,39125347,06059,Orange,3156252.0,2.02105509884865,,1,4,1,2.0,1,1,1,1,1,1,1,Male,3,White
2039686859.0,06,California,39125347,06053,Monterey,435884.0,0.356426280178621,0.7380412012,1,3,3,,1,1,1,1,1,0,1,Male,3,Hispanic
2014637973.0,06,California,39125347,06065,Riverside,2479339.0,1.12287420183089,1.0494378026,2,5,1,2.0,1,1,1,1,1,0,1,Female,4,White
1999238917.0,06,California,39125347,06089,Shasta,180957.0,0.720958500872133,,1,6,1,2.0,1,1,1,1,1,1,1,Male,4,White
2038679017.0,06,California,39125347,06071,San Bernardino,2196267.0,1.21021038478921,2.0332850086,2,4,4,2.0,1,0,1,1,0,1,0,Female,3,Other
2017407381.0,06,California,39125347,06037,Los Angeles,9748524.0,0.504784394579432,0.6094318855,2,3,3,1.0,1,1,1,1,1,0,1,Female,3,Hispanic
2023103611.0,06,California,39125347,06029,Kern,917074.0,4.20676828455326,,1,2,3,,1,1,1,1,1,0,1,Male,2,Hispanic
2045337647.0,06,California,39125347,06037,Los Angeles,9748524.0,2.16750908246656,,2,5,2,2.0,1,0,1,1,0,1,1,Female,4,Black
2028889039.0,06,California,39125347,06071,San Bernardino,2196267.0,4.91908462067556,,2,2,7,2.0,1,0,1,0,0,0,1,Female,2,Other
2013734395.0,06,California,39125347,06065,Riverside,2479339.0,0.233012733381206,0.1914976552,2,5,6,2.0,1,1,1,1,1,0,1,Female,4,Other
2014587229.0,06,California,39125347,06037,Los Angeles,9748524.0,1.41853156122495,1.2654327932,2,3,1,2.0,0,0,0,0,1,1,0,Female,3,White
2014681137.0,06,California,39125347,06013,Contra Costa,1160163.0,1.06583150692226,0.9877591904,2,3,1,2.0,0,0,0,0,0,1,0,Female,3,White
1998210993.0,06,California,39125347,06037,Los Angeles,9748524.0,1.39489208750176,1.4104579914,1,5,4,2.0,0,0,0,0,0,0,0,Male,4,Other
2036927219.0,06,California,39125347,06085,Santa Clara,1880151.0,5.5504563675661,,1,5,4,2.0,1,1,1,1,1,1,1,Male,4,Other
2039392811.0,06,California,39125347,06037,Los Angeles,9748524.0,1.99622404565578,,1,3,3,,1,1,1,1,1,0,0,Male,3,Hispanic
2012937327.0,06,California,39125347,06037,Los Angeles,9748524.0,8.46929201634186,1.2540827461,1,2,1,1.0,1,1,1,1,0,0,1,Male,2,Hispanic
2012691925.0,06,California,39125347,06073,San Diego,3279089.0,0.810658811429931,1.3953878977,1,5,1,2.0,0,1,1,1,1,1,1,Male,4,White
2040078637.0,06,California,39125347,06071,San Bernardino,2196267.0,2.145551096013,1.42107148,2,5,6,1.0,1,1,1,1,1,0,1,Female,4,Hispanic
1993021171.0,06,California,39125347,06037,Los Angeles,9748524.0,0.502375885011757,0.4696808074,1,5,1,1.0,0,0,0,0,0,1,0,Male,4,Hispanic
2020264421.0,06,California,39125347,06013,Contra Costa,1160163.0,8.46929201634186,,1,2,3,1.0,1,1,1,1,1,1,1,Male,2,Hispanic
2017001933.0,06,California,39125347,06055,Napa,134499.0,0.597908843193046,0.5559740037,1,5,1,2.0,1,1,1,1,1,0,1,Male,4,White
1845656881.0,06,California,39125347,06067,Sacramento,1588707.0,1.61801181751335,,1,2,4,2.0,1,1,1,1,1,1,1,Male,2,Other
2008727871.0,06,California,39125347,06055,Napa,134499.0,0.605965330161286,0.5994132553,1,4,1,2.0,1,1,0,0,0,0,1,Male,3,White
2031597571.0,06,California,39125347,06065,Riverside,2479339.0,4.46747162737067,,2,5,2,2.0,0,1,1,1,1,1,1,Female,4,Black
2013697085.0,06,California,39125347,06081,San Mateo,732245.0,0.690465347640433,0.6495497452,2,5,1,2.0,1,1,1,1,1,0,1,Female,4,White
2029251741.0,06,California,39125347,06037,Los Angeles,9748524.0,6.36350894057466,0.9788996813,1,2,3,,1,1,1,1,1,1,1,Male,2,Hispanic
1995357567.0,06,California,39125347,06111,Ventura,834675.0,0.975930383448909,,3,3,6,2.0,1,1,1,1,1,0,1,,3,Other
2018590691.0,06,California,39125347,06073,San Diego,3279089.0,0.337632688150408,0.7906344283000001,1,2,6,2.0,1,1,1,1,1,0,1,Male,2,Other
2011667759.0,06,California,39125347,06073,San Diego,3279089.0,1.18234667017285,1.0638155634,2,6,1,2.0,1,1,1,1,1,1,1,Female,4,White
2001823419.0,06,California,39125347,06085,Santa Clara,1880151.0,3.41249637549173,2.5011865214,1,6,4,2.0,1,1,1,1,1,0,1,Male,4,Other
2010487833.0,06,California,39125347,06013,Contra Costa,1160163.0,0.420111134243689,1.6436832755,2,3,3,1.0,1,1,1,1,1,1,1,Female,3,Hispanic
2014334475.0,06,California,39125347,06037,Los Angeles,9748524.0,0.862328036275487,1.1829924008,2,2,1,2.0,1,1,1,1,1,1,1,Female,2,White
1999109509.0,06,California,39125347,06075,San Francisco,813266.0,0.609783162774254,0.9747898684,1,3,1,2.0,1,1,1,1,1,0,1,Male,3,White
2043752089.0,06,California,39125347,06085,Santa Clara,1880151.0,0.282107162953686,,1,2,3,,0,0,0,1,0,1,1,Male,2,Hispanic
2015109163.0,06,California,39125347,06019,Fresno,1017870.0,1.35353189535796,1.1051590622,2,5,4,2.0,1,1,0,0,1,0,0,Female,4,Other
2038667433.0,06,California,39125347,06001,Alameda,1633138.0,1.50262892727267,,2,4,4,2.0,0,0,0,0,0,1,0,Female,3,Other
2045194695.0,06,California,39125347,06025,Imperial,179421.0,0.341339265008441,3.7642852261,1,2,3,,1,1,1,0,0,1,1,Male,2,Hispanic
1998743891.0,06,California,39125347,06037,Los Angeles,9748524.0,0.666584441324365,,1,3,1,2.0,0,1,0,1,1,1,1,Male,3,White
2031256605.0,06,California,39125347,06065,Riverside,2479339.0,6.18125326383746,3.8159734162,2,1,3,,0,0,0,0,0,1,0,Female,1,Hispanic
2039699695.0,06,California,39125347,06037,Los Angeles,9748524.0,0.848809086358372,,2,3,1,2.0,1,1,1,1,1,0,1,Female,3,White
2030648429.0,06,California,39125347,06037,Los Angeles,9748524.0,0.602783717291615,,1,3,2,2.0,1,0,1,0,1,1,1,Male,3,Black
2015187065.0,06,California,39125347,06059,Orange,3156252.0,4.83644437968985,3.9766793856,2,3,4,2.0,1,0,0,0,1,1,1,Female,3,Other
2014270857.0,06,California,39125347,06089,Shasta,180957.0,1.03842923244728,0.6510414311,2,3,7,2.0,0,0,0,0,0,1,0,Female,3,Other
1995142237.0,06,California,39125347,06037,Los Angeles,9748524.0,1.41899784833877,1.9184892475,2,6,4,2.0,1,1,1,1,1,0,1,Female,4,Other
2021335419.0,06,California,39125347,06037,Los Angeles,9748524.0,4.44943372248171,,1,2,1,2.0,1,1,1,1,1,1,1,Male,2,White
2045757307.0,06,California,39125347,06071,San Bernardino,2196267.0,13.3013709386323,,1,1,3,,1,1,1,1,0,1,0,Male,1,Hispanic
2043965019.0,06,California,39125347,06065,Riverside,2479339.0,6.19407740490291,,1,2,3,,1,1,1,1,1,0,1,Male,2,Hispanic
1995373103.0,06,California,39125347,06029,Kern,917074.0,1.01269055628248,1.0195394326,1,3,1,2.0,0,0,0,0,0,1,0,Male,3,White
2034445941.0,06,California,39125347,06073,San Diego,3279089.0,2.35406691369589,3.6623315652,1,2,3,,0,0,0,0,1,1,0,Male,2,Hispanic
2013508145.0,06,California,39125347,06013,Contra Costa,1160163.0,2.43818271996682,1.6527281803,1,5,4,2.0,1,0,0,0,0,1,0,Male,4,Other
2032163351.0,06,California,39125347,06019,Fresno,1017870.0,0.597908843193046,0.5559740037,1,5,1,2.0,1,1,1,1,0,0,1,Male,4,White
1995972651.0,06,California,39125347,06073,San Diego,3279089.0,0.613204132789873,0.6303963769,1,6,1,2.0,0,0,0,0,1,1,0,Male,4,White
2036915281.0,06,California,39125347,06073,San Diego,3279089.0,2.19113546106936,,1,2,3,,1,1,1,1,1,0,1,Male,2,Hispanic
2000082783.0,06,California,39125347,06085,Santa Clara,1880151.0,1.64928050594773,1.4463443085,1,6,4,2.0,1,0,0,1,0,1,1,Male,4,Other
1997029769.0,06,California,39125347,06103,Tehama,65312.0,0.930289226732393,0.874970698,2,6,1,2.0,1,1,1,1,1,0,1,Female,4,White
2038493287.0,06,California,39125347,06083,Santa Barbara,445401.0,1.20492923754787,,2,5,1,2.0,0,1,1,1,1,1,1,Female,4,White
2006089209.0,06,California,39125347,06073,San Diego,3279089.0,0.597908843193046,0.5559740037,1,5,1,2.0,1,1,1,1,0,0,1,Male,4,White
2019553663.0,06,California,39125347,06031,Kings,152763.0,0.811569799054499,,1,3,1,2.0,1,0,1,0,0,1,0,Male,3,White
2042330631.0,06,California,39125347,06085,Santa Clara,1880151.0,0.597908843193046,,1,5,1,2.0,1,1,1,1,1,0,1,Male,4,White
2023742277.0,06,California,39125347,06085,Santa Clara,1880151.0,1.51854513530783,3.3599178993,1,3,1,2.0,1,1,0,1,1,1,1,Male,3,White
2014782745.0,06,California,39125347,06001,Alameda,1633138.0,0.624573856518639,,2,3,2,2.0,0,1,1,1,1,1,0,Female,3,Black
2015887261.0,06,California,39125347,06071,San Bernardino,2196267.0,0.223498353991842,,1,4,2,2.0,1,1,0,1,1,0,0,Male,3,Black
1997842071.0,06,California,39125347,06075,San Francisco,813266.0,2.27973451873296,,2,1,4,2.0,1,1,1,1,1,1,1,Female,1,Other
2038230123.0,06,California,39125347,06059,Orange,3156252.0,1.40731639507718,2.6876194931,2,3,3,1.0,0,0,0,0,0,1,0,Female,3,Hispanic
2013224291.0,06,California,39125347,06085,Santa Clara,1880151.0,1.07891829236602,,1,5,1,2.0,0,1,1,1,1,0,1,Male,4,White
2010576783.0,06,California,39125347,06037,Los Angeles,9748524.0,1.87978355630298,,2,5,4,2.0,0,1,1,1,1,1,0,Female,4,Other
2012735659.0,06,California,39125347,06099,Stanislaus,552453.0,3.21415506943043,,2,5,1,2.0,1,1,1,1,1,1,1,Female,4,White
2044427421.0,06,California,39125347,06023,Humboldt,134979.0,0.934772968918828,0.8483587441,2,3,1,2.0,1,1,1,1,1,1,1,Female,3,White
1998412987.0,06,California,39125347,06075,San Francisco,813266.0,0.666635571322438,0.6889451513,1,2,1,2.0,1,1,1,1,1,0,1,Male,2,White
2038557803.0,06,California,39125347,06085,Santa Clara,1880151.0,2.77162008192121,,2,5,2,2.0,1,1,0,0,1,0,1,Female,4,Black
2034432831.0,06,California,39125347,06059,Orange,3156252.0,3.15170917937402,1.1645842135,1,2,1,2.0,1,1,1,0,1,0,0,Male,2,White
2038969545.0,06,California,39125347,06039,Madera,160377.0,3.27724171197649,,1,1,1,1.0,1,0,0,1,0,1,1,Male,1,Hispanic
2043471675.0,06,California,39125347,06037,Los Angeles,9748524.0,0.440470944369136,0.9787865179,1,5,1,2.0,1,1,1,1,1,1,1,Male,4,White
2039469723.0,06,California,39125347,06075,San Francisco,813266.0,3.85165751667638,,2,4,4,2.0,1,1,1,0,1,1,1,Female,3,Other
2043493603.0,06,California,39125347,06037,Los Angeles,9748524.0,0.338209941952391,0.9581817784,2,5,3,1.0,0,0,0,0,0,1,0,Female,4,Hispanic
1997234773.0,06,California,39125347,06037,Los Angeles,9748524.0,1.01990824554835,1.2312172884,1,4,1,2.0,0,0,0,0,0,1,0,Male,3,White
2037761441.0,06,California,39125347,06037,Los Angeles,9748524.0,1.68300661190374,1.4451175087,1,5,4,2.0,1,1,1,1,1,0,1,Male,4,Other
2021591715.0,06,California,39125347,06075,San Francisco,813266.0,1.73906838489035,,1,5,1,2.0,0,0,0,0,0,0,0,Male,4,White
2021959173.0,06,California,39125347,06077,San Joaquin,795443.0,0.613204132789873,0.6303963769,1,6,1,2.0,1,1,0,1,1,1,1,Male,4,White
2041284547.0,06,California,39125347,06085,Santa Clara,1880151.0,5.03705681309092,,2,5,4,,0,1,1,1,1,1,0,Female,4,Other
2038239813.0,06,California,39125347,06059,Orange,3156252.0,0.448147417650233,,1,4,4,2.0,1,1,1,0,1,0,0,Male,3,Other
2034419025.0,06,California,39125347,06077,San Joaquin,795443.0,0.397160991285507,,2,2,7,1.0,0,0,1,0,0,1,0,Female,2,Hispanic
2017641261.0,06,California,39125347,06053,Monterey,435884.0,4.57874856942978,,1,2,1,2.0,0,0,0,1,1,1,0,Male,2,White
2015929245.0,06,California,39125347,06037,Los Angeles,9748524.0,1.22954466971402,0.8890053527,1,6,4,2.0,1,1,1,1,1,1,1,Male,4,Other
2013992339.0,06,California,39125347,06037,Los Angeles,9748524.0,0.688122566035152,0.7902209999,2,3,1,2.0,1,1,1,1,1,0,1,Female,3,White
2014370109.0,06,California,39125347,06059,Orange,3156252.0,1.30291171603718,,2,6,2,2.0,0,1,1,1,1,0,1,Female,4,Black
1998210925.0,06,California,39125347,06073,San Diego,3279089.0,0.613204132789873,0.6303963769,1,6,1,2.0,1,1,1,1,1,0,1,Male,4,White
1998655991.0,06,California,39125347,06037,Los Angeles,9748524.0,0.905292247411834,0.9715342041,1,6,1,2.0,0,0,0,0,0,1,0,Male,4,White
2037402839.0,06,California,39125347,06073,San Diego,3279089.0,0.528587677664677,,2,2,4,1.0,0,1,0,0,0,0,0,Female,2,Hispanic
2015830611.0,06,California,39125347,06073,San Diego,3279089.0,0.588665747998661,,2,1,3,,1,1,0,0,0,0,1,Female,1,Hispanic
2043269377.0,06,California,39125347,06059,Orange,3156252.0,1.08280696464737,1.6491741049000002,2,2,1,2.0,1,1,1,1,1,1,1,Female,2,White
2028972885.0,06,California,39125347,06031,Kings,152763.0,4.20676828455326,,1,2,1,1.0,1,0,0,1,0,1,1,Male,2,Hispanic
1995165645.0,06,California,39125347,06065,Riverside,2479339.0,0.423725481831794,0.3920279704,2,5,1,2.0,1,1,1,1,1,0,1,Female,4,White
2006859681.0,06,California,39125347,06079,San Luis Obispo,282747.0,3.04929004833612,,1,3,1,2.0,1,1,1,1,1,0,1,Male,3,White
2011281507.0,06,California,39125347,06065,Riverside,2479339.0,0.769650261681138,0.7241352026,2,5,2,2.0,1,1,1,1,1,1,1,Female,4,Black
2045259937.0,06,California,39125347,06037,Los Angeles,9748524.0,0.216366596634745,,2,4,1,1.0,1,1,1,1,1,0,0,Female,3,Hispanic
2011575473.0,06,California,39125347,06037,Los Angeles,9748524.0,3.70539746270452,2.4008143251,2,5,4,2.0,1,1,1,1,0,0,1,Female,4,Other
2020121653.0,06,California,39125347,06037,Los Angeles,9748524.0,0.770616649574901,,1,1,7,2.0,1,0,0,1,0,0,0,Male,1,Other
2041446295.0,06,California,39125347,06037,Los Angeles,9748524.0,2.43818271996682,1.6527281803,1,5,4,2.0,1,0,0,0,0,1,0,Male,4,Other
2045297661.0,06,California,39125347,06053,Monterey,435884.0,6.15322368266971,,1,3,3,,0,0,0,0,0,0,1,Male,3,Hispanic
2007563453.0,06,California,39125347,06067,Sacramento,1588707.0,5.34844105380092,,2,2,2,2.0,1,1,1,0,1,1,1,Female,2,Black
1996229111.0,06,California,39125347,06071,San Bernardino,2196267.0,0.296609516897525,,2,5,2,2.0,1,1,1,1,1,0,1,Female,4,Black
2004271031.0,06,California,39125347,06077,San Joaquin,795443.0,0.848809086358372,0.7624175675,2,4,1,2.0,1,1,1,1,1,1,1,Female,3,White
2010767111.0,06,California,39125347,06071,San Bernardino,2196267.0,2.35161038615208,1.3137699616,1,5,4,2.0,1,1,1,1,1,1,1,Male,4,Other
2023823811.0,06,California,39125347,06077,San Joaquin,795443.0,1.18114279142705,,2,2,3,,0,1,1,1,1,1,1,Female,2,Hispanic
2038231175.0,06,California,39125347,06107,Tulare,478037.0,1.44112445925143,2.1127811459,2,2,1,2.0,0,0,0,0,0,1,0,Female,2,White
2017283665.0,06,California,39125347,06067,Sacramento,1588707.0,2.49916089221844,1.5705548833,1,6,2,2.0,1,1,1,1,1,1,1,Male,4,Black
2029570321.0,06,California,39125347,06029,Kern,917074.0,4.79779726294945,,2,2,1,2.0,0,0,1,0,0,0,0,Female,2,White
2010899553.0,06,California,39125347,06039,Madera,160377.0,0.703946171923249,1.6287194963,2,1,1,2.0,0,0,1,1,1,1,1,Female,1,White
2038229865.0,06,California,39125347,06047,Merced,291781.0,1.78480900206208,1.7246281949000002,2,1,3,1.0,0,1,1,1,1,1,0,Female,1,Hispanic
2029174727.0,06,California,39125347,06071,San Bernardino,2196267.0,2.5964656826419,,2,1,2,2.0,1,1,1,1,1,1,1,Female,1,Black
2039700221.0,06,California,39125347,06075,San Francisco,813266.0,0.843685636143392,0.8191599268,2,5,1,2.0,1,1,1,1,1,0,1,Female,4,White
2043775581.0,06,California,39125347,06037,Los Angeles,9748524.0,1.27375872779055,2.1879827791,2,3,3,1.0,1,1,1,1,1,0,1,Female,3,Hispanic
2014490217.0,06,California,39125347,06019,Fresno,1017870.0,8.24379297708826,,1,2,3,,1,0,1,1,0,0,1,Male,2,Hispanic
1998512011.0,06,California,39125347,06037,Los Angeles,9748524.0,1.68310220850181,1.6779578582,2,6,1,2.0,1,1,1,0,0,1,1,Female,4,White
2011645061.0,06,California,39125347,06065,Riverside,2479339.0,1.09891170331471,,1,2,1,2.0,0,0,1,1,1,0,0,Male,2,White
2015643275.0,06,California,39125347,06071,San Bernardino,2196267.0,1.86322598991742,,2,5,3,,0,1,1,1,1,1,0,Female,4,Hispanic
2041090115.0,06,California,39125347,06075,San Francisco,813266.0,1.33548878855205,1.3029079735,1,5,1,2.0,1,1,1,1,1,0,1,Male,4,White
2011490779.0,06,California,39125347,06001,Alameda,1633138.0,0.810658811429931,1.3953878977,1,5,1,2.0,1,1,1,1,1,0,1,Male,4,White
2037095571.0,06,California,39125347,06077,San Joaquin,795443.0,0.750272543169359,0.8638882721000001,1,3,1,2.0,1,1,0,1,1,0,1,Male,3,White
2021642769.0,06,California,39125347,06075,San Francisco,813266.0,0.153232362939501,0.2709517024,1,5,6,2.0,1,1,1,1,1,1,1,Male,4,Other
2010336089.0,06,California,39125347,06037,Los Angeles,9748524.0,0.843685636143392,1.0230529755,2,5,1,2.0,1,1,0,0,1,1,1,Female,4,White
2031297991.0,06,California,39125347,06037,Los Angeles,9748524.0,4.3704482081941,,2,5,4,2.0,1,1,1,0,1,0,1,Female,4,Other
2031968147.0,06,California,39125347,06099,Stanislaus,552453.0,0.791612534405306,1.3315309561,1,3,1,2.0,0,0,0,0,0,1,0,Male,3,White
2015615451.0,06,California,39125347,06065,Riverside,2479339.0,5.01242169783239,3.301983155,1,2,6,2.0,0,0,0,0,0,1,0,Male,2,Other
2011969997.0,06,California,39125347,06071,San Bernardino,2196267.0,1.41853156122495,1.2654327932,2,4,1,2.0,0,0,0,0,0,1,0,Female,3,White
2034679217.0,06,California,39125347,06067,Sacramento,1588707.0,2.35008435304132,,1,1,1,2.0,1,1,0,1,1,0,1,Male,1,White
2009626309.0,06,California,39125347,06037,Los Angeles,9748524.0,9.25468210470882,12.5416086912,2,1,4,2.0,1,1,1,1,1,1,1,Female,1,Other
2041060601.0,06,California,39125347,06073,San Diego,3279089.0,1.14768565916971,1.515548924,2,2,1,2.0,1,1,1,1,1,1,1,Female,2,White
2010360317.0,06,California,39125347,06037,Los Angeles,9748524.0,0.688122566035152,0.7902209999,2,3,1,2.0,1,1,1,1,1,0,1,Female,3,White
2018450387.0,06,California,39125347,06037,Los Angeles,9748524.0,0.99138493133416,,2,2,1,2.0,0,0,0,0,0,1,0,Female,2,White
2020318789.0,06,California,39125347,06067,Sacramento,1588707.0,0.788413014976813,1.9532389805,2,3,4,2.0,1,1,1,1,1,0,1,Female,3,Other
2019065071.0,06,California,39125347,06079,San Luis Obispo,282747.0,1.01847773724369,0.8795528570000001,2,6,6,1.0,1,1,1,1,1,0,1,Female,4,Hispanic
2015400115.0,06,California,39125347,06037,Los Angeles,9748524.0,5.91895399743231,,2,1,2,2.0,1,1,1,1,1,1,1,Female,1,Black
2017190061.0,06,California,39125347,06037,Los Angeles,9748524.0,1.01269055628248,,1,3,1,2.0,0,0,0,0,0,1,0,Male,3,White
2017221161.0,06,California,39125347,06001,Alameda,1633138.0,0.848809086358372,0.7624175675,2,3,1,2.0,1,1,1,1,1,0,1,Female,3,White
2014962139.0,06,California,39125347,06073,San Diego,3279089.0,1.21351005438199,1.1308065271,2,4,1,2.0,0,0,0,0,1,1,0,Female,3,White
1997998679.0,06,California,39125347,06067,Sacramento,1588707.0,0.831254961064213,0.6595793612,2,3,2,2.0,1,1,1,1,1,0,1,Female,3,Black
2026759197.0,06,California,39125347,06099,Stanislaus,552453.0,1.18993561690921,0.8028408441,1,2,7,2.0,0,0,0,0,0,1,0,Male,2,Other
2011950589.0,06,California,39125347,06037,Los Angeles,9748524.0,1.21663741229286,,2,5,2,2.0,1,1,1,1,1,1,1,Female,4,Black
2030716693.0,06,California,39125347,06065,Riverside,2479339.0,0.234076176826435,,2,3,3,,1,1,1,1,1,1,1,Female,3,Hispanic
2041446367.0,06,California,39125347,06075,San Francisco,813266.0,1.45893944377429,1.1803461598,1,5,4,2.0,1,1,1,1,1,1,1,Male,4,Other
2016648887.0,06,California,39125347,06059,Orange,3156252.0,0.938607320413328,1.06446607,2,5,1,2.0,0,0,0,0,0,1,0,Female,4,White
2041090093.0,06,California,39125347,06059,Orange,3156252.0,2.30373258087859,2.0970977406,2,5,1,2.0,1,1,1,1,1,0,1,Female,4,White
1995688911.0,06,California,39125347,06031,Kings,152763.0,0.690465347640433,0.6495497452,2,5,1,2.0,1,1,1,1,1,0,1,Female,4,White
2038674295.0,06,California,39125347,06037,Los Angeles,9748524.0,0.692065552285456,,1,5,1,2.0,1,1,0,1,0,0,1,Male,4,White
2031206613.0,06,California,39125347,06059,Orange,3156252.0,2.90633433677776,0.8007317167,2,5,1,1.0,1,1,1,1,1,0,1,Female,4,Hispanic
2037404383.0,06,California,39125347,06001,Alameda,1633138.0,4.325744712714,1.1720203497,2,6,4,2.0,1,1,1,1,1,0,1,Female,4,Other
2014529119.0,06,California,39125347,06075,San Francisco,813266.0,1.30667087569623,,1,5,1,2.0,1,1,1,1,1,1,1,Male,4,White
2030712197.0,06,California,39125347,06037,Los Angeles,9748524.0,0.414637982823868,,1,2,2,1.0,0,1,0,1,1,0,1,Male,2,Black
2039793685.0,06,California,39125347,06073,San Diego,3279089.0,0.307468522300818,1.6402994805,2,3,4,2.0,0,1,1,1,1,1,0,Female,3,Other
2029880443.0,06,California,39125347,06099,Stanislaus,552453.0,0.234076176826435,,2,3,3,,1,1,1,1,1,0,1,Female,3,Hispanic
2031474383.0,06,California,39125347,06099,Stanislaus,552453.0,2.50829900759296,,1,4,4,2.0,1,1,1,1,1,1,1,Male,3,Other
2029553905.0,06,California,39125347,06037,Los Angeles,9748524.0,0.791109309007026,2.6248672621,1,3,2,2.0,1,1,1,1,1,1,1,Male,3,Black
2044046467.0,06,California,39125347,06057,Nevada,102377.0,1.06583150692226,0.9877591904,2,4,1,2.0,1,0,0,0,1,1,0,Female,3,White
2013412423.0,06,California,39125347,06071,San Bernardino,2196267.0,0.729290009114452,,2,2,1,2.0,1,1,1,1,1,1,1,Female,2,White
2015377067.0,06,California,39125347,06059,Orange,3156252.0,2.54043145178845,0.6035920266,2,6,6,2.0,1,1,1,1,1,0,1,Female,4,Other
2038712429.0,06,California,39125347,06107,Tulare,478037.0,1.18234667017285,1.0638155634,2,6,1,2.0,1,1,1,1,1,0,1,Female,4,White
2019305139.0,06,California,39125347,06037,Los Angeles,9748524.0,1.00978475588754,,2,5,2,1.0,0,0,0,0,0,1,0,Female,4,Black
2034831113.0,06,California,39125347,06023,Humboldt,134979.0,0.915832916903216,1.0123637188,2,3,1,2.0,1,1,1,1,1,0,1,Female,3,White
2015770995.0,06,California,39125347,06029,Kern,917074.0,8.82354883076831,,2,1,1,2.0,1,1,1,1,1,1,0,Female,1,White
2035625921.0,06,California,39125347,06083,Santa Barbara,445401.0,2.31759875724454,,2,6,3,,1,1,1,1,0,0,0,Female,4,Hispanic
2000845183.0,06,California,39125347,06067,Sacramento,1588707.0,1.82592710415006,1.5078977786,2,6,3,1.0,0,1,1,1,1,1,1,Female,4,Hispanic
2010870199.0,06,California,39125347,06081,San Mateo,732245.0,0.836480537894153,,2,5,6,2.0,0,1,1,1,1,1,1,Female,4,Other
2029600339.0,06,California,39125347,06037,Los Angeles,9748524.0,4.9032630028366,,1,3,1,2.0,1,0,1,0,1,0,0,Male,3,White
2035644249.0,06,California,39125347,06081,San Mateo,732245.0,3.99181071529585,0.4122881776,2,6,3,1.0,1,1,1,1,1,0,1,Female,4,Hispanic
2040554185.0,06,California,39125347,06081,San Mateo,732245.0,0.652088773161213,2.6406343238,2,5,4,2.0,1,1,1,1,1,1,1,Female,4,Other
2011086825.0,06,California,39125347,06059,Orange,3156252.0,3.85165751667638,4.393613112,2,4,4,2.0,1,1,0,0,1,1,1,Female,3,Other
1999414279.0,06,California,39125347,06037,Los Angeles,9748524.0,0.358836971634893,1.3558025355,2,5,4,2.0,1,1,0,1,1,0,1,Female,4,Other
2043994201.0,06,California,39125347,06077,San Joaquin,795443.0,5.45815902647336,,1,3,2,2.0,0,0,0,1,0,0,0,Male,3,Black
2004824553.0,06,California,39125347,06037,Los Angeles,9748524.0,0.40938690018648,1.6198033636,1,2,3,1.0,1,0,1,0,0,0,0,Male,2,Hispanic
2010829071.0,06,California,39125347,06037,Los Angeles,9748524.0,6.15322368266971,0.8168325811,1,3,3,1.0,1,1,0,1,1,1,0,Male,3,Hispanic
2011980383.0,06,California,39125347,06071,San Bernardino,2196267.0,0.98781662681705,1.0027131154,2,6,1,2.0,1,1,1,1,0,0,1,Female,4,White
2021242313.0,06,California,39125347,06037,Los Angeles,9748524.0,0.708921905513479,,2,2,3,,1,1,1,1,1,0,1,Female,2,Hispanic
2040240653.0,06,California,39125347,06065,Riverside,2479339.0,0.219796580129552,,2,2,2,2.0,1,1,1,0,1,1,1,Female,2,Black
2036385847.0,06,California,39125347,06029,Kern,917074.0,4.20676828455326,,1,2,3,,0,1,0,1,0,1,0,Male,2,Hispanic
2034501091.0,06,California,39125347,06067,Sacramento,1588707.0,3.20127006484798,,2,3,3,,1,0,0,0,0,0,0,Female,3,Hispanic
2010106761.0,06,California,39125347,06075,San Francisco,813266.0,3.70539746270452,2.4008143251,2,5,4,2.0,1,1,1,1,1,1,1,Female,4,Other
2016968543.0,06,California,39125347,06097,Sonoma,483236.0,0.905338717935425,1.0761086961,2,5,1,2.0,1,1,1,1,1,0,1,Female,4,White
2003729855.0,06,California,39125347,06037,Los Angeles,9748524.0,15.0614388091749,,1,5,7,1.0,0,1,1,1,0,1,1,Male,4,Hispanic
2013159187.0,06,California,39125347,06071,San Bernardino,2196267.0,1.76875774540658,2.8587070614,1,2,3,1.0,0,0,0,0,0,1,0,Male,2,Hispanic
2013850357.0,06,California,39125347,06107,Tulare,478037.0,3.49151932122683,,2,2,1,2.0,1,0,0,1,0,0,0,Female,2,White
1998981393.0,06,California,39125347,06013,Contra Costa,1160163.0,0.622467641517984,,1,2,1,2.0,0,1,1,0,1,0,1,Male,2,White
2020969539.0,06,California,39125347,06111,Ventura,834675.0,0.692065552285456,0.6116442131000001,1,5,1,2.0,1,1,1,1,1,0,1,Male,4,White
2034444967.0,06,California,39125347,06037,Los Angeles,9748524.0,1.98901128733445,,1,5,1,1.0,0,1,1,1,1,1,1,Male,4,Hispanic
1997442859.0,06,California,39125347,06067,Sacramento,1588707.0,2.63655798149279,1.0280347381,2,3,1,2.0,0,0,0,0,0,0,0,Female,3,White
2014992533.0,06,California,39125347,06089,Shasta,180957.0,1.44112445925143,2.1127811459,2,2,1,2.0,0,0,0,0,1,1,0,Female,2,White
2037403969.0,06,California,39125347,06097,Sonoma,483236.0,1.99622404565578,2.0188072563,1,3,1,1.0,1,1,0,1,1,0,1,Male,3,Hispanic
2035366417.0,06,California,39125347,06059,Orange,3156252.0,5.4054132955198,,2,1,3,1.0,0,1,1,1,0,0,0,Female,1,Hispanic
2038104669.0,06,California,39125347,06007,Butte,207312.0,0.833579686382768,0.9670406669,1,6,1,2.0,1,1,0,0,0,1,0,Male,4,White
2015431041.0,06,California,39125347,06065,Riverside,2479339.0,0.355614966446881,,1,3,1,2.0,1,0,1,1,1,0,1,Male,3,White
2037117321.0,06,California,39125347,06073,San Diego,3279089.0,1.41853156122495,1.2654327932,2,4,1,2.0,1,0,0,0,0,1,0,Female,3,White
2012028639.0,06,California,39125347,06037,Los Angeles,9748524.0,1.72541625050425,0.9374833048,2,3,3,1.0,1,0,0,0,0,0,0,Female,3,Hispanic
2017088517.0,06,California,39125347,06071,San Bernardino,2196267.0,1.21758129925043,1.086574423,2,5,1,1.0,0,0,0,0,0,1,0,Female,4,Hispanic
2036004467.0,06,California,39125347,06059,Orange,3156252.0,0.485056525349389,1.0523103181,2,5,3,,1,1,1,0,1,1,1,Female,4,Hispanic
2013945203.0,06,California,39125347,06029,Kern,917074.0,3.75918830134597,2.0751538581,1,2,3,1.0,1,1,1,1,1,1,1,Male,2,Hispanic
1999633153.0,06,California,39125347,06059,Orange,3156252.0,0.935422581349505,1.0989911595,2,3,1,2.0,0,0,0,0,1,1,0,Female,3,White
2015576725.0,06,California,39125347,06037,Los Angeles,9748524.0,2.30373258087859,,2,5,1,2.0,1,1,1,1,1,0,1,Female,4,White
2012760471.0,06,California,39125347,06071,San Bernardino,2196267.0,0.813351333075584,1.2675282478,1,3,2,2.0,1,1,1,1,1,0,1,Male,3,Black
2013621521.0,06,California,39125347,06037,Los Angeles,9748524.0,0.930289226732393,0.874970698,2,6,1,2.0,1,1,1,1,1,0,1,Female,4,White
2012067751.0,06,California,39125347,06073,San Diego,3279089.0,1.75576898340502,2.5253404371,2,4,1,2.0,0,0,0,0,0,0,0,Female,3,White
2036884103.0,06,California,39125347,06053,Monterey,435884.0,4.57874856942978,,1,2,1,2.0,1,1,1,0,1,0,0,Male,2,White
2042831069.0,06,California,39125347,06029,Kern,917074.0,1.66173371549637,,1,2,3,,0,0,0,0,1,1,0,Male,2,Hispanic
2018802763.0,06,California,39125347,06037,Los Angeles,9748524.0,3.49151932122683,,2,2,1,2.0,0,1,1,1,1,1,0,Female,2,White
2026740873.0,06,California,39125347,06073,San Diego,3279089.0,0.420111134243689,1.6436832755,2,3,3,,1,1,1,1,1,0,1,Female,3,Hispanic
2036914775.0,06,California,39125347,06073,San Diego,3279089.0,3.57710243490906,,1,5,3,1.0,1,1,1,1,1,1,1,Male,4,Hispanic
2043494455.0,06,California,39125347,06017,El Dorado,192914.0,1.15594568954253,0.7067755273,2,5,3,1.0,1,1,0,1,1,1,1,Female,4,Hispanic
2029084153.0,06,California,39125347,06001,Alameda,1633138.0,1.69144092054264,3.2776555587,2,3,2,2.0,1,1,0,1,0,0,0,Female,3,Black
2040340487.0,06,California,39125347,06037,Los Angeles,9748524.0,1.77742258876697,,1,5,1,2.0,1,1,1,1,1,1,1,Male,4,White
2041446215.0,06,California,39125347,06085,Santa Clara,1880151.0,1.68300661190374,1.1532662405,1,5,4,2.0,1,1,1,1,0,0,1,Male,4,Other
2036914343.0,06,California,39125347,06067,Sacramento,1588707.0,0.662766009240706,,1,2,3,1.0,0,0,0,0,0,0,0,Male,2,Hispanic
2015261031.0,06,California,39125347,06073,San Diego,3279089.0,1.18919512124025,,1,6,1,2.0,0,1,1,1,1,1,1,Male,4,White
1998602331.0,06,California,39125347,06073,San Diego,3279089.0,1.09891170331471,1.238329912,1,2,1,2.0,1,1,1,1,0,1,1,Male,2,White
1984583187.0,06,California,39125347,06073,San Diego,3279089.0,2.80277926410367,2.4190560677,2,2,1,1.0,0,1,1,1,1,1,0,Female,2,Hispanic
2017164761.0,06,California,39125347,06067,Sacramento,1588707.0,3.31865324800047,0.4315452311,2,3,1,2.0,1,0,1,1,1,1,0,Female,3,White
2016908569.0,06,California,39125347,06111,Ventura,834675.0,1.17781822815792,0.6807644989,2,6,3,1.0,1,1,1,1,1,0,1,Female,4,Hispanic
2015124069.0,06,California,39125347,06081,San Mateo,732245.0,1.36568019067806,1.5401275113,1,5,4,2.0,1,1,1,1,1,1,1,Male,4,Other
2024401283.0,06,California,39125347,06067,Sacramento,1588707.0,5.90716646351797,0.6308291020000001,1,5,4,2.0,1,1,1,1,1,0,1,Male,4,Other
2020128973.0,06,California,39125347,06037,Los Angeles,9748524.0,0.421572382967912,0.280873945,2,5,7,2.0,0,0,0,0,0,1,0,Female,4,Other
2039312035.0,06,California,39125347,06073,San Diego,3279089.0,0.826986406685101,0.6790344287,2,3,7,2.0,1,1,1,1,1,0,1,Female,3,Other
1999347801.0,06,California,39125347,06099,Stanislaus,552453.0,1.37988004080332,,1,2,1,2.0,1,1,1,1,1,1,1,Male,2,White
2011807909.0,06,California,39125347,06095,Solano,449852.0,0.848809086358372,0.7624175675,2,3,1,2.0,1,1,1,0,1,1,1,Female,3,White
2037946087.0,06,California,39125347,06065,Riverside,2479339.0,0.766320871519086,,1,4,1,2.0,0,0,0,0,1,1,0,Male,3,White
2037945837.0,21,Kentucky,4521238,21195,Pike,56378.0,0.872176317019773,,1,1,1,1.0,1,0,0,0,0,0,0,Male,1,Hispanic
2036932335.0,21,Kentucky,4521238,21117,Kenton,170432.0,1.47994105490368,2.0920269215,2,2,4,2.0,0,1,0,0,0,1,0,Female,2,Other
2034920313.0,21,Kentucky,4521238,21111,Jefferson,778999.0,0.704850438278038,0.6811651561000001,2,5,1,2.0,1,1,1,1,1,0,1,Female,4,White
2038865695.0,21,Kentucky,4521238,21093,Hardin,111764.0,0.704850438278038,0.6811651561000001,2,5,1,2.0,1,1,1,1,1,1,1,Female,4,White
2013132233.0,21,Kentucky,4521238,21089,Greenup,35372.0,0.305377797918377,0.4155159612,2,2,1,2.0,1,1,1,0,1,0,1,Female,2,White
2012823599.0,21,Kentucky,4521238,21111,Jefferson,778999.0,1.61768053182179,1.0478655137,2,5,1,2.0,1,1,1,1,1,1,1,Female,4,White
2011720929.0,21,Kentucky,4521238,21067,Fayette,321332.0,1.30608459996085,1.0992879243,2,6,1,2.0,1,1,1,1,1,0,1,Female,4,White
2024051943.0,21,Kentucky,4521238,21067,Fayette,321332.0,0.651011630695162,2.6773884042,2,5,2,2.0,1,1,1,0,0,1,1,Female,4,Black
2041060313.0,21,Kentucky,4521238,21067,Fayette,321332.0,4.58711869085622,,1,2,1,2.0,1,1,1,0,1,1,1,Male,2,White
2012379959.0,21,Kentucky,4521238,21145,McCracken,67370.0,1.08804508170606,,1,5,1,2.0,0,1,0,0,0,1,1,Male,4,White
2018114623.0,21,Kentucky,4521238,21111,Jefferson,778999.0,1.59612455175712,1.5013868132,1,1,1,2.0,1,1,1,1,1,0,1,Male,1,White
2011295369.0,21,Kentucky,4521238,21227,Warren,140434.0,1.08804508170606,1.0027661576,1,5,1,2.0,1,1,1,1,1,0,1,Male,4,White
2008845681.0,21,Kentucky,4521238,21151,Madison,95227.0,3.1384881089534,0.8318773861000001,2,2,1,2.0,1,1,1,1,1,1,1,Female,2,White
2009785807.0,21,Kentucky,4521238,21207,Russell,18167.0,2.33413216047427,1.574219742,1,5,1,2.0,0,0,1,0,1,1,0,Male,4,White
1996137561.0,21,Kentucky,4521238,21037,Campbell,93323.0,3.81497015097927,0.7781595909,2,2,1,2.0,1,1,1,1,0,1,1,Female,2,White
2042327969.0,21,Kentucky,4521238,21073,Franklin,51807.0,0.32140376635597,0.3124664975,1,5,1,2.0,1,1,1,1,1,0,1,Male,4,White
2036717047.0,21,Kentucky,4521238,21193,Perry,27366.0,3.548384567568,,1,3,1,2.0,1,0,0,0,1,1,1,Male,3,White
2030436161.0,21,Kentucky,4521238,21111,Jefferson,778999.0,0.152911311035629,,1,4,1,1.0,0,1,0,1,0,1,1,Male,3,Hispanic
2009969579.0,21,Kentucky,4521238,21111,Jefferson,778999.0,0.781267590389874,,1,5,7,2.0,1,1,1,1,1,1,1,Male,4,Other
2008932145.0,21,Kentucky,4521238,21117,Kenton,170432.0,1.19709585833432,0.6127620912,1,2,7,2.0,1,1,1,1,0,1,1,Male,2,Other
2035477801.0,21,Kentucky,4521238,21193,Perry,27366.0,1.58070705595774,,2,2,1,2.0,1,1,1,1,1,1,1,Female,2,White
2011198551.0,21,Kentucky,4521238,21227,Warren,140434.0,6.87478459393118,,2,4,1,2.0,0,1,0,0,1,1,0,Female,3,White
2040122763.0,21,Kentucky,4521238,21051,Clay,19882.0,3.1384881089534,,2,2,1,2.0,1,0,1,1,1,1,1,Female,2,White
2001291691.0,21,Kentucky,4521238,21067,Fayette,321332.0,0.630498303763302,,2,6,1,2.0,1,1,1,1,1,0,1,Female,4,White
2029636933.0,21,Kentucky,4521238,21095,Harlan,25603.0,0.554607464332139,,2,1,1,2.0,1,1,0,0,0,0,1,Female,1,White
2035195707.0,21,Kentucky,4521238,21215,Spencer,20191.0,1.24768135148807,,2,4,1,2.0,0,0,0,0,1,1,0,Female,3,White
2011105447.0,21,Kentucky,4521238,21083,Graves,36546.0,1.1870313406103,1.0228653137,1,2,1,2.0,0,0,0,0,0,1,0,Male,2,White
2011925283.0,21,Kentucky,4521238,21199,Pulaski,65787.0,0.305750201096251,,2,4,1,2.0,1,1,0,1,1,0,1,Female,3,White
2041082681.0,21,Kentucky,4521238,21059,Daviess,103358.0,3.58382377794891,,1,2,1,2.0,1,0,1,0,1,0,1,Male,2,White
2015101737.0,21,Kentucky,4521238,21111,Jefferson,778999.0,2.00347612999703,1.6563303918,1,6,1,2.0,0,0,0,0,0,1,0,Male,4,White
2014370093.0,21,Kentucky,4521238,21015,Boone,139429.0,0.305750201096251,0.5310676632,2,3,1,2.0,1,1,1,1,1,1,1,Female,3,White
2011282995.0,21,Kentucky,4521238,21111,Jefferson,778999.0,12.5191900458152,,1,1,1,2.0,0,0,0,0,0,1,0,Male,1,White
2034551643.0,21,Kentucky,4521238,21017,Bourbon,20153.0,5.27555020932409,,1,3,1,2.0,1,1,1,1,1,0,1,Male,3,White
2014271263.0,21,Kentucky,4521238,21089,Greenup,35372.0,0.70705019914977,0.5842460041,1,6,1,2.0,1,1,1,1,1,0,1,Male,4,White
2009940973.0,21,Kentucky,4521238,21037,Campbell,93323.0,2.48997201755868,3.0693112482,2,5,1,2.0,0,0,0,0,0,1,0,Female,4,White
1984196229.0,21,Kentucky,4521238,21199,Pulaski,65787.0,1.41761751646526,1.5681797643,1,2,1,2.0,0,0,0,0,0,1,0,Male,2,White
2021357509.0,21,Kentucky,4521238,21111,Jefferson,778999.0,1.1870313406103,1.0228653137,1,2,1,2.0,0,0,0,0,0,1,0,Male,2,White
2043240937.0,21,Kentucky,4521238,21097,Harrison,19072.0,1.37703298856701,1.1288657439,1,5,1,2.0,0,0,0,0,0,1,0,Male,4,White
1993693639.0,21,Kentucky,4521238,21163,Meade,30048.0,2.8951641862892,1.620625324,2,6,1,2.0,1,1,1,0,0,1,1,Female,4,White
2008800827.0,21,Kentucky,4521238,21019,Boyd,48062.0,7.81114108234357,1.5681797643,1,2,1,2.0,0,0,0,0,0,1,1,Male,2,White
2015102419.0,21,Kentucky,4521238,21027,Breckinridge,20932.0,0.95462319434487,0.9356479317,1,3,1,2.0,0,0,0,0,1,1,0,Male,3,White
2034769021.0,36,New York,19713025,36067,Onondaga,469910.0,0.570167335911582,0.6216435093,2,5,1,2.0,1,1,1,1,1,1,0,Female,4,White
1998744483.0,36,New York,19713025,36047,Kings,2600751.0,1.9473163290944,,2,2,8,2.0,1,1,1,1,1,1,1,Female,2,Other
2012164827.0,36,New York,19713025,36119,Westchester,994313.0,0.953301695869157,1.3346279318,2,6,1,2.0,1,1,1,1,1,0,1,Female,4,White
2032910905.0,36,New York,19713025,36029,Erie,949276.0,0.25303161511991,1.3432439911,2,5,1,2.0,1,1,1,1,1,1,1,Female,4,White
2014428465.0,36,New York,19713025,36029,Erie,949276.0,0.58095892826743,0.6029607156,1,6,1,2.0,1,1,1,1,1,0,1,Male,4,White
2010195627.0,36,New York,19713025,36103,Suffolk,1531736.0,0.825844536550586,,2,5,1,2.0,1,1,1,1,1,0,1,Female,4,White
2010461781.0,36,New York,19713025,36047,Kings,2600751.0,0.942497231341829,1.4455823222,2,4,1,2.0,1,1,1,1,1,0,1,Female,3,White
2014663073.0,36,New York,19713025,36055,Monroe,750469.0,0.77105944489338,,2,4,1,2.0,1,1,0,1,1,0,1,Female,3,White
2016414469.0,36,New York,19713025,36081,Queens,2291363.0,2.72872305330898,0.8507643802,2,4,4,2.0,1,1,0,1,1,0,1,Female,3,Other
2034894245.0,36,New York,19713025,36061,New York,1593919.0,2.2508671124567,0.7507709511,2,4,1,2.0,1,0,0,1,0,1,0,Female,3,White
2028991285.0,36,New York,19713025,36073,Orleans,39510.0,2.40467776490459,,1,2,1,2.0,1,1,1,1,1,1,1,Male,2,White
2031289509.0,36,New York,19713025,36067,Onondaga,469910.0,1.11517910670614,,2,2,2,2.0,1,1,0,0,1,0,0,Female,2,Black
2036926617.0,36,New York,19713025,36029,Erie,949276.0,15.0614388091749,,1,2,4,2.0,1,1,0,1,1,1,1,Male,2,Other
2015150425.0,36,New York,19713025,36029,Erie,949276.0,4.38505525356584,1.1283785531,2,3,1,2.0,1,1,0,1,1,0,0,Female,3,White
2014970833.0,36,New York,19713025,36061,New York,1593919.0,1.5442462084036,1.9876884477,1,6,1,2.0,1,1,1,0,1,1,0,Male,4,White
2041232485.0,36,New York,19713025,36047,Kings,2600751.0,4.82020729630816,,1,5,1,2.0,0,0,0,0,0,1,0,Male,4,White
2011758785.0,36,New York,19713025,36061,New York,1593919.0,2.93480147677561,1.0087601614,2,3,2,2.0,1,0,0,0,0,0,0,Female,3,Black
2034444727.0,36,New York,19713025,36047,Kings,2600751.0,1.49074016065098,0.3424303999999999,2,2,2,2.0,1,1,0,1,1,0,1,Female,2,Black
2034771055.0,36,New York,19713025,36059,Nassau,1388346.0,1.27037045425758,1.8630104347,1,3,1,2.0,0,0,0,0,1,1,0,Male,3,White
1998284441.0,36,New York,19713025,36011,Cayuga,74730.0,0.6159254468775,0.8230126550000001,1,3,1,2.0,0,0,0,0,0,1,0,Male,3,White
2015683755.0,36,New York,19713025,36061,New York,1593919.0,1.12828153942359,,1,4,1,2.0,1,1,1,0,1,1,1,Male,3,White
2010540359.0,36,New York,19713025,36069,Ontario,112499.0,6.75878753453906,,2,4,1,2.0,1,1,1,1,1,0,1,Female,3,White
2009945449.0,36,New York,19713025,36081,Queens,2291363.0,0.497348455928413,0.3701792159,2,5,3,1.0,1,1,1,1,1,0,1,Female,4,Hispanic
2016418127.0,36,New York,19713025,36061,New York,1593919.0,1.18658019820704,0.5759675335000001,1,6,2,2.0,1,1,1,1,1,0,1,Male,4,Black
2011362247.0,36,New York,19713025,36061,New York,1593919.0,9.45517919658451,,3,5,1,2.0,1,0,1,1,1,1,1,,4,White
2037256735.0,36,New York,19713025,36091,Saratoga,238523.0,0.435098009839295,0.4298209664,1,4,1,2.0,1,1,1,1,1,0,1,Male,3,White
2041020839.0,36,New York,19713025,36029,Erie,949276.0,0.52228560687625,0.701293515,2,4,1,2.0,1,1,1,1,1,0,1,Female,3,White
2036916331.0,36,New York,19713025,36085,Richmond,492579.0,1.16364100646657,1.3908945579,2,3,2,2.0,1,1,1,1,1,1,0,Female,3,Black
2012271515.0,36,New York,19713025,36103,Suffolk,1531736.0,0.960908614469693,1.2080503569,2,2,1,2.0,1,1,0,1,1,1,0,Female,2,White
2011990033.0,36,New York,19713025,36081,Queens,2291363.0,0.259943702171464,0.6031243278,1,4,1,2.0,0,0,0,0,1,1,0,Male,3,White
2012011903.0,36,New York,19713025,36029,Erie,949276.0,0.585965962956765,0.5587224423,2,4,1,2.0,1,1,1,1,1,1,1,Female,3,White
1998331845.0,36,New York,19713025,36085,Richmond,492579.0,1.01581880856809,1.1576760793,2,5,1,2.0,0,0,0,0,0,1,1,Female,4,White
2043047087.0,36,New York,19713025,36075,Oswego,118150.0,2.87379678911414,,1,2,1,2.0,1,1,0,1,1,0,1,Male,2,White
2014943723.0,36,New York,19713025,36093,Schenectady,159790.0,1.01581880856809,1.1576760793,2,5,1,2.0,0,0,0,0,0,1,0,Female,4,White
2011424817.0,36,New York,19713025,36055,Monroe,750469.0,0.849331128065222,1.0199889292,2,3,1,2.0,1,1,1,0,1,1,1,Female,3,White
2037471681.0,36,New York,19713025,36047,Kings,2600751.0,2.99571369246076,,2,3,1,2.0,0,0,1,0,0,1,1,Female,3,White
2014874257.0,36,New York,19713025,36047,Kings,2600751.0,5.35717370550619,,1,2,2,2.0,0,0,0,0,0,0,0,Male,2,Black
1995079663.0,36,New York,19713025,36087,Rockland,342154.0,1.24309262221021,1.313109121,2,6,1,2.0,1,1,1,1,1,0,1,Female,4,White
2008147805.0,36,New York,19713025,36081,Queens,2291363.0,0.700828247880355,0.5381631339,2,5,1,2.0,1,1,1,1,1,0,1,Female,4,White
2028859453.0,36,New York,19713025,36103,Suffolk,1531736.0,2.65624067020748,,1,2,1,1.0,1,1,1,1,1,1,1,Male,2,Hispanic
2036340715.0,36,New York,19713025,36047,Kings,2600751.0,5.92183339372714,,2,1,3,,0,0,0,0,0,0,0,Female,1,Hispanic
2011031789.0,36,New York,19713025,36081,Queens,2291363.0,0.847748507166075,,1,3,1,2.0,1,1,1,1,0,0,1,Male,3,White
2041446501.0,36,New York,19713025,36081,Queens,2291363.0,1.48489743826924,1.6781856831000002,2,5,4,2.0,1,0,0,0,1,1,1,Female,4,Other
2039117411.0,36,New York,19713025,36047,Kings,2600751.0,2.13548228704896,,1,3,2,2.0,1,1,1,1,1,1,1,Male,3,Black
2038827543.0,36,New York,19713025,36061,New York,1593919.0,3.2004226577455,,1,2,1,2.0,1,1,0,0,0,1,1,Male,2,White
2011426579.0,36,New York,19713025,36013,Chautauqua,125558.0,5.31385342668638,3.7054771567,2,5,7,2.0,1,1,1,1,0,1,1,Female,4,Other
1996108055.0,36,New York,19713025,36061,New York,1593919.0,3.38526784043712,,1,5,1,2.0,1,1,1,1,1,1,1,Male,4,White
2039396359.0,36,New York,19713025,36029,Erie,949276.0,1.05793789737539,2.0245017101,1,5,1,2.0,0,0,0,0,0,1,0,Male,4,White
2013222655.0,36,New York,19713025,36047,Kings,2600751.0,0.974005739653054,1.1457825714,1,5,1,2.0,0,0,0,0,0,1,0,Male,4,White
2026992815.0,36,New York,19713025,36071,Orange,407314.0,0.854582611189606,,2,2,1,2.0,0,0,0,0,1,1,0,Female,2,White
2034794163.0,36,New York,19713025,36081,Queens,2291363.0,6.94194443390648,,1,2,2,2.0,1,1,1,0,1,0,1,Male,2,Black
2000890255.0,36,New York,19713025,36029,Erie,949276.0,0.498111979587266,,2,2,1,2.0,1,1,1,0,1,1,1,Female,2,White
2026740197.0,36,New York,19713025,36047,Kings,2600751.0,2.0395336031133,2.0041792,2,2,4,2.0,1,1,1,1,1,1,0,Female,2,Other
2041446877.0,36,New York,19713025,36081,Queens,2291363.0,1.02199275665242,1.3347925921,2,6,4,2.0,1,1,1,0,1,0,1,Female,4,Other
2034416551.0,36,New York,19713025,36039,Greene,47654.0,0.618660394952158,,1,3,2,2.0,1,1,1,1,1,1,0,Male,3,Black
2015249861.0,36,New York,19713025,36047,Kings,2600751.0,0.84513388264863,0.6633818853,1,5,2,2.0,1,1,1,1,1,0,1,Male,4,Black
2039663703.0,36,New York,19713025,36061,New York,1593919.0,2.57390525682058,,1,5,1,2.0,1,1,1,1,1,1,1,Male,4,White
2019771721.0,36,New York,19713025,36101,Steuben,92427.0,1.91727202822536,,2,2,2,2.0,1,1,1,1,1,1,1,Female,2,Black
2034705853.0,36,New York,19713025,36061,New York,1593919.0,4.38505525356584,,2,3,1,2.0,1,1,1,1,1,0,1,Female,3,White
2038246723.0,36,New York,19713025,36059,Nassau,1388346.0,1.37632059552347,1.6772202221,2,6,1,2.0,1,1,0,0,1,1,0,Female,4,White
2034763831.0,36,New York,19713025,36027,Dutchess,297214.0,3.44856316436157,,1,2,2,2.0,1,0,1,1,1,0,1,Male,2,Black
2012992529.0,36,New York,19713025,36111,Ulster,182546.0,0.443540038669394,0.3701774472,1,5,3,1.0,1,1,1,1,1,1,1,Male,4,Hispanic
1999801749.0,36,New York,19713025,36061,New York,1593919.0,0.77105944489338,0.6134496285000001,2,3,1,2.0,1,1,1,1,1,0,1,Female,3,White
2011575487.0,36,New York,19713025,36103,Suffolk,1531736.0,0.857627774784585,0.6947428064000001,2,6,1,2.0,1,1,1,1,1,0,1,Female,4,White
2016776349.0,36,New York,19713025,36067,Onondaga,469910.0,2.32318495333364,,2,6,4,2.0,1,1,1,1,1,0,1,Female,4,Other
2018413907.0,36,New York,19713025,36081,Queens,2291363.0,0.213757524938182,,2,5,3,,0,0,0,0,0,1,0,Female,4,Hispanic
2023439487.0,36,New York,19713025,36047,Kings,2600751.0,2.16634620765651,2.4904843376,2,2,2,2.0,1,1,1,1,1,1,1,Female,2,Black
2014106793.0,36,New York,19713025,36055,Monroe,750469.0,0.585965962956765,0.5587224423,2,3,1,2.0,1,1,1,1,1,0,1,Female,3,White
2036689397.0,36,New York,19713025,36005,Bronx,1384053.0,0.473950835592449,1.0087601614,2,3,2,2.0,1,1,1,1,1,0,1,Female,3,Black
2041161433.0,36,New York,19713025,36119,Westchester,994313.0,0.854582611189606,,2,2,1,2.0,1,0,0,0,1,1,1,Female,2,White
2011700253.0,36,New York,19713025,36061,New York,1593919.0,0.638137957895597,,2,5,4,2.0,1,1,1,1,1,0,1,Female,4,Other
2034553073.0,36,New York,19713025,36059,Nassau,1388346.0,0.876689405720152,1.6281512023,2,3,2,2.0,1,1,1,1,0,1,1,Female,3,Black
2026743349.0,36,New York,19713025,36061,New York,1593919.0,0.218005027477059,0.2460316563,1,5,2,2.0,1,1,1,1,1,0,1,Male,4,Black
2019340101.0,36,New York,19713025,36081,Queens,2291363.0,5.21993845305719,,2,2,4,2.0,0,0,0,0,0,1,0,Female,2,Other
2010207175.0,36,New York,19713025,36059,Nassau,1388346.0,0.721990757604583,0.9429681678,2,2,1,2.0,1,1,1,1,1,1,0,Female,2,White
2037164681.0,36,New York,19713025,36057,Montgomery,49454.0,1.43380140396919,1.689750002,1,3,1,2.0,1,1,1,0,1,1,1,Male,3,White
2040050957.0,36,New York,19713025,36061,New York,1593919.0,2.1330604258774,,2,6,3,1.0,1,1,1,1,1,0,1,Female,4,Hispanic
2033776099.0,36,New York,19713025,36047,Kings,2600751.0,1.48420904149223,,2,2,2,2.0,1,1,0,0,0,0,0,Female,2,Black
2041446335.0,36,New York,19713025,36059,Nassau,1388346.0,1.83884898997431,1.7116663651,2,5,4,2.0,1,1,1,1,1,1,1,Female,4,Other
2011218251.0,36,New York,19713025,36079,Putnam,98361.0,3.39053533638066,,2,5,3,1.0,0,0,0,0,1,1,0,Female,4,Hispanic
2028885453.0,36,New York,19713025,36103,Suffolk,1531736.0,0.682739867494195,0.8631889669,1,3,1,2.0,1,1,1,1,1,1,0,Male,3,White
2015879029.0,36,New York,19713025,36075,Oswego,118150.0,8.7132271526688,,1,2,1,2.0,0,0,1,0,1,1,0,Male,2,White
2045014565.0,36,New York,19713025,36061,New York,1593919.0,1.01581880856809,1.1576760793,2,5,1,2.0,0,0,0,0,0,1,0,Female,4,White
1998297599.0,36,New York,19713025,36059,Nassau,1388346.0,1.5442462084036,1.9876884477,1,6,1,2.0,0,0,0,0,1,1,0,Male,4,White
2039645111.0,36,New York,19713025,36061,New York,1593919.0,2.19771891764369,,1,4,1,2.0,1,1,1,1,1,1,1,Male,3,White
2009916739.0,36,New York,19713025,36067,Onondaga,469910.0,0.949129454950806,1.0483687007,2,6,1,2.0,1,1,1,1,1,0,1,Female,4,White
2036070221.0,36,New York,19713025,36055,Monroe,750469.0,1.89530656210782,,1,3,4,2.0,1,1,1,0,1,1,1,Male,3,Other
2014629251.0,36,New York,19713025,36093,Schenectady,159790.0,1.08314093229527,1.739917206,1,5,1,2.0,0,1,1,1,1,1,0,Male,4,White
2044840339.0,36,New York,19713025,36047,Kings,2600751.0,3.08836118638388,,2,2,6,1.0,0,1,1,1,1,1,1,Female,2,Hispanic
2039890493.0,36,New York,19713025,36103,Suffolk,1531736.0,0.857627774784585,0.6947428064000001,2,6,1,2.0,1,1,1,1,1,0,1,Female,4,White
2013145957.0,36,New York,19713025,36005,Bronx,1384053.0,1.02130178449059,,1,5,2,2.0,1,1,1,1,1,1,1,Male,4,Black
2035462585.0,36,New York,19713025,36047,Kings,2600751.0,5.35717370550619,,1,2,2,2.0,0,1,1,1,1,1,0,Male,2,Black
2012680843.0,36,New York,19713025,36043,Herkimer,59581.0,2.31846083839686,0.3069329127,1,2,7,2.0,0,0,0,0,0,1,0,Male,2,Other
2026390239.0,36,New York,19713025,36047,Kings,2600751.0,0.87410572868045,0.6718528496,1,6,4,2.0,1,1,1,1,1,0,1,Male,4,Other
2029489019.0,36,New York,19713025,36059,Nassau,1388346.0,4.23738238340898,,1,1,7,1.0,1,1,1,1,1,0,1,Male,1,Hispanic
2038415215.0,36,New York,19713025,36047,Kings,2600751.0,1.82001212078803,,1,5,2,2.0,0,1,1,0,1,0,0,Male,4,Black
1992831011.0,36,New York,19713025,36059,Nassau,1388346.0,0.984120722939906,0.9195516475,1,6,1,2.0,1,1,1,0,1,1,1,Male,4,White
2011152397.0,36,New York,19713025,36047,Kings,2600751.0,1.28836916664003,,2,1,1,2.0,1,0,0,0,0,0,0,Female,1,White
2032876717.0,36,New York,19713025,36027,Dutchess,297214.0,4.82020729630816,,1,5,1,2.0,1,1,0,1,1,1,1,Male,4,White
2021684439.0,36,New York,19713025,36119,Westchester,994313.0,0.77105944489338,0.6134496285000001,2,3,1,2.0,1,1,1,1,1,0,1,Female,3,White
2017230491.0,36,New York,19713025,36103,Suffolk,1531736.0,0.405944144988594,1.0020484358,1,5,2,2.0,1,1,1,1,1,1,1,Male,4,Black
1997254725.0,36,New York,19713025,36059,Nassau,1388346.0,0.682739867494195,0.8631889669,1,4,1,2.0,0,0,1,0,1,1,0,Male,3,White
2013862335.0,36,New York,19713025,36061,New York,1593919.0,0.586402266096589,0.6947647371,1,5,6,1.0,1,1,1,1,1,1,1,Male,4,Hispanic
2039353087.0,36,New York,19713025,36061,New York,1593919.0,4.37161854323846,,1,5,1,2.0,1,1,1,1,0,1,1,Male,4,White
1993703885.0,36,New York,19713025,36061,New York,1593919.0,0.712926780338832,,1,3,1,1.0,1,0,1,0,1,1,1,Male,3,Hispanic
2013850383.0,36,New York,19713025,36067,Onondaga,469910.0,0.682739867494195,0.8631889669,1,3,1,2.0,1,0,1,0,0,1,0,Male,3,White
2042328015.0,36,New York,19713025,36055,Monroe,750469.0,1.19692275086789,1.2917795035,1,5,1,2.0,0,0,0,0,0,1,0,Male,4,White
2034421833.0,36,New York,19713025,36065,Oneida,228351.0,0.77105944489338,0.6134496285000001,2,3,1,2.0,1,1,1,1,1,0,1,Female,3,White
2012046631.0,36,New York,19713025,36117,Wayne,90839.0,1.01581880856809,0.4533730801,2,5,1,2.0,0,0,0,0,1,1,0,Female,4,White
2038934101.0,36,New York,19713025,36067,Onondaga,469910.0,0.634473625804725,,2,3,1,2.0,1,1,1,1,1,1,1,Female,3,White
2034713287.0,36,New York,19713025,36055,Monroe,750469.0,1.27037045425758,1.8630104347,1,4,1,2.0,0,0,0,0,0,1,0,Male,3,White
2039867011.0,36,New York,19713025,36111,Ulster,182546.0,1.20991825136386,1.2021694779,2,3,1,2.0,0,1,1,0,1,1,0,Female,3,White
2011234987.0,36,New York,19713025,36029,Erie,949276.0,0.849331128065222,1.0199889292,2,3,1,2.0,0,0,0,0,1,1,0,Female,3,White
2019570885.0,36,New York,19713025,36059,Nassau,1388346.0,2.09838684751594,1.9592497376,1,2,2,2.0,1,1,1,1,1,0,1,Male,2,Black
2036149701.0,36,New York,19713025,36083,Rensselaer,159213.0,1.32151128194395,,1,1,1,2.0,0,0,1,1,1,0,0,Male,1,White
2011240401.0,36,New York,19713025,36103,Suffolk,1531736.0,0.646672557357465,0.3310376547,1,3,3,1.0,0,0,0,0,1,1,0,Male,3,Hispanic
1993057797.0,36,New York,19713025,36067,Onondaga,469910.0,0.662944902153576,0.6149776441,2,2,1,2.0,0,0,0,0,1,1,1,Female,2,White
2043493527.0,36,New York,19713025,36081,Queens,2291363.0,2.08249596800526,2.0854653831,2,2,3,2.0,1,1,1,1,1,1,1,Female,2,Hispanic
2032876731.0,36,New York,19713025,36029,Erie,949276.0,5.24943387356897,,1,3,1,2.0,0,1,1,1,1,1,0,Male,3,White
2028708413.0,36,New York,19713025,36075,Oswego,118150.0,1.81478845535493,,2,2,1,2.0,0,1,0,0,0,1,0,Female,2,White
2034687083.0,36,New York,19713025,36055,Monroe,750469.0,1.76634170321864,,1,3,1,1.0,1,1,1,1,1,0,1,Male,3,Hispanic
2016967685.0,36,New York,19713025,36061,New York,1593919.0,1.40061656360772,1.6329829738,2,5,1,2.0,0,0,0,0,0,0,0,Female,4,White
2015323597.0,36,New York,19713025,36081,Queens,2291363.0,2.83876361272254,,1,6,3,1.0,1,1,1,1,1,0,1,Male,4,Hispanic
2028892603.0,36,New York,19713025,36073,Orleans,39510.0,4.62706699923358,,2,2,1,2.0,1,1,1,1,0,0,1,Female,2,White
2010563969.0,36,New York,19713025,36079,Putnam,98361.0,0.857627774784585,0.6947428064000001,2,6,1,2.0,1,1,1,1,1,0,1,Female,4,White
2039318153.0,36,New York,19713025,36067,Onondaga,469910.0,4.05161307018546,3.3181592011,1,5,1,2.0,1,1,0,0,0,1,1,Male,4,White
2037933679.0,36,New York,19713025,36119,Westchester,994313.0,2.46139519087258,,1,3,1,2.0,0,1,0,0,0,1,1,Male,3,White
2013304445.0,36,New York,19713025,36061,New York,1593919.0,2.05282985890815,,2,6,1,2.0,1,1,1,0,1,0,1,Female,4,White
2022909021.0,36,New York,19713025,36029,Erie,949276.0,3.83087296060695,,1,3,2,2.0,0,0,1,1,1,0,1,Male,3,Black
2003051385.0,36,New York,19713025,36067,Onondaga,469910.0,0.498111979587266,0.4800332527,2,2,1,2.0,1,1,1,1,1,0,1,Female,2,White
2043959383.0,36,New York,19713025,36059,Nassau,1388346.0,0.826845821107099,0.9308332635,1,2,1,2.0,1,1,1,1,1,1,1,Male,2,White
2040474351.0,36,New York,19713025,36061,New York,1593919.0,2.57236330297028,,2,5,2,2.0,1,1,1,1,0,1,1,Female,4,Black
2042039051.0,36,New York,19713025,36093,Schenectady,159790.0,0.435098009839295,,1,4,1,2.0,1,1,1,1,1,1,1,Male,3,White
2013642435.0,36,New York,19713025,36081,Queens,2291363.0,0.942630370625748,,2,6,2,2.0,1,0,1,0,1,0,0,Female,4,Black
2008664189.0,36,New York,19713025,36061,New York,1593919.0,3.61978933470068,,1,2,1,2.0,1,0,1,0,1,0,1,Male,2,White
2011087287.0,36,New York,19713025,36005,Bronx,1384053.0,2.39999841573298,,2,3,6,1.0,1,1,1,1,1,1,1,Female,3,Hispanic
1998655377.0,36,New York,19713025,36005,Bronx,1384053.0,1.053513988726,,2,2,3,1.0,1,0,0,0,0,0,0,Female,2,Hispanic
2000037499.0,36,New York,19713025,36119,Westchester,994313.0,0.849331128065222,1.0199889292,2,4,1,2.0,1,1,0,1,1,1,1,Female,3,White
1997968597.0,36,New York,19713025,36119,Westchester,994313.0,4.05205055322342,,2,2,2,2.0,0,1,0,1,0,0,0,Female,2,Black
2045206457.0,36,New York,19713025,36105,Sullivan,79868.0,0.857627774784585,0.6947428064000001,2,6,1,2.0,1,1,1,1,1,0,1,Female,4,White
1998289519.0,36,New York,19713025,36023,Cortland,46128.0,0.974005739653054,1.1021119892,1,5,1,2.0,1,1,1,1,0,0,1,Male,4,White
2001079563.0,36,New York,19713025,36063,Niagara,210403.0,2.69913855043737,,1,2,1,2.0,1,1,0,0,1,1,1,Male,2,White
2038246421.0,36,New York,19713025,36103,Suffolk,1531736.0,0.682739867494195,0.8631889669,1,4,1,2.0,1,1,1,1,1,1,1,Male,3,White
2022999227.0,36,New York,19713025,36087,Rockland,342154.0,0.854582611189606,,2,2,1,2.0,0,0,0,0,0,1,0,Female,2,White
2035619185.0,36,New York,19713025,36029,Erie,949276.0,4.62706699923358,,2,2,1,2.0,1,1,0,1,1,1,1,Female,2,White
2028415725.0,36,New York,19713025,36047,Kings,2600751.0,1.707023959589,2.9901562802,2,4,2,2.0,1,1,1,1,0,1,1,Female,3,Black
2039731111.0,36,New York,19713025,36103,Suffolk,1531736.0,0.747679331108121,1.1099527236,1,6,1,2.0,1,1,1,1,1,0,1,Male,4,White
2028892377.0,36,New York,19713025,36067,Onondaga,469910.0,0.512975274066117,,1,2,1,2.0,0,0,0,0,0,1,0,Male,2,White
2018877289.0,36,New York,19713025,36047,Kings,2600751.0,5.2395789958342,,1,1,1,2.0,1,1,1,1,1,0,1,Male,1,White
2014464731.0,36,New York,19713025,36119,Westchester,994313.0,2.8832235190481,3.1905960304,2,2,2,2.0,0,1,0,1,0,1,1,Female,2,Black
2013983751.0,36,New York,19713025,36119,Westchester,994313.0,4.53074941851412,,1,2,1,1.0,1,1,1,1,1,1,1,Male,2,Hispanic
2014260351.0,36,New York,19713025,36047,Kings,2600751.0,2.2508671124567,,2,4,1,2.0,1,1,1,1,1,0,1,Female,3,White
2008668513.0,36,New York,19713025,36063,Niagara,210403.0,1.02621488580336,0.7858993208,2,4,1,2.0,1,1,1,1,1,1,1,Female,3,White
2037289295.0,36,New York,19713025,36045,Jefferson,115493.0,2.87379678911414,,1,2,1,2.0,0,0,1,0,1,1,1,Male,2,White
2012097643.0,36,New York,19713025,36093,Schenectady,159790.0,1.51218745563472,0.2372668875,2,2,3,1.0,1,1,1,1,1,0,1,Female,2,Hispanic
2007101439.0,36,New York,19713025,36119,Westchester,994313.0,2.20558252458257,,1,5,4,2.0,1,1,1,1,1,0,1,Male,4,Other
2011779623.0,36,New York,19713025,36089,St. Lawrence,106900.0,0.857627774784585,0.6947428064000001,2,6,1,2.0,1,1,1,1,1,0,1,Female,4,White
2038675509.0,36,New York,19713025,36061,New York,1593919.0,0.866153950229743,,2,2,3,1.0,1,1,1,0,0,1,1,Female,2,Hispanic
2013703319.0,36,New York,19713025,36075,Oswego,118150.0,1.29631923389265,1.4678788655,1,5,1,2.0,1,1,1,0,1,1,0,Male,4,White
2030983079.0,36,New York,19713025,36059,Nassau,1388346.0,3.49649509956031,,2,5,3,,1,0,1,1,1,0,0,Female,4,Hispanic
2039387089.0,36,New York,19713025,36091,Saratoga,238523.0,1.36645438082013,1.13801617,1,4,1,2.0,1,1,1,1,1,1,1,Male,3,White
1998593383.0,36,New York,19713025,36089,St. Lawrence,106900.0,0.892588097440865,0.7071655459,2,5,1,2.0,1,1,1,1,0,1,1,Female,4,White
2035036101.0,36,New York,19713025,36119,Westchester,994313.0,0.817717953110217,1.1628018523,1,6,3,1.0,1,0,0,0,1,1,0,Male,4,Hispanic
2012479831.0,36,New York,19713025,36001,Albany,315764.0,2.33045542316085,,2,4,6,2.0,0,0,1,0,0,1,0,Female,3,Other
2011240017.0,36,New York,19713025,36051,Livingston,61356.0,2.89278324314448,1.126259735,2,2,1,2.0,0,0,0,0,1,1,0,Female,2,White
2031166327.0,36,New York,19713025,36079,Putnam,98361.0,1.01581880856809,1.1576760793,2,5,1,2.0,0,0,0,0,0,1,0,Female,4,White
2041157811.0,36,New York,19713025,36081,Queens,2291363.0,1.83884898997431,1.7116663651,2,5,4,2.0,1,1,1,1,1,0,1,Female,4,Other
2013084571.0,36,New York,19713025,36119,Westchester,994313.0,3.38526784043712,,1,5,1,2.0,0,0,0,0,0,0,0,Male,4,White
2022422519.0,36,New York,19713025,36025,Delaware,44771.0,2.32977622828131,1.5159349011,2,3,1,2.0,1,1,1,1,1,1,1,Female,3,White
2021516917.0,36,New York,19713025,36027,Dutchess,297214.0,1.36018589358561,1.7100223766,2,6,4,2.0,1,1,1,1,1,0,1,Female,4,Other
2026827995.0,36,New York,19713025,36005,Bronx,1384053.0,0.500997037401806,,2,3,2,2.0,1,1,1,0,1,1,1,Female,3,Black
2008693675.0,36,New York,19713025,36013,Chautauqua,125558.0,3.31779853683553,,2,5,1,2.0,1,1,1,1,1,0,1,Female,4,White
2026866321.0,36,New York,19713025,36047,Kings,2600751.0,4.33911206636605,,1,2,3,,0,1,1,1,1,1,1,Male,2,Hispanic
2000807989.0,36,New York,19713025,36001,Albany,315764.0,1.20991825136386,1.2021694779,2,4,1,2.0,0,0,1,0,0,1,0,Female,3,White
2030898233.0,36,New York,19713025,36061,New York,1593919.0,2.96926954572325,,1,3,2,2.0,1,1,1,1,1,1,1,Male,3,Black
2029600533.0,36,New York,19713025,36007,Broome,197171.0,1.81478845535493,,2,2,1,2.0,1,1,0,1,1,0,1,Female,2,White
2030499977.0,36,New York,19713025,36005,Bronx,1384053.0,1.09746187330976,,2,2,2,1.0,1,1,1,1,1,0,1,Female,2,Black
1995691867.0,41,Oregon,4245964,41047,Marion,348364.0,2.36754107593524,1.1364761402,2,3,1,2.0,1,1,1,1,1,1,1,Female,3,White
2014660745.0,41,Oregon,4245964,41009,Columbia,53543.0,2.29854935105272,0.987460641,2,6,6,2.0,0,0,1,0,0,1,0,Female,4,Other
2001190111.0,41,Oregon,4245964,41067,Washington,600063.0,0.722518261329092,0.9639654455,2,5,1,2.0,1,1,1,1,1,0,1,Female,4,White
1997109253.0,41,Oregon,4245964,41039,Lane,386268.0,1.15336449167201,1.2355510218,1,5,1,2.0,1,0,0,0,0,1,0,Male,4,White
2010166351.0,41,Oregon,4245964,41039,Lane,386268.0,1.0114890637387,1.5214896943,2,3,1,2.0,1,1,0,1,1,1,1,Female,3,White
2013693091.0,41,Oregon,4245964,41051,Multnomah,796165.0,0.319800535981501,,1,6,7,2.0,1,0,0,1,0,1,0,Male,4,Other
2034314215.0,41,Oregon,4245964,41047,Marion,348364.0,0.85144886491727,0.9945728353,1,6,1,2.0,1,1,0,1,1,0,1,Male,4,White
2010415253.0,41,Oregon,4245964,41039,Lane,386268.0,0.844474891065823,0.9564609072,1,3,1,2.0,1,1,1,1,1,1,1,Male,3,White
2039655935.0,41,Oregon,4245964,41039,Lane,386268.0,1.27783603412308,1.6063993428,1,3,1,2.0,0,0,0,0,0,1,0,Male,3,White
2017034259.0,41,Oregon,4245964,41017,Deschutes,206421.0,1.66108990367745,1.5113025587,2,3,1,2.0,0,1,0,1,0,1,0,Female,3,White
2036150903.0,41,Oregon,4245964,41067,Washington,600063.0,0.306098542585694,,2,2,3,,1,0,1,0,1,1,0,Female,2,Hispanic
2014941593.0,41,Oregon,4245964,41033,Josephine,87793.0,12.9218200418658,1.5113025587,2,3,1,2.0,0,0,0,0,0,1,0,Female,3,White
2015718159.0,41,Oregon,4245964,41043,Linn,130555.0,0.546584806919676,,1,3,1,2.0,1,1,1,1,1,0,1,Male,3,White
2018029971.0,41,Oregon,4245964,41015,Curry,23613.0,3.66827474319298,,2,2,1,2.0,0,0,0,0,0,1,0,Female,2,White
2043492177.0,41,Oregon,4245964,41051,Multnomah,796165.0,1.32633154858366,1.5042744634,1,5,3,1.0,1,1,1,1,1,1,1,Male,4,Hispanic
2015727473.0,41,Oregon,4245964,41047,Marion,348364.0,1.50864734765964,1.5723351345,2,6,1,2.0,1,1,1,1,1,0,1,Female,4,White
2016295703.0,41,Oregon,4245964,41017,Deschutes,206421.0,15.0614388091749,1.048998047,2,3,1,2.0,1,1,1,0,1,1,1,Female,3,White
2022031705.0,41,Oregon,4245964,41067,Washington,600063.0,0.734782282868463,0.8916810587,2,5,1,2.0,1,1,1,1,1,0,1,Female,4,White
2034685103.0,41,Oregon,4245964,41009,Columbia,53543.0,0.721780063079822,,2,2,1,2.0,1,1,1,1,1,1,1,Female,2,White
1996057303.0,41,Oregon,4245964,41005,Clackamas,423098.0,1.65063168029663,,1,6,1,2.0,0,0,0,0,0,1,0,Male,4,White
2016295593.0,41,Oregon,4245964,41015,Curry,23613.0,1.2165352381819,1.384820881,2,3,1,2.0,0,1,0,0,0,1,0,Female,3,White
2014502739.0,41,Oregon,4245964,41033,Josephine,87793.0,4.03840567960018,0.6640239482,1,3,1,2.0,1,1,1,1,1,0,1,Male,3,White
2042356011.0,41,Oregon,4245964,41051,Multnomah,796165.0,4.83572259056106,,1,1,1,2.0,1,0,1,1,0,0,1,Male,1,White
2015756201.0,41,Oregon,4245964,41039,Lane,386268.0,1.32633154858366,,1,5,3,,1,1,1,1,1,0,1,Male,4,Hispanic
2044046557.0,41,Oregon,4245964,41029,Jackson,222097.0,0.696970826105653,0.6593696426,2,3,1,2.0,1,1,1,1,1,0,1,Female,3,White
2014817711.0,41,Oregon,4245964,41051,Multnomah,796165.0,1.40294075777564,1.5662283765,2,6,1,2.0,1,1,1,1,1,0,1,Female,4,White
2003095973.0,41,Oregon,4245964,41039,Lane,386268.0,2.71251901236018,3.4432349102,2,6,1,2.0,1,1,1,1,1,0,1,Female,4,White
2009990237.0,41,Oregon,4245964,41005,Clackamas,423098.0,0.531683454733441,1.1047466673,2,5,4,2.0,1,1,1,1,1,0,1,Female,4,Other
1998468987.0,41,Oregon,4245964,41047,Marion,348364.0,1.3026750478938,1.4917325106,1,4,1,2.0,0,0,0,0,0,1,0,Male,3,White
1983125963.0,41,Oregon,4245964,41051,Multnomah,796165.0,1.53503055821397,1.5828825446,1,5,1,2.0,0,1,0,0,0,1,0,Male,4,White
2012169399.0,41,Oregon,4245964,41053,Polk,89923.0,1.24808076433707,1.1796778144,2,3,1,2.0,1,1,1,1,1,0,0,Female,3,White
2036912935.0,41,Oregon,4245964,41045,Malheur,31840.0,6.5061504541466,1.2023863044,1,3,1,2.0,0,0,0,0,1,1,0,Male,3,White
2032191899.0,41,Oregon,4245964,41051,Multnomah,796165.0,1.18024767383946,1.5802275821,2,2,1,2.0,1,0,0,1,0,1,0,Female,2,White
1993290015.0,41,Oregon,4245964,41029,Jackson,222097.0,0.241502743383925,0.8366047535000001,2,2,1,2.0,1,1,0,1,1,0,1,Female,2,White
2019023799.0,41,Oregon,4245964,41017,Deschutes,206421.0,2.69593377598595,,1,2,1,2.0,1,0,1,0,0,0,0,Male,2,White
1998405707.0,41,Oregon,4245964,41057,Tillamook,27513.0,0.960118155335835,1.2539075348,1,4,1,2.0,0,0,0,0,0,1,0,Male,3,White
2041090829.0,41,Oregon,4245964,41003,Benton,97281.0,6.59239324877264,3.5365593085,2,5,1,2.0,1,1,1,1,1,0,1,Female,4,White
2001291589.0,41,Oregon,4245964,41007,Clatsop,41597.0,6.59239324877264,3.5365593085,2,5,1,2.0,1,1,1,1,1,0,1,Female,4,White
2028985157.0,05,Arkansas,3047429,05069,Jefferson,64278.0,2.34864432063105,,1,4,2,2.0,1,1,1,1,1,1,1,Male,3,Black
2012079665.0,05,Arkansas,3047429,05071,Johnson,25984.0,6.7966207300699,,2,1,1,2.0,1,1,0,0,1,1,0,Female,1,White
2029579817.0,05,Arkansas,3047429,05143,Washington,257206.0,2.67631150632102,,1,2,1,2.0,1,1,0,0,1,0,1,Male,2,White
2013830825.0,05,Arkansas,3047429,05069,Jefferson,64278.0,4.42272909031472,,1,5,2,2.0,1,1,1,1,1,1,1,Male,4,Black
2034446293.0,05,Arkansas,3047429,05125,Saline,127485.0,2.03720688365507,,2,3,2,2.0,0,0,0,0,0,1,0,Female,3,Black
2010766817.0,05,Arkansas,3047429,05115,Pope,64025.0,1.97464305904511,1.0199925414,2,3,1,2.0,0,0,0,0,1,1,0,Female,3,White
2039883307.0,05,Arkansas,3047429,05121,Randolph,18811.0,0.266967347063309,,2,2,1,2.0,0,1,1,1,1,1,1,Female,2,White
2016603619.0,05,Arkansas,3047429,05007,Benton,303380.0,0.809454387331382,0.2932930158,2,5,1,2.0,1,1,1,0,1,1,1,Female,4,White
2034451263.0,05,Arkansas,3047429,05125,Saline,127485.0,5.91040923627396,,2,2,1,2.0,1,1,0,1,1,1,0,Female,2,White
2034810299.0,05,Arkansas,3047429,05031,Craighead,112808.0,2.52684314468114,2.7994507536,1,5,1,2.0,0,0,0,0,1,1,0,Male,4,White
2045757913.0,05,Arkansas,3047429,05143,Washington,257206.0,0.774489050851426,,2,3,3,,1,1,1,1,1,0,1,Female,3,Hispanic
2010461029.0,05,Arkansas,3047429,05007,Benton,303380.0,1.48367286621258,0.7961758319000001,2,4,1,2.0,1,1,0,1,0,1,1,Female,3,White
2010973451.0,05,Arkansas,3047429,05119,Pulaski,400246.0,0.453384437210616,,2,3,4,2.0,0,1,0,0,1,1,0,Female,3,Other
2009835653.0,05,Arkansas,3047429,05143,Washington,257206.0,2.1392065621443,1.2601999094,1,6,1,2.0,0,1,1,1,0,1,0,Male,4,White
2011197251.0,05,Arkansas,3047429,05119,Pulaski,400246.0,1.23522248709105,1.5388691812,1,2,1,2.0,0,1,1,0,0,1,1,Male,2,White
2022214471.0,05,Arkansas,3047429,05115,Pope,64025.0,1.88719093999216,,1,3,1,2.0,1,1,1,1,1,1,1,Male,3,White
2045523785.0,05,Arkansas,3047429,05009,Boone,38234.0,6.37730957260418,,1,2,1,2.0,1,1,1,1,1,1,1,Male,2,White
2017403379.0,05,Arkansas,3047429,05007,Benton,303380.0,2.22207385005107,0.5971489416,2,6,1,2.0,1,1,1,1,1,0,1,Female,4,White
2029078813.0,05,Arkansas,3047429,05055,Greene,46360.0,4.15968392382017,,2,1,1,2.0,1,1,1,1,1,1,0,Female,1,White
2038231405.0,05,Arkansas,3047429,05145,White,77637.0,0.212598045588156,,1,2,1,2.0,0,0,0,0,0,1,0,Male,2,White
2041648845.0,05,Arkansas,3047429,05131,Sebastian,129163.0,4.66094080249328,,2,2,2,2.0,1,1,1,1,1,0,1,Female,2,Black
2008860481.0,05,Arkansas,3047429,05131,Sebastian,129163.0,1.88719093999216,,1,3,1,2.0,1,1,1,1,1,0,1,Male,3,White
2037316485.0,05,Arkansas,3047429,05137,Stone,12594.0,1.23522248709105,1.5388691812,1,2,1,2.0,0,0,0,1,1,1,1,Male,2,White
2011805035.0,05,Arkansas,3047429,05111,Poinsett,22424.0,2.80905822458126,,2,4,1,2.0,1,1,1,1,1,1,0,Female,3,White
2014022399.0,05,Arkansas,3047429,05119,Pulaski,400246.0,3.09003021362332,,1,1,1,2.0,1,0,1,0,0,1,1,Male,1,White
2040054843.0,05,Arkansas,3047429,05031,Craighead,112808.0,1.19486345486684,,1,3,1,2.0,1,1,0,1,0,1,0,Male,3,White
2043904413.0,05,Arkansas,3047429,05131,Sebastian,129163.0,2.25233877899163,,2,1,2,2.0,0,0,0,0,0,0,0,Female,1,Black
2039699945.0,08,Colorado,5853355,08101,Pueblo,169540.0,0.599775062712444,0.705184267,3,3,1,2.0,1,1,1,1,1,1,1,,3,White
2036491789.0,08,Colorado,5853355,08069,Larimer,367972.0,1.19899639382984,1.2127624757,1,3,1,2.0,1,1,0,0,1,1,1,Male,3,White
2010982567.0,08,Colorado,5853355,08001,Adams,528035.0,1.81500716489698,,1,5,1,2.0,1,0,0,0,1,1,0,Male,4,White
2012520801.0,08,Colorado,5853355,08014,Broomfield,76133.0,1.58085277524521,1.2292407258,2,5,1,2.0,1,1,1,1,0,0,1,Female,4,White
2020784751.0,08,Colorado,5853355,08003,Alamosa,16630.0,2.78883076509018,,1,3,3,,1,0,0,1,0,0,1,Male,3,Hispanic
2020659225.0,08,Colorado,5853355,08041,El Paso,741819.0,1.3140788115436,1.4301306727,2,6,1,2.0,1,1,1,1,1,1,1,Female,4,White
2018201991.0,08,Colorado,5853355,08041,El Paso,741819.0,0.460201917159329,0.8741956812,1,4,3,,0,1,1,1,1,0,1,Male,3,Hispanic
2029309109.0,08,Colorado,5853355,08001,Adams,528035.0,2.68347606689225,,2,2,3,,1,1,1,1,1,0,1,Female,2,Hispanic
2014651713.0,08,Colorado,5853355,08085,Montrose,43838.0,0.359856339537085,,1,1,3,,0,1,0,1,1,1,0,Male,1,Hispanic
2034525859.0,08,Colorado,5853355,08041,El Paso,741819.0,0.24712496772608,,2,2,3,,1,1,1,1,1,1,1,Female,2,Hispanic
2012375393.0,08,Colorado,5853355,08077,Mesa,158634.0,3.51322183290471,,1,5,1,2.0,0,0,0,0,0,1,0,Male,4,White
2012880387.0,08,Colorado,5853355,08005,Arapahoe,659472.0,1.13427697559701,0.9358196821,2,5,4,2.0,1,1,1,1,1,1,1,Female,4,Other
1999219211.0,08,Colorado,5853355,08013,Boulder,327914.0,2.4031627713271,2.1595405155,1,6,1,2.0,1,1,1,1,1,0,1,Male,4,White
2008947583.0,08,Colorado,5853355,08059,Jefferson,576703.0,0.949686093138842,1.7328169724,2,2,1,1.0,1,1,1,1,1,1,1,Female,2,Hispanic
2037470715.0,08,Colorado,5853355,08031,Denver,716800.0,4.55220238410726,4.2589110923,2,5,1,2.0,1,1,1,1,0,0,1,Female,4,White
2015101701.0,08,Colorado,5853355,08045,Garfield,62458.0,1.36372843193305,1.4722773377,1,5,1,2.0,0,0,0,0,0,1,0,Male,4,White
2010814535.0,08,Colorado,5853355,08123,Weld,350793.0,1.55777680058422,1.6886781679,2,3,1,2.0,0,0,0,0,0,1,0,Female,3,White
2034248453.0,08,Colorado,5853355,08005,Arapahoe,659472.0,1.95099088893304,1.8103623758,1,6,1,2.0,0,0,0,0,0,1,0,Male,4,White
2020148897.0,08,Colorado,5853355,08041,El Paso,741819.0,1.3140788115436,1.4301306727,2,6,1,2.0,1,1,0,1,1,0,1,Female,4,White
1993123227.0,08,Colorado,5853355,08005,Arapahoe,659472.0,12.7171041924837,8.7346604859,1,5,1,2.0,1,1,1,1,1,0,1,Male,4,White
2013252005.0,08,Colorado,5853355,08005,Arapahoe,659472.0,0.873091802827405,0.8923583017000001,1,5,1,2.0,1,1,1,1,1,1,1,Male,4,White
2006680343.0,08,Colorado,5853355,08069,Larimer,367972.0,4.55220238410726,4.2589110923,2,5,1,2.0,1,0,0,0,1,1,0,Female,4,White
2030738199.0,08,Colorado,5853355,08013,Boulder,327914.0,7.7719180105506,,2,2,1,2.0,0,1,1,1,1,0,0,Female,2,White
2012136851.0,08,Colorado,5853355,08031,Denver,716800.0,2.55280775019632,2.0361341413,2,5,1,2.0,0,0,0,0,0,0,0,Female,4,White
1995937941.0,08,Colorado,5853355,08013,Boulder,327914.0,1.0154704744314,1.1490634049,2,6,1,2.0,1,1,1,1,1,0,1,Female,4,White
1995300833.0,08,Colorado,5853355,08013,Boulder,327914.0,0.428023547377052,0.5234609818,1,4,1,2.0,1,1,1,1,1,0,1,Male,3,White
2021670097.0,08,Colorado,5853355,08013,Boulder,327914.0,1.2285795415967,1.1684157562,1,6,1,2.0,1,1,1,1,1,0,1,Male,4,White
2038038485.0,08,Colorado,5853355,08123,Weld,350793.0,2.63485393150717,,1,5,1,2.0,1,1,1,1,1,1,1,Male,4,White
2000704127.0,08,Colorado,5853355,08005,Arapahoe,659472.0,0.936820507461662,0.9634910937,2,4,1,2.0,0,0,1,0,1,1,0,Female,3,White
2023377837.0,08,Colorado,5853355,08059,Jefferson,576703.0,1.37614567727039,1.8547426865,2,4,1,2.0,0,0,0,0,0,1,0,Female,3,White
2015246633.0,08,Colorado,5853355,08035,Douglas,376188.0,1.91898360096951,1.7608724236,1,6,1,2.0,0,0,0,0,0,1,0,Male,4,White
2014053583.0,08,Colorado,5853355,08027,Custer,5349.0,0.870259353547119,0.7579714115,2,6,1,2.0,1,1,1,1,1,0,1,Female,4,White
1995996745.0,08,Colorado,5853355,08035,Douglas,376188.0,0.963273494321648,1.0079438831,1,3,1,2.0,0,0,0,0,0,1,0,Male,3,White
2036917461.0,08,Colorado,5853355,08123,Weld,350793.0,0.346753998412686,,2,2,6,1.0,1,1,1,1,0,0,0,Female,2,Hispanic
2039896013.0,08,Colorado,5853355,08031,Denver,716800.0,0.813619100557699,,1,2,3,1.0,0,0,1,0,1,0,0,Male,2,Hispanic
1983930353.0,08,Colorado,5853355,08031,Denver,716800.0,0.599775062712444,0.705184267,2,3,1,2.0,1,1,1,1,1,0,1,Female,3,White
2038805037.0,08,Colorado,5853355,08077,Mesa,158634.0,0.786548703699908,1.8997468453,2,1,3,,1,0,1,1,1,1,1,Female,1,Hispanic
2020169119.0,08,Colorado,5853355,08005,Arapahoe,659472.0,0.865259799664703,1.0376187107,1,3,2,2.0,1,1,1,1,1,0,1,Male,3,Black
2000537127.0,08,Colorado,5853355,08031,Denver,716800.0,0.870259353547119,0.7579714115,2,6,1,2.0,1,1,1,1,1,0,1,Female,4,White
2008898683.0,08,Colorado,5853355,08041,El Paso,741819.0,1.33868344142027,1.57553513,1,2,1,2.0,0,0,0,0,0,1,0,Male,2,White
2030967431.0,08,Colorado,5853355,08031,Denver,716800.0,1.56338688979439,2.427071196,1,1,3,,1,1,1,1,1,1,1,Male,1,Hispanic
2034272355.0,08,Colorado,5853355,08039,Elbert,27844.0,2.6152837290267,,1,2,1,2.0,1,1,1,1,1,1,1,Male,2,White
2022222033.0,08,Colorado,5853355,08059,Jefferson,576703.0,2.16701087191491,,2,2,3,1.0,0,0,1,1,1,1,0,Female,2,Hispanic
2039686273.0,08,Colorado,5853355,08059,Jefferson,576703.0,0.860510974990631,0.9706922625,1,6,3,1.0,1,1,1,1,1,0,1,Male,4,Hispanic
2017399565.0,08,Colorado,5853355,08031,Denver,716800.0,1.63466378269814,,1,5,1,2.0,1,1,1,1,1,1,1,Male,4,White
2012846511.0,08,Colorado,5853355,08041,El Paso,741819.0,1.44965176686644,1.4316265791,2,5,1,2.0,1,0,0,0,0,1,0,Female,4,White
2017021219.0,08,Colorado,5853355,08041,El Paso,741819.0,0.367521785003758,0.5977546690000001,2,3,3,1.0,1,1,0,1,1,1,1,Female,3,Hispanic
2013974421.0,08,Colorado,5853355,08005,Arapahoe,659472.0,2.62436316067384,,1,2,1,2.0,1,1,1,1,1,0,1,Male,2,White
2009343585.0,08,Colorado,5853355,08035,Douglas,376188.0,4.39748885581327,4.2332023057,1,3,1,2.0,1,1,0,1,1,1,0,Male,3,White
1995083143.0,08,Colorado,5853355,08059,Jefferson,576703.0,1.2989415530421,1.1163662011,2,6,1,2.0,1,0,1,1,1,1,0,Female,4,White
2013415559.0,08,Colorado,5853355,08031,Denver,716800.0,0.640305567180939,1.0299116952,2,4,1,2.0,1,1,1,1,1,1,1,Female,3,White
2034242055.0,08,Colorado,5853355,08005,Arapahoe,659472.0,1.41147693737297,1.2510717719,2,3,1,2.0,1,1,1,1,1,0,1,Female,3,White
1993375451.0,08,Colorado,5853355,08041,El Paso,741819.0,1.41147693737297,1.2510717719,2,3,1,2.0,1,1,1,1,1,1,1,Female,3,White
2015514625.0,12,Florida,22413989,12111,St. Lucie,360720.0,1.12961810337612,1.6582958437,2,2,2,2.0,0,1,0,0,1,0,0,Female,2,Black
2029188015.0,12,Florida,22413989,12057,Hillsborough,1525239.0,0.602701374002323,,1,3,1,2.0,1,1,1,1,1,1,1,Male,3,White
2026744059.0,12,Florida,22413989,12105,Polk,790796.0,3.93575629565962,,2,5,2,2.0,1,1,1,1,1,1,1,Female,4,Black
2035418581.0,12,Florida,22413989,12031,Duval,1022751.0,0.149358090224082,,1,4,1,2.0,1,1,1,1,1,0,1,Male,3,White
2037092943.0,12,Florida,22413989,12105,Polk,790796.0,0.62828668788508,0.5955974256000001,1,4,1,2.0,1,1,0,0,1,1,0,Male,3,White
2032728577.0,12,Florida,22413989,12097,Osceola,427887.0,1.00829187110748,0.3965112914,2,2,1,2.0,1,0,1,0,1,1,1,Female,2,White
1999336225.0,12,Florida,22413989,12069,Lake,410943.0,0.815035578235835,,2,5,3,1.0,1,1,1,1,1,1,1,Female,4,Hispanic
2017115121.0,12,Florida,22413989,12073,Leon,297935.0,5.95310584425475,,1,2,2,2.0,1,1,0,1,0,1,1,Male,2,Black
2021623605.0,12,Florida,22413989,12103,Pinellas,964496.0,3.29516666271703,,2,2,1,2.0,1,1,1,1,0,0,1,Female,2,White
2012113977.0,12,Florida,22413989,12113,Santa Rosa,198429.0,1.6178363897031,,1,6,1,2.0,1,0,0,0,0,1,0,Male,4,White
1996607875.0,12,Florida,22413989,12009,Brevard,631833.0,1.00035126843205,0.6970554978,2,6,1,2.0,1,1,1,1,1,0,1,Female,4,White
2011574703.0,12,Florida,22413989,12057,Hillsborough,1525239.0,1.63044657749446,4.8879595007,2,2,1,2.0,0,0,0,0,0,1,0,Female,2,White
2015706701.0,12,Florida,22413989,12086,Miami-Dade,2733972.0,11.0436723427988,,1,2,3,1.0,0,0,0,0,1,1,0,Male,2,Hispanic
2015313317.0,12,Florida,22413989,12031,Duval,1022751.0,1.27126311956948,,1,3,2,2.0,1,1,1,1,0,1,1,Male,3,Black
2010081265.0,12,Florida,22413989,12063,Jackson,48305.0,7.39576674813662,,2,1,1,2.0,1,0,1,0,1,1,1,Female,1,White
2037882323.0,12,Florida,22413989,12095,Orange,1467069.0,1.8206098073617,,2,6,4,2.0,1,0,0,0,1,1,0,Female,4,Other
2042020759.0,12,Florida,22413989,12103,Pinellas,964496.0,1.24849631346164,,1,5,1,2.0,0,0,0,1,1,1,0,Male,4,White
2011174461.0,12,Florida,22413989,12071,Lee,828059.0,0.860486012102044,,2,2,1,2.0,0,0,0,0,0,1,0,Female,2,White
2039509207.0,12,Florida,22413989,12115,Sarasota,464297.0,0.987084249356401,,2,5,3,1.0,1,1,1,1,1,0,1,Female,4,Hispanic
1993704249.0,12,Florida,22413989,12127,Volusia,580529.0,0.577738835163957,0.43231595,1,5,1,2.0,1,1,1,1,1,1,1,Male,4,White
2041786769.0,12,Florida,22413989,12019,Clay,226986.0,1.37331764436434,1.7637218696,2,5,1,2.0,1,0,0,0,1,1,1,Female,4,White
2042327929.0,12,Florida,22413989,12011,Broward,1966353.0,1.11880261772202,1.4860496487,1,6,1,2.0,0,0,0,0,0,1,0,Male,4,White
1984942929.0,12,Florida,22413989,12103,Pinellas,964496.0,1.99401265323423,,2,3,4,2.0,0,1,1,1,1,1,1,Female,3,Other
2034199745.0,12,Florida,22413989,12119,Sumter,144829.0,1.40055090797943,1.256260097,1,5,1,2.0,0,0,0,0,0,1,0,Male,4,White
2039694229.0,12,Florida,22413989,12031,Duval,1022751.0,4.24418268402481,,2,5,2,2.0,1,1,1,1,0,1,1,Female,4,Black
2040273167.0,12,Florida,22413989,12105,Polk,790796.0,1.85756333396302,,2,4,3,,1,1,0,1,1,0,1,Female,3,Hispanic
2039686363.0,12,Florida,22413989,12057,Hillsborough,1525239.0,2.50844736359233,0.3719098601,2,3,3,1.0,1,1,1,1,1,1,1,Female,3,Hispanic
2021169687.0,12,Florida,22413989,12031,Duval,1022751.0,10.7971380498658,,1,1,2,2.0,1,1,1,1,1,1,0,Male,1,Black
1998714077.0,12,Florida,22413989,12095,Orange,1467069.0,2.7384963091006,,1,1,6,2.0,1,0,1,0,0,1,1,Male,1,Other
2038615343.0,12,Florida,22413989,12099,Palm Beach,1533130.0,0.722488230956685,0.5453964826000001,1,6,1,2.0,1,1,1,1,1,0,1,Male,4,White
2026960387.0,12,Florida,22413989,12127,Volusia,580529.0,0.450031877776477,,1,3,6,2.0,1,0,0,1,1,1,1,Male,3,Other
2026742553.0,12,Florida,22413989,12031,Duval,1022751.0,2.30725720621073,,1,4,3,1.0,1,1,1,1,1,1,1,Male,3,Hispanic
2015359105.0,12,Florida,22413989,12031,Duval,1022751.0,1.28727973403908,,2,3,3,,1,1,1,1,1,0,1,Female,3,Hispanic
2020629763.0,12,Florida,22413989,12115,Sarasota,464297.0,0.818132227279381,0.922114481,2,6,1,2.0,1,1,1,1,1,1,1,Female,4,White
2006816351.0,12,Florida,22413989,12057,Hillsborough,1525239.0,0.9312358035507,0.8081255566000001,1,5,1,2.0,1,1,1,1,1,0,1,Male,4,White
2034446165.0,12,Florida,22413989,12031,Duval,1022751.0,3.2527800247902,,2,2,2,2.0,0,1,1,1,0,0,0,Female,2,Black
1998604341.0,12,Florida,22413989,12099,Palm Beach,1533130.0,1.92824599820843,0.6990538531,2,2,1,2.0,0,1,1,0,0,1,1,Female,2,White
2034243471.0,12,Florida,22413989,12111,St. Lucie,360720.0,1.33589426020951,,4,1,2,1.0,1,1,1,1,1,0,1,,1,Black
2038915335.0,12,Florida,22413989,12103,Pinellas,964496.0,0.858362930659102,,1,4,1,2.0,1,0,1,1,1,0,1,Male,3,White
2017088253.0,12,Florida,22413989,12017,Citrus,162495.0,0.761912514172188,0.8273841525000001,1,3,1,2.0,0,1,1,0,0,1,0,Male,3,White
2018642531.0,12,Florida,22413989,12105,Polk,790796.0,0.0802617911569713,0.2990713609,2,4,7,1.0,1,1,1,1,1,0,1,Female,3,Hispanic
2013252263.0,12,Florida,22413989,12031,Duval,1022751.0,0.9714719941942,0.6949934134,1,3,1,2.0,1,1,1,1,1,1,1,Male,3,White
1983477759.0,12,Florida,22413989,12105,Polk,790796.0,15.0614388091749,15.0172750693,1,1,3,1.0,0,0,1,0,1,1,0,Male,1,Hispanic
2013828565.0,12,Florida,22413989,12011,Broward,1966353.0,0.536032439271702,0.2228412189,1,4,1,2.0,1,1,1,1,1,0,1,Male,3,White
2010029365.0,12,Florida,22413989,12053,Hernando,207033.0,0.552376052166618,0.4909802986,2,4,1,2.0,1,1,1,1,1,0,1,Female,3,White
2011531353.0,12,Florida,22413989,12103,Pinellas,964496.0,2.76744346599576,,2,2,1,2.0,1,1,1,1,1,1,1,Female,2,White
2016935935.0,12,Florida,22413989,12111,St. Lucie,360720.0,9.87199996465795,,2,3,1,2.0,1,1,1,1,1,0,1,Female,3,White
2042328749.0,12,Florida,22413989,12095,Orange,1467069.0,1.68264580906981,1.6080873278,1,6,1,2.0,0,0,0,0,0,1,0,Male,4,White
2011447103.0,12,Florida,22413989,12121,Suwannee,45441.0,0.258955099429611,0.225327449,2,3,7,2.0,0,0,0,0,1,1,0,Female,3,Other
2039322227.0,12,Florida,22413989,12086,Miami-Dade,2733972.0,1.24849631346164,1.2328560622,1,5,1,2.0,0,0,0,0,1,1,0,Male,4,White
2014126341.0,12,Florida,22413989,12101,Pasco,610396.0,1.21558169329831,1.0526774372,1,6,1,2.0,1,1,0,0,1,1,1,Male,4,White
2038576223.0,12,Florida,22413989,12115,Sarasota,464297.0,0.647437305085848,0.5217949713,2,4,1,2.0,1,1,1,0,1,1,1,Female,3,White
2012067971.0,12,Florida,22413989,12087,Monroe,82696.0,1.56561671994007,,2,5,1,2.0,1,1,1,1,1,1,1,Female,4,White
2026740711.0,12,Florida,22413989,12021,Collier,401486.0,4.43481605680655,,1,2,3,1.0,1,1,1,0,1,1,1,Male,2,Hispanic
2042103457.0,12,Florida,22413989,12081,Manatee,431190.0,0.829662020624391,2.9485464452,2,3,1,2.0,1,1,1,1,1,0,1,Female,3,White
2012619267.0,12,Florida,22413989,12095,Orange,1467069.0,0.285251342574263,,2,6,1,2.0,1,0,1,1,1,0,1,Female,4,White
2031309487.0,12,Florida,22413989,12105,Polk,790796.0,1.6616429644048,1.5794299923,1,5,1,2.0,1,0,1,0,1,1,0,Male,4,White
2044048465.0,12,Florida,22413989,12101,Pasco,610396.0,1.31909786229323,1.7393270451,1,3,1,2.0,0,0,0,0,0,1,0,Male,3,White
2004439655.0,12,Florida,22413989,12009,Brevard,631833.0,4.05445819780913,,1,2,2,2.0,1,0,0,0,1,1,0,Male,2,Black
1998478653.0,12,Florida,22413989,12037,Franklin,12471.0,0.694105315406202,0.6058305849,1,6,1,2.0,1,1,1,1,1,0,1,Male,4,White
2030648727.0,12,Florida,22413989,12099,Palm Beach,1533130.0,3.50914539085611,,2,4,2,2.0,1,1,1,1,1,1,1,Female,3,Black
2014488981.0,12,Florida,22413989,12081,Manatee,431190.0,0.860486012102044,,2,2,1,2.0,0,0,0,0,1,1,0,Female,2,White
1998595179.0,12,Florida,22413989,12086,Miami-Dade,2733972.0,1.1720926643637,,1,6,1,2.0,1,1,1,1,1,1,1,Male,4,White
2034687209.0,12,Florida,22413989,12093,Okeechobee,40403.0,1.78035815602782,,2,1,3,,1,1,1,1,0,0,1,Female,1,Hispanic
2013281385.0,12,Florida,22413989,12009,Brevard,631833.0,4.05445819780913,,1,2,2,2.0,0,0,1,1,0,1,1,Male,2,Black
2014490317.0,12,Florida,22413989,12073,Leon,297935.0,2.16869485104594,,2,2,2,2.0,1,1,0,1,1,0,1,Female,2,Black
2035135295.0,12,Florida,22413989,12109,St. Johns,307645.0,0.285251342574263,0.7098013264,2,6,1,2.0,1,1,1,1,1,0,1,Female,4,White
2018733265.0,12,Florida,22413989,12005,Bay,186079.0,0.920124720158411,0.9041557661,2,5,3,1.0,1,1,1,1,1,1,1,Female,4,Hispanic
2037757249.0,12,Florida,22413989,12119,Sumter,144829.0,1.2642770646207,1.2552251258,1,6,1,2.0,0,0,0,0,0,1,0,Male,4,White
2014371283.0,12,Florida,22413989,12017,Citrus,162495.0,2.07935341046435,0.2565935513,2,2,1,2.0,1,1,1,0,1,1,1,Female,2,White
2043235071.0,12,Florida,22413989,12095,Orange,1467069.0,4.47294085397058,,1,2,2,2.0,0,0,1,1,0,0,1,Male,2,Black
2029188123.0,12,Florida,22413989,12103,Pinellas,964496.0,2.44071367277775,,2,2,3,,1,1,1,1,0,0,1,Female,2,Hispanic
1999633161.0,12,Florida,22413989,12111,St. Lucie,360720.0,2.78429817717566,,2,5,1,2.0,1,1,1,1,1,0,1,Female,4,White
2039473685.0,12,Florida,22413989,12089,Nassau,97898.0,1.18498647686202,,2,3,1,2.0,1,1,1,1,0,1,1,Female,3,White
2017106343.0,12,Florida,22413989,12117,Seminole,480635.0,2.24770590788068,0.7203074153,2,5,3,1.0,0,1,1,1,1,0,0,Female,4,Hispanic
2001876113.0,12,Florida,22413989,12099,Palm Beach,1533130.0,0.784107078710957,0.4788797223,2,3,1,2.0,1,1,1,1,1,1,1,Female,3,White
2007265541.0,12,Florida,22413989,12033,Escambia,325075.0,1.53349264616223,1.6331874269000002,2,5,1,2.0,1,0,0,0,0,1,0,Female,4,White
2030371501.0,12,Florida,22413989,12057,Hillsborough,1525239.0,1.17927368863448,0.9801327965,2,3,1,2.0,0,0,1,1,0,1,0,Female,3,White
1996907287.0,12,Florida,22413989,12095,Orange,1467069.0,1.6616429644048,1.5794299923,1,5,1,2.0,0,0,0,0,0,1,0,Male,4,White
2013159457.0,12,Florida,22413989,12101,Pasco,610396.0,4.07332591529514,,2,1,1,2.0,0,0,0,0,0,0,0,Female,1,White
2002145059.0,12,Florida,22413989,12071,Lee,828059.0,0.860486012102044,0.938372024,2,2,1,2.0,1,1,1,1,1,1,1,Female,2,White
2014939967.0,12,Florida,22413989,12009,Brevard,631833.0,9.38262444620931,,2,1,1,1.0,0,1,1,1,1,1,1,Female,1,Hispanic
2015018309.0,12,Florida,22413989,12071,Lee,828059.0,0.668475112846199,0.6425739734,1,2,1,2.0,0,0,0,0,0,1,0,Male,2,White
2018979353.0,12,Florida,22413989,12101,Pasco,610396.0,1.83096573380947,,2,2,1,2.0,0,0,0,0,0,1,0,Female,2,White
2011076597.0,12,Florida,22413989,12099,Palm Beach,1533130.0,1.2369116058989,1.1006510591,2,4,1,2.0,1,1,1,0,0,1,1,Female,3,White
1995713757.0,12,Florida,22413989,12061,Indian River,167650.0,1.05232151724845,0.9805992566,1,5,1,2.0,0,0,0,0,0,1,0,Male,4,White
2014946595.0,12,Florida,22413989,12095,Orange,1467069.0,1.09220824924941,1.2552792244,2,1,2,2.0,1,1,1,1,1,1,1,Female,1,Black
2029381673.0,12,Florida,22413989,12011,Broward,1966353.0,1.88475343563315,,2,3,3,,1,1,1,1,1,1,1,Female,3,Hispanic
1999459061.0,12,Florida,22413989,12057,Hillsborough,1525239.0,1.47415062886447,,1,5,1,2.0,1,0,0,0,0,1,0,Male,4,White
1993289691.0,12,Florida,22413989,12009,Brevard,631833.0,1.24849631346164,1.2328560622,1,5,1,2.0,0,0,0,0,0,1,0,Male,4,White
2012128571.0,12,Florida,22413989,12053,Hernando,207033.0,0.174281667300243,0.9813906155,1,2,1,2.0,1,1,1,1,1,1,1,Male,2,White
2015817985.0,12,Florida,22413989,12031,Duval,1022751.0,0.789512347516067,0.8313964389,2,5,1,2.0,1,1,1,1,1,0,1,Female,4,White
2014844977.0,12,Florida,22413989,12021,Collier,401486.0,0.740581719549154,0.8127523271,2,6,3,1.0,0,1,0,0,0,1,0,Female,4,Hispanic
2036914971.0,12,Florida,22413989,12086,Miami-Dade,2733972.0,0.948562264400078,,1,6,3,1.0,1,1,1,1,1,1,1,Male,4,Hispanic
2014931533.0,12,Florida,22413989,12095,Orange,1467069.0,1.12961810337612,,2,2,2,2.0,1,1,0,0,0,1,1,Female,2,Black
2020121017.0,12,Florida,22413989,12031,Duval,1022751.0,2.16869485104594,,2,2,2,2.0,1,1,1,1,0,0,0,Female,2,Black
2024322165.0,12,Florida,22413989,12095,Orange,1467069.0,5.21925044263037,,1,1,1,2.0,1,1,1,1,1,0,1,Male,1,White
1992264511.0,12,Florida,22413989,12103,Pinellas,964496.0,2.7412189120335,0.5319938201000001,2,5,1,2.0,0,0,1,1,1,1,0,Female,4,White
2018888437.0,12,Florida,22413989,12101,Pasco,610396.0,2.07935341046435,,2,2,1,2.0,1,1,1,0,1,0,0,Female,2,White
2012858719.0,12,Florida,22413989,12073,Leon,297935.0,0.818132227279381,0.922114481,2,6,1,2.0,1,1,1,1,1,0,1,Female,4,White
2015184527.0,12,Florida,22413989,12031,Duval,1022751.0,1.28338764512142,,2,3,2,2.0,1,1,1,1,1,0,1,Female,3,Black
1999041067.0,12,Florida,22413989,12103,Pinellas,964496.0,0.379125240950877,0.3011266141,1,2,1,2.0,0,1,1,1,0,1,1,Male,2,White
2035429847.0,12,Florida,22413989,12117,Seminole,480635.0,2.05977736365956,,2,6,2,2.0,1,1,1,1,1,1,1,Female,4,Black
2042330829.0,12,Florida,22413989,12099,Palm Beach,1533130.0,0.62828668788508,0.5955974256000001,1,4,1,2.0,1,1,0,0,1,1,0,Male,3,White
1993676293.0,12,Florida,22413989,12009,Brevard,631833.0,1.05180068575639,0.9548317584,2,5,1,2.0,0,0,0,0,0,0,0,Female,4,White
2021662473.0,12,Florida,22413989,12086,Miami-Dade,2733972.0,0.328949027983298,,1,3,3,1.0,1,1,0,0,0,1,0,Male,3,Hispanic
2034712191.0,12,Florida,22413989,12083,Marion,397075.0,7.22239390437484,,2,1,1,1.0,1,1,1,1,1,1,1,Female,1,Hispanic
2011907487.0,12,Florida,22413989,12071,Lee,828059.0,0.136783640598978,0.2358621401,1,2,1,2.0,0,0,0,0,0,1,0,Male,2,White
2036028779.0,12,Florida,22413989,12086,Miami-Dade,2733972.0,0.651255833681642,0.8760664319,2,5,3,,1,1,1,1,1,1,1,Female,4,Hispanic
2028892731.0,12,Florida,22413989,12099,Palm Beach,1533130.0,1.72745204463605,1.3152049225,2,3,2,2.0,1,1,1,1,1,1,1,Female,3,Black
2041057255.0,12,Florida,22413989,12021,Collier,401486.0,1.41857287791801,1.5432205461,2,4,3,1.0,0,0,1,0,1,1,0,Female,3,Hispanic
2044392711.0,12,Florida,22413989,12081,Manatee,431190.0,0.26991432357529,,1,3,1,2.0,0,0,0,0,1,1,0,Male,3,White
2015876139.0,12,Florida,22413989,12086,Miami-Dade,2733972.0,1.43075470874595,1.2498002735,1,5,1,2.0,1,1,1,1,1,1,1,Male,4,White
2021183363.0,12,Florida,22413989,12095,Orange,1467069.0,0.895826120843514,,2,5,2,2.0,1,1,1,1,0,1,1,Female,4,Black
2003809573.0,12,Florida,22413989,12086,Miami-Dade,2733972.0,1.68884206767016,0.5622505384,2,5,3,1.0,1,1,1,1,0,0,1,Female,4,Hispanic
2013599225.0,12,Florida,22413989,12033,Escambia,325075.0,1.49198661790711,0.3518461419,1,3,1,2.0,1,1,1,1,1,0,1,Male,3,White
2043179615.0,12,Florida,22413989,12103,Pinellas,964496.0,0.864869691854396,0.9340614794,2,6,1,2.0,1,1,1,0,0,0,1,Female,4,White
1993419069.0,12,Florida,22413989,12099,Palm Beach,1533130.0,1.68764915586002,0.8114454337,2,4,1,2.0,0,1,0,0,1,0,0,Female,3,White
2016577371.0,12,Florida,22413989,12057,Hillsborough,1525239.0,1.38356337642357,,1,3,1,2.0,1,0,0,1,0,1,0,Male,3,White
2038246401.0,12,Florida,22413989,12021,Collier,401486.0,0.486460151737087,0.4072976306,2,3,1,2.0,1,1,1,1,1,0,1,Female,3,White
2014290491.0,12,Florida,22413989,12071,Lee,828059.0,1.53637290966373,2.5725678504,2,4,1,1.0,1,1,1,1,1,1,1,Female,3,Hispanic
2016972367.0,12,Florida,22413989,12057,Hillsborough,1525239.0,2.62568060796064,,1,6,2,2.0,1,1,1,1,1,0,1,Male,4,Black
2044126553.0,12,Florida,22413989,12001,Alachua,284908.0,0.838727162212453,,2,6,2,2.0,1,1,1,1,1,0,1,Female,4,Black
1999921857.0,12,Florida,22413989,12086,Miami-Dade,2733972.0,0.392534402012918,0.2750516143,1,3,1,1.0,0,0,0,0,0,1,0,Male,3,Hispanic
1996713253.0,12,Florida,22413989,12035,Flagler,126994.0,1.6616429644048,1.5794299923,1,5,1,2.0,0,1,0,0,1,1,0,Male,4,White
2042656857.0,12,Florida,22413989,12055,Highlands,105981.0,1.33769446388761,14.0534003553,2,1,3,,1,1,1,1,1,1,1,Female,1,Hispanic
2012728967.0,12,Florida,22413989,12031,Duval,1022751.0,1.22331192451749,2.7721626411,1,2,1,2.0,0,0,0,0,0,1,0,Male,2,White
2018443765.0,12,Florida,22413989,12103,Pinellas,964496.0,2.2910495452317,,2,5,3,,0,0,0,0,0,1,0,Female,4,Hispanic
1998948663.0,12,Florida,22413989,12005,Bay,186079.0,2.35924265877496,2.6908880662,1,6,1,2.0,1,0,0,0,1,1,0,Male,4,White
2012488463.0,12,Florida,22413989,12117,Seminole,480635.0,1.24849631346164,1.2328560622,1,5,1,2.0,0,0,0,0,0,0,1,Male,4,White
2042331793.0,12,Florida,22413989,12117,Seminole,480635.0,0.33716042645657,0.1608712607,1,5,1,1.0,1,1,1,1,1,0,1,Male,4,Hispanic
2018412621.0,12,Florida,22413989,12057,Hillsborough,1525239.0,1.12961272196993,,2,2,1,1.0,1,1,1,0,1,0,1,Female,2,Hispanic
2012595115.0,12,Florida,22413989,12039,Gadsden,43396.0,1.38698232668567,0.5342120996,2,2,2,2.0,1,1,1,1,1,0,1,Female,2,Black
2018366549.0,12,Florida,22413989,12111,St. Lucie,360720.0,1.50342612445119,2.1244671393,2,2,2,2.0,1,1,0,0,1,1,1,Female,2,Black
2014726923.0,12,Florida,22413989,12127,Volusia,580529.0,3.73152087390917,3.6317700401,2,5,4,2.0,0,0,0,0,1,1,0,Female,4,Other
2012988877.0,12,Florida,22413989,12081,Manatee,431190.0,0.743650653906792,0.4556196465,1,3,5,2.0,0,0,0,0,0,1,0,Male,3,Other
2039001175.0,12,Florida,22413989,12103,Pinellas,964496.0,0.890354474189992,0.9177864641,2,3,1,2.0,1,1,1,0,1,1,1,Female,3,White
2015150029.0,12,Florida,22413989,12015,Charlotte,203116.0,1.6178363897031,1.3486005118,1,6,1,2.0,0,0,0,0,0,1,0,Male,4,White
2043493341.0,12,Florida,22413989,12073,Leon,297935.0,2.62864208719843,,2,3,6,1.0,0,1,0,0,0,0,0,Female,3,Hispanic
2010410279.0,12,Florida,22413989,12057,Hillsborough,1525239.0,0.299452450237624,,1,2,5,2.0,0,0,1,0,1,0,1,Male,2,Other
2011259047.0,12,Florida,22413989,12057,Hillsborough,1525239.0,1.24849631346164,1.2328560622,1,5,1,2.0,1,0,0,0,1,1,0,Male,4,White
1995671643.0,12,Florida,22413989,12071,Lee,828059.0,0.935018912948957,1.0802404995,2,2,1,2.0,0,0,0,0,0,1,0,Female,2,White
2015122681.0,12,Florida,22413989,12057,Hillsborough,1525239.0,0.929369072131486,0.8591354712,2,4,1,2.0,0,0,0,0,1,1,0,Female,3,White
2011235065.0,12,Florida,22413989,12071,Lee,828059.0,1.61878659412824,1.7378313105,2,3,1,2.0,0,0,0,0,0,1,0,Female,3,White
2031023361.0,12,Florida,22413989,12119,Sumter,144829.0,3.29516666271703,,2,2,1,2.0,1,0,1,0,1,1,0,Female,2,White
2010238901.0,12,Florida,22413989,12101,Pasco,610396.0,0.486460151737087,0.4072976306,2,3,1,2.0,1,1,0,0,1,0,1,Female,3,White
2011824721.0,12,Florida,22413989,12127,Volusia,580529.0,4.35243769862896,6.6475086315,2,4,1,2.0,1,1,0,0,1,1,0,Female,3,White
2014402035.0,12,Florida,22413989,12117,Seminole,480635.0,1.39985772532836,1.3749791809,2,5,1,2.0,1,0,1,1,0,1,1,Female,4,White
2010746527.0,12,Florida,22413989,12033,Escambia,325075.0,0.929369072131486,0.8591354712,2,3,1,2.0,1,1,1,0,1,1,1,Female,3,White
2033078387.0,12,Florida,22413989,12113,Santa Rosa,198429.0,1.29964364375864,,2,2,1,2.0,0,1,0,1,0,1,0,Female,2,White
2016460147.0,12,Florida,22413989,12083,Marion,397075.0,1.05232151724845,0.9805992566,1,5,1,2.0,1,1,1,1,0,1,1,Male,4,White
2013495201.0,12,Florida,22413989,12031,Duval,1022751.0,8.39567670502194,10.2855035659,1,1,2,2.0,1,1,1,1,1,0,1,Male,1,Black
2039168413.0,12,Florida,22413989,12033,Escambia,325075.0,0.836196425489496,0.7630286017,1,3,1,2.0,0,0,0,0,1,1,0,Male,3,White
2021780153.0,12,Florida,22413989,12033,Escambia,325075.0,0.552376052166618,0.4909802986,2,4,1,2.0,1,1,0,1,1,0,1,Female,3,White
2011365567.0,12,Florida,22413989,12083,Marion,397075.0,0.758341709317077,0.9427609579,1,3,1,2.0,1,1,1,1,0,1,1,Male,3,White
2032003537.0,12,Florida,22413989,12009,Brevard,631833.0,2.05364167784749,1.5869211325,1,1,1,2.0,1,0,0,0,0,1,1,Male,1,White
2012915833.0,12,Florida,22413989,12099,Palm Beach,1533130.0,0.62828668788508,0.5955974256000001,1,3,1,2.0,0,0,0,0,0,1,0,Male,3,White
1995126721.0,12,Florida,22413989,12099,Palm Beach,1533130.0,0.62514401208959,0.5205192056,2,5,1,2.0,1,1,1,1,1,0,1,Female,4,White
2017571765.0,12,Florida,22413989,12057,Hillsborough,1525239.0,4.08183820701385,0.3656625157,1,6,4,2.0,1,1,1,1,1,0,1,Male,4,Other
2000445729.0,12,Florida,22413989,12103,Pinellas,964496.0,0.929369072131486,0.8591354712,2,3,1,2.0,0,1,1,1,1,1,1,Female,3,White
2012001919.0,12,Florida,22413989,12037,Franklin,12471.0,2.42213578226922,0.3815772116,2,3,1,2.0,0,0,0,0,0,0,0,Female,3,White
2034606453.0,12,Florida,22413989,12009,Brevard,631833.0,9.91927411127684,,1,1,1,1.0,1,1,1,1,1,1,1,Male,1,Hispanic
1999926969.0,12,Florida,22413989,12111,St. Lucie,360720.0,1.2369116058989,1.1006510591,2,4,1,2.0,0,0,0,0,1,1,0,Female,3,White
2036933393.0,12,Florida,22413989,12103,Pinellas,964496.0,2.41332049930337,5.0474012795,2,3,4,2.0,1,1,1,1,1,1,1,Female,3,Other
2042328829.0,12,Florida,22413989,12081,Manatee,431190.0,2.02065793598686,,1,3,1,2.0,1,1,0,1,1,1,1,Male,3,White
2026413739.0,12,Florida,22413989,12057,Hillsborough,1525239.0,0.55573406876057,0.5737153944,2,2,1,2.0,1,1,1,1,1,0,1,Female,2,White
2032667727.0,12,Florida,22413989,12059,Holmes,19632.0,1.31909786229323,1.7393270451,1,3,1,2.0,0,0,1,1,0,1,0,Male,3,White
2032859195.0,12,Florida,22413989,12083,Marion,397075.0,1.31892940125765,,2,1,1,2.0,1,1,1,1,1,1,1,Female,1,White
2045256733.0,12,Florida,22413989,12131,Walton,83240.0,1.21629564132881,1.3564994186,2,4,1,2.0,0,0,0,0,0,1,0,Female,3,White
2014491083.0,12,Florida,22413989,12011,Broward,1966353.0,0.776010687555855,0.7228416993,2,2,3,,1,1,1,0,1,1,1,Female,2,Hispanic
2008018023.0,12,Florida,22413989,12061,Indian River,167650.0,2.03879716620634,2.6764211992,1,6,1,2.0,0,0,0,0,0,0,0,Male,4,White
2019416243.0,12,Florida,22413989,12083,Marion,397075.0,0.973971697584379,,1,2,6,2.0,0,0,0,0,1,1,0,Male,2,Other
2018856939.0,12,Florida,22413989,12101,Pasco,610396.0,6.5582474527158,,2,2,1,2.0,1,1,1,1,1,1,1,Female,2,White
2010116153.0,12,Florida,22413989,12115,Sarasota,464297.0,1.17927368863448,0.9801327965,2,4,1,2.0,1,1,1,1,1,1,1,Female,3,White
2026742379.0,12,Florida,22413989,12095,Orange,1467069.0,0.700406358372584,,1,5,3,1.0,1,1,1,1,1,1,1,Male,4,Hispanic
1993288691.0,12,Florida,22413989,12103,Pinellas,964496.0,1.05232151724845,0.9805992566,1,5,1,2.0,0,1,0,1,0,1,0,Male,4,White
2042038797.0,12,Florida,22413989,12103,Pinellas,964496.0,1.00035126843205,,2,6,1,2.0,1,1,1,1,1,0,1,Female,4,White
2012650841.0,12,Florida,22413989,12021,Collier,401486.0,0.890354474189992,1.2043319015,2,4,1,2.0,1,0,1,0,1,1,0,Female,3,White
1996038721.0,12,Florida,22413989,12105,Polk,790796.0,0.929369072131486,0.8591354712,2,4,1,2.0,0,0,1,0,1,1,0,Female,3,White
1999485029.0,12,Florida,22413989,12115,Sarasota,464297.0,0.929369072131486,0.8591354712,2,3,1,2.0,0,0,0,0,0,1,0,Female,3,White
2012059917.0,12,Florida,22413989,12086,Miami-Dade,2733972.0,1.4053618221673,1.3557317806,2,6,3,1.0,1,1,1,1,1,0,1,Female,4,Hispanic
2012543537.0,12,Florida,22413989,12101,Pasco,610396.0,0.929369072131486,0.8591354712,2,4,1,2.0,0,0,0,0,0,0,0,Female,3,White
1994373571.0,12,Florida,22413989,12053,Hernando,207033.0,1.83096573380947,,2,2,1,2.0,0,0,0,0,1,1,0,Female,2,White
2010662169.0,12,Florida,22413989,12011,Broward,1966353.0,0.465826902701503,0.4907779699,2,5,7,2.0,0,1,0,0,1,1,1,Female,4,Other
2014273129.0,12,Florida,22413989,12097,Osceola,427887.0,0.886062098996003,0.7650625009,2,3,1,2.0,0,0,1,1,1,1,0,Female,3,White
2015023797.0,12,Florida,22413989,12057,Hillsborough,1525239.0,1.87041768491305,1.7368478782,2,6,3,2.0,1,1,1,1,1,1,1,Female,4,Hispanic
2014523965.0,12,Florida,22413989,12073,Leon,297935.0,3.65567339698933,,1,2,2,2.0,0,1,0,1,1,0,1,Male,2,Black
2014221983.0,12,Florida,22413989,12119,Sumter,144829.0,4.58734921449413,,1,1,2,2.0,0,1,1,1,0,1,1,Male,1,Black
1998893669.0,12,Florida,22413989,12011,Broward,1966353.0,0.577738835163957,0.43231595,1,5,1,2.0,1,1,1,1,1,1,1,Male,4,White
1995132851.0,12,Florida,22413989,12109,St. Johns,307645.0,1.68264580906981,1.6080873278,1,6,1,2.0,1,0,0,0,0,1,0,Male,4,White
2011026619.0,12,Florida,22413989,12103,Pinellas,964496.0,0.860486012102044,,2,2,1,2.0,0,0,0,0,0,1,0,Female,2,White
2030953115.0,12,Florida,22413989,12053,Hernando,207033.0,0.486460151737087,0.4072976306,2,3,1,2.0,1,1,1,1,1,1,1,Female,3,White
2043493009.0,12,Florida,22413989,12099,Palm Beach,1533130.0,1.47009889208962,0.9049625866,2,5,3,1.0,1,1,1,1,1,0,1,Female,4,Hispanic
2039664901.0,12,Florida,22413989,12057,Hillsborough,1525239.0,2.5154992423354,3.2748449635,2,4,1,2.0,1,1,1,1,1,0,1,Female,3,White
2018614263.0,12,Florida,22413989,12071,Lee,828059.0,6.15370206461158,,1,1,1,2.0,0,1,1,1,1,0,0,Male,1,White
2020386509.0,12,Florida,22413989,12086,Miami-Dade,2733972.0,1.68884206767016,,2,5,3,1.0,1,1,1,1,1,0,1,Female,4,Hispanic
2012971581.0,12,Florida,22413989,12095,Orange,1467069.0,0.980389427583726,0.7528641137000001,2,3,2,2.0,1,1,1,0,0,0,0,Female,3,Black
2035488059.0,12,Florida,22413989,12057,Hillsborough,1525239.0,0.89390967680449,,1,2,1,2.0,0,1,1,1,1,0,0,Male,2,White
2035066775.0,12,Florida,22413989,12086,Miami-Dade,2733972.0,3.31228506213527,,1,5,1,2.0,1,1,1,1,1,1,1,Male,4,White
2036916935.0,12,Florida,22413989,12127,Volusia,580529.0,0.581201573120948,,2,1,1,2.0,1,1,1,1,1,0,0,Female,1,White
2040051301.0,12,Florida,22413989,12109,St. Johns,307645.0,0.742348100894739,1.3217535898,2,6,3,1.0,1,1,0,1,0,1,0,Female,4,Hispanic
2013670445.0,46,South Dakota,909156,46029,Codington,28756.0,6.80299653919226,1.9020144047,2,3,1,2.0,1,1,1,1,1,1,1,Female,3,White
2036863947.0,46,South Dakota,909156,46099,Minnehaha,203516.0,12.7773338705606,,1,2,1,2.0,0,1,1,1,1,0,0,Male,2,White
2012651529.0,46,South Dakota,909156,46103,Pennington,114307.0,0.685348440688457,0.7721041832000001,2,2,1,2.0,0,0,0,0,1,1,0,Female,2,White
2042329807.0,46,South Dakota,909156,46103,Pennington,114307.0,1.54006942280743,1.0483146601,1,5,1,2.0,0,0,0,0,0,1,0,Male,4,White
1998821119.0,46,South Dakota,909156,46083,Lincoln,70957.0,0.419014773325427,0.4301319052,2,5,1,2.0,1,1,1,1,1,0,1,Female,4,White
2045756059.0,46,South Dakota,909156,46099,Minnehaha,203516.0,3.74880122296958,,2,1,5,2.0,0,0,0,0,0,0,0,Female,1,Other
1998223551.0,46,South Dakota,909156,46057,Hamlin,6413.0,1.24563371284671,0.9000238994,2,3,1,2.0,0,0,0,0,1,1,0,Female,3,White
2020322521.0,46,South Dakota,909156,46103,Pennington,114307.0,2.59469009275923,0.2965499336,2,2,1,2.0,1,1,1,0,1,1,1,Female,2,White
1992961285.0,47,Tennessee,7063325,47109,McNairy,25968.0,1.00211424488634,1.0696234054,1,4,1,2.0,1,0,0,0,1,1,0,Male,3,White
2034500605.0,47,Tennessee,7063325,47113,Madison,99283.0,0.428409579934681,,1,1,2,2.0,1,1,1,1,1,1,1,Male,1,Black
2032355153.0,47,Tennessee,7063325,47029,Cocke,36804.0,3.50503897678598,,2,5,1,2.0,0,0,0,0,1,1,0,Female,4,White
2024055503.0,47,Tennessee,7063325,47053,Gibson,50891.0,2.32616102819587,,1,2,2,2.0,1,1,1,1,1,1,1,Male,2,Black
2038669567.0,47,Tennessee,7063325,47029,Cocke,36804.0,0.456576154146306,,1,2,1,2.0,1,1,1,1,1,0,1,Male,2,White
1998553969.0,47,Tennessee,7063325,47009,Blount,139838.0,1.7662484267012,0.3212794247,2,2,1,2.0,1,0,0,0,0,0,0,Female,2,White
2012580205.0,47,Tennessee,7063325,47043,Dickson,55777.0,0.735584831724202,0.7716242641000001,2,3,1,2.0,0,1,1,0,1,0,0,Female,3,White
2015423073.0,47,Tennessee,7063325,47093,Knox,495827.0,0.979613564552148,0.9795140593,2,5,1,2.0,1,1,1,1,1,1,1,Female,4,White
1995068569.0,47,Tennessee,7063325,47037,Davidson,712156.0,1.44837201348271,1.5274413414,1,5,1,2.0,1,1,1,1,1,1,1,Male,4,White
2016967315.0,47,Tennessee,7063325,47185,White,28016.0,1.59444239043215,1.1489337615,1,6,1,2.0,0,0,0,0,1,1,0,Male,4,White
2012207833.0,47,Tennessee,7063325,47187,Williamson,261335.0,1.63788970446066,2.0777351134,2,5,1,2.0,0,0,0,0,1,1,0,Female,4,White
2015055869.0,47,Tennessee,7063325,47089,Jefferson,56695.0,0.408089993429013,0.3433545445,2,3,1,2.0,1,1,1,1,1,0,1,Female,3,White
2013171281.0,47,Tennessee,7063325,47039,Decatur,11527.0,1.56534681192378,,2,4,1,2.0,1,1,1,1,1,0,1,Female,3,White
2036932465.0,47,Tennessee,7063325,47157,Shelby,919092.0,2.66858378512915,,2,2,4,2.0,0,1,1,1,1,1,1,Female,2,Other
2011476723.0,47,Tennessee,7063325,47011,Bradley,110790.0,6.35893747798944,11.017150217,2,1,1,2.0,1,1,0,0,1,0,0,Female,1,White
2039707355.0,47,Tennessee,7063325,47171,Unicoi,17607.0,1.68583156426546,1.2654023811,2,6,1,2.0,0,0,0,0,0,1,0,Female,4,White
2013849901.0,47,Tennessee,7063325,47065,Hamilton,375738.0,15.0614388091749,12.7415012277,1,1,2,2.0,1,1,1,1,1,1,1,Male,1,Black
2018963683.0,47,Tennessee,7063325,47015,Cannon,14781.0,2.50954638433694,,2,2,1,2.0,1,1,1,1,1,1,0,Female,2,White
2014610207.0,47,Tennessee,7063325,47035,Cumberland,63524.0,0.269489145187801,0.5114271704,2,3,1,2.0,0,0,0,0,0,1,0,Female,3,White
2012036971.0,47,Tennessee,7063325,47157,Shelby,919092.0,9.25595886720728,,1,1,1,2.0,0,0,0,0,0,1,0,Male,1,White
2002103505.0,47,Tennessee,7063325,47093,Knox,495827.0,1.59444239043215,1.2884859651,1,6,1,2.0,0,0,0,0,1,1,0,Male,4,White
2014130329.0,47,Tennessee,7063325,47105,Loudon,58286.0,0.936863599242917,0.7506781791,2,2,1,2.0,1,1,1,0,1,0,1,Female,2,White
2021916589.0,47,Tennessee,7063325,47113,Madison,99283.0,0.461559423392421,0.3753342255,1,6,1,2.0,1,1,1,1,1,0,1,Male,4,White
2015291641.0,47,Tennessee,7063325,47183,Weakley,33052.0,0.645901052046825,,2,6,1,2.0,0,0,0,0,1,1,0,Female,4,White
2036801529.0,47,Tennessee,7063325,47057,Grainger,24208.0,2.61144837047664,,1,3,1,2.0,0,0,0,1,1,1,0,Male,3,White
2042356123.0,47,Tennessee,7063325,47121,Meigs,13268.0,8.18926349255484,,1,1,1,2.0,1,1,0,1,0,1,0,Male,1,White
2034580627.0,47,Tennessee,7063325,47117,Marshall,35857.0,0.879969500471141,,1,2,1,2.0,1,0,0,0,1,1,0,Male,2,White
2043659549.0,47,Tennessee,7063325,47177,Warren,41978.0,1.64025376764536,1.5171298626,2,2,1,2.0,0,1,1,1,0,1,1,Female,2,White
2037826449.0,47,Tennessee,7063325,47157,Shelby,919092.0,1.00211424488634,1.0696234054,1,3,1,2.0,0,0,0,0,0,1,0,Male,3,White
2000451485.0,47,Tennessee,7063325,47157,Shelby,919092.0,2.97671183551142,,1,2,2,2.0,0,1,1,0,1,0,0,Male,2,Black
2020093129.0,47,Tennessee,7063325,47001,Anderson,79042.0,3.42642335940867,,1,2,1,2.0,1,0,0,0,0,0,1,Male,2,White
2008636217.0,47,Tennessee,7063325,47093,Knox,495827.0,1.77563305294224,1.663443237,1,3,1,2.0,1,1,1,1,1,0,1,Male,3,White
2036171765.0,47,Tennessee,7063325,47141,Putnam,82590.0,2.61144837047664,,1,3,1,2.0,1,1,1,1,1,1,1,Male,3,White
2022955621.0,47,Tennessee,7063325,47143,Rhea,33999.0,0.238097160612718,,1,3,2,2.0,0,1,1,1,0,0,0,Male,3,Black
2012148747.0,47,Tennessee,7063325,47157,Shelby,919092.0,4.90201819860113,2.1166240041,2,6,2,2.0,1,1,1,1,1,0,1,Female,4,Black
2042181369.0,47,Tennessee,7063325,47113,Madison,99283.0,3.58110976354215,,2,3,1,2.0,0,0,1,0,1,1,0,Female,3,White
1998400213.0,47,Tennessee,7063325,47109,McNairy,25968.0,2.95310835724022,3.4599132595,1,3,1,2.0,0,0,0,0,0,1,0,Male,3,White
2021000547.0,47,Tennessee,7063325,47167,Tipton,61606.0,0.866335164030367,1.203482038,1,5,1,2.0,0,0,0,1,1,1,0,Male,4,White
2029398785.0,47,Tennessee,7063325,47023,Chester,17577.0,2.37173754066134,2.1957491323,2,6,1,2.0,1,0,0,0,1,1,0,Female,4,White
1995905999.0,47,Tennessee,7063325,47045,Dyer,36415.0,6.37761142913957,1.7893337205000002,2,5,1,2.0,1,1,0,0,1,1,1,Female,4,White
2023174101.0,47,Tennessee,7063325,47157,Shelby,919092.0,6.1579190824197,,2,2,2,2.0,1,1,0,1,1,1,1,Female,2,Black
2036028375.0,47,Tennessee,7063325,47141,Putnam,82590.0,3.42642335940867,,1,2,1,2.0,0,1,1,0,0,1,0,Male,2,White
1996444273.0,47,Tennessee,7063325,47073,Hawkins,57919.0,2.50954638433694,,2,2,1,2.0,1,1,0,1,0,0,1,Female,2,White
2018762365.0,47,Tennessee,7063325,47113,Madison,99283.0,10.8992168573823,,1,1,1,2.0,1,1,1,0,0,1,1,Male,1,White
2012060295.0,47,Tennessee,7063325,47093,Knox,495827.0,0.783235870107957,0.5244832094,2,6,1,2.0,1,1,1,1,1,0,1,Female,4,White
2029574521.0,47,Tennessee,7063325,47147,Robertson,75402.0,2.07289803663123,2.6655837039,1,2,1,2.0,1,1,1,1,1,0,1,Male,2,White
1999063281.0,47,Tennessee,7063325,47175,Van Buren,6457.0,1.10572635257743,1.0578723003,2,5,1,2.0,0,0,1,0,1,1,0,Female,4,White
2042329275.0,47,Tennessee,7063325,47105,Loudon,58286.0,0.772374810564319,0.7479010896,1,5,1,2.0,0,0,0,0,1,1,0,Male,4,White
2038763541.0,47,Tennessee,7063325,47113,Madison,99283.0,3.39002344963444,,1,2,1,2.0,1,1,1,1,1,1,0,Male,2,White
2009138767.0,47,Tennessee,7063325,47163,Sullivan,160899.0,0.979001176998639,0.9885391676,2,3,1,2.0,0,0,0,0,1,1,0,Female,3,White
2022822721.0,47,Tennessee,7063325,47157,Shelby,919092.0,3.56615986034627,,2,2,2,2.0,0,1,1,1,1,1,1,Female,2,Black
2031457859.0,47,Tennessee,7063325,47093,Knox,495827.0,1.94905337870747,,1,5,6,1.0,0,0,1,1,1,1,0,Male,4,Hispanic
2014563723.0,47,Tennessee,7063325,47005,Benton,15982.0,2.17989262326463,2.6618169426,2,5,1,2.0,0,0,0,0,1,1,0,Female,4,White
2002533701.0,47,Tennessee,7063325,47045,Dyer,36415.0,1.4185242510908,1.1332431065,2,6,1,2.0,1,1,1,1,1,0,1,Female,4,White
1998626035.0,47,Tennessee,7063325,47149,Rutherford,362373.0,1.19800431809041,0.8968235122,1,6,1,2.0,0,0,0,0,0,1,0,Male,4,White
2045762551.0,47,Tennessee,7063325,47157,Shelby,919092.0,0.852084071295182,1.8792216946,1,6,2,2.0,1,1,1,1,1,1,1,Male,4,Black
2016788329.0,47,Tennessee,7063325,47037,Davidson,712156.0,2.58291006386288,1.2560421376,2,3,1,2.0,0,1,0,0,1,1,0,Female,3,White
2039354433.0,47,Tennessee,7063325,47113,Madison,99283.0,1.40887590776588,0.6767294037,2,5,1,2.0,1,0,0,0,0,1,0,Female,4,White
2005712123.0,47,Tennessee,7063325,47053,Gibson,50891.0,13.744579520164,,1,2,2,2.0,1,1,1,1,1,1,1,Male,2,Black
2038246449.0,47,Tennessee,7063325,47077,Henderson,27912.0,1.59444239043215,1.1489337615,1,6,1,2.0,1,0,0,0,0,1,0,Male,4,White
1997919497.0,47,Tennessee,7063325,47165,Sumner,204002.0,2.50954638433694,,2,2,1,2.0,1,1,0,0,1,1,1,Female,2,White
1998772739.0,47,Tennessee,7063325,47125,Montgomery,235141.0,1.00586287085721,2.8515515174,2,4,1,2.0,1,0,0,0,1,1,0,Female,3,White
2041956917.0,47,Tennessee,7063325,47161,Stewart,14011.0,0.650931807665152,0.939402274,1,5,1,2.0,1,0,0,0,1,1,0,Male,4,White
2042328505.0,31,Nebraska,1972595,31153,Sarpy,196569.0,1.84812257132488,0.9968715685,2,6,1,2.0,0,0,0,0,0,1,0,Female,4,White
2011550297.0,31,Nebraska,1972595,31055,Douglas,587963.0,3.86271632254123,,2,2,1,2.0,1,1,1,0,1,1,1,Female,2,White
2009710851.0,31,Nebraska,1972595,31055,Douglas,587963.0,10.1689207838558,2.0055379051,1,5,1,2.0,1,1,1,1,1,0,1,Male,4,White
2015313105.0,31,Nebraska,1972595,31055,Douglas,587963.0,1.86095163934888,0.8562991234,2,6,2,2.0,1,1,1,1,1,0,1,Female,4,Black
2013902995.0,31,Nebraska,1972595,31153,Sarpy,196569.0,1.26963085446305,0.7589691850000001,2,3,6,2.0,1,1,1,1,0,1,1,Female,3,Other
2008581695.0,31,Nebraska,1972595,31111,Lincoln,33629.0,1.60682092392376,0.5978110403,2,4,1,2.0,1,1,0,1,0,1,1,Female,3,White
2040051277.0,31,Nebraska,1972595,31033,Cheyenne,9504.0,1.08262611439343,,2,2,3,1.0,0,0,0,0,0,0,0,Female,2,Hispanic
2011105451.0,31,Nebraska,1972595,31025,Cass,27177.0,4.00480570043278,,1,1,1,2.0,0,0,0,0,0,1,0,Male,1,White
2033881409.0,31,Nebraska,1972595,31079,Hall,62555.0,0.687652229044501,0.718478119,2,6,1,2.0,0,0,0,0,0,1,0,Female,4,White
1995157543.0,31,Nebraska,1972595,31155,Saunders,23152.0,0.938154480345719,1.3539004184,2,6,1,2.0,0,0,0,0,0,1,0,Female,4,White
1993530345.0,31,Nebraska,1972595,31111,Lincoln,33629.0,0.984428693194053,1.2289410084,2,3,1,2.0,0,1,0,1,1,1,1,Female,3,White
2031517231.0,31,Nebraska,1972595,31153,Sarpy,196569.0,0.646350818353683,,1,3,1,2.0,1,1,1,1,1,0,1,Male,3,White
2031598437.0,31,Nebraska,1972595,31035,Clay,6050.0,4.84628455958489,,2,4,1,2.0,1,1,1,1,1,0,0,Female,3,White
1998037397.0,31,Nebraska,1972595,31079,Hall,62555.0,4.13444514899856,1.769694848,1,3,1,2.0,1,1,1,1,1,0,1,Male,3,White
2038026069.0,31,Nebraska,1972595,31055,Douglas,587963.0,0.42719757561129,1.1386478997,1,3,1,2.0,0,0,0,0,0,1,0,Male,3,White
2039948859.0,31,Nebraska,1972595,31055,Douglas,587963.0,0.376374279519905,0.5214133419,2,6,1,2.0,0,0,1,1,1,0,0,Female,4,White
1999109457.0,31,Nebraska,1972595,31047,Dawson,24082.0,1.46126881627946,1.6196253491,1,2,1,2.0,0,1,0,0,1,1,0,Male,2,White
2012937857.0,31,Nebraska,1972595,31141,Platte,34591.0,1.33062036152939,1.3961636365,2,3,1,2.0,1,0,0,1,1,0,0,Female,3,White
2014587249.0,04,Arizona,7370065,04003,Cochise,125418.0,0.445752499197728,0.6138823708000001,1,5,1,2.0,1,1,1,1,0,0,1,Male,4,White
2021272605.0,04,Arizona,7370065,04013,Maricopa,4559561.0,0.509405138223393,0.8581561854,2,2,1,2.0,1,1,1,1,1,1,1,Female,2,White
2013112455.0,04,Arizona,7370065,04025,Yavapai,246237.0,7.34120605868667,,2,3,1,2.0,0,1,0,0,0,1,0,Female,3,White
1998472103.0,04,Arizona,7370065,04013,Maricopa,4559561.0,0.590814345055278,0.5135473295,1,3,1,2.0,1,1,1,0,1,1,1,Male,3,White
2014014079.0,04,Arizona,7370065,04019,Pima,1058224.0,2.02659617531643,1.6271525925,2,1,1,2.0,0,0,0,0,0,1,0,Female,1,White
2011380053.0,04,Arizona,7370065,04015,Mohave,220791.0,3.95422732503831,,2,2,1,2.0,1,1,1,1,1,0,1,Female,2,White
2014635065.0,04,Arizona,7370065,04009,Graham,38784.0,7.64025246303675,,1,2,1,2.0,0,0,0,0,1,1,0,Male,2,White
2010435353.0,04,Arizona,7370065,04021,Pinal,465550.0,0.616232179553964,1.0507398513,2,4,7,2.0,1,1,1,1,1,0,1,Female,3,Other
2011682655.0,04,Arizona,7370065,04013,Maricopa,4559561.0,0.509405138223393,0.9163442825,2,2,1,2.0,0,0,0,0,0,1,0,Female,2,White
2029107471.0,04,Arizona,7370065,04021,Pinal,465550.0,0.704720432180144,,1,2,1,2.0,0,1,1,0,0,1,0,Male,2,White
2014946313.0,04,Arizona,7370065,04013,Maricopa,4559561.0,0.509405138223393,,2,2,1,2.0,1,1,0,0,0,1,0,Female,2,White
2013943777.0,04,Arizona,7370065,04019,Pima,1058224.0,0.445752499197728,0.6138823708000001,1,5,1,2.0,1,1,1,1,1,0,1,Male,4,White
2020784313.0,04,Arizona,7370065,04019,Pima,1058224.0,0.936799139010321,,2,2,1,2.0,1,1,1,0,0,0,1,Female,2,White
2034570571.0,04,Arizona,7370065,04001,Apache,65361.0,0.608224488433631,,2,4,1,2.0,1,1,1,1,1,0,1,Female,3,White
2013697393.0,04,Arizona,7370065,04015,Mohave,220791.0,1.32923278450232,1.1581134205,2,6,1,2.0,0,0,1,1,0,1,0,Female,4,White
2025824835.0,04,Arizona,7370065,04013,Maricopa,4559561.0,1.58306221908972,1.7171039612,1,5,8,2.0,1,1,1,1,0,1,1,Male,4,Other
2043935177.0,04,Arizona,7370065,04013,Maricopa,4559561.0,3.88066094855544,,1,1,2,1.0,0,1,1,1,1,0,1,Male,1,Black
2019951905.0,04,Arizona,7370065,04019,Pima,1058224.0,3.36941713288284,,1,1,1,1.0,1,1,1,1,0,1,0,Male,1,Hispanic
2039763987.0,04,Arizona,7370065,04027,Yuma,209117.0,0.389956489681218,2.3659565047,2,2,3,1.0,0,0,0,0,0,1,0,Female,2,Hispanic
2035597221.0,04,Arizona,7370065,04013,Maricopa,4559561.0,4.15800841364044,,2,3,1,2.0,1,1,0,1,1,1,1,Female,3,White
1997100431.0,04,Arizona,7370065,04013,Maricopa,4559561.0,1.98903659789733,1.4579868729,2,6,1,2.0,1,1,1,1,1,1,1,Female,4,White
2015231345.0,04,Arizona,7370065,04019,Pima,1058224.0,2.90367714090876,,2,5,1,2.0,0,0,0,0,0,0,0,Female,4,White
2033231035.0,04,Arizona,7370065,04019,Pima,1058224.0,15.0614388091749,,1,3,1,2.0,1,1,0,1,1,1,1,Male,3,White
2045077221.0,04,Arizona,7370065,04007,Gila,53902.0,0.889347136356771,,1,4,5,2.0,1,0,1,0,1,1,1,Male,3,Other
2015493515.0,04,Arizona,7370065,04013,Maricopa,4559561.0,3.96455520067683,,2,3,3,1.0,0,1,1,0,1,1,0,Female,3,Hispanic
1998538835.0,04,Arizona,7370065,04013,Maricopa,4559561.0,2.16626116084483,1.6641071461,1,3,4,2.0,1,1,1,1,0,0,1,Male,3,Other
2021085561.0,04,Arizona,7370065,04019,Pima,1058224.0,2.95707927079211,2.8406188506000003,1,6,1,2.0,1,1,1,1,1,0,1,Male,4,White
1999689527.0,04,Arizona,7370065,04019,Pima,1058224.0,0.454023326175262,0.5233452928,2,5,1,2.0,1,1,1,1,1,1,1,Female,4,White
2034658583.0,04,Arizona,7370065,04013,Maricopa,4559561.0,15.0614388091749,,1,3,1,2.0,1,0,0,0,0,0,0,Male,3,White
2018762971.0,04,Arizona,7370065,04013,Maricopa,4559561.0,3.12630175762855,1.9493458859,1,4,6,2.0,0,0,0,0,0,1,0,Male,3,Other
2034444065.0,04,Arizona,7370065,04019,Pima,1058224.0,11.6716290821079,,1,3,3,,1,1,1,1,1,0,1,Male,3,Hispanic
2038947717.0,04,Arizona,7370065,04013,Maricopa,4559561.0,2.84812568458546,5.5457286906,1,2,2,2.0,1,1,1,0,1,1,1,Male,2,Black
2029106807.0,04,Arizona,7370065,04013,Maricopa,4559561.0,3.64254675003407,,2,2,6,1.0,0,1,1,0,0,0,1,Female,2,Hispanic
2021837377.0,04,Arizona,7370065,04019,Pima,1058224.0,4.98723370022688,,1,3,1,2.0,1,1,1,1,1,0,1,Male,3,White
2034711983.0,04,Arizona,7370065,04013,Maricopa,4559561.0,0.39085308112782,,1,2,3,,1,1,1,1,0,0,1,Male,2,Hispanic
2038246415.0,04,Arizona,7370065,04013,Maricopa,4559561.0,1.24113882660986,1.0601626636,2,3,1,2.0,0,1,1,0,0,0,1,Female,3,White
1995238905.0,04,Arizona,7370065,04019,Pima,1058224.0,2.90367714090876,2.8974803490000003,2,5,1,2.0,1,1,1,1,1,1,1,Female,4,White
2019871719.0,04,Arizona,7370065,04013,Maricopa,4559561.0,1.43727080217723,1.2556535821,1,5,1,2.0,0,0,0,0,0,1,0,Male,4,White
2011202437.0,04,Arizona,7370065,04013,Maricopa,4559561.0,6.6495352382554,,1,5,1,2.0,0,0,0,0,0,1,0,Male,4,White
2037618467.0,04,Arizona,7370065,04013,Maricopa,4559561.0,1.29350593910767,1.1491521988,1,6,1,2.0,0,0,1,0,1,1,0,Male,4,White
2029617711.0,04,Arizona,7370065,04015,Mohave,220791.0,6.76810449644923,,2,2,1,2.0,1,1,1,1,1,1,1,Female,2,White
2015533203.0,04,Arizona,7370065,04013,Maricopa,4559561.0,7.49027332095308,,2,4,2,2.0,0,0,0,0,0,0,0,Female,3,Black
2010191177.0,04,Arizona,7370065,04013,Maricopa,4559561.0,2.46834210181791,1.9516901249,2,4,1,2.0,0,1,0,0,0,1,0,Female,3,White
2014383681.0,04,Arizona,7370065,04013,Maricopa,4559561.0,0.309671787324898,,2,2,3,,1,0,0,1,1,1,1,Female,2,Hispanic
2033303553.0,04,Arizona,7370065,04013,Maricopa,4559561.0,0.561180196161431,0.7991514809,2,3,3,,1,1,1,1,1,0,1,Female,3,Hispanic
2010265909.0,04,Arizona,7370065,04013,Maricopa,4559561.0,1.88685171518233,1.4431487977000002,2,2,7,2.0,0,1,1,1,0,1,1,Female,2,Other
2039694437.0,04,Arizona,7370065,04019,Pima,1058224.0,2.0587609426884,0.6455188612,2,6,2,2.0,1,1,1,1,1,0,1,Female,4,Black
2034765135.0,04,Arizona,7370065,04013,Maricopa,4559561.0,8.03718809733513,,1,2,3,,1,1,1,1,1,1,1,Male,2,Hispanic
2010563637.0,04,Arizona,7370065,04013,Maricopa,4559561.0,0.932545247511443,0.8275314342000001,2,3,1,2.0,0,0,0,1,1,1,0,Female,3,White
2012451885.0,04,Arizona,7370065,04013,Maricopa,4559561.0,7.03662700761548,,2,6,1,2.0,1,1,0,1,1,0,1,Female,4,White
2040052203.0,04,Arizona,7370065,04013,Maricopa,4559561.0,11.5542563783882,,1,2,3,,1,1,1,1,1,1,1,Male,2,Hispanic
2023327615.0,04,Arizona,7370065,04013,Maricopa,4559561.0,3.40647056946222,,2,5,4,2.0,1,1,0,1,1,0,1,Female,4,Other
2026759039.0,04,Arizona,7370065,04021,Pinal,465550.0,0.704720432180144,,1,2,1,2.0,0,0,0,0,0,1,0,Male,2,White
2013397089.0,04,Arizona,7370065,04025,Yavapai,246237.0,3.79037688758272,,1,4,1,2.0,1,1,1,1,1,1,1,Male,3,White
1995101929.0,04,Arizona,7370065,04013,Maricopa,4559561.0,0.425467371768308,,1,3,1,2.0,1,1,1,1,0,0,1,Male,3,White
2034526635.0,04,Arizona,7370065,04021,Pinal,465550.0,3.82840729722701,,2,2,1,1.0,1,1,1,1,0,1,1,Female,2,Hispanic
1994976409.0,04,Arizona,7370065,04013,Maricopa,4559561.0,0.608224488433631,0.6518540133,2,4,1,2.0,1,1,1,1,1,0,1,Female,3,White
1983767313.0,04,Arizona,7370065,04019,Pima,1058224.0,4.11021676396053,,1,2,1,2.0,0,0,0,0,0,1,0,Male,2,White
2043476451.0,04,Arizona,7370065,04013,Maricopa,4559561.0,1.35463157993099,1.2688709642,2,5,3,1.0,1,1,1,1,1,0,1,Female,4,Hispanic
2034503775.0,04,Arizona,7370065,04013,Maricopa,4559561.0,0.82404566617937,0.8415157975,2,4,1,2.0,1,1,1,1,1,0,1,Female,3,White
2016652859.0,04,Arizona,7370065,04013,Maricopa,4559561.0,2.43269173813814,1.1202402794,1,6,2,2.0,1,1,1,1,1,0,1,Male,4,Black
2012539115.0,04,Arizona,7370065,04015,Mohave,220791.0,2.66604130497065,,2,2,1,2.0,1,1,1,1,1,0,1,Female,2,White
2015860683.0,04,Arizona,7370065,04013,Maricopa,4559561.0,0.863858624447435,,1,4,3,,1,1,1,1,0,0,1,Male,3,Hispanic
2013488693.0,04,Arizona,7370065,04013,Maricopa,4559561.0,5.3201875676668,,2,2,6,2.0,1,1,1,1,1,0,1,Female,2,Other
2019440757.0,04,Arizona,7370065,04013,Maricopa,4559561.0,0.239409882392645,1.4738281849,2,2,3,,1,0,0,0,0,1,1,Female,2,Hispanic
2012523099.0,04,Arizona,7370065,04023,Santa Cruz,48600.0,1.66013214645135,2.0126625878,1,5,3,1.0,1,1,1,1,1,0,1,Male,4,Hispanic
2023470215.0,49,Utah,3393928,49035,Salt Lake,1194746.0,0.844663184533717,,2,2,1,2.0,1,1,1,1,1,1,1,Female,2,White
2038935113.0,49,Utah,3393928,49005,Cache,140419.0,4.11429461442116,,1,3,1,2.0,1,1,1,1,1,0,1,Male,3,White
2045863065.0,49,Utah,3393928,49039,Sanpete,29771.0,1.75146625151255,,2,4,1,2.0,1,1,0,1,0,1,1,Female,3,White
1998624183.0,49,Utah,3393928,49049,Utah,705241.0,1.56746717660171,,1,3,1,2.0,0,0,0,0,0,1,0,Male,3,White
2013804127.0,49,Utah,3393928,49011,Davis,370527.0,0.63055236676877,0.6594969456,1,2,1,2.0,1,1,1,1,1,0,1,Male,2,White
2009678567.0,49,Utah,3393928,49035,Salt Lake,1194746.0,0.717980523943823,,2,5,1,2.0,1,1,1,1,1,0,1,Female,4,White
2013186801.0,49,Utah,3393928,49049,Utah,705241.0,1.48122535798955,,2,5,1,2.0,0,0,0,0,0,1,0,Female,4,White
2012215427.0,49,Utah,3393928,49047,Uintah,37151.0,2.08616619677004,1.8329562412,1,3,1,2.0,0,0,0,0,1,1,0,Male,3,White
2009739665.0,49,Utah,3393928,49039,Sanpete,29771.0,2.99635853779827,0.7186946135000001,2,2,1,2.0,0,0,0,0,1,1,0,Female,2,White
2035634117.0,49,Utah,3393928,49053,Washington,197936.0,4.39676371392601,7.1569848943,1,1,3,1.0,1,1,1,1,1,1,1,Male,1,Hispanic
2015553673.0,49,Utah,3393928,49053,Washington,197936.0,2.55098282663133,,2,4,1,2.0,0,0,0,0,0,1,0,Female,3,White
2041268023.0,49,Utah,3393928,49057,Weber,269800.0,3.41443599302628,,1,5,1,2.0,0,0,0,0,1,1,0,Male,4,White
1995226253.0,49,Utah,3393928,49037,San Juan,14383.0,7.65131562470198,,1,5,1,2.0,1,0,1,0,1,1,0,Male,4,White
1998394845.0,49,Utah,3393928,49035,Salt Lake,1194746.0,0.61856077154594,0.6880019898,1,3,1,2.0,0,0,0,0,0,1,0,Male,3,White
2014107817.0,49,Utah,3393928,49057,Weber,269800.0,1.9138221105942,1.6177829685,1,5,1,2.0,1,1,1,1,1,1,1,Male,4,White
2011444453.0,49,Utah,3393928,49057,Weber,269800.0,9.37236467430353,,1,1,1,1.0,1,1,1,1,1,0,1,Male,1,Hispanic
2045607399.0,49,Utah,3393928,49035,Salt Lake,1194746.0,0.228646714108037,,1,3,3,,1,1,1,0,1,0,1,Male,3,Hispanic
2010585741.0,49,Utah,3393928,49035,Salt Lake,1194746.0,4.48953644038565,,2,5,1,2.0,1,1,1,1,1,1,0,Female,4,White
2010451329.0,49,Utah,3393928,49053,Washington,197936.0,0.781866240301087,0.803559896,2,3,1,2.0,1,1,1,1,1,0,1,Female,3,White
2017430661.0,49,Utah,3393928,49049,Utah,705241.0,0.575625579004644,0.413790728,1,4,3,1.0,1,1,1,1,1,0,1,Male,3,Hispanic
2021986231.0,49,Utah,3393928,49035,Salt Lake,1194746.0,0.547527529943852,,1,3,1,2.0,1,1,0,1,0,1,1,Male,3,White
2013025449.0,49,Utah,3393928,49049,Utah,705241.0,0.918952438981913,1.6099870097,2,5,1,2.0,1,1,1,0,1,1,1,Female,4,White
2038758091.0,49,Utah,3393928,49049,Utah,705241.0,3.35433955229842,,2,5,1,2.0,1,1,1,0,0,1,1,Female,4,White
2000421549.0,49,Utah,3393928,49035,Salt Lake,1194746.0,0.945576803480164,,2,5,1,2.0,0,0,1,0,0,1,0,Female,4,White
2014017927.0,49,Utah,3393928,49035,Salt Lake,1194746.0,0.326976162269711,0.1807956909,1,5,1,2.0,1,0,0,0,0,1,0,Male,4,White
2031616977.0,49,Utah,3393928,49021,Iron,62544.0,6.41243502452431,,3,3,1,2.0,1,1,1,1,1,0,1,,3,White
2039904863.0,49,Utah,3393928,49049,Utah,705241.0,1.11705210347962,,1,3,3,,1,1,1,1,1,1,1,Male,3,Hispanic
2012791883.0,49,Utah,3393928,49049,Utah,705241.0,0.391831687009069,,1,5,1,2.0,1,1,1,1,1,0,1,Male,4,White
2020164871.0,49,Utah,3393928,49035,Salt Lake,1194746.0,0.849505220980232,1.3826263454,2,4,1,2.0,1,1,1,1,1,0,1,Female,3,White
1998593829.0,49,Utah,3393928,49035,Salt Lake,1194746.0,1.12417523603311,1.2941617697,2,2,1,2.0,0,1,0,0,0,1,0,Female,2,White
2009914701.0,39,Ohio,11764950,39003,Allen,100974.0,5.04520503873337,,1,2,1,2.0,0,0,1,0,0,0,1,Male,2,White
1997722273.0,39,Ohio,11764950,39017,Butler,390108.0,1.88581255110858,0.5072672147,2,2,1,2.0,1,1,1,1,1,1,1,Female,2,White
2034233269.0,39,Ohio,11764950,39049,Franklin,1326392.0,1.28252649547575,,2,3,2,2.0,1,1,1,1,1,0,1,Female,3,Black
2012891223.0,39,Ohio,11764950,39153,Summit,535956.0,0.41848362889239,0.2359762785,1,3,6,2.0,1,1,1,1,1,1,1,Male,3,Other
2033394615.0,39,Ohio,11764950,39095,Lucas,426630.0,5.04520503873337,,1,2,1,2.0,1,1,1,0,1,1,1,Male,2,White
1998398229.0,39,Ohio,11764950,39085,Lake,231698.0,3.79077817945865,,1,2,1,2.0,1,1,1,0,1,1,1,Male,2,White
2033776325.0,39,Ohio,11764950,39049,Franklin,1326392.0,1.44573892817368,1.4074108142,2,5,1,2.0,0,0,0,0,0,1,0,Female,4,White
2038669561.0,39,Ohio,11764950,39049,Franklin,1326392.0,1.31746408838864,2.3743132029,2,2,1,2.0,0,1,1,1,1,1,0,Female,2,White
1996055563.0,39,Ohio,11764950,39035,Cuyahoga,1237196.0,0.673925325185213,0.4973392058,2,5,1,2.0,1,1,1,1,1,0,1,Female,4,White
1995055091.0,39,Ohio,11764950,39017,Butler,390108.0,4.814271673045,3.6757720732,2,5,1,2.0,0,0,0,0,1,1,0,Female,4,White
1998017447.0,39,Ohio,11764950,39035,Cuyahoga,1237196.0,1.00731365842238,,2,4,1,2.0,0,0,0,0,0,1,0,Female,3,White
2038372025.0,39,Ohio,11764950,39057,Greene,169266.0,1.49955563106407,1.4996160219,2,3,1,2.0,0,1,1,0,0,1,0,Female,3,White
2011898271.0,39,Ohio,11764950,39109,Miami,110217.0,1.11385033463755,1.2234105585,2,5,1,2.0,1,1,1,0,1,1,1,Female,4,White
2022094423.0,39,Ohio,11764950,39173,Wood,131600.0,1.12670995955184,1.1705556514,2,4,1,2.0,1,1,1,1,1,1,1,Female,3,White
2014964157.0,39,Ohio,11764950,39139,Richland,125076.0,1.2482513689276,,1,4,1,2.0,0,0,0,0,0,1,0,Male,3,White
2033664285.0,39,Ohio,11764950,39099,Mahoning,225714.0,8.59664248472115,,1,2,6,2.0,1,0,0,0,0,1,0,Male,2,Other
2018036811.0,39,Ohio,11764950,39049,Franklin,1326392.0,1.9852017945459,,1,5,1,2.0,1,1,1,0,1,0,1,Male,4,White
2018076291.0,39,Ohio,11764950,39155,Trumbull,200537.0,3.79077817945865,,1,2,1,2.0,0,0,1,1,1,1,1,Male,2,White
2045337487.0,39,Ohio,11764950,39153,Summit,535956.0,1.13372281474301,1.2107318678,2,6,2,2.0,1,1,1,1,1,0,1,Female,4,Black
2007187301.0,39,Ohio,11764950,39095,Lucas,426630.0,0.414347085365502,0.3983511569,1,2,1,2.0,1,1,1,1,1,1,1,Male,2,White
2038514037.0,39,Ohio,11764950,39045,Fairfield,163003.0,2.19397679459933,,2,2,6,2.0,1,1,1,1,1,1,0,Female,2,Other
1989544479.0,39,Ohio,11764950,39167,Washington,58890.0,1.46963838955886,1.2846460961,1,5,1,2.0,0,0,0,0,0,1,0,Male,4,White
2016067757.0,39,Ohio,11764950,39139,Richland,125076.0,1.19352344473257,2.4259238195,1,2,1,2.0,0,0,0,0,0,1,0,Male,2,White
2039325639.0,39,Ohio,11764950,39151,Stark,372531.0,1.10423126435178,1.002756523,1,5,1,2.0,1,0,0,0,0,1,0,Male,4,White
2031174657.0,39,Ohio,11764950,39013,Belmont,65382.0,4.91311576318471,,1,2,1,2.0,1,1,1,1,1,0,1,Male,2,White
2031509243.0,39,Ohio,11764950,39075,Holmes,44361.0,1.21004515588951,,2,2,1,2.0,1,1,0,0,1,0,1,Female,2,White
2011852213.0,39,Ohio,11764950,39061,Hamilton,826532.0,0.847217124566331,1.0095034468,2,2,1,2.0,0,0,0,0,1,1,0,Female,2,White
2015072373.0,39,Ohio,11764950,39049,Franklin,1326392.0,0.640802256527103,0.5958134745,2,4,1,2.0,1,1,1,1,0,0,1,Female,3,White
2008154347.0,39,Ohio,11764950,39057,Greene,169266.0,6.41439027011086,1.6564636493,1,3,4,2.0,0,0,0,0,0,1,0,Male,3,Other
2012150317.0,39,Ohio,11764950,39169,Wayne,116533.0,0.469373256988076,0.5193048545,2,2,1,2.0,1,1,1,1,1,0,1,Female,2,White
2016506855.0,39,Ohio,11764950,39045,Fairfield,163003.0,5.04520503873337,,1,2,1,2.0,1,0,1,1,1,0,0,Male,2,White
2014258089.0,39,Ohio,11764950,39061,Hamilton,826532.0,15.0614388091749,12.6017912903,1,1,2,2.0,1,1,1,1,1,0,1,Male,1,Black
2011323643.0,39,Ohio,11764950,39049,Franklin,1326392.0,0.776749774296933,1.2439051252,2,5,1,2.0,1,1,1,1,1,0,1,Female,4,White
2012049553.0,39,Ohio,11764950,39035,Cuyahoga,1237196.0,0.847217124566331,0.9062543494,2,2,1,2.0,1,1,1,0,0,1,1,Female,2,White
2014606487.0,39,Ohio,11764950,39133,Portage,161741.0,0.771757417625532,0.6077415098,2,6,1,2.0,1,1,1,1,1,0,1,Female,4,White
2007020425.0,39,Ohio,11764950,39133,Portage,161741.0,0.657838312702066,0.3119904324,1,3,5,2.0,0,0,0,0,0,1,0,Male,3,Other
2039699917.0,39,Ohio,11764950,39153,Summit,535956.0,0.985793298086635,1.0220465237,1,5,1,2.0,0,0,0,0,0,1,0,Male,4,White
2027537481.0,39,Ohio,11764950,39025,Clermont,210781.0,6.36787632260307,,1,3,1,2.0,1,1,1,1,1,1,1,Male,3,White
1998239619.0,39,Ohio,11764950,39051,Fulton,42041.0,0.687850601084865,0.8039805869000001,1,4,1,2.0,0,0,0,0,0,1,0,Male,3,White
2032679387.0,39,Ohio,11764950,39141,Ross,76365.0,6.16049656491515,,2,2,1,2.0,1,0,0,1,1,0,1,Female,2,White
2038246549.0,39,Ohio,11764950,39079,Jackson,32606.0,1.36714447259846,1.8386684774,1,5,1,2.0,0,0,0,0,0,1,0,Male,4,White
2011105481.0,39,Ohio,11764950,39095,Lucas,426630.0,0.414347085365502,0.3983511569,1,2,1,2.0,1,1,1,1,1,0,1,Male,2,White
2007743589.0,39,Ohio,11764950,39155,Trumbull,200537.0,0.705128865916136,0.8707876170000001,1,2,1,2.0,0,0,0,0,1,1,0,Male,2,White
1984304237.0,39,Ohio,11764950,39165,Warren,249822.0,1.31200747688342,1.3093587991,1,5,1,2.0,0,0,0,0,0,1,0,Male,4,White
1997435529.0,39,Ohio,11764950,39035,Cuyahoga,1237196.0,3.38202277384039,4.5338471590000005,1,6,1,2.0,1,0,0,0,0,1,0,Male,4,White
2034712971.0,39,Ohio,11764950,39103,Medina,183359.0,0.397762649766132,0.8096785609,1,2,1,2.0,1,1,0,1,1,1,1,Male,2,White
2045149241.0,39,Ohio,11764950,39017,Butler,390108.0,1.08627410383516,1.0985830096,2,5,1,2.0,1,1,1,1,1,0,1,Female,4,White
1997091303.0,39,Ohio,11764950,39061,Hamilton,826532.0,0.608152146737259,0.4765600499,1,6,1,2.0,1,1,1,1,1,0,1,Male,4,White
2034553421.0,39,Ohio,11764950,39153,Summit,535956.0,0.630485779917927,,2,2,7,2.0,0,0,1,0,0,0,0,Female,2,Other
1998437403.0,39,Ohio,11764950,39083,Knox,63103.0,1.74797600483772,1.6613039888,2,6,1,2.0,0,0,0,0,0,1,1,Female,4,White
2026872055.0,39,Ohio,11764950,39081,Jefferson,64149.0,0.737834625028802,1.0319284874,2,2,1,2.0,1,1,1,1,0,0,0,Female,2,White
2034686767.0,39,Ohio,11764950,39049,Franklin,1326392.0,3.70049068272954,,2,3,1,2.0,1,1,1,1,1,0,1,Female,3,White
2014053237.0,39,Ohio,11764950,39027,Clinton,41893.0,1.46963838955886,1.2846460961,1,5,1,2.0,0,1,0,0,1,1,0,Male,4,White
1984401627.0,39,Ohio,11764950,39093,Lorain,316304.0,1.50948885983822,1.4157965,1,6,1,2.0,0,0,0,1,0,1,0,Male,4,White
2026744093.0,39,Ohio,11764950,39081,Jefferson,64149.0,0.772067382306957,0.3820386635,2,5,2,2.0,1,1,1,1,1,0,1,Female,4,Black
2045469725.0,39,Ohio,11764950,39153,Summit,535956.0,2.53489053272266,,1,2,1,2.0,1,0,1,1,0,0,1,Male,2,White
2012030557.0,39,Ohio,11764950,39089,Licking,181702.0,4.63760186430656,,2,2,1,2.0,0,1,0,0,1,0,0,Female,2,White
2010524747.0,39,Ohio,11764950,39173,Wood,131600.0,1.21734769472783,1.2956296012,1,4,1,2.0,0,1,1,1,1,1,0,Male,3,White
2000420401.0,39,Ohio,11764950,39061,Hamilton,826532.0,2.09820744692849,1.6795587562,1,6,1,2.0,1,1,1,1,1,0,1,Male,4,White
2022217171.0,39,Ohio,11764950,39005,Ashland,51927.0,1.34064925576397,1.4096106687,2,3,1,2.0,0,0,0,0,1,0,0,Female,3,White
2026743839.0,39,Ohio,11764950,39061,Hamilton,826532.0,0.357271725966083,0.3374958905,2,5,2,2.0,1,1,0,0,1,1,1,Female,4,Black
2036287835.0,39,Ohio,11764950,39049,Franklin,1326392.0,1.56504777866337,,1,2,1,2.0,1,0,1,1,0,0,1,Male,2,White
2034605621.0,39,Ohio,11764950,39113,Montgomery,533913.0,1.47446977477563,,2,2,1,2.0,1,1,1,1,1,1,1,Female,2,White
2039664571.0,39,Ohio,11764950,39099,Mahoning,225714.0,1.17591830730764,1.85368255,1,2,1,2.0,1,1,1,1,1,1,1,Male,2,White
2036932563.0,39,Ohio,11764950,39049,Franklin,1326392.0,7.38071997027452,,2,3,4,2.0,1,1,0,0,0,1,1,Female,3,Other
2011616331.0,39,Ohio,11764950,39085,Lake,231698.0,0.705128865916136,0.8707876170000001,1,2,1,2.0,0,0,0,0,1,1,0,Male,2,White
2021986949.0,39,Ohio,11764950,39109,Miami,110217.0,2.34986024735878,,1,3,1,1.0,0,1,1,1,0,1,0,Male,3,Hispanic
2013346667.0,39,Ohio,11764950,39085,Lake,231698.0,0.790641107966209,0.6722407898,1,4,1,2.0,1,1,1,1,1,0,1,Male,3,White
2042327885.0,39,Ohio,11764950,39085,Lake,231698.0,1.50948885983822,1.4157965,1,6,1,2.0,0,0,0,0,0,1,0,Male,4,White
2029973555.0,39,Ohio,11764950,39027,Clinton,41893.0,6.58244661151669,1.4438573653,2,3,1,2.0,1,1,1,1,1,0,1,Female,3,White
2044333827.0,39,Ohio,11764950,39153,Summit,535956.0,6.89948805059287,9.0135915274,2,1,2,2.0,1,1,1,1,0,1,1,Female,1,Black
2015340701.0,39,Ohio,11764950,39017,Butler,390108.0,0.497840839035445,0.4732527423,2,2,1,2.0,1,1,1,1,1,0,1,Female,2,White
2021784397.0,39,Ohio,11764950,39061,Hamilton,826532.0,2.14781745440867,,2,2,2,2.0,0,1,1,0,0,1,0,Female,2,Black
2017409295.0,39,Ohio,11764950,39173,Wood,131600.0,0.665327389045004,2.5376162007,2,1,2,2.0,0,1,0,1,1,1,0,Female,1,Black
1999637019.0,39,Ohio,11764950,39119,Muskingum,86090.0,0.914669481727767,,1,4,1,2.0,0,0,0,0,0,1,0,Male,3,White
2011924955.0,39,Ohio,11764950,39145,Scioto,72209.0,2.87774446413004,,2,3,1,2.0,1,1,0,1,0,1,1,Female,3,White
2021128121.0,39,Ohio,11764950,39035,Cuyahoga,1237196.0,6.25813157697764,,2,2,1,2.0,1,1,1,1,0,1,0,Female,2,White
1998584933.0,39,Ohio,11764950,39149,Shelby,47690.0,2.53489053272266,,1,2,1,2.0,0,1,1,1,1,1,1,Male,2,White
2042327721.0,39,Ohio,11764950,39061,Hamilton,826532.0,0.771757417625532,0.6077415098,2,6,1,2.0,1,1,1,1,1,1,1,Female,4,White
2010934211.0,39,Ohio,11764950,39049,Franklin,1326392.0,4.58579133344501,,1,6,1,2.0,1,1,1,1,1,1,1,Male,4,White
2033578667.0,39,Ohio,11764950,39035,Cuyahoga,1237196.0,0.568103979800753,0.8060428017,2,5,1,2.0,0,1,0,1,1,1,0,Female,4,White
1999183145.0,39,Ohio,11764950,39167,Washington,58890.0,1.51375365970428,1.6918073329,1,2,1,2.0,0,0,0,0,0,0,0,Male,2,White
2039697187.0,39,Ohio,11764950,39021,Champaign,38675.0,0.790641107966209,,1,3,1,2.0,1,1,1,1,1,1,1,Male,3,White
2033359997.0,39,Ohio,11764950,39093,Lorain,316304.0,1.51375365970428,1.6918073329,1,2,1,2.0,0,0,0,0,0,1,1,Male,2,White
1998585137.0,39,Ohio,11764950,39041,Delaware,226809.0,1.28047097942215,0.1881892569,1,3,1,2.0,1,1,1,0,1,0,1,Male,3,White
2031448509.0,39,Ohio,11764950,39023,Clark,134691.0,2.36809898417137,1.9782803004,2,5,2,2.0,1,1,1,1,1,1,1,Female,4,Black
2029583373.0,39,Ohio,11764950,39035,Cuyahoga,1237196.0,0.397762649766132,,1,2,1,2.0,1,0,1,1,1,1,0,Male,2,White
2034581531.0,39,Ohio,11764950,39027,Clinton,41893.0,0.770942144974239,,1,2,1,2.0,0,0,0,0,0,0,1,Male,2,White
2038398017.0,39,Ohio,11764950,39093,Lorain,316304.0,2.98077104459357,,1,2,3,,1,1,1,1,1,0,1,Male,2,Hispanic
2033223435.0,39,Ohio,11764950,39017,Butler,390108.0,2.5531104694177,5.4375217813,1,5,2,2.0,1,1,1,1,1,0,1,Male,4,Black
2026244999.0,39,Ohio,11764950,39151,Stark,372531.0,3.37372483508287,,1,2,1,2.0,0,0,0,0,1,1,0,Male,2,White
2012343683.0,39,Ohio,11764950,39033,Crawford,41479.0,1.34064925576397,1.4096106687,2,3,1,2.0,0,0,0,0,1,1,0,Female,3,White
2032712543.0,39,Ohio,11764950,39093,Lorain,316304.0,0.289881977080859,0.7203078341,1,3,2,2.0,1,1,1,1,1,1,0,Male,3,Black
2043817537.0,39,Ohio,11764950,39035,Cuyahoga,1237196.0,0.32045264034273,2.4590667816,2,3,2,2.0,1,1,1,1,1,0,1,Female,3,Black
2024092169.0,39,Ohio,11764950,39153,Summit,535956.0,0.945714906742977,0.3702133056,2,5,6,2.0,0,0,0,0,1,1,0,Female,4,Other
2031104627.0,39,Ohio,11764950,39113,Montgomery,533913.0,1.41668175004441,0.8045849249,1,3,2,2.0,1,1,1,0,0,0,0,Male,3,Black
2015318979.0,39,Ohio,11764950,39057,Greene,169266.0,1.11960665159151,1.0266791304,1,5,1,2.0,1,1,1,1,1,0,1,Male,4,White
2039694799.0,39,Ohio,11764950,39035,Cuyahoga,1237196.0,7.41317387296538,4.5651145368,1,2,2,2.0,1,1,0,1,1,0,1,Male,2,Black
2009057421.0,39,Ohio,11764950,39093,Lorain,316304.0,0.662076125880955,1.2170352988,2,3,1,2.0,1,1,1,1,1,1,1,Female,3,White
2011076987.0,39,Ohio,11764950,39153,Summit,535956.0,3.94420463125283,,1,5,1,2.0,0,0,1,0,1,1,0,Male,4,White
2019308599.0,39,Ohio,11764950,39035,Cuyahoga,1237196.0,0.62711208629153,0.9446348263,1,5,1,2.0,1,1,1,1,1,0,1,Male,4,White
2016641061.0,39,Ohio,11764950,39057,Greene,169266.0,0.860814961058825,0.7957111244,1,5,2,2.0,1,1,1,1,1,1,1,Male,4,Black
2024759163.0,39,Ohio,11764950,39017,Butler,390108.0,1.12757431414087,1.2932896792,2,2,1,2.0,1,1,1,0,1,1,1,Female,2,White
1997653645.0,39,Ohio,11764950,39061,Hamilton,826532.0,1.50948885983822,1.4157965,1,6,1,2.0,0,0,0,0,1,1,0,Male,4,White
2015094803.0,39,Ohio,11764950,39035,Cuyahoga,1237196.0,0.985793298086635,1.0220465237,1,5,1,2.0,0,0,0,0,0,1,0,Male,4,White
2024644729.0,39,Ohio,11764950,39099,Mahoning,225714.0,0.874406182575862,0.5997972522,2,4,2,2.0,1,1,0,0,1,0,1,Female,3,Black
2029617779.0,20,Kansas,2938034,20031,Coffey,8258.0,0.938160381067067,1.1100050419,1,3,1,2.0,0,0,0,0,0,1,0,Male,3,White
2032681283.0,20,Kansas,2938034,20169,Saline,53463.0,4.08485890282184,,2,2,1,2.0,1,1,1,1,1,1,1,Female,2,White
2034525439.0,20,Kansas,2938034,20147,Phillips,4803.0,9.06798393896144,,1,2,1,2.0,0,0,0,0,0,0,0,Male,2,White
2031752893.0,20,Kansas,2938034,20091,Johnson,619693.0,2.27023617403378,2.1137492887,1,3,1,2.0,0,0,0,0,0,1,0,Male,3,White
2036192917.0,20,Kansas,2938034,20173,Sedgwick,525420.0,3.58447941013232,1.8000827255,1,2,1,2.0,1,1,1,1,1,1,1,Male,2,White
2031209407.0,20,Kansas,2938034,20037,Crawford,39194.0,1.43736305550915,,1,3,1,2.0,1,1,1,1,1,1,0,Male,3,White
2028900345.0,20,Kansas,2938034,20173,Sedgwick,525420.0,1.76639857063134,2.4151696811,2,5,1,2.0,1,1,1,1,1,0,1,Female,4,White
2030493529.0,20,Kansas,2938034,20091,Johnson,619693.0,0.704898586693417,0.8664369119,1,4,1,2.0,0,0,1,1,0,1,0,Male,3,White
1998431537.0,20,Kansas,2938034,20161,Riley,71587.0,4.13773103438494,,1,3,1,2.0,0,0,0,0,1,0,0,Male,3,White
2012730703.0,20,Kansas,2938034,20091,Johnson,619693.0,1.25268070120472,1.5860667012,1,6,1,2.0,1,1,1,1,1,0,1,Male,4,White
2028338951.0,20,Kansas,2938034,20023,Cheyenne,2614.0,1.32195941037325,1.880608086,2,2,1,2.0,0,0,0,0,1,1,0,Female,2,White
2038802753.0,20,Kansas,2938034,20201,Washington,5510.0,0.464536619144536,,1,3,1,2.0,0,0,0,1,0,0,0,Male,3,White
2032933871.0,20,Kansas,2938034,20077,Harper,5378.0,4.07284799311092,,1,2,1,2.0,0,1,1,1,1,1,1,Male,2,White
1998401205.0,20,Kansas,2938034,20177,Shawnee,177522.0,0.966712390833457,1.4928094029,2,4,1,2.0,1,1,1,1,1,1,1,Female,3,White
2029804095.0,20,Kansas,2938034,20045,Douglas,119941.0,7.82766125141869,,2,3,1,2.0,1,0,1,0,1,0,1,Female,3,White
2011082073.0,20,Kansas,2938034,20161,Riley,71587.0,0.920479443562467,0.6908086117000001,2,6,1,2.0,1,1,1,1,1,0,1,Female,4,White
2034605713.0,20,Kansas,2938034,20137,Norton,5320.0,7.64829393063985,,2,2,1,2.0,0,0,0,1,1,0,0,Female,2,White
2037906779.0,20,Kansas,2938034,20161,Riley,71587.0,0.982834899642894,0.904547588,1,3,1,2.0,0,1,0,1,1,0,1,Male,3,White
2014050315.0,20,Kansas,2938034,20091,Johnson,619693.0,4.66454877064253,,2,4,1,2.0,1,1,1,1,1,0,1,Female,3,White
2018304099.0,20,Kansas,2938034,20037,Crawford,39194.0,3.38627603104813,1.3176268073,1,5,1,2.0,1,0,0,0,1,1,0,Male,4,White
2038607903.0,20,Kansas,2938034,20091,Johnson,619693.0,15.0614388091749,,1,1,1,2.0,0,0,1,0,1,0,0,Male,1,White
2034500859.0,20,Kansas,2938034,20177,Shawnee,177522.0,0.461403386568162,0.639656717,1,3,1,2.0,1,1,1,1,0,0,1,Male,3,White
2025492311.0,20,Kansas,2938034,20061,Geary,35547.0,0.715122538979963,0.2795081753,2,2,1,2.0,0,0,0,0,1,0,0,Female,2,White
2013862423.0,20,Kansas,2938034,20161,Riley,71587.0,0.461403386568162,0.639656717,1,4,1,2.0,1,1,1,1,1,1,1,Male,3,White
1995905795.0,20,Kansas,2938034,20091,Johnson,619693.0,0.699695342159791,0.5864397776,1,5,1,2.0,1,1,1,1,1,1,1,Male,4,White
2000461897.0,20,Kansas,2938034,20173,Sedgwick,525420.0,0.712848103546776,0.6272525659,2,5,1,2.0,1,1,1,1,1,0,1,Female,4,White
2009951967.0,27,Minnesota,5727565,27053,Hennepin,1262045.0,0.552792080527973,0.675500772,1,3,1,2.0,1,1,1,1,1,1,1,Male,3,White
2013553351.0,27,Minnesota,5727565,27007,Beltrami,46687.0,1.04544925553585,1.261951436,1,4,1,2.0,0,0,0,0,1,1,0,Male,3,White
2041446635.0,27,Minnesota,5727565,27123,Ramsey,538375.0,1.37960815603651,1.3649233508,1,5,4,2.0,1,1,1,0,1,0,1,Male,4,Other
2016591733.0,27,Minnesota,5727565,27053,Hennepin,1262045.0,1.17744128616039,1.0954381608,2,5,1,2.0,0,0,0,0,0,1,0,Female,4,White
2011365503.0,27,Minnesota,5727565,27053,Hennepin,1262045.0,2.56979135893127,,2,5,1,2.0,1,0,0,0,1,1,0,Female,4,White
1998107565.0,27,Minnesota,5727565,27139,Scott,154819.0,4.94072933228088,1.190648565,2,4,1,2.0,0,1,1,1,0,1,0,Female,3,White
2012830523.0,27,Minnesota,5727565,27053,Hennepin,1262045.0,3.68159837082066,2.2186371654,1,1,1,2.0,1,1,1,1,0,0,1,Male,1,White
2037500835.0,27,Minnesota,5727565,27003,Anoka,369468.0,2.14104904638424,2.1357936566,1,4,1,2.0,0,1,0,0,1,1,1,Male,3,White
2013852973.0,27,Minnesota,5727565,27127,Redwood,15365.0,1.92505664725245,1.3845340931,1,5,1,2.0,1,1,1,1,1,1,1,Male,4,White
2033967479.0,27,Minnesota,5727565,27037,Dakota,444023.0,1.56707473466502,1.4033819023,2,5,1,2.0,0,0,0,0,0,1,0,Female,4,White
2037193821.0,27,Minnesota,5727565,27053,Hennepin,1262045.0,0.934133013824602,0.9288725526,1,3,1,2.0,1,1,1,1,1,0,1,Male,3,White
1999082785.0,27,Minnesota,5727565,27003,Anoka,369468.0,0.622584228578867,0.5099514070000001,2,5,1,2.0,1,1,0,1,1,0,1,Female,4,White
2022094391.0,27,Minnesota,5727565,27111,Otter Tail,60594.0,0.685021293719477,0.7018310465,2,3,1,2.0,1,1,1,1,1,0,1,Female,3,White
2043935547.0,27,Minnesota,5727565,27123,Ramsey,538375.0,1.45389005233852,,2,2,3,,0,0,1,1,1,1,0,Female,2,Hispanic
2014053611.0,27,Minnesota,5727565,27037,Dakota,444023.0,1.31557611125697,1.3179163265,1,5,1,2.0,0,0,0,0,0,1,0,Male,4,White
1996041667.0,27,Minnesota,5727565,27053,Hennepin,1262045.0,0.965534192692485,,2,6,1,2.0,1,1,1,1,1,0,1,Female,4,White
2041731729.0,27,Minnesota,5727565,27141,Sherburne,100972.0,2.20778020490137,,2,2,1,2.0,0,1,1,1,0,1,1,Female,2,White
2039283125.0,27,Minnesota,5727565,27123,Ramsey,538375.0,0.642556495881638,0.5577117881,1,5,1,2.0,1,1,1,1,1,1,1,Male,4,White
2016413669.0,27,Minnesota,5727565,27139,Scott,154819.0,0.622584228578867,0.5099514070000001,2,5,1,2.0,1,1,1,1,1,0,1,Female,4,White
2018891369.0,27,Minnesota,5727565,27163,Washington,276249.0,1.86031474036359,1.9909205491,2,5,1,2.0,0,1,1,1,1,1,1,Female,4,White
2010743147.0,27,Minnesota,5727565,27053,Hennepin,1262045.0,0.622584228578867,0.5099514070000001,2,5,1,2.0,1,1,1,1,1,1,1,Female,4,White
2037662407.0,27,Minnesota,5727565,27099,Mower,40094.0,1.37088225003095,,1,3,1,2.0,1,1,1,1,1,0,1,Male,3,White
2015542211.0,27,Minnesota,5727565,27037,Dakota,444023.0,3.48709767080907,,1,2,1,2.0,0,0,1,0,1,1,1,Male,2,White
1995190945.0,27,Minnesota,5727565,27053,Hennepin,1262045.0,1.54911799828973,,1,2,1,2.0,1,1,1,1,0,1,1,Male,2,White
2031080559.0,27,Minnesota,5727565,27031,Cook,5718.0,10.7460061906804,,1,2,3,,1,1,1,1,1,0,1,Male,2,Hispanic
2041090203.0,27,Minnesota,5727565,27123,Ramsey,538375.0,1.64270773782299,1.6012669305,2,3,1,2.0,1,1,1,1,1,0,1,Female,3,White
2038239519.0,27,Minnesota,5727565,27047,Freeborn,30696.0,2.44156884911464,,1,2,1,2.0,0,1,1,0,1,1,1,Male,2,White
2012077345.0,27,Minnesota,5727565,27003,Anoka,369468.0,0.483234508388461,0.900068218,1,4,1,2.0,1,1,0,1,0,1,1,Male,3,White
1995220481.0,27,Minnesota,5727565,27053,Hennepin,1262045.0,2.06345325208121,2.5145096784,1,6,1,2.0,1,0,0,0,0,1,0,Male,4,White
2042912187.0,27,Minnesota,5727565,27085,McLeod,36776.0,0.369658475996964,1.2496224207,2,4,1,2.0,0,0,0,0,0,0,0,Female,3,White
2042328095.0,27,Minnesota,5727565,27053,Hennepin,1262045.0,1.8191331828195,2.2259836472,2,5,1,2.0,0,0,0,0,0,1,0,Female,4,White
2018044853.0,27,Minnesota,5727565,27157,Wabasha,21650.0,1.60252822851424,2.8677722728,2,2,1,2.0,0,0,0,1,0,1,0,Female,2,White
2027951695.0,27,Minnesota,5727565,27137,St. Louis,200567.0,1.96638633137876,,1,2,6,2.0,1,1,0,1,1,0,1,Male,2,Other
2015103795.0,27,Minnesota,5727565,27111,Otter Tail,60594.0,2.76502221466531,,2,3,1,2.0,1,1,0,1,1,0,1,Female,3,White
2013765745.0,27,Minnesota,5727565,27037,Dakota,444023.0,0.870122959630193,0.9709957092,2,4,1,2.0,0,1,0,0,1,1,1,Female,3,White
1999709621.0,27,Minnesota,5727565,27171,Wright,148220.0,1.91410987995269,1.739641748,2,2,1,2.0,0,0,1,0,1,1,0,Female,2,White
1998264597.0,27,Minnesota,5727565,27053,Hennepin,1262045.0,1.31557611125697,1.3179163265,1,5,1,2.0,0,1,0,0,1,1,0,Male,4,White
2011318585.0,27,Minnesota,5727565,27053,Hennepin,1262045.0,0.101791442874525,0.0672845106,2,5,6,2.0,1,1,1,1,1,0,1,Female,4,Other
2038587545.0,27,Minnesota,5727565,27037,Dakota,444023.0,1.62946617570262,1.3327365066,1,2,1,2.0,0,0,0,0,1,1,0,Male,2,White
1998545361.0,27,Minnesota,5727565,27141,Sherburne,100972.0,0.685021293719477,0.7018310465,2,3,1,2.0,1,1,0,1,1,1,1,Female,3,White
2011153339.0,27,Minnesota,5727565,27003,Anoka,369468.0,2.40437499106197,1.8876240051,2,4,1,2.0,0,0,0,0,0,0,0,Female,3,White
2018802811.0,27,Minnesota,5727565,27163,Washington,276249.0,0.215831855416817,,2,2,1,2.0,1,1,1,0,1,1,1,Female,2,White
2010264521.0,27,Minnesota,5727565,27171,Wright,148220.0,0.992219239728995,0.7335741894000001,2,5,1,2.0,1,1,1,1,1,1,1,Female,4,White
2005182255.0,27,Minnesota,5727565,27001,Aitkin,16148.0,1.58303075759903,1.4274944435,1,5,1,2.0,0,0,0,0,0,1,0,Male,4,White
2019457553.0,27,Minnesota,5727565,27053,Hennepin,1262045.0,1.40383827001159,1.5010925357,2,2,1,2.0,0,0,0,0,0,1,0,Female,2,White
2013229891.0,27,Minnesota,5727565,27137,St. Louis,200567.0,10.0320922775458,5.0983711818,1,1,1,2.0,0,0,0,0,0,0,0,Male,1,White
2024755845.0,27,Minnesota,5727565,27137,St. Louis,200567.0,1.24325200923999,1.1899922575,1,4,1,2.0,1,1,1,1,1,0,1,Male,3,White
2041423639.0,27,Minnesota,5727565,27057,Hubbard,21919.0,1.56086574168795,,1,2,1,2.0,1,1,1,1,1,1,1,Male,2,White
2002144329.0,27,Minnesota,5727565,27145,Stearns,160119.0,4.72252437359557,,1,6,1,2.0,1,1,1,1,1,0,1,Male,4,White
2041460279.0,27,Minnesota,5727565,27053,Hennepin,1262045.0,0.95651169338817,0.7989586015,2,5,1,2.0,1,1,0,1,1,0,1,Female,4,White
2040783105.0,27,Minnesota,5727565,27083,Lyon,25521.0,0.934133013824602,,1,4,1,2.0,0,0,0,0,0,1,0,Male,3,White
2037059075.0,55,Wisconsin,5903472,55133,Waukesha,410846.0,0.806181911569388,,1,3,1,2.0,1,1,1,0,1,1,1,Male,3,White
2027308849.0,55,Wisconsin,5903472,55141,Wood,73879.0,4.35398691165942,,1,2,1,2.0,1,1,1,0,1,1,1,Male,2,White
2026879207.0,55,Wisconsin,5903472,55095,Polk,45590.0,2.20746600174168,,2,2,1,2.0,1,0,1,1,1,1,0,Female,2,White
2028653841.0,55,Wisconsin,5903472,55079,Milwaukee,921471.0,5.87106556355902,,1,3,3,,1,0,0,1,0,0,1,Male,3,Hispanic
2031250843.0,55,Wisconsin,5903472,55079,Milwaukee,921471.0,2.48116570820053,,2,3,6,2.0,1,1,1,1,1,0,1,Female,3,Other
1993386523.0,55,Wisconsin,5903472,55079,Milwaukee,921471.0,10.3283625646008,,1,3,1,2.0,0,0,0,0,0,1,0,Male,3,White
2043281217.0,55,Wisconsin,5903472,55121,Trempealeau,30923.0,1.47542286978191,,1,1,1,2.0,1,1,1,1,1,0,1,Male,1,White
2022123705.0,55,Wisconsin,5903472,55009,Brown,270667.0,2.11339361161429,,1,3,1,2.0,0,1,1,1,1,1,1,Male,3,White
2034108551.0,55,Wisconsin,5903472,55139,Winnebago,170984.0,1.40424612676056,1.4760686148,2,5,1,2.0,0,0,0,0,0,1,0,Female,4,White
2013814927.0,55,Wisconsin,5903472,55099,Price,14167.0,2.41228915486198,2.5236480479,2,6,4,2.0,0,1,0,1,1,1,1,Female,4,Other
1991219301.0,55,Wisconsin,5903472,55043,Grant,51326.0,0.489333462058566,0.4933895355,1,6,1,2.0,1,1,1,1,0,0,1,Male,4,White
2015954961.0,55,Wisconsin,5903472,55133,Waukesha,410846.0,1.83818628738026,1.6558952867,1,5,1,2.0,0,1,0,1,0,1,1,Male,4,White
2015844491.0,55,Wisconsin,5903472,55097,Portage,70764.0,2.64781511515803,,2,2,1,2.0,0,0,0,0,0,0,0,Female,2,White
2014049013.0,55,Wisconsin,5903472,55133,Waukesha,410846.0,1.55612780568007,1.111242289,1,2,1,2.0,1,1,1,0,1,1,0,Male,2,White
2013123357.0,55,Wisconsin,5903472,55133,Waukesha,410846.0,1.03578654005726,0.5027450950000001,1,5,3,1.0,1,0,0,0,0,1,0,Male,4,Hispanic
2011129943.0,55,Wisconsin,5903472,55135,Waupaca,51660.0,1.16921617356147,0.7083444686,1,2,1,2.0,0,0,0,0,1,1,0,Male,2,White
2017002443.0,55,Wisconsin,5903472,55029,Door,30629.0,0.760747186650758,0.5492735569,1,5,1,2.0,1,1,1,1,1,1,1,Male,4,White
2013300875.0,55,Wisconsin,5903472,55141,Wood,73879.0,1.09162443372372,1.0086131303,2,2,1,2.0,0,1,0,0,0,0,0,Female,2,White
2043485415.0,55,Wisconsin,5903472,55067,Langlade,19510.0,4.47195299389056,4.0143348807,2,1,1,2.0,0,1,0,0,0,1,0,Female,1,White
2004271473.0,55,Wisconsin,5903472,55025,Dane,570754.0,4.27849453818285,,1,2,2,2.0,1,1,1,1,1,0,1,Male,2,Black
2011645193.0,55,Wisconsin,5903472,55075,Marinette,41971.0,2.94165257796875,,1,3,1,2.0,0,0,0,0,0,1,0,Male,3,White
2011323103.0,55,Wisconsin,5903472,55139,Winnebago,170984.0,1.55612780568007,1.111242289,1,2,1,2.0,0,0,0,0,0,1,0,Male,2,White
2017774049.0,55,Wisconsin,5903472,55025,Dane,570754.0,1.02987933379011,,2,3,1,2.0,1,1,1,1,1,1,1,Female,3,White
2014365875.0,55,Wisconsin,5903472,55101,Racine,196642.0,1.1939164966231,1.7038261157,2,5,1,2.0,1,1,1,1,1,1,1,Female,4,White
2028991861.0,55,Wisconsin,5903472,55133,Waukesha,410846.0,2.3817723172081,,2,2,1,2.0,1,1,1,1,1,0,1,Female,2,White
2042738769.0,55,Wisconsin,5903472,55079,Milwaukee,921471.0,0.857195866827063,,1,1,1,2.0,0,1,0,1,0,1,1,Male,1,White
2011380865.0,55,Wisconsin,5903472,55113,Sawyer,18556.0,0.471967671124812,0.4671691196,1,5,1,2.0,1,1,1,1,1,0,1,Male,4,White
2031297849.0,55,Wisconsin,5903472,55105,Rock,163954.0,1.33577199571866,1.3180854823,2,4,1,2.0,0,1,0,1,0,1,0,Female,3,White
1992991197.0,55,Wisconsin,5903472,55115,Shawano,40976.0,0.906555374044316,0.8524606351,1,5,1,2.0,0,0,0,0,1,1,0,Male,4,White
2011240239.0,55,Wisconsin,5903472,55093,Pierce,42557.0,1.12528991672555,0.9386912593,2,2,1,2.0,0,0,0,0,1,1,1,Female,2,White
2013783725.0,55,Wisconsin,5903472,55109,St. Croix,96116.0,1.53781653252065,1.6414260905,2,5,1,2.0,1,1,1,1,1,0,1,Female,4,White
1995342821.0,55,Wisconsin,5903472,55101,Racine,196642.0,1.38038969626926,1.1263512835,2,5,1,2.0,0,0,0,0,0,1,0,Female,4,White
2026740923.0,55,Wisconsin,5903472,55089,Ozaukee,93080.0,0.158535734779188,0.3862105474,2,3,3,1.0,1,1,1,1,1,0,1,Female,3,Hispanic
2030935721.0,55,Wisconsin,5903472,55039,Fond du Lac,104103.0,2.11660680329179,1.4584176036,1,3,1,2.0,0,0,0,0,0,1,0,Male,3,White
2034525083.0,55,Wisconsin,5903472,55025,Dane,570754.0,0.753906854925348,0.6384224798,1,2,1,2.0,1,1,1,1,1,1,1,Male,2,White
2016118813.0,55,Wisconsin,5903472,55027,Dodge,88642.0,1.12528991672555,0.9386912593,2,2,1,2.0,1,1,1,0,1,1,1,Female,2,White
2023565361.0,55,Wisconsin,5903472,55053,Jackson,20904.0,0.666343354821101,,1,2,1,2.0,1,1,1,1,1,1,1,Male,2,White
2014393051.0,55,Wisconsin,5903472,55079,Milwaukee,921471.0,0.230082541532583,,1,2,2,2.0,1,1,1,1,1,1,1,Male,2,Black
1994780875.0,55,Wisconsin,5903472,55133,Waukesha,410846.0,1.28968689769058,1.4005989604,1,4,1,2.0,0,1,0,0,1,1,0,Male,3,White
1998994951.0,55,Wisconsin,5903472,55025,Dane,570754.0,1.85347591211896,2.2195160052,1,3,1,2.0,1,1,1,1,1,1,1,Male,3,White
2029544263.0,55,Wisconsin,5903472,55009,Brown,270667.0,0.845500713873659,,2,2,1,2.0,1,1,0,0,1,1,1,Female,2,White
2045887303.0,55,Wisconsin,5903472,55033,Dunn,45648.0,1.41696318202082,1.1144647053,1,5,3,,0,0,0,0,1,1,0,Male,4,Hispanic
2019452783.0,55,Wisconsin,5903472,55087,Outagamie,192510.0,0.173142891595382,,2,2,1,2.0,1,1,1,1,1,1,1,Female,2,White
2033922613.0,55,Wisconsin,5903472,55109,St. Croix,96116.0,2.11660680329179,1.4584176036,1,3,1,2.0,0,0,0,0,1,1,0,Male,3,White
2037066559.0,55,Wisconsin,5903472,55079,Milwaukee,921471.0,0.283376964736483,0.8473570332,2,3,6,1.0,1,1,1,1,1,0,1,Female,3,Hispanic
2016743073.0,55,Wisconsin,5903472,55063,La Crosse,120346.0,2.63186586882853,0.689037012,2,4,1,2.0,1,1,1,1,1,1,1,Female,3,White
2030565343.0,55,Wisconsin,5903472,55087,Outagamie,192510.0,2.44647042907318,1.7323858504,1,5,1,2.0,0,0,0,0,0,1,0,Male,4,White
2038750741.0,55,Wisconsin,5903472,55093,Pierce,42557.0,1.10070139770481,0.9857627711,2,6,1,2.0,1,1,1,0,0,1,1,Female,4,White
1999238899.0,55,Wisconsin,5903472,55105,Rock,163954.0,1.12528991672555,0.9386912593,2,2,1,2.0,0,0,0,0,1,1,0,Female,2,White
2041498757.0,55,Wisconsin,5903472,55139,Winnebago,170984.0,1.6958548945319,,2,3,1,2.0,1,1,1,1,1,0,1,Female,3,White
1992829937.0,55,Wisconsin,5903472,55025,Dane,570754.0,1.24306640807049,1.0258055433,1,5,1,2.0,0,0,1,0,0,1,0,Male,4,White
2037947621.0,55,Wisconsin,5903472,55079,Milwaukee,921471.0,0.17577892981844,0.3051879755,2,2,2,2.0,1,1,1,1,0,0,1,Female,2,Black
1998656331.0,55,Wisconsin,5903472,55003,Ashland,16076.0,1.33577199571866,1.3180854823,2,3,1,2.0,0,1,1,0,1,1,0,Female,3,White
2010171125.0,54,West Virginia,1774003,54025,Greenbrier,32356.0,5.80251144273469,1.5164567328,2,2,1,2.0,1,0,0,0,0,1,0,Female,2,White
1983889169.0,54,West Virginia,1774003,54005,Boone,20927.0,8.52248623978926,,2,2,1,2.0,1,1,1,1,1,1,1,Female,2,White
2015163191.0,54,West Virginia,1774003,54039,Kanawha,175864.0,0.326783597746961,0.7740716191,2,6,2,2.0,1,1,1,1,1,0,1,Female,4,Black
2011584855.0,54,West Virginia,1774003,54039,Kanawha,175864.0,4.120477001578,,1,5,1,2.0,1,1,0,1,1,1,1,Male,4,White
2008633249.0,54,West Virginia,1774003,54039,Kanawha,175864.0,3.09597215308905,,1,5,1,2.0,1,1,1,1,1,1,1,Male,4,White
2014689259.0,54,West Virginia,1774003,54003,Berkeley,129515.0,0.402459308322256,,1,3,2,2.0,1,1,0,1,1,1,1,Male,3,Black
2013573201.0,54,West Virginia,1774003,54067,Nicholas,24257.0,2.73273335564119,1.9207685108,1,6,1,2.0,0,0,0,0,0,1,0,Male,4,White
2034271417.0,54,West Virginia,1774003,54025,Greenbrier,32356.0,5.4754604320053,,1,3,1,2.0,1,1,1,1,1,0,1,Male,3,White
2039699565.0,54,West Virginia,1774003,54011,Cabell,92492.0,5.91207362341269,3.4326672389,2,6,1,2.0,0,0,0,0,0,1,0,Female,4,White
2029198061.0,54,West Virginia,1774003,54017,Doddridge,7720.0,6.02406883649187,,1,2,1,2.0,1,1,1,1,0,1,1,Male,2,White
2000494893.0,54,West Virginia,1774003,54039,Kanawha,175864.0,0.532327120163395,0.3679207789,2,6,1,2.0,1,1,1,1,1,0,1,Female,4,White
2013028149.0,54,West Virginia,1774003,54051,Marshall,29687.0,7.08913467679784,,2,2,1,2.0,1,1,1,1,1,1,1,Female,2,White
2040054743.0,54,West Virginia,1774003,54011,Cabell,92492.0,1.32719311139792,4.6737412223,1,3,1,2.0,0,0,0,0,1,1,0,Male,3,White
1998722685.0,54,West Virginia,1774003,54039,Kanawha,175864.0,4.77517713128797,1.9643935346,1,1,1,2.0,1,1,0,1,1,1,1,Male,1,White
2014405213.0,54,West Virginia,1774003,54039,Kanawha,175864.0,1.51577919946368,1.1397203156,2,6,2,2.0,0,0,0,0,0,1,0,Female,4,Black
2042356835.0,54,West Virginia,1774003,54049,Marion,55806.0,3.01294203813536,,1,2,1,2.0,0,0,0,0,1,1,0,Male,2,White
2044346709.0,30,Montana,1121533,30111,Yellowstone,169743.0,5.08754046566924,,1,1,1,2.0,1,0,0,0,0,0,0,Male,1,White
2013613969.0,30,Montana,1121533,30029,Flathead,111687.0,0.560451977141667,0.6415067802000001,1,2,1,2.0,1,1,1,1,0,1,1,Male,2,White
2032828945.0,30,Montana,1121533,30013,Cascade,84908.0,1.95251834472612,,2,1,1,2.0,1,1,1,0,0,1,0,Female,1,White
2014465443.0,30,Montana,1121533,30013,Cascade,84908.0,0.881397315003706,0.8295178018,1,6,1,2.0,1,0,0,0,1,1,0,Male,4,White
2036562253.0,30,Montana,1121533,30091,Sheridan,3555.0,1.45092658463801,3.3770026761,1,4,1,2.0,1,0,1,0,0,1,0,Male,3,White
1995836207.0,30,Montana,1121533,30041,Hill,16066.0,0.179341944243209,,1,5,6,2.0,1,1,1,1,1,0,1,Male,4,Other
1999941973.0,30,Montana,1121533,30013,Cascade,84908.0,15.0614388091749,11.2967010487,1,2,1,2.0,0,0,0,0,0,0,0,Male,2,White
2022133891.0,30,Montana,1121533,30111,Yellowstone,169743.0,0.809108583822964,0.6066106659,2,5,1,2.0,1,1,1,1,1,0,1,Female,4,White
2009018779.0,30,Montana,1121533,30031,Gallatin,124713.0,5.5381052909503,,2,3,1,2.0,0,1,1,1,1,1,1,Female,3,White
2031784917.0,30,Montana,1121533,30111,Yellowstone,169743.0,0.209882987572971,1.437717811,2,4,1,2.0,1,1,0,1,0,0,1,Female,3,White
2014789943.0,40,Oklahoma,4025327,40035,Craig,14164.0,1.85390052765001,1.2159054479,2,6,1,2.0,0,0,0,0,1,1,0,Female,4,White
2038718319.0,40,Oklahoma,4025327,40087,McClain,45423.0,0.669345603410209,0.8158115506,2,4,1,2.0,0,1,0,1,1,1,1,Female,3,White
2036796195.0,40,Oklahoma,4025327,40051,Grady,56737.0,0.340231316084829,,1,3,1,2.0,1,1,0,1,0,0,1,Male,3,White
2021566299.0,40,Oklahoma,4025327,40083,Logan,52035.0,0.980147958838844,0.9500597589,1,3,1,2.0,0,0,0,0,0,1,0,Male,3,White
2034713659.0,40,Oklahoma,4025327,40143,Tulsa,679125.0,10.0501885152304,,1,3,5,2.0,1,1,1,1,1,0,0,Male,3,Other
2013131017.0,40,Oklahoma,4025327,40031,Comanche,122353.0,3.95135518085634,,1,2,1,2.0,0,0,1,0,1,1,1,Male,2,White
2010746401.0,40,Oklahoma,4025327,40041,Delaware,41474.0,2.79667392903535,0.7720403731000001,2,2,1,2.0,1,0,1,0,0,1,0,Female,2,White
2038246089.0,40,Oklahoma,4025327,40109,Oklahoma,805035.0,1.04464027722823,0.6676191191,1,6,1,2.0,0,0,0,0,0,1,0,Male,4,White
2037033709.0,40,Oklahoma,4025327,40027,Cleveland,299819.0,0.729484249335343,,1,3,2,2.0,1,1,1,1,1,0,1,Male,3,Black
2038763031.0,40,Oklahoma,4025327,40143,Tulsa,679125.0,1.11583236323697,1.0181598803,1,5,6,2.0,0,0,0,0,0,1,0,Male,4,Other
2038064903.0,40,Oklahoma,4025327,40027,Cleveland,299819.0,10.7295407097547,,1,2,2,2.0,1,1,1,1,1,0,1,Male,2,Black
2042352465.0,40,Oklahoma,4025327,40143,Tulsa,679125.0,1.64737435577772,1.191772359,2,6,2,2.0,1,1,1,1,1,1,1,Female,4,Black
2011843173.0,40,Oklahoma,4025327,40143,Tulsa,679125.0,1.50042791023506,2.5239362043,2,1,1,2.0,0,1,1,0,1,1,1,Female,1,White
2039664769.0,40,Oklahoma,4025327,40131,Rogers,99095.0,1.45040660479294,2.5026085647,1,5,1,2.0,1,1,1,1,1,0,1,Male,4,White
2028441647.0,40,Oklahoma,4025327,40109,Oklahoma,805035.0,1.67942889941265,0.4801506441,2,2,1,2.0,1,1,1,0,1,1,0,Female,2,White
2016958839.0,40,Oklahoma,4025327,40031,Comanche,122353.0,0.597090785954299,1.5473311075,1,2,2,2.0,1,1,1,1,1,0,1,Male,2,Black
2026993313.0,40,Oklahoma,4025327,40109,Oklahoma,805035.0,5.81305463509018,,2,3,2,2.0,0,1,0,0,1,1,0,Female,3,Black
2014053391.0,40,Oklahoma,4025327,40031,Comanche,122353.0,1.82555332128278,1.6379235551,2,5,1,2.0,0,0,0,0,0,0,0,Female,4,White
2011204499.0,40,Oklahoma,4025327,40015,Caddo,26277.0,2.83618919809894,,2,6,1,2.0,0,0,1,1,1,0,0,Female,4,White
2012645077.0,40,Oklahoma,4025327,40109,Oklahoma,805035.0,4.37878790279012,,1,2,1,2.0,0,0,0,0,0,1,0,Male,2,White
1998496135.0,40,Oklahoma,4025327,40143,Tulsa,679125.0,0.550359068087444,0.624078388,2,4,1,2.0,1,1,1,1,1,0,1,Female,3,White
2021915269.0,40,Oklahoma,4025327,40023,Choctaw,14409.0,1.00065144573723,1.0361314718,2,5,1,2.0,0,0,1,0,1,1,0,Female,4,White
2038246885.0,40,Oklahoma,4025327,40143,Tulsa,679125.0,1.27914976544073,1.0210883366,1,4,7,2.0,1,1,1,1,1,0,1,Male,3,Other
2030689445.0,40,Oklahoma,4025327,40109,Oklahoma,805035.0,1.00483531969638,,2,1,1,1.0,1,1,0,0,0,1,1,Female,1,Hispanic
2024432179.0,40,Oklahoma,4025327,40021,Cherokee,48009.0,6.18213522872292,,1,2,5,2.0,0,1,0,0,0,1,0,Male,2,Other
2017077755.0,40,Oklahoma,4025327,40109,Oklahoma,805035.0,3.12807157532629,,2,3,5,2.0,1,0,1,1,1,0,1,Female,3,Other
2020699209.0,40,Oklahoma,4025327,40109,Oklahoma,805035.0,2.49870544184527,,1,2,1,2.0,0,0,0,0,0,1,0,Male,2,White
2011420783.0,40,Oklahoma,4025327,40109,Oklahoma,805035.0,1.58983477057389,1.1835763581,2,2,1,2.0,0,0,0,0,1,1,0,Female,2,White
2037034281.0,40,Oklahoma,4025327,40141,Tillman,6975.0,0.623690443144769,,2,2,1,2.0,1,1,1,1,1,1,1,Female,2,White
2034268395.0,40,Oklahoma,4025327,40019,Carter,48485.0,1.34490956397845,,1,3,1,2.0,1,0,1,0,1,0,0,Male,3,White
2034684983.0,40,Oklahoma,4025327,40109,Oklahoma,805035.0,3.09607403637466,,1,1,2,2.0,1,1,1,1,0,0,1,Male,1,Black
2028752363.0,40,Oklahoma,4025327,40105,Nowata,9443.0,1.32291984513314,,2,2,2,2.0,0,0,0,0,0,0,1,Female,2,Black
2038737767.0,40,Oklahoma,4025327,40143,Tulsa,679125.0,0.550359068087444,0.624078388,2,4,1,2.0,1,1,1,1,0,0,1,Female,3,White
2033321811.0,40,Oklahoma,4025327,40109,Oklahoma,805035.0,0.592311756780312,,2,5,1,2.0,1,1,1,1,1,0,1,Female,4,White
2035520815.0,40,Oklahoma,4025327,40131,Rogers,99095.0,2.0618086047264,,1,2,5,2.0,1,1,1,1,1,0,1,Male,2,Other
2030927217.0,40,Oklahoma,4025327,40143,Tulsa,679125.0,0.275195924129613,,1,3,1,2.0,0,1,0,1,1,1,1,Male,3,White
2039699839.0,16,Idaho,1942951,16055,Kootenai,183512.0,0.949454905202004,0.7579330168,1,3,1,2.0,0,0,0,0,0,1,0,Male,3,White
2045755345.0,16,Idaho,1942951,16083,Twin Falls,93890.0,1.53938725492025,,2,3,3,,0,0,0,0,0,1,0,Female,3,Hispanic
2011616187.0,16,Idaho,1942951,16011,Bingham,49979.0,3.43523027806346,,2,3,1,2.0,1,1,1,1,1,1,1,Female,3,White
2037268137.0,16,Idaho,1942951,16001,Ada,520365.0,1.81332815410603,,2,6,1,2.0,0,1,1,1,1,1,0,Female,4,White
2030851655.0,16,Idaho,1942951,16069,Nez Perce,42998.0,1.54066113413872,,2,3,4,2.0,1,1,1,1,1,0,1,Female,3,Other
2013894065.0,16,Idaho,1942951,16019,Bonneville,129654.0,0.949454905202004,,1,3,1,2.0,0,0,0,0,0,1,0,Male,3,White
2043546343.0,16,Idaho,1942951,16005,Bannock,89855.0,4.3310432210919,,1,2,1,2.0,1,1,1,1,1,0,1,Male,2,White
2009748293.0,16,Idaho,1942951,16001,Ada,520365.0,1.13614223617219,1.8244692343,1,6,1,2.0,0,0,0,0,0,1,0,Male,4,White
2014750913.0,16,Idaho,1942951,16001,Ada,520365.0,4.4812919192116,0.9396214036,1,5,1,2.0,0,0,0,0,0,1,0,Male,4,White
1998784691.0,16,Idaho,1942951,16019,Bonneville,129654.0,7.6554503105487,,1,2,1,2.0,1,0,0,0,1,0,1,Male,2,White
2007988135.0,16,Idaho,1942951,16001,Ada,520365.0,0.537297405821131,0.5927584321,1,5,1,2.0,0,0,1,0,0,1,0,Male,4,White
2039601651.0,16,Idaho,1942951,16001,Ada,520365.0,1.06098674887987,,1,2,1,2.0,1,1,1,1,1,1,1,Male,2,White
2009186309.0,16,Idaho,1942951,16001,Ada,520365.0,8.63211263272206,,1,1,3,1.0,0,1,1,1,1,0,1,Male,1,Hispanic
2013731235.0,16,Idaho,1942951,16001,Ada,520365.0,1.62961192528536,1.0211820078,2,5,1,2.0,0,1,0,0,1,1,0,Female,4,White
2038436989.0,16,Idaho,1942951,16001,Ada,520365.0,0.342219489988998,,1,2,1,2.0,1,1,1,1,1,0,1,Male,2,White
2040989705.0,16,Idaho,1942951,16001,Ada,520365.0,0.164956833232924,,1,5,1,2.0,0,0,0,1,1,1,0,Male,4,White
1997697683.0,16,Idaho,1942951,16001,Ada,520365.0,1.01190530602192,1.3910379508,2,2,1,2.0,1,1,0,0,0,0,1,Female,2,White
2022031427.0,19,Iowa,3201890,19169,Story,99857.0,2.24728840904455,0.9954412483,1,6,1,2.0,1,1,1,1,1,0,1,Male,4,White
2015163421.0,19,Iowa,3201890,19113,Linn,228878.0,0.942404149368462,1.2464685036,2,5,1,2.0,0,0,0,0,0,1,0,Female,4,White
2024969319.0,19,Iowa,3201890,19061,Dubuque,98723.0,0.436870394609108,0.571258363,1,2,1,2.0,1,1,1,1,1,0,1,Male,2,White
2015109227.0,19,Iowa,3201890,19083,Hardin,16670.0,1.30219823342345,1.2247056988,2,2,1,2.0,0,1,0,0,1,1,1,Female,2,White
2008623533.0,19,Iowa,3201890,19015,Boone,26574.0,3.46376660573072,,2,3,1,2.0,1,1,1,1,1,1,1,Female,3,White
2013643497.0,19,Iowa,3201890,19003,Adams,3600.0,3.15005511129636,,2,5,1,2.0,1,1,1,1,1,1,1,Female,4,White
2021960785.0,19,Iowa,3201890,19141,O'Brien,14095.0,1.46526525574647,1.1895844634,1,5,1,2.0,1,1,1,0,1,1,0,Male,4,White
2016460493.0,19,Iowa,3201890,19155,Pottawattamie,93162.0,1.26828558860697,0.9731903044,2,6,1,2.0,0,0,0,0,1,1,0,Female,4,White
2036641397.0,19,Iowa,3201890,19103,Johnson,156681.0,0.606992615177553,0.5481265008,2,5,1,2.0,1,1,1,1,1,0,1,Female,4,White
2033753271.0,19,Iowa,3201890,19169,Story,99857.0,1.38499415115113,0.9884586543,2,6,1,2.0,1,1,1,1,1,0,1,Female,4,White
2012395347.0,19,Iowa,3201890,19033,Cerro Gordo,42401.0,0.893629513421633,1.052247254,2,2,1,2.0,0,1,0,0,1,1,0,Female,2,White
2036557837.0,19,Iowa,3201890,19139,Muscatine,42501.0,4.56839070693348,,1,3,1,2.0,1,1,1,1,1,1,1,Male,3,White
2038245993.0,19,Iowa,3201890,19065,Fayette,19303.0,0.661370897891507,0.6944231336000001,1,5,1,2.0,0,0,0,0,0,1,0,Male,4,White
1999871579.0,19,Iowa,3201890,19033,Cerro Gordo,42401.0,0.618490024693368,1.043951616,1,5,1,2.0,1,1,1,1,1,0,1,Male,4,White
2012014915.0,19,Iowa,3201890,19113,Linn,228878.0,8.1997224359116,2.6546533631,2,5,3,1.0,1,1,1,1,1,0,1,Female,4,Hispanic
2029844969.0,19,Iowa,3201890,19113,Linn,228878.0,1.1317781287403,,2,3,1,2.0,1,1,1,1,0,1,0,Female,3,White
2011107361.0,19,Iowa,3201890,19099,Jasper,37948.0,0.622419731340077,0.9100269172,2,4,1,2.0,1,1,1,1,1,1,1,Female,3,White
2031109677.0,19,Iowa,3201890,19179,Wapello,35082.0,0.324010247679173,,1,4,1,2.0,1,0,1,0,1,1,0,Male,3,White
2010998757.0,19,Iowa,3201890,19021,Buena Vista,20644.0,3.04610343849736,,1,1,1,2.0,0,1,1,0,1,1,0,Male,1,White
2018429049.0,19,Iowa,3201890,19163,Scott,173859.0,0.473086945724748,,1,2,1,2.0,1,1,1,1,1,1,1,Male,2,White
2042331613.0,19,Iowa,3201890,19103,Johnson,156681.0,0.34320093478424,0.324950609,1,5,1,2.0,1,1,1,1,1,0,1,Male,4,White
2013367077.0,19,Iowa,3201890,19113,Linn,228878.0,3.65418702273138,,2,4,1,2.0,0,0,0,0,0,0,0,Female,3,White
2033156499.0,19,Iowa,3201890,19095,Iowa,16514.0,2.01488218297147,2.1594213193,2,6,1,2.0,1,0,1,0,0,1,0,Female,4,White
2044345647.0,19,Iowa,3201890,19193,Woodbury,105712.0,1.85285098052299,,1,1,1,2.0,0,1,0,0,1,0,0,Male,1,White
2001577739.0,19,Iowa,3201890,19113,Linn,228878.0,3.67999107510882,,1,5,1,2.0,0,0,0,0,0,1,0,Male,4,White
2037501137.0,19,Iowa,3201890,19103,Johnson,156681.0,6.27091320292353,,2,4,2,2.0,0,0,1,0,1,0,0,Female,3,Black
1992711625.0,19,Iowa,3201890,19181,Warren,54357.0,1.52693196161152,0.9072350912,1,6,1,2.0,0,0,0,0,0,1,0,Male,4,White
2012240251.0,19,Iowa,3201890,19097,Jackson,19333.0,1.32425397850511,2.6304847592,1,4,1,2.0,0,0,0,0,0,1,0,Male,3,White
2038445417.0,19,Iowa,3201890,19153,Polk,501174.0,1.24212707651951,0.9357906504,1,5,1,2.0,1,1,1,1,1,0,1,Male,4,White
2031167141.0,17,Illinois,12609577,17043,DuPage,924178.0,1.12156261084423,1.265015936,1,5,1,2.0,0,0,0,0,0,1,0,Male,4,White
2021899689.0,17,Illinois,12609577,17167,Sangamon,194221.0,0.825302006198542,0.8615394777000001,1,6,1,2.0,1,1,1,0,0,0,1,Male,4,White
2015109399.0,17,Illinois,12609577,17197,Will,699112.0,0.460410562434588,,1,2,1,2.0,1,1,1,1,1,0,1,Male,2,White
2037348249.0,17,Illinois,12609577,17043,DuPage,924178.0,9.78092810063832,,2,3,1,2.0,0,0,0,0,0,1,0,Female,3,White
2033364063.0,17,Illinois,12609577,17031,Cook,5127866.0,0.49984044760087,0.6227418232,2,1,2,2.0,0,1,1,0,0,0,1,Female,1,Black
2016596913.0,17,Illinois,12609577,17031,Cook,5127866.0,3.34978227902982,0.8593658764000001,2,5,1,2.0,1,1,1,1,1,0,1,Female,4,White
2039581679.0,17,Illinois,12609577,17031,Cook,5127866.0,0.733468656104742,0.737593276,2,6,1,2.0,1,1,1,1,1,1,1,Female,4,White
2011554879.0,17,Illinois,12609577,17197,Will,699112.0,4.89138472655657,,2,6,1,2.0,1,0,0,0,0,1,0,Female,4,White
2007105883.0,17,Illinois,12609577,17031,Cook,5127866.0,2.27369520354284,1.1273214232,2,5,3,1.0,1,1,1,1,1,0,1,Female,4,Hispanic
2029621765.0,17,Illinois,12609577,17113,McLean,171054.0,1.87831089152312,1.3953724637,1,2,1,2.0,1,1,1,1,0,0,1,Male,2,White
2043994035.0,17,Illinois,12609577,17031,Cook,5127866.0,3.15025710925602,,2,3,4,2.0,0,1,1,1,0,0,0,Female,3,Other
2011008745.0,17,Illinois,12609577,17115,Macon,101182.0,1.92240490743671,1.5437550713,1,6,1,2.0,1,0,1,0,0,1,0,Male,4,White
2011897821.0,17,Illinois,12609577,17031,Cook,5127866.0,0.903178096925867,0.8539453282,2,5,1,2.0,1,1,1,1,1,0,1,Female,4,White
1999953811.0,17,Illinois,12609577,17031,Cook,5127866.0,7.8595013953707,4.8885215971,2,1,2,2.0,1,1,1,1,1,0,1,Female,1,Black
2037973701.0,17,Illinois,12609577,17031,Cook,5127866.0,0.730442798579743,0.7721306205,2,4,1,2.0,1,1,1,1,1,0,1,Female,3,White
2011470475.0,17,Illinois,12609577,17197,Will,699112.0,2.15381771998295,,2,5,1,2.0,0,0,0,0,0,1,0,Female,4,White
2020163901.0,17,Illinois,12609577,17111,McHenry,311889.0,0.893087259000947,0.9329152449,1,2,1,2.0,1,1,0,1,0,1,0,Male,2,White
2040050723.0,17,Illinois,12609577,17031,Cook,5127866.0,0.664978388353686,0.764629687,4,4,3,1.0,1,1,1,1,1,0,1,,3,Hispanic
1984943841.0,17,Illinois,12609577,17113,McLean,171054.0,1.12513961598801,2.4793867105,1,2,1,2.0,1,1,1,1,1,1,1,Male,2,White
2022648961.0,17,Illinois,12609577,17031,Cook,5127866.0,0.409156773924606,,2,2,2,2.0,1,1,0,1,1,0,1,Female,2,Black
2021244745.0,17,Illinois,12609577,17141,Ogle,51441.0,1.091235256594,1.7665503533,1,5,1,2.0,1,1,1,1,1,1,1,Male,4,White
2037336673.0,17,Illinois,12609577,17031,Cook,5127866.0,4.6872705444487,,1,3,3,,1,1,1,1,1,0,0,Male,3,Hispanic
2014558293.0,17,Illinois,12609577,17031,Cook,5127866.0,0.493225496806604,0.6355554849,2,3,1,2.0,1,1,1,1,1,0,1,Female,3,White
2014137101.0,17,Illinois,12609577,17011,Bureau,32855.0,0.730442798579743,0.7721306205,2,4,1,2.0,1,1,1,1,1,1,1,Female,3,White
2004514207.0,17,Illinois,12609577,17141,Ogle,51441.0,0.9425402017331,1.3372629449,2,4,1,2.0,1,1,1,1,1,0,1,Female,3,White
2034457335.0,17,Illinois,12609577,17061,Greene,11636.0,0.470314073028204,0.5206612373,1,5,1,2.0,1,1,1,1,1,0,1,Male,4,White
2036688835.0,17,Illinois,12609577,17031,Cook,5127866.0,4.85121838326704,,1,2,3,,1,1,1,1,0,1,0,Male,2,Hispanic
2013930647.0,17,Illinois,12609577,17199,Williamson,66544.0,2.44976592728094,2.0302926339,1,2,3,1.0,1,1,1,1,1,1,1,Male,2,Hispanic
2038678977.0,17,Illinois,12609577,17195,Whiteside,54552.0,0.575221758836205,0.6501337909,1,2,1,2.0,1,1,1,1,0,0,1,Male,2,White
1984212179.0,17,Illinois,12609577,17021,Christian,33588.0,1.31187734962936,1.6866573477,2,3,1,2.0,0,0,1,0,1,0,0,Female,3,White
2013123127.0,17,Illinois,12609577,17113,McLean,171054.0,2.1082994605871,,2,5,3,1.0,1,1,1,1,1,1,1,Female,4,Hispanic
2022170465.0,17,Illinois,12609577,17189,Washington,13651.0,2.15381771998295,2.0246004197,2,5,1,2.0,1,0,1,0,1,1,1,Female,4,White
2013613423.0,17,Illinois,12609577,17197,Will,699112.0,1.18862358223862,1.1951714098,1,2,1,2.0,0,0,0,0,1,1,0,Male,2,White
2011591939.0,17,Illinois,12609577,17141,Ogle,51441.0,6.28117558542315,,2,2,1,2.0,1,1,1,1,1,1,1,Female,2,White
2017027893.0,17,Illinois,12609577,17093,Kendall,137557.0,0.842700155780465,0.987433804,1,5,1,2.0,0,0,0,0,0,1,0,Male,4,White
2009258393.0,17,Illinois,12609577,17031,Cook,5127866.0,0.493225496806604,0.6355554849,2,3,1,2.0,1,1,1,1,1,1,1,Female,3,White
2021917595.0,17,Illinois,12609577,17019,Champaign,208056.0,2.9513938808197,2.3762113366,1,6,4,2.0,1,1,1,1,1,0,1,Male,4,Other
2033259195.0,17,Illinois,12609577,17201,Winnebago,281767.0,0.882423569477301,,1,3,6,2.0,1,1,1,1,0,0,1,Male,3,Other
2023535203.0,17,Illinois,12609577,17043,DuPage,924178.0,1.09234454077755,0.5861208387,1,5,6,1.0,0,1,0,1,1,1,0,Male,4,Hispanic
1998749609.0,17,Illinois,12609577,17179,Tazewell,129891.0,1.03067182884513,1.1259214102,1,2,1,2.0,0,0,0,0,0,1,0,Male,2,White
2038231161.0,17,Illinois,12609577,17031,Cook,5127866.0,1.02754452264392,1.0270566537,2,2,1,2.0,0,0,0,0,0,1,0,Female,2,White
2008208855.0,17,Illinois,12609577,17031,Cook,5127866.0,2.70840625028165,,1,4,2,2.0,1,1,1,1,1,1,0,Male,3,Black
2035497825.0,17,Illinois,12609577,17043,DuPage,924178.0,0.14826815385301,,1,3,7,2.0,0,1,1,0,1,1,0,Male,3,Other
2014035043.0,17,Illinois,12609577,17201,Winnebago,281767.0,0.493225496806604,0.6355554849,2,3,1,2.0,1,1,1,1,1,1,1,Female,3,White
2036546697.0,17,Illinois,12609577,17201,Winnebago,281767.0,1.71025787336969,,1,1,1,2.0,0,1,1,0,1,1,0,Male,1,White
2009785219.0,17,Illinois,12609577,17061,Greene,11636.0,0.349249230405348,0.4657556885,1,3,1,2.0,0,1,1,0,1,1,1,Male,3,White
2009787853.0,17,Illinois,12609577,17031,Cook,5127866.0,1.94111532490362,,1,5,1,2.0,0,0,0,0,0,1,0,Male,4,White
2018705135.0,17,Illinois,12609577,17203,Woodford,38233.0,1.31187734962936,2.3641000448,2,4,1,2.0,0,0,0,0,1,1,0,Female,3,White
1995166533.0,17,Illinois,12609577,17031,Cook,5127866.0,0.633721897560968,,2,5,4,2.0,1,1,1,1,1,0,1,Female,4,Other
2011240387.0,17,Illinois,12609577,17031,Cook,5127866.0,0.586484380604669,0.4576803596,1,2,1,2.0,0,0,0,0,0,1,0,Male,2,White
2034473749.0,17,Illinois,12609577,17031,Cook,5127866.0,0.552470925385813,,1,2,2,2.0,1,1,1,0,0,0,1,Male,2,Black
2038246509.0,17,Illinois,12609577,17089,Kane,515285.0,1.30879404944992,1.2126577641,2,3,1,2.0,0,0,0,0,0,1,0,Female,3,White
1998546481.0,17,Illinois,12609577,17113,McLean,171054.0,0.447868308970333,0.519107687,1,5,1,2.0,1,1,1,1,1,0,1,Male,4,White
2039505533.0,17,Illinois,12609577,17079,Jasper,9177.0,1.48035152660615,1.8824980546,1,4,1,2.0,0,0,0,0,0,1,0,Male,3,White
2037156065.0,17,Illinois,12609577,17199,Williamson,66544.0,14.6136602099999,4.9810418236,1,2,1,2.0,1,1,0,0,1,1,1,Male,2,White
2039307561.0,17,Illinois,12609577,17043,DuPage,924178.0,0.775512132612784,,1,3,2,2.0,1,1,1,1,1,1,1,Male,3,Black
2032934137.0,17,Illinois,12609577,17031,Cook,5127866.0,1.60345988826242,,2,4,2,2.0,0,0,0,1,1,1,1,Female,3,Black
2031122311.0,17,Illinois,12609577,17031,Cook,5127866.0,9.49517667461958,,2,5,2,2.0,1,1,0,0,0,0,1,Female,4,Black
2022031233.0,17,Illinois,12609577,17089,Kane,515285.0,0.66132372149427,0.7011779376,2,5,1,2.0,1,1,1,0,1,0,1,Female,4,White
2030499263.0,17,Illinois,12609577,17031,Cook,5127866.0,0.223845694965368,,2,3,2,2.0,1,0,0,1,1,1,0,Female,3,Black
2041518351.0,17,Illinois,12609577,17081,Jefferson,36458.0,6.12733451684575,,1,5,1,2.0,1,1,1,1,1,1,1,Male,4,White
1998949407.0,17,Illinois,12609577,17115,Macon,101182.0,3.09981781672165,,1,3,1,2.0,1,1,1,1,1,0,1,Male,3,White
2012820701.0,17,Illinois,12609577,17197,Will,699112.0,0.832858086016217,0.9603402785,1,3,1,2.0,0,0,0,0,0,1,0,Male,3,White
1997460107.0,17,Illinois,12609577,17197,Will,699112.0,4.08142190040637,,2,2,1,2.0,0,1,1,1,0,1,1,Female,2,White
2042949907.0,17,Illinois,12609577,17163,St. Clair,252830.0,2.03509283659756,,2,2,1,2.0,1,1,0,0,0,1,0,Female,2,White
2016376607.0,17,Illinois,12609577,17077,Jackson,52729.0,3.83606157146084,,1,2,1,2.0,1,1,1,1,1,1,0,Male,2,White
2038641643.0,17,Illinois,12609577,17031,Cook,5127866.0,5.98373318969207,,1,2,1,2.0,1,1,1,1,1,0,1,Male,2,White
2003925303.0,17,Illinois,12609577,17031,Cook,5127866.0,2.696847581298,2.2986973375,1,2,3,1.0,1,1,1,1,1,0,1,Male,2,Hispanic
2037307807.0,17,Illinois,12609577,17201,Winnebago,281767.0,7.67255506585141,,1,3,1,2.0,0,0,1,1,1,0,0,Male,3,White
2039694597.0,17,Illinois,12609577,17031,Cook,5127866.0,3.89423286617837,0.652336789,1,2,2,2.0,1,1,1,1,1,0,1,Male,2,Black
1995972749.0,17,Illinois,12609577,17031,Cook,5127866.0,1.39462673887827,,1,5,1,2.0,1,1,1,1,0,0,1,Male,4,White
2030150405.0,17,Illinois,12609577,17031,Cook,5127866.0,0.297886221656551,0.7100342390000001,2,5,1,2.0,1,1,1,1,1,0,1,Female,4,White
2014490205.0,17,Illinois,12609577,17031,Cook,5127866.0,1.01926531382811,0.7408190669,2,5,1,2.0,1,1,1,1,1,0,1,Female,4,White
2030490977.0,17,Illinois,12609577,17031,Cook,5127866.0,1.88002498074511,,2,1,1,2.0,1,1,0,0,0,0,1,Female,1,White
2021321041.0,17,Illinois,12609577,17031,Cook,5127866.0,1.37559025702762,,2,4,7,2.0,1,1,1,1,1,0,1,Female,3,Other
2012053401.0,17,Illinois,12609577,17201,Winnebago,281767.0,6.28117558542315,,2,2,1,2.0,0,0,1,0,0,1,0,Female,2,White
2000466595.0,17,Illinois,12609577,17197,Will,699112.0,1.44442307483005,1.2050092803,1,6,1,2.0,0,0,0,0,0,1,0,Male,4,White
1999198455.0,17,Illinois,12609577,17043,DuPage,924178.0,1.5108036969635,,1,5,1,2.0,1,1,1,1,1,1,1,Male,4,White
1998403241.0,17,Illinois,12609577,17031,Cook,5127866.0,7.67255506585141,1.8822958122,1,3,1,2.0,1,1,1,1,1,0,1,Male,3,White
2029574083.0,17,Illinois,12609577,17031,Cook,5127866.0,0.294612634717403,,2,4,2,1.0,1,1,1,1,1,1,1,Female,3,Black
2014523155.0,17,Illinois,12609577,17031,Cook,5127866.0,0.35357939765412,,1,3,2,2.0,1,1,1,1,1,1,1,Male,3,Black
2011317899.0,17,Illinois,12609577,17063,Grundy,53145.0,4.49495676141161,1.6504384914,2,4,1,2.0,1,1,1,1,1,1,1,Female,3,White
2031490233.0,17,Illinois,12609577,17031,Cook,5127866.0,0.453297502109448,,2,2,2,2.0,1,1,1,1,1,1,1,Female,2,Black
2031437213.0,17,Illinois,12609577,17097,Lake,712412.0,1.44442307483005,1.2050092803,1,6,1,2.0,0,0,0,0,0,1,0,Male,4,White
2020872347.0,17,Illinois,12609577,17043,DuPage,924178.0,0.903178096925867,0.8539453282,2,5,1,2.0,1,1,1,1,1,0,1,Female,4,White
2042331009.0,17,Illinois,12609577,17031,Cook,5127866.0,4.39424200122725,,2,3,1,2.0,1,1,1,1,1,1,1,Female,3,White
2015040131.0,17,Illinois,12609577,17031,Cook,5127866.0,0.518224739888516,1.0380097023,2,3,2,2.0,1,1,1,1,1,1,0,Female,3,Black
2038246407.0,17,Illinois,12609577,17197,Will,699112.0,1.24935425789781,1.1407822803,2,6,1,2.0,1,1,1,1,0,0,1,Female,4,White
1998350537.0,17,Illinois,12609577,17105,Livingston,35542.0,1.74599776120254,,2,3,1,2.0,0,0,0,0,1,1,0,Female,3,White
2034711669.0,17,Illinois,12609577,17001,Adams,64557.0,7.78496415615793,,2,2,1,2.0,1,1,0,0,0,0,0,Female,2,White
2044952673.0,17,Illinois,12609577,17163,St. Clair,252830.0,0.848906248335168,,1,2,1,2.0,1,1,1,1,1,0,1,Male,2,White
2036926417.0,17,Illinois,12609577,17043,DuPage,924178.0,2.82480124381017,2.4886829382,1,6,4,2.0,1,1,0,0,1,1,1,Male,4,Other
2025238789.0,17,Illinois,12609577,17031,Cook,5127866.0,1.82918131145958,1.4164034681,2,2,2,2.0,1,1,0,0,1,1,1,Female,2,Black
2029134287.0,17,Illinois,12609577,17037,DeKalb,100185.0,4.89390688335121,,2,3,2,2.0,1,1,1,1,0,0,1,Female,3,Black
2014553945.0,17,Illinois,12609577,17089,Kane,515285.0,0.173268019157247,0.4573821604,2,3,3,,1,1,1,1,1,1,1,Female,3,Hispanic
2031406205.0,17,Illinois,12609577,17151,Pope,3754.0,0.691073094784505,,2,3,1,2.0,1,1,1,1,0,0,0,Female,3,White
2035654363.0,17,Illinois,12609577,17043,DuPage,924178.0,0.915985890170223,,1,2,3,,1,1,1,1,1,1,1,Male,2,Hispanic
2045779765.0,17,Illinois,12609577,17185,Wabash,11061.0,0.233726520590023,,1,2,1,2.0,0,0,1,1,0,0,0,Male,2,White
2018809203.0,17,Illinois,12609577,17031,Cook,5127866.0,1.3675748244141,0.999212714,2,2,1,2.0,1,1,0,1,1,1,0,Female,2,White
1995920671.0,17,Illinois,12609577,17031,Cook,5127866.0,1.82918131145958,1.4164034681,2,2,2,2.0,1,1,1,1,1,1,1,Female,2,Black
2027163345.0,17,Illinois,12609577,17197,Will,699112.0,8.9930137586102,10.6296333864,2,1,6,1.0,1,1,1,1,1,0,1,Female,1,Hispanic
1999323061.0,17,Illinois,12609577,17031,Cook,5127866.0,1.48035152660615,1.8824980546,1,3,1,2.0,0,0,0,0,0,1,0,Male,3,White
2011786997.0,17,Illinois,12609577,17097,Lake,712412.0,1.44442307483005,1.2050092803,1,6,1,2.0,1,0,0,0,0,1,0,Male,4,White
2007800943.0,17,Illinois,12609577,17031,Cook,5127866.0,3.06168462088041,0.4592036791,2,5,2,2.0,0,0,1,1,0,0,0,Female,4,Black
2034633017.0,17,Illinois,12609577,17077,Jackson,52729.0,3.16111363803073,1.4576936116,2,3,1,2.0,1,1,1,1,1,0,1,Female,3,White
2009921015.0,17,Illinois,12609577,17031,Cook,5127866.0,1.61482072932892,0.9768391244,1,3,1,2.0,1,0,0,1,0,1,0,Male,3,White
2003547527.0,17,Illinois,12609577,17001,Adams,64557.0,1.74189414952577,1.5535536562,2,4,1,2.0,0,0,1,0,0,1,0,Female,3,White
1995684363.0,17,Illinois,12609577,17031,Cook,5127866.0,0.938718015004952,0.8904607085,2,6,1,2.0,1,1,1,1,1,0,1,Female,4,White
2039350313.0,17,Illinois,12609577,17031,Cook,5127866.0,1.92010358619051,,1,3,1,2.0,0,1,1,1,1,1,1,Male,3,White
2032396069.0,17,Illinois,12609577,17031,Cook,5127866.0,1.30879404944992,1.2126577641,2,4,1,2.0,1,0,0,0,1,1,1,Female,3,White
1995420763.0,17,Illinois,12609577,17031,Cook,5127866.0,0.188942452251146,0.5800741394,2,5,1,2.0,1,1,1,1,1,0,1,Female,4,White
1993772097.0,17,Illinois,12609577,17177,Stephenson,43720.0,1.74189414952577,1.5535536562,2,4,1,2.0,0,1,0,0,0,1,0,Female,3,White
2022182071.0,17,Illinois,12609577,17031,Cook,5127866.0,2.43521889388895,2.4418092103,2,6,4,2.0,1,1,1,1,1,0,1,Female,4,Other
2012865681.0,34,New Jersey,9298402,34011,Cumberland,152025.0,2.4235725816926,1.3119146419,1,5,2,2.0,1,1,1,1,1,0,1,Male,4,Black
2024885649.0,34,New Jersey,9298402,34013,Essex,855294.0,0.86823174881868,,2,2,3,,0,1,1,0,1,0,0,Female,2,Hispanic
2011057699.0,34,New Jersey,9298402,34037,Sussex,145668.0,1.99191998332003,1.411890351,2,3,1,2.0,0,0,0,0,0,1,0,Female,3,White
2041031515.0,34,New Jersey,9298402,34021,Mercer,387024.0,1.43713438764673,1.2633535196,1,5,1,2.0,0,0,0,0,0,1,0,Male,4,White
2009082439.0,34,New Jersey,9298402,34013,Essex,855294.0,0.700275804289288,0.6175542653,1,5,1,2.0,1,1,1,1,1,0,1,Male,4,White
2031149373.0,34,New Jersey,9298402,34007,Camden,525833.0,1.42334900850075,,2,2,2,2.0,1,1,1,1,1,1,1,Female,2,Black
1995731613.0,34,New Jersey,9298402,34021,Mercer,387024.0,0.454870355700628,0.4224209196,1,5,1,2.0,1,1,1,1,1,1,1,Male,4,White
2041059587.0,34,New Jersey,9298402,34031,Passaic,516941.0,0.226887814417931,0.2649905987,1,2,1,2.0,1,1,1,1,1,1,1,Male,2,White
2044179033.0,34,New Jersey,9298402,34011,Cumberland,152025.0,2.10549594854494,0.6307448552,1,3,2,2.0,1,1,1,1,1,0,1,Male,3,Black
2026742695.0,34,New Jersey,9298402,34003,Bergen,956251.0,3.74948357491588,,1,5,3,,1,1,0,1,0,0,1,Male,4,Hispanic
2015871315.0,34,New Jersey,9298402,34001,Atlantic,275872.0,1.41017174729842,,2,4,2,2.0,0,1,1,0,0,0,0,Female,3,Black
2011505685.0,34,New Jersey,9298402,34003,Bergen,956251.0,1.28815024232887,,2,6,1,2.0,1,1,1,1,0,1,1,Female,4,White
2037004929.0,34,New Jersey,9298402,34027,Morris,511860.0,0.639338781906627,0.717840475,1,3,1,2.0,0,0,1,0,1,1,0,Male,3,White
2033322493.0,34,New Jersey,9298402,34013,Essex,855294.0,3.36865300551611,,2,6,1,2.0,0,1,1,1,1,1,1,Female,4,White
2011539987.0,34,New Jersey,9298402,34039,Union,574934.0,1.77546771955254,0.5692970517,2,6,2,2.0,1,1,1,1,1,1,1,Female,4,Black
2014236607.0,34,New Jersey,9298402,34025,Monmouth,645026.0,1.96039535065578,0.8500775534,2,5,3,1.0,1,1,1,1,1,1,1,Female,4,Hispanic
2014235363.0,34,New Jersey,9298402,34003,Bergen,956251.0,1.07057801365077,1.0358095255,2,6,2,2.0,1,1,0,0,1,1,0,Female,4,Black
2036728025.0,34,New Jersey,9298402,34013,Essex,855294.0,2.91469163588868,,2,5,1,2.0,1,1,1,1,1,1,1,Female,4,White
2031209685.0,34,New Jersey,9298402,34003,Bergen,956251.0,2.06963905717631,,1,5,4,2.0,1,1,1,1,1,1,1,Male,4,Other
2028889395.0,34,New Jersey,9298402,34007,Camden,525833.0,1.07527767216834,,1,4,1,2.0,0,0,0,0,0,1,0,Male,3,White
2029095369.0,34,New Jersey,9298402,34027,Morris,511860.0,2.69902277003268,,1,2,1,2.0,0,1,1,1,1,1,0,Male,2,White
2012426371.0,34,New Jersey,9298402,34007,Camden,525833.0,1.32244024249361,1.0604670323,2,5,1,2.0,1,1,1,1,1,0,1,Female,4,White
2014302503.0,34,New Jersey,9298402,34025,Monmouth,645026.0,1.19291379585725,1.3788464124,2,5,1,2.0,1,1,1,1,1,1,1,Female,4,White
1995871069.0,34,New Jersey,9298402,34021,Mercer,387024.0,12.8253002165439,10.1893499084,2,5,4,2.0,1,1,1,1,1,1,1,Female,4,Other
2035560277.0,34,New Jersey,9298402,34017,Hudson,707743.0,3.33939693078001,,2,2,1,1.0,0,0,0,0,0,0,1,Female,2,Hispanic
2013724497.0,34,New Jersey,9298402,34025,Monmouth,645026.0,1.13834468972103,1.1311433991,2,3,1,2.0,0,0,0,0,0,1,0,Female,3,White
2015069307.0,34,New Jersey,9298402,34029,Ocean,656066.0,0.480375224619568,0.5603249182,1,3,1,2.0,0,1,0,0,0,1,0,Male,3,White
2012045733.0,34,New Jersey,9298402,34027,Morris,511860.0,1.20657021446531,1.0055983111,2,5,1,2.0,0,0,0,0,0,1,0,Female,4,White
2011287833.0,34,New Jersey,9298402,34029,Ocean,656066.0,1.35912739200529,0.8857129491,1,4,1,2.0,1,0,0,1,1,0,1,Male,3,White
2023099099.0,34,New Jersey,9298402,34007,Camden,525833.0,4.54504446607555,0.7049707896,2,2,3,,1,1,1,1,1,1,1,Female,2,Hispanic
2011816875.0,34,New Jersey,9298402,34003,Bergen,956251.0,0.748294494895274,0.8600724636,2,5,1,2.0,1,1,1,1,1,0,1,Female,4,White
1997800625.0,34,New Jersey,9298402,34005,Burlington,467822.0,0.905385381484887,0.9694814413,1,6,1,2.0,0,0,0,0,1,1,0,Male,4,White
2034764531.0,34,New Jersey,9298402,34013,Essex,855294.0,0.577474541689964,0.8927072892000001,2,4,3,,1,1,1,1,0,0,1,Female,3,Hispanic
2013981671.0,34,New Jersey,9298402,34021,Mercer,387024.0,0.391367126733848,0.527589089,1,3,2,2.0,1,1,1,1,1,0,1,Male,3,Black
2013908479.0,34,New Jersey,9298402,34003,Bergen,956251.0,2.33861926181356,,2,2,1,2.0,1,1,1,1,1,1,1,Female,2,White
2015241923.0,34,New Jersey,9298402,34011,Cumberland,152025.0,0.249183978673079,,1,1,2,2.0,0,0,0,1,0,1,1,Male,1,Black
2036913693.0,34,New Jersey,9298402,34027,Morris,511860.0,4.24121740698288,2.8297020127,1,5,1,2.0,1,1,1,1,1,0,1,Male,4,White
2013227989.0,34,New Jersey,9298402,34007,Camden,525833.0,1.01692020409862,1.2752484635,1,5,1,2.0,1,1,1,1,1,0,1,Male,4,White
2034632757.0,34,New Jersey,9298402,34027,Morris,511860.0,0.205503248847151,,2,3,6,2.0,1,1,1,1,0,0,1,Female,3,Other
2042599497.0,34,New Jersey,9298402,34003,Bergen,956251.0,3.14163923776348,,2,2,2,2.0,0,1,1,0,0,0,1,Female,2,Black
2030476107.0,34,New Jersey,9298402,34031,Passaic,516941.0,3.31362320679182,,2,4,6,1.0,1,0,1,1,1,1,1,Female,3,Hispanic
2011988907.0,34,New Jersey,9298402,34025,Monmouth,645026.0,1.49665410028468,1.1020796027,2,3,1,2.0,0,0,0,0,0,0,0,Female,3,White
2033506815.0,34,New Jersey,9298402,34005,Burlington,467822.0,1.64927806255844,7.5157200072,2,1,1,2.0,0,1,0,0,1,1,0,Female,1,White
2014086665.0,34,New Jersey,9298402,34017,Hudson,707743.0,5.48122844734879,,2,2,2,2.0,1,1,0,0,1,1,1,Female,2,Black
2014705255.0,34,New Jersey,9298402,34013,Essex,855294.0,2.93331854768696,,1,1,2,2.0,0,1,0,1,0,1,1,Male,1,Black
2018483605.0,34,New Jersey,9298402,34021,Mercer,387024.0,2.61434368419818,,2,6,4,2.0,1,1,1,1,1,1,1,Female,4,Other
2013350581.0,34,New Jersey,9298402,34033,Salem,65110.0,0.674503359221487,1.3275251228,1,3,1,2.0,1,1,1,1,1,0,1,Male,3,White
1999036983.0,34,New Jersey,9298402,34003,Bergen,956251.0,1.84638660702966,,1,1,1,2.0,1,1,1,1,1,1,1,Male,1,White
2001280021.0,34,New Jersey,9298402,34017,Hudson,707743.0,4.68487354695905,,2,5,1,2.0,1,1,1,1,1,1,0,Female,4,White
2014017459.0,34,New Jersey,9298402,34017,Hudson,707743.0,3.96101913547723,,1,5,1,2.0,1,1,1,1,1,0,1,Male,4,White
2022031795.0,34,New Jersey,9298402,34013,Essex,855294.0,0.671421151769262,0.9830579457,2,5,1,1.0,1,1,1,1,1,0,1,Female,4,Hispanic
2042330089.0,34,New Jersey,9298402,34029,Ocean,656066.0,1.12326027883813,1.665296953,2,5,1,2.0,0,0,0,0,1,1,1,Female,4,White
1995467229.0,34,New Jersey,9298402,34039,Union,574934.0,1.01692020409862,1.2752484635,1,5,1,2.0,1,1,1,1,1,1,1,Male,4,White
2027059609.0,34,New Jersey,9298402,34011,Cumberland,152025.0,2.69902277003268,,1,2,1,2.0,1,1,0,0,1,1,1,Male,2,White
1993234491.0,34,New Jersey,9298402,34007,Camden,525833.0,3.62709816729762,2.5423284919,1,6,1,2.0,1,1,1,1,0,0,1,Male,4,White
2012238197.0,34,New Jersey,9298402,34005,Burlington,467822.0,6.2760198048384,7.7588101773,1,2,1,1.0,1,1,0,1,0,0,1,Male,2,Hispanic
2000159241.0,34,New Jersey,9298402,34015,Gloucester,306718.0,0.782482779392391,0.6453484434,2,5,1,2.0,1,1,1,1,1,1,1,Female,4,White
2011200217.0,34,New Jersey,9298402,34039,Union,574934.0,1.37538095744839,,1,5,3,1.0,1,1,1,0,1,1,1,Male,4,Hispanic
2012728761.0,34,New Jersey,9298402,34015,Gloucester,306718.0,0.3478605647467,0.4398066406,2,3,1,2.0,1,1,1,0,1,1,0,Female,3,White
2013864191.0,34,New Jersey,9298402,34005,Burlington,467822.0,2.18603276724288,,2,5,4,2.0,1,1,1,1,1,1,1,Female,4,Other
2019674763.0,34,New Jersey,9298402,34031,Passaic,516941.0,3.04410079673671,,1,3,3,,1,1,1,1,1,1,1,Male,3,Hispanic
1981981503.0,34,New Jersey,9298402,34003,Bergen,956251.0,1.49665410028468,1.1020796027,2,3,1,2.0,0,1,0,0,1,1,0,Female,3,White
2007799395.0,34,New Jersey,9298402,34021,Mercer,387024.0,0.428150213873593,0.5042315729,1,3,1,2.0,1,1,1,1,1,0,1,Male,3,White
1999178139.0,34,New Jersey,9298402,34021,Mercer,387024.0,1.23874053740852,,1,6,1,2.0,1,0,0,0,0,1,0,Male,4,White
2021061683.0,34,New Jersey,9298402,34013,Essex,855294.0,2.49927016885647,1.4478378133,1,2,2,2.0,0,1,1,1,1,1,0,Male,2,Black
2013724033.0,34,New Jersey,9298402,34003,Bergen,956251.0,3.22555391628417,0.6835497511,2,5,1,2.0,1,1,1,1,1,1,1,Female,4,White
2011260253.0,34,New Jersey,9298402,34025,Monmouth,645026.0,0.803345820273696,0.8535835224,1,6,1,2.0,1,0,0,1,1,1,1,Male,4,White
1993676605.0,34,New Jersey,9298402,34021,Mercer,387024.0,2.61434368419818,,2,6,4,2.0,1,1,1,1,1,1,1,Female,4,Other
2042639969.0,34,New Jersey,9298402,34009,Cape May,95165.0,0.848557643904406,,2,2,1,2.0,1,1,1,0,1,1,1,Female,2,White
1999743195.0,34,New Jersey,9298402,34013,Essex,855294.0,2.21542839600819,1.5953791585,1,5,4,2.0,0,0,0,0,0,1,0,Male,4,Other
2001258667.0,34,New Jersey,9298402,34015,Gloucester,306718.0,0.803345820273696,0.8535835224,1,6,1,2.0,1,1,1,1,1,0,1,Male,4,White
2004221415.0,34,New Jersey,9298402,34013,Essex,855294.0,2.49927016885647,,3,2,2,2.0,1,1,1,1,0,0,1,,2,Black
2044065571.0,34,New Jersey,9298402,34025,Monmouth,645026.0,0.970607467464088,0.8334057069,2,3,1,2.0,1,1,1,1,1,0,1,Female,3,White
2026701267.0,34,New Jersey,9298402,34003,Bergen,956251.0,0.50679657149282,,1,4,1,2.0,0,1,1,1,0,0,1,Male,3,White
2023705049.0,34,New Jersey,9298402,34025,Monmouth,645026.0,11.7851819717476,6.9394851553,2,1,2,2.0,1,1,1,1,1,1,1,Female,1,Black
2045005451.0,34,New Jersey,9298402,34031,Passaic,516941.0,1.36872078781385,0.6685224984,2,2,3,,1,0,1,1,1,1,1,Female,2,Hispanic
1999002347.0,34,New Jersey,9298402,34023,Middlesex,864552.0,1.12722150409579,,2,6,1,2.0,1,0,0,1,0,0,0,Female,4,White
2043965605.0,34,New Jersey,9298402,34013,Essex,855294.0,2.49927016885647,,1,2,2,2.0,0,0,1,1,0,0,0,Male,2,Black
2010015239.0,34,New Jersey,9298402,34021,Mercer,387024.0,0.50679657149282,1.0362266155,1,3,1,2.0,1,1,1,1,1,0,1,Male,3,White
2026954973.0,34,New Jersey,9298402,34013,Essex,855294.0,3.14163923776348,,2,2,2,2.0,1,1,1,0,0,0,0,Female,2,Black
2014495919.0,34,New Jersey,9298402,34027,Morris,511860.0,0.675255201813598,0.7417602708000001,2,6,1,2.0,1,1,1,0,1,0,1,Female,4,White
2014558693.0,34,New Jersey,9298402,34031,Passaic,516941.0,6.21711475994089,2.7992299263,1,2,1,1.0,0,0,0,0,0,1,0,Male,2,Hispanic
2042328887.0,34,New Jersey,9298402,34025,Monmouth,645026.0,0.480375224619568,0.5603249182,1,3,1,2.0,0,0,0,0,0,1,0,Male,3,White
2008881447.0,34,New Jersey,9298402,34023,Middlesex,864552.0,0.449294133376675,0.4216123079,2,5,2,2.0,1,1,1,1,0,0,1,Female,4,Black
2043494259.0,35,New Mexico,2112859,35013,DoÃ±a Ana,,0.669937839683485,0.4751269819,1,4,7,1.0,0,0,0,0,1,1,0,Male,3,Hispanic
2016043539.0,35,New Mexico,2112859,35001,Bernalillo,672636.0,0.789925205205327,0.9893974844,2,5,1,2.0,0,0,0,0,0,1,0,Female,4,White
2032936961.0,35,New Mexico,2112859,35043,Sandoval,153386.0,2.37223489319251,,1,4,3,,1,1,1,1,0,1,1,Male,3,Hispanic
2042374697.0,35,New Mexico,2112859,35013,DoÃ±a Ana,,3.32390605083723,8.0491767028,2,3,1,2.0,0,0,0,0,0,1,0,Female,3,White
1997716335.0,35,New Mexico,2112859,35035,Otero,68851.0,4.60380678535994,5.5645494774,1,2,5,2.0,0,0,0,0,0,1,0,Male,2,Other
2040051907.0,35,New Mexico,2112859,35013,DoÃ±a Ana,,2.43800676818815,,2,2,3,1.0,1,1,1,0,1,1,0,Female,2,Hispanic
2030196871.0,35,New Mexico,2112859,35001,Bernalillo,672636.0,6.09587175984427,,1,1,1,2.0,1,1,1,1,1,0,1,Male,1,White
2034465945.0,35,New Mexico,2112859,35013,DoÃ±a Ana,,7.42263983768221,0.4027162685,1,2,3,,1,0,0,1,1,1,1,Male,2,Hispanic
2007912121.0,35,New Mexico,2112859,35029,Luna,25645.0,4.95643682649484,0.8573486239,1,4,7,1.0,0,0,0,0,0,1,0,Male,3,Hispanic
2029187849.0,35,New Mexico,2112859,35005,Chaves,63873.0,6.06881437407094,1.0447860606,2,2,3,,0,1,1,1,1,1,1,Female,2,Hispanic
2034499009.0,35,New Mexico,2112859,35013,DoÃ±a Ana,,6.06881437407094,,2,2,3,,1,1,1,1,0,1,0,Female,2,Hispanic
2021916545.0,35,New Mexico,2112859,35043,Sandoval,153386.0,0.451894394208746,0.5302283073,1,5,1,2.0,1,1,1,1,1,1,1,Male,4,White
2013901863.0,35,New Mexico,2112859,35057,Torrance,15398.0,5.8571060926483,,2,6,1,2.0,1,1,1,1,1,1,1,Female,4,White
2039030945.0,35,New Mexico,2112859,35055,Taos,34590.0,0.451894394208746,0.5302283073,1,5,1,2.0,1,1,1,1,1,0,1,Male,4,White
1995938725.0,35,New Mexico,2112859,35001,Bernalillo,672636.0,1.31012965219263,1.2198591821,1,3,6,2.0,1,1,1,1,1,0,1,Male,3,Other
2036915421.0,35,New Mexico,2112859,35001,Bernalillo,672636.0,0.302450329745401,14.8533528404,1,1,3,1.0,0,1,0,1,0,1,0,Male,1,Hispanic
1982809175.0,35,New Mexico,2112859,35005,Chaves,63873.0,0.718575768120369,0.8996937781000001,2,4,1,2.0,1,1,1,1,1,0,1,Female,3,White
2010011935.0,35,New Mexico,2112859,35001,Bernalillo,672636.0,1.83307302143005,1.7208538548,2,5,6,2.0,1,0,0,0,0,1,1,Female,4,Other
2034499637.0,35,New Mexico,2112859,35006,Cibola,26761.0,7.3330556497476,,2,1,3,,1,0,0,0,1,1,1,Female,1,Hispanic
1997123173.0,29,Missouri,6179285,29225,Webster,40367.0,1.66937080724203,0.6944866764000001,2,2,1,2.0,1,1,0,0,1,1,0,Female,2,White
2023362979.0,29,Missouri,6179285,29101,Johnson,54406.0,5.86957891297192,8.7398306422,2,1,1,2.0,0,0,0,0,0,1,0,Female,1,White
2031254999.0,29,Missouri,6179285,29153,Ozark,8974.0,1.42808758262599,0.9907890523,1,6,1,2.0,0,0,0,0,0,1,0,Male,4,White
2014266441.0,29,Missouri,6179285,29189,St. Louis,991719.0,0.696654018314099,0.6616780999,2,3,1,2.0,1,1,1,1,1,0,1,Female,3,White
2031598225.0,29,Missouri,6179285,29510,St. Louis city,286509.0,0.920077883022869,,1,4,2,2.0,0,1,0,1,0,1,0,Male,3,Black
2023858477.0,29,Missouri,6179285,29021,Buchanan,83011.0,1.03387512053772,,1,3,3,,1,1,0,0,1,1,0,Male,3,Hispanic
2010593543.0,29,Missouri,6179285,29073,Gasconade,14799.0,8.06491741206707,,2,3,1,2.0,1,0,0,0,0,1,1,Female,3,White
2021986673.0,29,Missouri,6179285,29099,Jefferson,229270.0,0.935874371452143,0.8665807733,1,5,1,2.0,0,0,0,0,0,1,0,Male,4,White
2039664445.0,29,Missouri,6179285,29213,Taney,56748.0,1.78647211131726,1.0357458548,2,5,1,2.0,1,1,1,1,1,0,1,Female,4,White
2030243967.0,29,Missouri,6179285,29215,Texas,25284.0,3.95402779687644,,1,3,1,2.0,0,0,0,0,0,1,0,Male,3,White
2016898837.0,29,Missouri,6179285,29095,Jackson,717037.0,1.22454581927477,,1,3,2,2.0,1,1,1,0,1,1,1,Male,3,Black
2013252087.0,29,Missouri,6179285,29107,Lafayette,32944.0,0.845817938593868,0.8067438707,2,4,1,2.0,1,1,1,1,1,1,1,Female,3,White
1998569019.0,29,Missouri,6179285,29077,Greene,303279.0,1.1101690534977,0.353495836,2,2,1,2.0,1,0,1,0,1,1,1,Female,2,White
2011008099.0,29,Missouri,6179285,29187,St. Francois,66916.0,1.40182851722009,0.7429497046,1,5,1,2.0,1,1,1,1,1,1,1,Male,4,White
1984383791.0,29,Missouri,6179285,29001,Adair,25124.0,0.660070971195131,0.5544585393,1,5,1,2.0,1,1,1,0,1,0,1,Male,4,White
2045072603.0,29,Missouri,6179285,29095,Jackson,717037.0,0.731667370368817,0.658117849,2,5,1,2.0,1,1,1,1,1,1,1,Female,4,White
2011059497.0,29,Missouri,6179285,29101,Johnson,54406.0,4.2292279670755,,2,5,1,2.0,1,1,1,1,1,1,1,Female,4,White
2036325197.0,29,Missouri,6179285,29189,St. Louis,991719.0,1.66787835310302,2.4065159231,2,4,1,2.0,1,1,1,1,1,1,1,Female,3,White
2009139009.0,29,Missouri,6179285,29183,St. Charles,413991.0,1.46938758978018,1.1267917617,2,6,1,2.0,1,1,1,1,1,1,1,Female,4,White
2012483085.0,29,Missouri,6179285,29161,Phelps,45196.0,1.43405405025911,,1,3,3,1.0,0,0,0,0,0,1,0,Male,3,Hispanic
2015241527.0,29,Missouri,6179285,29189,St. Louis,991719.0,1.31941776059617,,1,2,1,2.0,0,0,0,0,0,1,0,Male,2,White
2013495661.0,29,Missouri,6179285,29095,Jackson,717037.0,1.2559477328372,0.4021827273,1,5,4,2.0,1,1,1,1,1,1,1,Male,4,Other
2034972713.0,29,Missouri,6179285,29189,St. Louis,991719.0,1.66564341408331,1.2410056788,1,5,2,2.0,1,1,1,1,1,0,1,Male,4,Black
2043815119.0,29,Missouri,6179285,29073,Gasconade,14799.0,3.20808435668221,,1,2,6,2.0,1,1,0,0,1,1,1,Male,2,Other
2038246659.0,29,Missouri,6179285,29047,Clay,257034.0,0.927187558084466,0.8476855233,2,4,1,2.0,1,1,0,0,0,1,0,Female,3,White
2004054519.0,29,Missouri,6179285,29209,Stone,32144.0,0.487663727683061,0.7861444708,2,2,1,2.0,1,1,0,1,1,1,1,Female,2,White
2034799193.0,29,Missouri,6179285,29095,Jackson,717037.0,1.95936753350198,4.695395019,1,6,1,2.0,1,1,1,1,1,0,1,Male,4,White
2001854295.0,29,Missouri,6179285,29145,Newton,60079.0,0.795476391750481,0.9080162114,2,5,1,2.0,1,1,1,1,1,0,1,Female,4,White
2041162271.0,29,Missouri,6179285,29051,Cole,76952.0,9.15402279565802,3.0710690337,1,4,1,2.0,0,0,0,0,1,1,1,Male,3,White
2018733003.0,29,Missouri,6179285,29009,Barry,34968.0,1.31941776059617,1.1579996489,1,2,1,2.0,0,0,0,0,0,1,0,Male,2,White
2012317531.0,29,Missouri,6179285,29095,Jackson,717037.0,0.243678969569827,0.850811025,2,5,1,2.0,1,0,0,0,1,1,0,Female,4,White
2005607387.0,29,Missouri,6179285,29213,Taney,56748.0,4.41018184495642,4.6998949508,2,1,1,2.0,0,0,0,0,1,1,0,Female,1,White
1984417997.0,29,Missouri,6179285,29071,Franklin,105854.0,1.36334256893174,0.9485281811,2,3,1,2.0,1,1,1,1,1,0,1,Female,3,White
2011864179.0,29,Missouri,6179285,29165,Platte,110567.0,1.9687805557521,,2,3,7,2.0,0,0,0,0,1,1,0,Female,3,Other
2035596537.0,29,Missouri,6179285,29095,Jackson,717037.0,1.79578328660709,,2,1,1,2.0,1,1,1,0,1,0,0,Female,1,White
2044268875.0,29,Missouri,6179285,29021,Buchanan,83011.0,6.78164214551127,,1,2,2,2.0,1,1,0,1,0,0,0,Male,2,Black
1998407787.0,29,Missouri,6179285,29045,Clark,6728.0,0.70318096465432,0.6764271699000001,1,5,1,2.0,1,0,0,0,0,1,0,Male,4,White
2012014753.0,29,Missouri,6179285,29189,St. Louis,991719.0,0.981509547597576,,2,6,1,2.0,1,1,1,1,1,0,1,Female,4,White
2021183921.0,29,Missouri,6179285,29095,Jackson,717037.0,0.324561238582804,,1,2,2,2.0,1,1,1,1,0,1,1,Male,2,Black
2013378037.0,29,Missouri,6179285,29185,St. Clair,9584.0,2.15360542085719,,1,5,2,,0,0,1,1,0,1,1,Male,4,Black
2021915753.0,29,Missouri,6179285,29187,St. Francois,66916.0,0.731667370368817,0.658117849,2,5,1,2.0,1,1,1,1,1,0,1,Female,4,White
2010107237.0,29,Missouri,6179285,29221,Washington,23386.0,0.696654018314099,0.6616780999,2,4,1,2.0,1,1,1,1,1,0,1,Female,3,White
2015759269.0,29,Missouri,6179285,29225,Webster,40367.0,0.706160780579119,1.1189725186,2,2,1,2.0,0,1,0,1,0,1,0,Female,2,White
2029042111.0,29,Missouri,6179285,29099,Jefferson,229270.0,1.83748438630967,1.6179072248000002,1,2,1,2.0,0,0,0,0,0,1,0,Male,2,White
2000012397.0,29,Missouri,6179285,29077,Greene,303279.0,0.695415065233313,7.3708276352,1,2,1,2.0,0,0,1,0,1,0,0,Male,2,White
2042329227.0,29,Missouri,6179285,29047,Clay,257034.0,0.935874371452143,0.8665807733,1,5,1,2.0,0,0,0,0,1,1,0,Male,4,White
2018385443.0,29,Missouri,6179285,29095,Jackson,717037.0,2.22172354314207,,2,2,1,2.0,1,1,1,1,1,1,1,Female,2,White
2036660837.0,29,Missouri,6179285,29095,Jackson,717037.0,0.688327247240067,0.4910862757,1,2,5,2.0,1,1,0,0,1,1,0,Male,2,Other
2029089297.0,29,Missouri,6179285,29510,St. Louis city,286509.0,1.1101690534977,,2,2,1,2.0,1,1,1,1,1,1,1,Female,2,White
2031421329.0,29,Missouri,6179285,29189,St. Louis,991719.0,2.89188375025838,,1,5,1,2.0,1,1,1,1,1,1,1,Male,4,White
2033177743.0,29,Missouri,6179285,29031,Cape Girardeau,82877.0,0.916472309063419,,1,2,1,2.0,1,0,0,0,0,0,0,Male,2,White
2024758637.0,29,Missouri,6179285,29510,St. Louis city,286509.0,7.06923093756036,3.4910643564,2,2,2,2.0,1,1,0,1,0,0,0,Female,2,Black
2012595599.0,29,Missouri,6179285,29510,St. Louis city,286509.0,0.357976829583802,0.7060718924,1,4,2,2.0,1,1,1,1,1,0,1,Male,3,Black
1998472013.0,29,Missouri,6179285,29189,St. Louis,991719.0,0.554036108278974,0.6470612244,1,3,1,2.0,0,0,0,0,0,1,0,Male,3,White
2024601021.0,29,Missouri,6179285,29077,Greene,303279.0,3.57362887436334,2.3341746889,1,1,1,2.0,0,0,1,0,1,1,1,Male,1,White
1996659875.0,29,Missouri,6179285,29011,Barton,11693.0,3.8102201030203,,1,4,1,2.0,0,0,0,0,1,1,0,Male,3,White
2011061683.0,28,Mississippi,2941237,28081,Lee,82959.0,1.22338566866999,1.5259700797,2,2,1,2.0,0,0,0,0,0,1,0,Female,2,White
1998060801.0,28,Mississippi,2941237,28087,Lowndes,57685.0,4.3712568698372,,2,4,2,2.0,0,0,1,0,0,0,0,Female,3,Black
2024048773.0,28,Mississippi,2941237,28035,Forrest,78240.0,2.70030406783104,,1,2,1,2.0,0,0,0,0,0,1,0,Male,2,White
2010115199.0,28,Mississippi,2941237,28151,Washington,42500.0,5.80629203846738,,2,1,1,2.0,1,1,1,0,0,0,0,Female,1,White
2028619697.0,28,Mississippi,2941237,28049,Hinds,217434.0,1.34750678972429,,2,2,1,2.0,1,1,1,0,1,1,1,Female,2,White
2034763153.0,28,Mississippi,2941237,28013,Calhoun,12915.0,0.14411930197602,0.4239445739,2,4,2,2.0,1,1,1,1,1,1,1,Female,3,Black
2037735505.0,28,Mississippi,2941237,28131,Stone,18836.0,2.37749556569187,,1,3,1,2.0,0,1,1,0,0,1,0,Male,3,White
2012945471.0,28,Mississippi,2941237,28135,Tallahatchie,11730.0,0.581561408497426,,2,3,2,2.0,1,1,0,1,1,1,1,Female,3,Black
2026683567.0,28,Mississippi,2941237,28057,Itawamba,24036.0,1.99238084597944,1.1298251175,2,1,1,2.0,1,1,1,1,0,1,0,Female,1,White
2018556917.0,28,Mississippi,2941237,28151,Washington,42500.0,3.33929953429271,1.8636206852,1,2,2,2.0,1,1,1,1,1,0,1,Male,2,Black
2031148927.0,28,Mississippi,2941237,28147,Walthall,13806.0,0.454147293546642,0.6985884221,1,5,1,2.0,1,1,1,0,0,1,1,Male,4,White
2010984971.0,28,Mississippi,2941237,28081,Lee,82959.0,1.22338566866999,1.5259700797,2,2,1,2.0,1,1,1,1,1,1,1,Female,2,White
2043493157.0,28,Mississippi,2941237,28089,Madison,111692.0,0.547222788477238,1.0143434422,2,2,2,2.0,1,0,1,0,0,1,1,Female,2,Black
1999101631.0,28,Mississippi,2941237,28151,Washington,42500.0,0.937530173836198,0.7254433779,2,3,2,2.0,1,1,1,0,1,1,1,Female,3,Black
2037967745.0,28,Mississippi,2941237,28073,Lamar,65812.0,0.149580180272219,0.7192511836000001,2,5,6,2.0,1,1,1,1,1,1,1,Female,4,Other
2027057957.0,28,Mississippi,2941237,28029,Copiah,27820.0,5.87083438393258,1.9786748261,1,2,1,2.0,1,0,0,0,1,0,1,Male,2,White
2012395803.0,28,Mississippi,2941237,28079,Leake,21260.0,3.59387625552887,,1,2,1,2.0,1,1,0,1,1,0,1,Male,2,White
2034501103.0,28,Mississippi,2941237,28037,Franklin,7617.0,7.81358386409612,,1,2,1,2.0,0,0,0,0,0,0,0,Male,2,White
1998949327.0,28,Mississippi,2941237,28049,Hinds,217434.0,3.33929953429271,,1,2,2,2.0,1,0,0,1,1,1,0,Male,2,Black
2034605759.0,28,Mississippi,2941237,28059,Jackson,145161.0,3.80142735928427,,2,2,1,2.0,0,1,1,0,1,1,1,Female,2,White
1999870437.0,28,Mississippi,2941237,28047,Harrison,210909.0,0.785201423944682,,2,5,1,2.0,0,0,0,0,0,1,0,Female,4,White
1997715225.0,28,Mississippi,2941237,28049,Hinds,217434.0,4.60748587296233,,2,1,7,2.0,1,1,1,1,1,1,1,Female,1,Other
2012681461.0,28,Mississippi,2941237,28117,Prentiss,25051.0,6.03173655056288,,1,1,1,2.0,0,0,0,0,0,1,0,Male,1,White
2042331233.0,28,Mississippi,2941237,28073,Lamar,65812.0,2.50425049814055,0.6308098151,2,6,1,2.0,1,1,1,1,1,0,1,Female,4,White
2032807557.0,28,Mississippi,2941237,28121,Rankin,158708.0,0.796989249715781,1.110219081,2,6,1,2.0,1,0,0,0,1,1,0,Female,4,White
2033317945.0,28,Mississippi,2941237,28003,Alcorn,34095.0,0.906306881267452,1.5381885029,1,2,1,2.0,0,0,1,0,1,1,0,Male,2,White
2012652509.0,44,Rhode Island,1098275,44007,Providence,661306.0,0.950370930354639,0.8731478282,2,2,3,1.0,0,1,1,1,0,1,0,Female,2,Hispanic
2031593097.0,44,Rhode Island,1098275,44007,Providence,661306.0,3.82571855008989,,2,3,1,2.0,1,1,1,1,1,0,1,Female,3,White
2043837951.0,44,Rhode Island,1098275,44003,Kent,171386.0,3.2961767879997,,1,2,1,2.0,1,1,1,1,1,1,1,Male,2,White
1998625991.0,44,Rhode Island,1098275,44007,Providence,661306.0,2.06586244467307,1.3606402411,1,5,1,2.0,1,1,1,1,1,0,1,Male,4,White
2014370483.0,44,Rhode Island,1098275,44007,Providence,661306.0,1.82023168379903,0.9581785306,3,6,1,1.0,1,1,1,1,1,0,1,,4,Hispanic
2012051911.0,44,Rhode Island,1098275,44007,Providence,661306.0,1.71637941014497,1.819883237,2,3,2,2.0,0,0,0,0,0,0,0,Female,3,Black
2014994723.0,44,Rhode Island,1098275,44007,Providence,661306.0,1.98452538651001,0.2633405608,2,2,1,2.0,0,0,0,0,0,0,0,Female,2,White
2033125511.0,44,Rhode Island,1098275,44007,Providence,661306.0,3.59158082925125,,3,2,5,2.0,1,1,1,1,1,0,1,,2,Other
2017168791.0,44,Rhode Island,1098275,44009,Washington,130441.0,1.63685350359633,1.0740729934,1,2,1,2.0,0,1,1,1,1,1,1,Male,2,White
2025946761.0,44,Rhode Island,1098275,44007,Providence,661306.0,8.2891664775727,3.9050903667,1,1,1,2.0,1,1,1,0,1,1,1,Male,1,White
2014238801.0,32,Nevada,3177672,32003,Clark,2323145.0,2.04679913594063,,1,2,4,2.0,1,1,1,1,0,0,1,Male,2,Other
2002853223.0,32,Nevada,3177672,32003,Clark,2323145.0,3.23995504677569,,1,3,1,2.0,0,1,0,0,0,1,0,Male,3,White
2013173609.0,32,Nevada,3177672,32031,Washoe,496521.0,2.01318724827794,1.3399605109,1,2,7,2.0,0,0,0,0,0,1,0,Male,2,Other
2039695743.0,32,Nevada,3177672,32003,Clark,2323145.0,3.49573993430739,,2,2,1,2.0,1,1,1,0,1,1,1,Female,2,White
2029187885.0,32,Nevada,3177672,32031,Washoe,496521.0,0.566467243569071,0.6881736361,1,4,1,2.0,0,0,1,0,1,1,0,Male,3,White
2015451347.0,32,Nevada,3177672,32031,Washoe,496521.0,3.11808384676967,2.8619170515,2,2,1,1.0,1,0,0,0,0,1,0,Female,2,Hispanic
2038391817.0,32,Nevada,3177672,32023,Nye,54815.0,1.26201350139328,,1,3,1,2.0,1,1,1,1,1,1,1,Male,3,White
1998683401.0,32,Nevada,3177672,32003,Clark,2323145.0,0.973755029845962,1.40385368,1,3,1,2.0,0,1,0,0,0,1,0,Male,3,White
2012677721.0,32,Nevada,3177672,32003,Clark,2323145.0,0.555658970032398,,2,3,1,2.0,1,1,1,1,1,0,1,Female,3,White
2012652377.0,32,Nevada,3177672,32003,Clark,2323145.0,4.07006305000503,,2,1,1,2.0,1,1,1,0,0,1,0,Female,1,White
2045779691.0,32,Nevada,3177672,32003,Clark,2323145.0,1.68960956357606,0.889219929,2,3,3,,1,1,0,1,1,0,1,Female,3,Hispanic
2033349065.0,32,Nevada,3177672,32003,Clark,2323145.0,1.12064381908879,1.4265124304,2,3,1,2.0,0,0,0,0,0,1,0,Female,3,White
2030541009.0,32,Nevada,3177672,32003,Clark,2323145.0,1.18711127081904,0.9253828754,2,2,1,2.0,0,0,0,0,0,1,1,Female,2,White
1984021381.0,32,Nevada,3177672,32510,Carson City,58223.0,1.2024780895312,,1,5,1,2.0,0,0,0,0,0,1,0,Male,4,White
2010749739.0,32,Nevada,3177672,32031,Washoe,496521.0,1.71469875246123,,2,2,1,2.0,1,0,0,0,0,0,1,Female,2,White
2031602985.0,32,Nevada,3177672,32003,Clark,2323145.0,0.889465098255138,0.4800687728,2,5,6,2.0,0,0,0,0,1,1,0,Female,4,Other
2015440683.0,32,Nevada,3177672,32033,White Pine,8736.0,0.659174970444155,1.7455842696,2,2,1,2.0,0,0,0,0,0,1,0,Female,2,White
2043888655.0,32,Nevada,3177672,32031,Washoe,496521.0,8.53627279189884,,1,5,1,2.0,0,1,1,1,1,1,1,Male,4,White
2036220357.0,32,Nevada,3177672,32031,Washoe,496521.0,0.555658970032398,0.6147156105,2,3,1,2.0,1,1,1,1,1,0,1,Female,3,White
2018784867.0,32,Nevada,3177672,32003,Clark,2323145.0,3.41880329042651,0.8325948077,2,2,1,2.0,1,1,0,0,0,1,1,Female,2,White
2036781873.0,32,Nevada,3177672,32007,Elko,54075.0,0.753919975328183,0.8816293435,1,3,1,2.0,0,0,0,0,0,1,0,Male,3,White
2045583333.0,32,Nevada,3177672,32003,Clark,2323145.0,2.89025913818293,0.3849047078,2,3,3,,1,0,0,1,0,0,0,Female,3,Hispanic
2015619187.0,32,Nevada,3177672,32003,Clark,2323145.0,1.82862918026309,,1,4,2,2.0,0,1,0,1,1,1,0,Male,3,Black
2032667521.0,32,Nevada,3177672,32003,Clark,2323145.0,3.52878599549569,,1,2,1,2.0,1,1,1,1,1,1,0,Male,2,White
2043797053.0,32,Nevada,3177672,32003,Clark,2323145.0,1.06727816350723,,1,2,1,2.0,0,0,0,1,1,1,1,Male,2,White
2012379053.0,32,Nevada,3177672,32003,Clark,2323145.0,1.01968189104733,0.3660552381,1,6,4,2.0,1,1,1,1,1,0,1,Male,4,Other
2042469099.0,32,Nevada,3177672,32003,Clark,2323145.0,1.48832665358095,1.6183984815,2,5,6,2.0,1,1,1,1,1,1,1,Female,4,Other
1997212597.0,32,Nevada,3177672,32023,Nye,54815.0,2.61038842419697,1.1041221962,2,4,1,2.0,1,0,0,0,1,1,1,Female,3,White
2032749201.0,32,Nevada,3177672,32019,Lyon,61541.0,2.67734819667026,4.8670480023,1,2,1,2.0,0,0,0,0,0,1,0,Male,2,White
2032880683.0,11,District of Columbia,674501,11001,District of Columbia,674501.0,1.06608653289511,0.7078830809000001,1,2,2,2.0,1,1,1,1,1,1,1,Male,2,Black
2020841713.0,11,District of Columbia,674501,11001,District of Columbia,674501.0,5.00667762934736,,2,6,1,2.0,1,1,1,1,1,0,1,Female,4,White
2016142465.0,11,District of Columbia,674501,11001,District of Columbia,674501.0,1.06608653289511,0.7078830809000001,1,2,2,2.0,1,1,0,0,1,0,1,Male,2,Black
2003505583.0,11,District of Columbia,674501,11001,District of Columbia,674501.0,4.09492784982192,,2,4,2,2.0,0,0,0,0,1,0,1,Female,3,Black
2011759255.0,11,District of Columbia,674501,11001,District of Columbia,674501.0,3.79728863811831,6.1055434322,2,1,1,2.0,1,1,1,1,1,1,1,Female,1,White
2013756419.0,11,District of Columbia,674501,11001,District of Columbia,674501.0,2.01243908678755,1.2782861315,2,6,1,2.0,1,1,1,1,1,1,1,Female,4,White
2016850477.0,02,Alaska,733659,02020,Anchorage Municipality,286992.0,5.70646622304257,,1,2,1,1.0,1,0,1,1,0,1,1,Male,2,Hispanic
2013598919.0,02,Alaska,733659,02170,Matanuska-Susitna Borough,113409.0,1.01031651089699,1.0848578987,2,6,1,2.0,1,1,1,1,1,0,1,Female,4,White
2011323117.0,02,Alaska,733659,02020,Anchorage Municipality,286992.0,0.451438601599408,1.1970717686,1,2,1,2.0,0,0,0,0,0,1,0,Male,2,White
2038926229.0,02,Alaska,733659,02122,Kenai Peninsula Borough,60589.0,8.78680446567801,,1,2,1,2.0,1,1,1,0,1,0,0,Male,2,White
2013160955.0,02,Alaska,733659,02020,Anchorage Municipality,286992.0,15.0614388091749,,2,3,1,2.0,1,1,1,1,1,0,1,Female,3,White
1996050475.0,02,Alaska,733659,02020,Anchorage Municipality,286992.0,0.417027573499655,0.5387885222000001,1,4,1,2.0,0,0,1,0,0,1,0,Male,3,White
2029589437.0,02,Alaska,733659,02170,Matanuska-Susitna Borough,113409.0,2.58937888519975,0.9410604088,2,3,5,2.0,1,1,1,1,1,1,1,Female,3,Other
2017157867.0,01,Alabama,5076868,01077,Lauderdale,95916.0,0.589634217153611,0.5620265332000001,1,2,1,2.0,1,1,1,1,1,0,1,Male,2,White
1993730767.0,01,Alabama,5076868,01115,St. Clair,93914.0,1.02598269063602,,2,4,1,2.0,0,0,0,0,0,1,0,Female,3,White
2041911995.0,01,Alabama,5076868,01089,Madison,404070.0,0.293761856483651,0.5905714354,2,3,1,2.0,0,0,1,1,1,0,0,Female,3,White
2037249953.0,01,Alabama,5076868,01121,Talladega,80664.0,3.52294593146077,,1,3,1,2.0,0,0,0,0,1,1,0,Male,3,White
2032790599.0,01,Alabama,5076868,01123,Tallapoosa,40939.0,0.103536136022219,,2,2,2,2.0,1,0,1,0,0,0,0,Female,2,Black
2038910675.0,01,Alabama,5076868,01003,Baldwin,246703.0,0.524687014526408,0.6433117384,2,5,1,2.0,0,1,0,0,1,1,0,Female,4,White
2041742625.0,01,Alabama,5076868,01081,Lee,180966.0,0.840326754438905,,2,2,2,2.0,1,0,1,0,1,0,0,Female,2,Black
2014418011.0,01,Alabama,5076868,01003,Baldwin,246703.0,0.399886194590596,,2,2,1,2.0,1,1,1,0,1,1,1,Female,2,White
2026343267.0,01,Alabama,5076868,01073,Jefferson,665691.0,6.81498826300949,,1,1,2,2.0,0,1,1,1,1,1,0,Male,1,Black
2026346605.0,01,Alabama,5076868,01083,Limestone,110922.0,1.2259233062147,,2,1,1,2.0,0,1,0,0,0,0,0,Female,1,White
2012596595.0,01,Alabama,5076868,01083,Limestone,110922.0,1.46837522047257,3.0063548279,2,2,1,2.0,0,0,0,1,0,0,1,Female,2,White
2010387885.0,01,Alabama,5076868,01113,Russell,58533.0,0.888046824518477,0.5610809992,2,4,2,2.0,1,1,1,1,1,1,1,Female,3,Black
1998474711.0,01,Alabama,5076868,01073,Jefferson,665691.0,2.39399570963733,,2,2,1,2.0,0,1,1,0,1,1,0,Female,2,White
2030534679.0,01,Alabama,5076868,01059,Franklin,31983.0,0.840326754438905,,2,2,2,2.0,1,0,1,0,1,0,1,Female,2,Black
2034900227.0,01,Alabama,5076868,01097,Mobile,411378.0,2.52692310894586,0.8027892766,1,3,2,2.0,0,1,0,0,1,1,1,Male,3,Black
2033881289.0,01,Alabama,5076868,01003,Baldwin,246703.0,0.46996374596868,0.3304392685,2,5,1,2.0,1,1,1,1,1,1,1,Female,4,White
2013821577.0,01,Alabama,5076868,01097,Mobile,411378.0,1.3194808778199,1.4331214454,1,2,1,2.0,0,0,0,0,0,1,0,Male,2,White
2008842635.0,01,Alabama,5076868,01073,Jefferson,665691.0,0.962704338641969,0.4231441321,2,2,3,1.0,0,0,0,0,0,0,0,Female,2,Hispanic
2011742221.0,01,Alabama,5076868,01097,Mobile,411378.0,0.450928911685136,0.1735384447,2,3,1,2.0,0,1,0,0,1,1,0,Female,3,White
2022050467.0,01,Alabama,5076868,01003,Baldwin,246703.0,1.94594075334151,4.0050401538,1,6,1,2.0,1,1,0,0,0,1,0,Male,4,White
2042355127.0,01,Alabama,5076868,01005,Barbour,24744.0,0.999091396728793,0.7529403732000001,2,1,1,2.0,1,1,0,0,1,1,0,Female,1,White
2039507343.0,01,Alabama,5076868,01093,Marion,29183.0,0.502726588191741,1.3914574328,2,3,1,2.0,0,0,0,0,1,1,0,Female,3,White
2042330875.0,01,Alabama,5076868,01089,Madison,404070.0,0.717166929717998,0.5091119425,2,6,1,2.0,1,1,1,1,1,1,1,Female,4,White
2037581851.0,01,Alabama,5076868,01089,Madison,404070.0,1.40768705982517,1.3932527872,1,6,1,2.0,0,0,0,0,0,1,0,Male,4,White
2044634991.0,01,Alabama,5076868,01125,Tuscaloosa,237866.0,1.43858595425456,1.8876423708,2,2,1,2.0,0,1,1,0,1,1,0,Female,2,White
2017035189.0,01,Alabama,5076868,01089,Madison,404070.0,1.63947395037572,2.5442462781,2,5,1,2.0,0,0,0,1,0,1,0,Female,4,White
1996260301.0,01,Alabama,5076868,01089,Madison,404070.0,1.19945405834539,0.7205969171000001,2,6,1,2.0,1,1,1,1,1,0,1,Female,4,White
1998530403.0,01,Alabama,5076868,01083,Limestone,110922.0,1.43564310251503,1.2956053024,2,4,1,2.0,1,1,1,0,1,1,0,Female,3,White
2014022223.0,01,Alabama,5076868,01089,Madison,404070.0,2.22958868247662,,2,4,1,2.0,1,1,1,1,1,0,1,Female,3,White
2012575703.0,01,Alabama,5076868,01133,Winston,23749.0,3.06520153722509,,1,2,1,2.0,1,1,1,1,0,1,1,Male,2,White
2002259979.0,01,Alabama,5076868,01097,Mobile,411378.0,1.34696141070984,1.8056610268,2,5,1,2.0,0,0,0,0,0,1,0,Female,4,White
2043897621.0,01,Alabama,5076868,01031,Coffee,54818.0,0.747547556576258,,2,3,2,2.0,1,1,0,0,1,1,1,Female,3,Black
2009822325.0,01,Alabama,5076868,01063,Greene,7425.0,0.990334916956676,0.6633709862,2,5,2,2.0,1,1,1,1,1,0,1,Female,4,Black
2043979507.0,01,Alabama,5076868,01101,Montgomery,226551.0,0.109794331160307,,2,2,2,2.0,1,0,1,1,0,0,1,Female,2,Black
2029089495.0,01,Alabama,5076868,01001,Autauga,59755.0,1.3194808778199,1.4331214454,1,2,1,2.0,0,1,0,0,0,1,0,Male,2,White
2030877269.0,01,Alabama,5076868,01089,Madison,404070.0,3.01377114560787,,1,2,1,2.0,1,1,1,1,1,1,1,Male,2,White
2013975751.0,01,Alabama,5076868,01055,Etowah,102842.0,2.57883249337565,,1,2,1,2.0,0,0,0,1,1,1,0,Male,2,White
2029084517.0,01,Alabama,5076868,01105,Perry,7894.0,0.991408531754808,1.1186519633,1,2,1,2.0,0,0,0,0,0,1,0,Male,2,White
2007743613.0,01,Alabama,5076868,01097,Mobile,411378.0,0.417099670056237,0.2959651279,1,3,1,2.0,1,1,1,1,0,0,1,Male,3,White
2043424783.0,01,Alabama,5076868,01101,Montgomery,226551.0,0.895927986888087,0.8577414485,1,2,2,2.0,1,1,1,1,1,0,1,Male,2,Black
2012141767.0,01,Alabama,5076868,01041,Crenshaw,13086.0,0.744100579606546,0.5178076558,2,5,2,2.0,1,1,1,1,1,1,1,Female,4,Black
2012646475.0,01,Alabama,5076868,01125,Tuscaloosa,237866.0,0.882179686260331,0.2240196319,2,6,1,2.0,1,1,1,1,1,0,1,Female,4,White
2031686103.0,01,Alabama,5076868,01067,Henry,17644.0,0.840326754438905,,3,2,2,2.0,1,1,1,1,1,0,1,,2,Black
2030524671.0,01,Alabama,5076868,01103,Morgan,124190.0,2.57883249337565,,1,2,1,2.0,0,0,1,1,1,0,1,Male,2,White
2016848889.0,01,Alabama,5076868,01073,Jefferson,665691.0,3.46461653067396,2.0462586468,1,2,2,2.0,1,1,1,1,1,0,1,Male,2,Black
2026743541.0,01,Alabama,5076868,01015,Calhoun,115738.0,1.46670643779033,0.1964418861,2,2,2,2.0,0,0,1,0,0,0,0,Female,2,Black
2008532569.0,15,Hawaii,1437812,15003,Honolulu,993798.0,2.29131362751654,0.9563885896,2,5,4,2.0,0,0,0,0,0,1,0,Female,4,Other
2034352655.0,15,Hawaii,1437812,15003,Honolulu,993798.0,3.06619456412193,,1,1,1,2.0,1,1,1,1,1,1,1,Male,1,White
2011323801.0,15,Hawaii,1437812,15003,Honolulu,993798.0,2.02046746196003,1.4590680219,2,5,4,2.0,1,1,1,1,1,1,0,Female,4,Other
2010270935.0,15,Hawaii,1437812,15003,Honolulu,993798.0,0.942527314463511,1.6854103798,2,5,1,2.0,1,1,1,1,1,0,1,Female,4,White
2014537065.0,15,Hawaii,1437812,15003,Honolulu,993798.0,0.441037443820841,0.6558334052,1,5,4,2.0,1,1,1,1,1,1,1,Male,4,Other
2019149415.0,15,Hawaii,1437812,15009,Maui,164195.0,0.555347423827469,0.5099710430000001,2,3,3,1.0,0,0,1,0,0,1,0,Female,3,Hispanic
2011197027.0,15,Hawaii,1437812,15003,Honolulu,993798.0,1.25349832288307,,2,5,4,2.0,1,1,1,1,1,1,1,Female,4,Other
2011597983.0,15,Hawaii,1437812,15001,Hawaii,206031.0,1.00549043099115,,1,5,1,2.0,0,1,0,1,1,0,1,Male,4,White
2023691429.0,15,Hawaii,1437812,15003,Honolulu,993798.0,2.33913171146083,,1,2,6,2.0,1,1,0,1,1,1,1,Male,2,Other
2006044943.0,15,Hawaii,1437812,15009,Maui,164195.0,0.33553345318896,0.2149033935,1,5,1,2.0,1,1,1,1,1,0,1,Male,4,White
2034632063.0,15,Hawaii,1437812,15003,Honolulu,993798.0,4.87940686064677,,2,2,7,2.0,1,0,1,1,1,1,0,Female,2,Other
2036927249.0,15,Hawaii,1437812,15003,Honolulu,993798.0,1.14141561282608,0.8246586305,1,3,4,2.0,0,0,0,0,0,1,0,Male,3,Other
2018811501.0,15,Hawaii,1437812,15003,Honolulu,993798.0,4.56161272309081,,1,3,6,1.0,1,1,1,1,1,0,1,Male,3,Hispanic
2034312391.0,38,North Dakota,780191,38015,Burleigh,100302.0,1.02204963080978,1.3313000566,2,4,1,2.0,0,0,0,0,1,1,0,Female,3,White
1999101597.0,38,North Dakota,780191,38017,Cass,193289.0,0.989293362413123,0.4068144118,2,3,1,2.0,1,1,0,0,1,0,0,Female,3,White
1997768593.0,38,North Dakota,780191,38079,Rolette,11846.0,0.188992636015561,0.1691791135,1,6,1,2.0,1,1,1,1,1,0,1,Male,4,White
2029043073.0,38,North Dakota,780191,38015,Burleigh,100302.0,15.0614388091749,2.701072972,1,4,1,2.0,1,1,0,0,1,1,1,Male,3,White
2032881249.0,38,North Dakota,780191,38105,Williams,37954.0,2.07485169348565,3.1734477072,1,5,1,2.0,1,1,0,0,1,1,0,Male,4,White
1998743033.0,38,North Dakota,780191,38063,Nelson,2995.0,2.27611073325423,0.7379642005,1,2,1,2.0,0,0,0,0,0,1,0,Male,2,White
2030902233.0,38,North Dakota,780191,38017,Cass,193289.0,2.51355543817499,,1,5,1,2.0,1,0,1,1,0,1,1,Male,4,White
2004809185.0,10,Delaware,1020279,10003,New Castle,575913.0,0.828372979617831,0.9650958061,2,6,1,2.0,1,1,1,1,1,0,1,Female,4,White
2012591891.0,10,Delaware,1020279,10005,Sussex,256536.0,0.849619044489215,1.2333522035,2,5,1,2.0,0,1,0,0,1,0,0,Female,4,White
2001873683.0,10,Delaware,1020279,10003,New Castle,575913.0,4.78777170567016,,2,2,1,2.0,1,1,1,0,1,1,1,Female,2,White
2036916829.0,10,Delaware,1020279,10001,Kent,187830.0,0.16804334235878,0.3467871929,2,2,1,2.0,1,1,1,1,0,1,1,Female,2,White
1995604699.0,10,Delaware,1020279,10005,Sussex,256536.0,1.46288658242528,1.2999218772,1,5,1,2.0,0,0,1,0,1,1,0,Male,4,White
2038491343.0,10,Delaware,1020279,10003,New Castle,575913.0,4.5388656552991,,1,2,1,2.0,1,1,1,1,1,0,1,Male,2,White
2034441183.0,10,Delaware,1020279,10001,Kent,187830.0,0.205538567226725,,1,2,1,2.0,0,1,0,0,1,1,0,Male,2,White
2035527659.0,10,Delaware,1020279,10001,Kent,187830.0,6.22470117587361,,1,1,1,2.0,1,1,1,1,1,0,1,Male,1,White
2039188189.0,10,Delaware,1020279,10005,Sussex,256536.0,2.25807621315466,0.7433581103,2,4,1,2.0,0,0,1,0,0,1,0,Female,3,White
2010043139.0,56,Wyoming,581742,56001,Albany,38253.0,0.602135224532734,0.1430129583,1,6,1,2.0,1,1,1,1,1,1,1,Male,4,White
1983845931.0,56,Wyoming,581742,56031,Platte,8653.0,0.503862698729917,0.3528483773,1,5,7,2.0,0,0,0,0,0,1,0,Male,4,Other
2025507621.0,56,Wyoming,581742,56043,Washakie,7738.0,6.00556036783154,,1,3,3,,1,0,1,1,0,1,1,Male,3,Hispanic
2012680389.0,56,Wyoming,581742,56005,Campbell,47058.0,1.65714738478519,,2,2,1,2.0,0,0,0,0,1,0,0,Female,2,White
1999168991.0,56,Wyoming,581742,56023,Lincoln,20674.0,1.53579736631834,1.0614006719,1,3,1,2.0,0,0,0,0,1,1,0,Male,3,White
2009544771.0,50,Vermont,647614,50007,Chittenden,169727.0,2.00856885275953,2.7062202561,1,2,1,2.0,1,1,0,1,1,0,1,Male,2,White
2012238219.0,50,Vermont,647614,50005,Caledonia,30568.0,5.99530286633387,,1,2,1,2.0,1,1,1,1,1,1,1,Male,2,White
1998743777.0,50,Vermont,647614,50027,Windsor,58078.0,0.968302396490308,1.3034740458,1,6,1,2.0,1,1,1,1,1,0,1,Male,4,White
1998424303.0,50,Vermont,647614,50005,Caledonia,30568.0,1.56039918602936,1.4784082836,1,4,1,2.0,0,0,0,0,1,1,0,Male,3,White
2041869149.0,50,Vermont,647614,50011,Franklin,50708.0,1.56039918602936,1.4784082836,1,4,1,2.0,0,0,0,1,0,1,0,Male,3,White
2044544189.0,50,Vermont,647614,50021,Rutland,60393.0,1.06354001903962,,2,5,1,2.0,1,1,1,1,1,1,1,Female,4,White
