caseid,state_fips,state_name,state_pop,county_fips,county_name,county_pop,commonweight,vvweight,gender4,educ,race,hispanic,climate_problem,regulate_carbon,renewable_fuel,clean_air_water,fuel_efficiency,fossil_fuel,paris_agreement,gender,educ_category,race4
2036974471.0,26,Michigan,10043906,26049,Genesee,401952.0,6.3957375379163,3.717917597,1,1,1,2.0,0,0,0,0,0,1,1,Male,1,White
2015249863.0,26,Michigan,10043906,26099,Macomb,875065.0,1.25591240776057,1.1863570006,1,6,1,2.0,0,0,0,0,0,1,1,Male,4,White
2039541193.0,26,Michigan,10043906,26163,Wayne,1761595.0,2.93236322537903,,1,2,1,2.0,1,1,1,1,1,1,0,Male,2,White
2032986953.0,26,Michigan,10043906,26163,Wayne,1761595.0,7.1518323576671,,2,5,4,2.0,1,1,1,1,1,1,1,Female,4,Other
1998812579.0,26,Michigan,10043906,26109,Menominee,23295.0,1.04794250409084,1.2165353465,2,3,1,2.0,1,1,0,0,1,1,1,Female,3,White
2044920335.0,26,Michigan,10043906,26125,Oakland,1272787.0,2.93236322537903,,1,2,1,2.0,1,0,1,0,0,1,1,Male,2,White
2036206417.0,26,Michigan,10043906,26075,Jackson,159780.0,0.822170791555741,0.3714478627,2,3,2,2.0,1,1,1,1,1,1,1,Female,3,Black
2037330875.0,26,Michigan,10043906,26149,St. Joseph,60777.0,2.24015868993054,0.4131585578,2,1,1,2.0,0,0,0,0,0,0,0,Female,1,White
1999783887.0,26,Michigan,10043906,26065,Ingham,284388.0,0.779168250147768,0.7984580842000001,1,6,1,2.0,1,1,1,1,1,1,1,Male,4,White
2015478053.0,26,Michigan,10043906,26163,Wayne,1761595.0,1.21839660029986,,1,2,2,2.0,1,1,1,1,1,1,1,Male,2,Black
2014231153.0,26,Michigan,10043906,26147,St. Clair,159886.0,0.432736023385954,0.5369152394,2,2,1,2.0,1,1,1,0,1,1,1,Female,2,White
2042740317.0,26,Michigan,10043906,26115,Monroe,155376.0,5.38782539006574,,1,2,2,2.0,0,0,0,0,0,0,0,Male,2,Black
2030644221.0,26,Michigan,10043906,26163,Wayne,1761595.0,1.54474530697164,0.9373059439,2,3,2,2.0,1,1,1,0,1,1,1,Female,3,Black
2038610783.0,26,Michigan,10043906,26163,Wayne,1761595.0,1.99970741914297,0.5977803729,1,2,6,2.0,1,1,0,1,1,0,1,Male,2,Other
2006126501.0,26,Michigan,10043906,26081,Kent,659818.0,1.01949030568443,1.464880621,2,4,1,2.0,1,1,0,1,1,1,1,Female,3,White
2011404803.0,26,Michigan,10043906,26139,Ottawa,300837.0,4.06825938388148,1.4273355733,2,5,1,2.0,0,0,0,0,0,1,0,Female,4,White
2021670769.0,26,Michigan,10043906,26147,St. Clair,159886.0,3.9369688588341,0.7036502044,2,4,1,2.0,1,1,1,1,1,0,0,Female,3,White
1998424307.0,26,Michigan,10043906,26163,Wayne,1761595.0,1.16639406214446,0.9215177962,2,4,1,2.0,0,0,0,0,0,1,0,Female,3,White
2037925345.0,26,Michigan,10043906,26163,Wayne,1761595.0,3.64967053961725,4.4873258587,1,6,1,2.0,1,1,1,1,1,0,1,Male,4,White
2029581119.0,26,Michigan,10043906,26099,Macomb,875065.0,3.49806653299445,,2,2,1,2.0,1,1,1,1,1,1,1,Female,2,White
2035285167.0,26,Michigan,10043906,26163,Wayne,1761595.0,1.99970741914297,,1,2,8,2.0,0,0,1,1,0,1,0,Male,2,Other
2013303273.0,26,Michigan,10043906,26021,Berrien,152991.0,0.960385517287225,0.9681987898,2,2,1,2.0,1,1,1,1,1,1,1,Female,2,White
2044137447.0,26,Michigan,10043906,26163,Wayne,1761595.0,0.378911965901696,,1,3,1,2.0,1,1,1,1,1,0,1,Male,3,White
2041090191.0,26,Michigan,10043906,26161,Washtenaw,367307.0,1.36358802526644,0.9906595066,1,5,1,2.0,1,1,1,1,1,0,1,Male,4,White
2037088155.0,26,Michigan,10043906,26125,Oakland,1272787.0,3.05977640349708,0.8644207329,1,3,1,2.0,1,1,1,1,1,0,1,Male,3,White
2010606417.0,26,Michigan,10043906,26049,Genesee,401952.0,1.04794250409084,1.2165353465,2,3,1,2.0,1,1,1,1,1,0,1,Female,3,White
2015400929.0,26,Michigan,10043906,26125,Oakland,1272787.0,1.29125037850835,0.1907079711,1,5,2,2.0,1,1,1,1,1,0,0,Male,4,Black
1996213807.0,26,Michigan,10043906,26069,Iosco,25451.0,0.447960616323014,,1,5,1,2.0,1,1,1,1,1,1,1,Male,4,White
2007699863.0,26,Michigan,10043906,26145,Saginaw,188392.0,0.584709484738144,0.3820756158,2,2,2,2.0,1,0,0,1,1,0,0,Female,2,Black
2032662699.0,26,Michigan,10043906,26139,Ottawa,300837.0,1.31613080759801,0.333429181,2,2,1,2.0,1,0,0,0,0,1,0,Female,2,White
2034530605.0,25,Massachusetts,7025465,25009,Essex,810054.0,0.663369871922692,0.6701602638,2,5,1,2.0,1,1,1,1,1,0,1,Female,4,White
2045065019.0,25,Massachusetts,7025465,25001,Barnstable,232970.0,1.40105477208313,1.3810002936,1,5,1,2.0,1,1,1,1,1,0,1,Male,4,White
2013226139.0,25,Massachusetts,7025465,25027,Worcester,866439.0,0.8646262028327,,1,3,7,2.0,1,1,1,1,1,0,1,Male,3,Other
2013512663.0,25,Massachusetts,7025465,25017,Middlesex,1630890.0,7.43480613022619,2.208740289,1,3,1,2.0,0,0,0,0,1,1,0,Male,3,White
2015608789.0,25,Massachusetts,7025465,25013,Hampden,461294.0,3.22071902106159,,2,6,1,2.0,1,1,1,1,1,0,1,Female,4,White
2008455965.0,25,Massachusetts,7025465,25017,Middlesex,1630890.0,1.47850012273082,1.2153552138,1,5,1,2.0,1,1,1,1,1,1,1,Male,4,White
2000042841.0,25,Massachusetts,7025465,25009,Essex,810054.0,1.09720113550103,1.1465128677,1,6,1,2.0,0,0,0,0,0,1,0,Male,4,White
2015908141.0,25,Massachusetts,7025465,25009,Essex,810054.0,1.56893336660905,,1,2,3,,0,0,0,0,0,0,0,Male,2,Hispanic
2010606207.0,25,Massachusetts,7025465,25005,Bristol,581598.0,2.76355813735577,,2,4,1,2.0,0,0,0,0,0,0,0,Female,3,White
2030696237.0,25,Massachusetts,7025465,25027,Worcester,866439.0,0.568783114308843,1.4814872237,1,5,2,2.0,1,1,1,1,1,0,1,Male,4,Black
2015157189.0,25,Massachusetts,7025465,25015,Hampshire,165193.0,0.731546816974442,0.6569574672,1,5,1,2.0,1,1,1,1,1,1,1,Male,4,White
2039001247.0,25,Massachusetts,7025465,25027,Worcester,866439.0,1.20696269763565,1.0374354914,2,4,1,2.0,1,0,0,0,0,1,0,Female,3,White
2033068281.0,25,Massachusetts,7025465,25009,Essex,810054.0,3.81862283906027,,1,2,1,2.0,1,1,1,1,1,0,1,Male,2,White
2013084275.0,25,Massachusetts,7025465,25015,Hampshire,165193.0,0.731546816974442,0.6569574672,1,5,1,2.0,1,1,1,1,1,0,1,Male,4,White
2038010637.0,25,Massachusetts,7025465,25001,Barnstable,232970.0,0.997236408879954,1.5231368081,2,3,1,2.0,1,1,1,1,1,0,1,Female,3,White
2014471259.0,25,Massachusetts,7025465,25005,Bristol,581598.0,0.731546816974442,0.6569574672,1,5,1,2.0,1,1,1,1,1,1,1,Male,4,White
2012447139.0,25,Massachusetts,7025465,25021,Norfolk,727727.0,0.431276645770558,1.0332864172,2,3,2,2.0,1,1,1,1,1,0,1,Female,3,Black
2031441093.0,25,Massachusetts,7025465,25027,Worcester,866439.0,2.16606058356522,2.2883132348,2,6,1,2.0,1,1,1,1,1,1,1,Female,4,White
2000537475.0,25,Massachusetts,7025465,25013,Hampden,461294.0,5.98339032441385,,1,5,1,2.0,0,1,1,1,1,1,1,Male,4,White
2009841509.0,25,Massachusetts,7025465,25023,Plymouth,534977.0,0.737626473079636,0.6546903129,2,3,1,2.0,1,1,0,1,1,0,1,Female,3,White
1984167589.0,25,Massachusetts,7025465,25027,Worcester,866439.0,1.90733601949257,,2,6,1,2.0,1,1,1,1,1,1,1,Female,4,White
2035455839.0,42,Pennsylvania,12984655,42129,Westmoreland,351924.0,2.50846164540454,,2,6,1,2.0,1,1,1,1,1,1,1,Female,4,White
2029460511.0,42,Pennsylvania,12984655,42097,Northumberland,90075.0,4.27541254256506,,2,2,1,2.0,1,0,1,0,0,1,0,Female,2,White
2031337157.0,42,Pennsylvania,12984655,42111,Somerset,72570.0,0.344372050344486,,2,3,1,2.0,1,1,1,1,1,0,1,Female,3,White
2034903011.0,42,Pennsylvania,12984655,42091,Montgomery,865483.0,4.39121997433477,2.3567157307,1,3,1,2.0,0,0,1,0,0,1,0,Male,3,White
2014135575.0,42,Pennsylvania,12984655,42045,Delaware,576666.0,0.574951351258695,0.6141116914,2,4,2,2.0,1,1,1,1,1,0,1,Female,3,Black
2010825127.0,42,Pennsylvania,12984655,42049,Erie,268923.0,0.994794399995737,1.2815076937,2,2,1,2.0,0,1,1,0,0,1,1,Female,2,White
2000491067.0,42,Pennsylvania,12984655,42045,Delaware,576666.0,0.447795602148636,0.5292416539,2,3,1,2.0,1,1,1,1,1,1,1,Female,3,White
1998510823.0,42,Pennsylvania,12984655,42091,Montgomery,865483.0,0.770334800842349,0.8249695911,2,6,1,2.0,1,1,0,1,0,0,1,Female,4,White
2029574189.0,42,Pennsylvania,12984655,42077,Lehigh,376746.0,1.13628320984675,3.1078129692,2,2,1,2.0,1,1,0,1,0,1,0,Female,2,White
2014707761.0,42,Pennsylvania,12984655,42045,Delaware,576666.0,1.05589898702049,1.1234575247,2,6,1,2.0,1,1,1,1,0,1,1,Female,4,White
2020917067.0,42,Pennsylvania,12984655,42127,Wayne,51108.0,3.71384684202549,,2,2,1,2.0,0,0,0,0,0,0,0,Female,2,White
2034686233.0,42,Pennsylvania,12984655,42101,Philadelphia,1572341.0,2.53611427444894,,1,2,1,2.0,1,1,1,0,1,0,1,Male,2,White
2026051349.0,42,Pennsylvania,12984655,42065,Jefferson,43731.0,0.258937351757073,0.7483697371,1,3,1,2.0,1,1,1,1,1,0,1,Male,3,White
2020163607.0,42,Pennsylvania,12984655,42011,Berks,432214.0,0.123084688375043,,1,2,7,2.0,1,1,1,0,1,1,1,Male,2,Other
2020654849.0,42,Pennsylvania,12984655,42035,Clinton,37890.0,0.367816399057017,,2,2,1,2.0,0,0,1,0,0,1,0,Female,2,White
2012998997.0,42,Pennsylvania,12984655,42065,Jefferson,43731.0,0.949703432705211,0.9094713326,2,2,1,2.0,1,1,1,1,1,1,1,Female,2,White
1995191961.0,42,Pennsylvania,12984655,42003,Allegheny,1233325.0,0.89889162743875,0.9231644485,1,5,1,2.0,1,0,0,0,0,1,0,Male,4,White
2014869361.0,42,Pennsylvania,12984655,42045,Delaware,576666.0,0.950813496735346,0.8570049430000001,1,3,1,2.0,0,0,0,0,0,1,0,Male,3,White
2011024403.0,42,Pennsylvania,12984655,42091,Montgomery,865483.0,2.22525228011441,1.6729857625,3,2,1,2.0,1,0,0,0,1,1,1,,2,White
2014966183.0,42,Pennsylvania,12984655,42043,Dauphin,288943.0,1.3460223685282,1.1008417814,1,5,1,2.0,1,1,1,0,1,1,1,Male,4,White
2038694293.0,42,Pennsylvania,12984655,42021,Cambria,131399.0,1.39257150854118,1.2636663696,2,5,1,2.0,1,1,1,1,1,1,0,Female,4,White
2011396145.0,42,Pennsylvania,12984655,42003,Allegheny,1233325.0,0.783855893837054,0.8136729450000001,2,6,1,2.0,1,1,1,1,1,0,1,Female,4,White
1997664391.0,42,Pennsylvania,12984655,42133,York,461464.0,1.46396477308506,1.4539966804,1,2,1,2.0,0,0,0,0,1,1,0,Male,2,White
2007911561.0,42,Pennsylvania,12984655,42095,Northampton,318123.0,0.747451268204205,0.8118468355,2,2,1,2.0,0,0,0,0,1,1,0,Female,2,White
2010851649.0,42,Pennsylvania,12984655,42011,Berks,432214.0,2.02821502972493,0.8404244832000001,1,2,1,2.0,1,1,1,1,1,1,1,Male,2,White
2029188587.0,42,Pennsylvania,12984655,42071,Lancaster,557092.0,1.58811613388042,0.3248552016,2,2,1,2.0,0,1,1,0,0,1,0,Female,2,White
2020368869.0,42,Pennsylvania,12984655,42071,Lancaster,557092.0,2.432703230335,,2,1,3,1.0,1,0,0,1,1,0,1,Female,1,Hispanic
2035116793.0,42,Pennsylvania,12984655,42027,Centre,157977.0,0.756461273880298,,1,5,1,1.0,0,1,1,1,1,1,1,Male,4,Hispanic
2014985935.0,42,Pennsylvania,12984655,42001,Adams,105994.0,3.07913574409401,1.3045960576,2,1,1,2.0,0,0,1,0,1,0,0,Female,1,White
2035194325.0,42,Pennsylvania,12984655,42003,Allegheny,1233325.0,0.613026336526688,1.086534893,1,2,1,2.0,1,1,1,1,1,0,1,Male,2,White
2008865153.0,42,Pennsylvania,12984655,42075,Lebanon,144037.0,0.785086813624481,0.9370326947,1,4,1,2.0,0,1,1,1,1,1,1,Male,3,White
1993703055.0,42,Pennsylvania,12984655,42065,Jefferson,43731.0,1.28258022181996,1.4343151991,2,2,1,2.0,0,0,0,0,0,1,0,Female,2,White
1998482475.0,42,Pennsylvania,12984655,42101,Philadelphia,1572341.0,0.76611735484357,0.8342007191,1,6,1,2.0,1,1,1,1,1,1,1,Male,4,White
2032730673.0,42,Pennsylvania,12984655,42101,Philadelphia,1572341.0,0.501666248141724,,2,3,2,2.0,1,0,1,1,0,0,0,Female,3,Black
2015451529.0,42,Pennsylvania,12984655,42049,Erie,268923.0,0.589196155120176,,2,2,1,2.0,1,1,1,0,1,0,1,Female,2,White
2008058693.0,42,Pennsylvania,12984655,42101,Philadelphia,1572341.0,2.48621004154275,2.1147607477,1,2,2,2.0,1,1,1,1,1,1,1,Male,2,Black
2017002471.0,42,Pennsylvania,12984655,42051,Fayette,125569.0,0.284305619555427,0.3748671359,1,4,1,2.0,1,1,1,1,1,1,1,Male,3,White
2001298209.0,42,Pennsylvania,12984655,42045,Delaware,576666.0,2.79344792585791,,1,2,1,2.0,1,1,1,1,1,1,1,Male,2,White
2030982619.0,42,Pennsylvania,12984655,42035,Clinton,37890.0,4.27541254256506,,2,2,1,2.0,0,0,1,1,1,0,1,Female,2,White
2016934733.0,09,Connecticut,3618707,09003,Hartford,,1.43117049407354,0.8396162487000001,4,6,1,2.0,1,1,1,1,1,0,1,,4,White
2014931795.0,09,Connecticut,3618707,09003,Hartford,,3.44469325649995,,2,2,1,2.0,1,1,1,1,1,0,1,Female,2,White
2012521329.0,09,Connecticut,3618707,09011,New London,,0.799415616385717,0.6693327799000001,1,5,1,2.0,1,1,0,0,1,1,1,Male,4,White
2028996285.0,09,Connecticut,3618707,09009,New Haven,,7.92952858620287,,1,1,2,2.0,1,1,1,1,0,1,1,Male,1,Black
2014465495.0,09,Connecticut,3618707,09013,Tolland,,0.828353520622866,1.0174327167,1,5,1,2.0,1,1,0,0,1,1,0,Male,4,White
1993859429.0,09,Connecticut,3618707,09001,Fairfield,,0.433620570681004,,2,4,1,2.0,1,1,1,1,1,1,1,Female,3,White
1999893205.0,09,Connecticut,3618707,09009,New Haven,,0.726424724940327,1.0213829759,2,4,1,2.0,0,0,0,0,0,1,0,Female,3,White
2039697363.0,09,Connecticut,3618707,09003,Hartford,,2.44728888358485,1.2718281702,1,2,1,2.0,1,1,1,1,1,0,1,Male,2,White
2039665565.0,09,Connecticut,3618707,09003,Hartford,,3.26566917601059,1.0831322778,3,2,1,2.0,1,1,1,1,1,0,1,,2,White
2033037817.0,09,Connecticut,3618707,09009,New Haven,,0.850658802434483,1.0476166321,1,4,1,2.0,0,0,0,0,1,1,0,Male,3,White
2011304199.0,09,Connecticut,3618707,09001,Fairfield,,1.0906217181369,0.8988685893,1,6,1,2.0,1,1,1,1,1,0,1,Male,4,White
2042019181.0,24,Maryland,6183257,24001,Allegany,67013.0,1.11628028328601,1.0964132023,2,3,1,2.0,1,1,1,1,1,1,0,Female,3,White
2034369849.0,24,Maryland,6183257,24033,Prince George's,952326.0,3.57418219060835,,1,1,6,2.0,1,0,1,0,1,0,1,Male,1,Other
2032929377.0,24,Maryland,6183257,24005,Baltimore,847672.0,1.0650103650548,0.933262407,1,3,1,2.0,1,1,0,1,1,0,1,Male,3,White
2015404529.0,24,Maryland,6183257,24003,Anne Arundel,598102.0,1.29045781291701,1.4473019613,2,5,1,2.0,1,1,1,1,1,0,1,Female,4,White
2012934775.0,24,Maryland,6183257,24031,Montgomery,1058546.0,0.874698589842957,1.4191627508,2,5,1,2.0,1,1,1,1,1,0,1,Female,4,White
1998510525.0,24,Maryland,6183257,24031,Montgomery,1058546.0,2.47675609730042,1.9705857785,1,6,4,2.0,0,1,0,0,0,1,0,Male,4,Other
2039665455.0,24,Maryland,6183257,24003,Anne Arundel,598102.0,9.77802846044716,3.9240892244,2,2,1,2.0,0,1,1,1,1,1,0,Female,2,White
2015587559.0,24,Maryland,6183257,24005,Baltimore,847672.0,0.719654078448761,0.973581395,2,2,1,2.0,0,0,0,0,0,1,0,Female,2,White
2010919359.0,24,Maryland,6183257,24003,Anne Arundel,598102.0,0.719654078448761,,2,2,1,2.0,0,0,0,0,1,1,0,Female,2,White
2013356021.0,24,Maryland,6183257,24510,Baltimore city,570475.0,6.13905659292359,,2,6,2,2.0,1,0,1,0,1,1,1,Female,4,Black
2021684709.0,24,Maryland,6183257,24045,Wicomico,105131.0,1.2377135390484,0.8356463312,1,3,1,2.0,0,0,1,0,0,1,0,Male,3,White
2008790381.0,24,Maryland,6183257,24510,Baltimore city,570475.0,1.9227196550306,1.864470678,2,2,2,2.0,1,1,1,1,1,0,1,Female,2,Black
2039617035.0,24,Maryland,6183257,24033,Prince George's,952326.0,2.21331782281233,,2,2,3,,1,1,1,1,1,1,1,Female,2,Hispanic
2035418685.0,24,Maryland,6183257,24033,Prince George's,952326.0,0.227423941428774,,2,4,3,,1,1,1,1,1,1,1,Female,3,Hispanic
2033084009.0,24,Maryland,6183257,24033,Prince George's,952326.0,0.489568062995591,0.5089422115,2,4,2,2.0,1,1,1,0,1,1,1,Female,3,Black
2012075051.0,24,Maryland,6183257,24031,Montgomery,1058546.0,0.892770224923871,0.9593022722,2,5,1,2.0,1,1,1,1,0,0,1,Female,4,White
2026743461.0,24,Maryland,6183257,24033,Prince George's,952326.0,0.30319830838404,0.2009181464,2,6,2,2.0,1,1,1,1,1,0,1,Female,4,Black
2022707763.0,24,Maryland,6183257,24005,Baltimore,847672.0,6.58989775895037,,2,2,7,2.0,1,1,0,1,0,1,1,Female,2,Other
2029148045.0,24,Maryland,6183257,24031,Montgomery,1058546.0,4.0738327109528,0.8878443715000001,1,2,2,2.0,0,1,1,1,1,1,0,Male,2,Black
1998684629.0,33,New Hampshire,1396647,33017,Strafford,132469.0,7.7227856515872,,1,2,1,2.0,1,1,1,1,1,1,1,Male,2,White
2016979187.0,33,New Hampshire,1396647,33017,Strafford,132469.0,1.23174270503116,1.3649658917,2,5,1,2.0,1,1,1,1,1,0,1,Female,4,White
1996125485.0,33,New Hampshire,1396647,33013,Merrimack,156220.0,0.814019577527515,1.2423136221,2,3,1,2.0,1,1,1,1,1,0,1,Female,3,White
2020782825.0,33,New Hampshire,1396647,33015,Rockingham,319262.0,0.820994569871337,1.1985323204,1,3,1,2.0,1,1,1,1,1,1,1,Male,3,White
2013474185.0,13,Georgia,10929992,13089,DeKalb,764752.0,1.00634596844557,0.7172664017,2,6,2,2.0,0,0,1,1,1,1,0,Female,4,Black
2004098683.0,13,Georgia,10929992,13151,Henry,248841.0,0.721665549596422,,1,6,1,2.0,0,1,1,0,0,1,1,Male,4,White
1999239461.0,13,Georgia,10929992,13067,Cobb,774481.0,1.63642006365957,1.2816805466,2,5,2,2.0,0,1,1,1,0,1,1,Female,4,Black
2023411837.0,13,Georgia,10929992,13067,Cobb,774481.0,0.573015139182309,,1,3,2,2.0,1,1,1,1,1,0,1,Male,3,Black
2010012165.0,13,Georgia,10929992,13057,Cherokee,281158.0,1.31999457047264,1.1805222909,2,6,1,2.0,1,0,0,1,1,1,1,Female,4,White
2042328063.0,13,Georgia,10929992,13057,Cherokee,281158.0,1.04698624923847,0.9963749734,2,3,1,2.0,0,1,1,1,1,1,1,Female,3,White
2023099961.0,13,Georgia,10929992,13119,Franklin,24155.0,1.08390198053129,0.9579687842,1,2,1,2.0,0,0,1,0,1,1,0,Male,2,White
2014333979.0,13,Georgia,10929992,13089,DeKalb,764752.0,1.33936134227607,0.9189005124,2,6,2,2.0,0,0,0,0,0,0,0,Female,4,Black
2022895683.0,13,Georgia,10929992,13063,Clayton,298010.0,3.98735824243052,,1,2,1,2.0,0,0,0,0,0,1,0,Male,2,White
1992894991.0,13,Georgia,10929992,13051,Chatham,301720.0,4.51472847647169,,2,2,1,2.0,1,1,1,1,1,0,1,Female,2,White
2043854203.0,13,Georgia,10929992,13185,Lowndes,119517.0,0.46772178627571,0.2994357961,2,3,2,2.0,1,1,1,1,1,0,1,Female,3,Black
2017703987.0,13,Georgia,10929992,13089,DeKalb,764752.0,1.22954477015793,1.0004417033,2,5,2,2.0,1,1,0,0,1,0,1,Female,4,Black
2034918653.0,13,Georgia,10929992,13089,DeKalb,764752.0,3.33630841775207,4.2600553384,1,5,1,2.0,1,0,0,0,1,0,0,Male,4,White
1998363065.0,13,Georgia,10929992,13089,DeKalb,764752.0,0.629373811810401,0.5204195932,1,6,1,2.0,1,1,1,1,1,0,1,Male,4,White
2018385455.0,13,Georgia,10929992,13073,Columbia,162441.0,4.9407874739041,2.2258620371,1,2,2,2.0,1,1,1,1,1,1,1,Male,2,Black
2018439969.0,13,Georgia,10929992,13089,DeKalb,764752.0,3.4940680773063,,1,3,2,2.0,0,1,1,1,1,1,1,Male,3,Black
2042909691.0,13,Georgia,10929992,13247,Rockdale,94951.0,0.469323764504639,,1,3,2,2.0,1,1,1,1,0,0,1,Male,3,Black
2021958815.0,13,Georgia,10929992,13063,Clayton,298010.0,1.49448964355484,1.3283406954,2,6,1,2.0,0,0,0,0,0,1,0,Female,4,White
2017136755.0,13,Georgia,10929992,13057,Cherokee,281158.0,1.11190870510295,1.0494799227,2,5,1,2.0,1,1,1,1,1,0,1,Female,4,White
2012999193.0,13,Georgia,10929992,13121,Fulton,1076385.0,0.961082471275447,,1,5,1,2.0,1,1,0,1,0,1,1,Male,4,White
2013697309.0,13,Georgia,10929992,13215,Muscogee,202697.0,0.707774715450865,0.5600220641,2,3,2,2.0,1,1,1,1,1,1,1,Female,3,Black
2020156651.0,13,Georgia,10929992,13069,Coffee,43265.0,1.4974792462821,0.7758775038,2,3,1,2.0,1,1,0,1,1,1,1,Female,3,White
2016460719.0,13,Georgia,10929992,13255,Spalding,68993.0,0.247018262673107,1.1138620608,2,2,1,2.0,0,1,1,1,1,1,0,Female,2,White
1993053009.0,13,Georgia,10929992,13153,Houston,169679.0,1.22500567226559,1.170232488,2,4,1,2.0,0,0,0,0,0,1,1,Female,3,White
2038167073.0,13,Georgia,10929992,13317,Wilkes,9587.0,0.914598164965252,,1,2,1,2.0,0,1,1,0,1,0,1,Male,2,White
1980103139.0,13,Georgia,10929992,13063,Clayton,298010.0,8.85502654618109,,1,2,3,1.0,1,1,1,1,0,1,1,Male,2,Hispanic
2002553453.0,13,Georgia,10929992,13245,Richmond,206837.0,4.01592125595,0.2583991338,3,3,2,2.0,1,1,1,1,1,1,1,,3,Black
2021606203.0,13,Georgia,10929992,13069,Coffee,43265.0,3.24719508032306,0.2060379561,1,2,1,2.0,1,0,1,0,1,1,1,Male,2,White
1999344143.0,13,Georgia,10929992,13121,Fulton,1076385.0,1.78514847587198,6.7083460009,1,1,2,2.0,1,1,1,1,1,1,1,Male,1,Black
2030979717.0,13,Georgia,10929992,13061,Clay,2860.0,0.965011011619688,1.1821585288,1,2,1,2.0,1,1,1,1,1,1,1,Male,2,White
2010747849.0,13,Georgia,10929992,13063,Clayton,298010.0,1.22954477015793,1.0004417033,2,5,2,2.0,1,1,1,1,1,1,1,Female,4,Black
2026743883.0,13,Georgia,10929992,13121,Fulton,1076385.0,0.533089896898915,0.3188388408,2,6,2,2.0,1,1,0,1,1,0,1,Female,4,Black
2033321897.0,13,Georgia,10929992,13135,Gwinnett,979814.0,3.2547614992644,,2,3,1,2.0,0,0,0,0,1,1,0,Female,3,White
2034943903.0,48,Texas,30118002,48039,Brazoria,388637.0,1.62606004171056,,1,2,1,2.0,1,1,0,0,1,0,0,Male,2,White
2000415095.0,48,Texas,30118002,48491,Williamson,674478.0,0.489741062871084,4.0552598902,1,5,4,2.0,1,1,1,1,1,0,1,Male,4,Other
2042328743.0,48,Texas,30118002,48343,Morris,12074.0,1.28167520310644,1.1892830026,2,6,1,2.0,0,0,0,0,0,1,0,Female,4,White
2013019249.0,48,Texas,30118002,48061,Cameron,425841.0,2.31097194836111,4.8473910982,1,1,3,1.0,1,0,0,1,1,1,0,Male,1,Hispanic
1995938877.0,48,Texas,30118002,48477,Washington,36371.0,1.21277293874234,1.2429343257,2,5,1,2.0,1,1,1,1,1,1,1,Female,4,White
2026327277.0,48,Texas,30118002,48439,Tarrant,2160356.0,3.84626625193317,,2,2,1,2.0,1,1,1,1,1,0,1,Female,2,White
2014340149.0,48,Texas,30118002,48315,Marion,9673.0,12.6585233930081,8.5927699972,1,1,1,2.0,0,0,0,0,0,1,0,Male,1,White
2038850075.0,48,Texas,30118002,48439,Tarrant,2160356.0,0.866913043081409,1.2351273167,1,3,3,,0,1,1,0,1,0,1,Male,3,Hispanic
2038246865.0,48,Texas,30118002,48029,Bexar,2065661.0,1.34538424272663,1.322990213,1,6,1,2.0,0,0,0,0,0,1,0,Male,4,White
2014273305.0,48,Texas,30118002,48113,Dallas,2613911.0,1.64231984935675,1.5696436247,2,3,1,2.0,0,0,0,0,0,1,0,Female,3,White
2043905663.0,48,Texas,30118002,48063,Camp,12735.0,1.73637780187972,,1,1,7,1.0,0,1,1,1,0,1,0,Male,1,Hispanic
2014289843.0,48,Texas,30118002,48029,Bexar,2065661.0,3.31262119327182,1.1087915603,1,2,3,1.0,1,1,0,0,0,0,1,Male,2,Hispanic
2021989755.0,48,Texas,30118002,48071,Chambers,51348.0,1.05057569121484,1.0138379978,2,4,1,2.0,0,0,0,0,0,1,0,Female,3,White
2013496615.0,48,Texas,30118002,48085,Collin,1163646.0,10.7751306072003,1.2871639877,1,5,1,2.0,1,1,1,1,1,0,1,Male,4,White
2040050941.0,48,Texas,30118002,48029,Bexar,2065661.0,1.26683397098381,1.2884230651,1,3,3,1.0,0,0,0,0,0,1,0,Male,3,Hispanic
2010512859.0,48,Texas,30118002,48439,Tarrant,2160356.0,0.789363242039167,0.7913717783,2,4,1,2.0,0,0,0,0,0,1,0,Female,3,White
1997263047.0,48,Texas,30118002,48157,Fort Bend,893314.0,1.64231984935675,1.5696436247,2,3,1,2.0,0,1,0,0,1,0,0,Female,3,White
2018441601.0,48,Texas,30118002,48157,Fort Bend,893314.0,3.01582053282331,,2,2,1,2.0,0,0,0,0,0,0,0,Female,2,White
2045755653.0,48,Texas,30118002,48157,Fort Bend,893314.0,5.61072293724947,,1,2,1,2.0,1,1,1,1,1,1,1,Male,2,White
2038230135.0,48,Texas,30118002,48061,Cameron,425841.0,2.70906901023478,1.2694954178,2,3,3,1.0,0,1,0,1,1,0,0,Female,3,Hispanic
2035419539.0,48,Texas,30118002,48439,Tarrant,2160356.0,1.62606004171056,,1,2,1,2.0,0,0,0,0,1,1,0,Male,2,White
2041381199.0,48,Texas,30118002,48157,Fort Bend,893314.0,5.35306812159804,,1,1,3,,0,0,0,0,0,0,0,Male,1,Hispanic
2012654127.0,48,Texas,30118002,48201,Harris,4809691.0,0.872897749851764,0.9063718147,3,6,1,2.0,1,1,1,1,1,0,1,,4,White
2015570313.0,48,Texas,30118002,48055,Caldwell,47995.0,0.872897749851764,0.9063718147,2,6,1,2.0,1,1,1,1,1,0,1,Female,4,White
2014528551.0,48,Texas,30118002,48201,Harris,4809691.0,0.872897749851764,0.9063718147,2,6,1,2.0,1,1,1,1,1,1,1,Female,4,White
2036627805.0,48,Texas,30118002,48453,Travis,1335984.0,0.952557948732081,0.9607449696,1,3,1,2.0,0,1,0,0,1,1,0,Male,3,White
2030239549.0,48,Texas,30118002,48029,Bexar,2065661.0,3.24658758550808,,2,3,1,2.0,1,1,1,1,1,1,0,Female,3,White
2015591831.0,48,Texas,30118002,48201,Harris,4809691.0,15.0614388091749,15.0172750693,2,1,3,1.0,0,0,0,0,0,0,0,Female,1,Hispanic
1999336187.0,48,Texas,30118002,48201,Harris,4809691.0,3.19312551465307,,1,2,1,2.0,0,0,0,0,0,1,0,Male,2,White
2035095053.0,48,Texas,30118002,48113,Dallas,2613911.0,0.284358396716475,0.9371115185,2,4,1,2.0,0,0,0,0,0,0,1,Female,3,White
2013375489.0,48,Texas,30118002,48029,Bexar,2065661.0,0.891567298790432,1.1646182229,1,3,1,2.0,0,0,0,0,0,1,0,Male,3,White
2041058925.0,48,Texas,30118002,48479,Webb,268450.0,1.47009379503298,0.5099930058000001,2,2,3,,1,1,1,1,1,0,1,Female,2,Hispanic
2013186631.0,48,Texas,30118002,48121,Denton,980835.0,0.723369539702199,,2,5,1,2.0,1,1,0,0,1,1,0,Female,4,White
2002432981.0,48,Texas,30118002,48201,Harris,4809691.0,0.824627725584189,,2,6,1,2.0,0,0,0,0,0,1,0,Female,4,White
2037588371.0,48,Texas,30118002,48061,Cameron,425841.0,1.0112448295637,0.8290770582,2,5,1,2.0,1,1,1,1,1,0,1,Female,4,White
2010214587.0,48,Texas,30118002,48339,Montgomery,681285.0,4.43820322084076,,2,1,3,1.0,1,1,1,1,1,1,1,Female,1,Hispanic
2011392355.0,48,Texas,30118002,48121,Denton,980835.0,0.953187126629107,0.9285369934,2,5,1,2.0,1,1,1,1,1,0,1,Female,4,White
2029080193.0,48,Texas,30118002,48439,Tarrant,2160356.0,2.37506119897777,1.0590144611,2,3,1,1.0,0,0,0,0,1,1,0,Female,3,Hispanic
2040050831.0,48,Texas,30118002,48469,Victoria,91138.0,4.98835227318463,,2,5,3,2.0,1,1,0,0,0,0,1,Female,4,Hispanic
2011787325.0,48,Texas,30118002,48245,Jefferson,252341.0,0.699155756299044,0.6734984263,2,5,1,2.0,1,1,1,1,1,0,1,Female,4,White
2011982205.0,48,Texas,30118002,48201,Harris,4809691.0,1.36437337340268,1.1382314919,2,6,1,2.0,1,0,0,1,0,1,0,Female,4,White
2036915033.0,48,Texas,30118002,48453,Travis,1335984.0,1.93369640819446,0.5817189244000001,1,6,3,1.0,1,1,1,1,1,0,1,Male,4,Hispanic
2044833731.0,48,Texas,30118002,48439,Tarrant,2160356.0,5.37934557681581,,1,2,2,1.0,1,1,1,1,1,0,1,Male,2,Black
2021899197.0,48,Texas,30118002,48085,Collin,1163646.0,9.9789509063458,12.7731321542,2,6,4,2.0,0,1,0,0,1,1,1,Female,4,Other
2009238811.0,48,Texas,30118002,48085,Collin,1163646.0,1.18393082805452,,1,5,1,2.0,1,1,1,1,0,1,1,Male,4,White
1984703233.0,48,Texas,30118002,48029,Bexar,2065661.0,0.545435405871833,,2,6,1,2.0,1,1,1,1,1,0,1,Female,4,White
2012512835.0,48,Texas,30118002,48201,Harris,4809691.0,2.57139095393562,3.4052834134,2,2,2,2.0,1,1,1,1,1,1,1,Female,2,Black
2007102759.0,48,Texas,30118002,48141,El Paso,868332.0,0.303713888676415,0.1798596476,1,5,3,1.0,1,1,1,1,1,0,1,Male,4,Hispanic
2032722891.0,48,Texas,30118002,48113,Dallas,2613911.0,2.32311698528056,,2,2,1,2.0,0,1,1,1,1,1,0,Female,2,White
2002313913.0,48,Texas,30118002,48167,Galveston,357747.0,0.53538571808478,0.5211952994,2,3,1,2.0,1,1,1,1,1,1,1,Female,3,White
2016337533.0,48,Texas,30118002,48085,Collin,1163646.0,0.695300704521599,0.5436365163,2,6,1,2.0,1,1,1,1,1,1,1,Female,4,White
2033379243.0,48,Texas,30118002,48201,Harris,4809691.0,2.83910065108559,,2,6,4,2.0,1,1,1,1,1,1,1,Female,4,Other
2028501401.0,48,Texas,30118002,48061,Cameron,425841.0,3.22237240342102,3.4596329119,1,2,1,2.0,0,1,0,1,1,1,1,Male,2,White
2011890689.0,48,Texas,30118002,48013,Atascosa,50916.0,1.05057569121484,1.0138379978,2,3,1,2.0,0,1,0,0,0,1,0,Female,3,White
2037987829.0,48,Texas,30118002,48201,Harris,4809691.0,0.866913043081409,1.2351273167,1,3,3,,1,0,1,0,1,1,1,Male,3,Hispanic
2034570759.0,48,Texas,30118002,48415,Scurry,16220.0,0.737767351479449,,2,3,3,,1,0,1,1,0,0,1,Female,3,Hispanic
2026740311.0,48,Texas,30118002,48303,Lubbock,317940.0,4.30860727270109,2.3083470969,1,5,1,2.0,1,1,1,0,1,1,1,Male,4,White
2005792729.0,48,Texas,30118002,48491,Williamson,674478.0,0.381533736028751,0.4199423064,2,3,1,2.0,1,0,0,0,0,1,1,Female,3,White
2002550021.0,48,Texas,30118002,48201,Harris,4809691.0,0.620455702837901,,1,2,2,2.0,1,1,1,1,1,1,0,Male,2,Black
2038230539.0,48,Texas,30118002,48141,El Paso,868332.0,1.65903822594973,,1,5,3,1.0,1,1,1,0,1,1,1,Male,4,Hispanic
2016727629.0,48,Texas,30118002,48113,Dallas,2613911.0,0.579887326173325,,2,2,3,,0,1,0,0,0,0,1,Female,2,Hispanic
2014159465.0,48,Texas,30118002,48085,Collin,1163646.0,0.633318618543433,,1,6,1,2.0,1,1,1,1,1,0,1,Male,4,White
2021467411.0,48,Texas,30118002,48453,Travis,1335984.0,1.01413020619712,0.6546211627,1,5,3,1.0,1,1,1,1,1,0,1,Male,4,Hispanic
2031560977.0,48,Texas,30118002,48201,Harris,4809691.0,1.08025132202254,1.3146754092,1,2,1,2.0,0,1,1,0,0,1,0,Male,2,White
2043951539.0,48,Texas,30118002,48135,Ector,161879.0,1.93524320721738,1.9483735351,1,3,3,,1,1,1,1,1,0,1,Male,3,Hispanic
2014221505.0,48,Texas,30118002,48029,Bexar,2065661.0,0.146649564595041,,2,2,3,,0,0,0,0,0,0,1,Female,2,Hispanic
2042698623.0,48,Texas,30118002,48029,Bexar,2065661.0,0.414694738744692,4.3200973366,2,2,1,2.0,1,1,1,1,1,0,1,Female,2,White
1993755369.0,48,Texas,30118002,48029,Bexar,2065661.0,4.32804425988214,,2,1,1,1.0,0,0,1,1,1,0,0,Female,1,Hispanic
2026160415.0,48,Texas,30118002,48041,Brazos,242285.0,0.397608101655041,,2,5,4,2.0,1,1,1,0,1,1,0,Female,4,Other
2030943113.0,48,Texas,30118002,48245,Jefferson,252341.0,2.52344844124022,,1,3,2,2.0,1,1,1,0,1,1,1,Male,3,Black
1999678117.0,48,Texas,30118002,48453,Travis,1335984.0,1.02892592399336,0.9630160926,2,3,1,2.0,1,1,1,0,1,1,1,Female,3,White
2009572789.0,48,Texas,30118002,48061,Cameron,425841.0,6.261153426195,1.6255425959,1,1,1,2.0,1,1,1,1,0,1,0,Male,1,White
2012324763.0,48,Texas,30118002,48157,Fort Bend,893314.0,1.5625828306135,1.234009907,1,2,2,2.0,1,1,0,0,1,1,1,Male,2,Black
2044648561.0,48,Texas,30118002,48085,Collin,1163646.0,7.83245131420312,,1,3,1,2.0,0,0,0,0,1,1,1,Male,3,White
2029123737.0,48,Texas,30118002,48029,Bexar,2065661.0,2.53208995853124,1.9963224584,1,2,3,,1,1,0,0,0,1,0,Male,2,Hispanic
2036933231.0,48,Texas,30118002,48085,Collin,1163646.0,4.41809596203003,2.3640659131,1,1,4,2.0,1,1,1,1,1,0,1,Male,1,Other
2038013787.0,48,Texas,30118002,48039,Brazoria,388637.0,1.53552233606884,1.4343400209,2,4,3,,1,1,1,1,1,1,1,Female,3,Hispanic
2020115797.0,48,Texas,30118002,48029,Bexar,2065661.0,0.790826192050864,0.9664542261,2,2,1,2.0,1,0,0,0,0,1,0,Female,2,White
2037194963.0,48,Texas,30118002,48439,Tarrant,2160356.0,1.41736386578942,,2,2,2,2.0,1,0,0,0,0,0,0,Female,2,Black
1992713643.0,48,Texas,30118002,48091,Comal,184600.0,0.590480768287943,0.7108301192,1,4,1,2.0,1,0,0,0,0,1,0,Male,3,White
2000420637.0,48,Texas,30118002,48257,Kaufman,172773.0,0.933416918288405,1.1919919856,2,3,1,2.0,0,0,0,0,1,1,0,Female,3,White
2038820877.0,48,Texas,30118002,48085,Collin,1163646.0,1.33181330542977,1.7937118005,2,3,4,2.0,1,0,0,0,1,0,1,Female,3,Other
2036915199.0,48,Texas,30118002,48279,Lamb,12747.0,3.31262119327182,1.1087915603,1,2,3,1.0,1,1,1,1,1,0,0,Male,2,Hispanic
2013028341.0,48,Texas,30118002,48201,Harris,4809691.0,0.53538571808478,0.5211952994,2,4,1,2.0,1,1,1,0,1,1,1,Female,3,White
2023371367.0,48,Texas,30118002,48215,Hidalgo,888619.0,3.1071874190501,,2,4,3,,1,1,1,1,1,1,1,Female,3,Hispanic
2029548229.0,48,Texas,30118002,48201,Harris,4809691.0,0.572706293049119,0.5440642122,2,3,2,2.0,1,1,1,1,1,1,1,Female,3,Black
2038949421.0,48,Texas,30118002,48113,Dallas,2613911.0,1.70200349826163,,1,1,2,2.0,1,1,1,1,0,0,1,Male,1,Black
2029151941.0,48,Texas,30118002,48439,Tarrant,2160356.0,0.215367620014737,,2,2,1,2.0,0,1,1,1,0,0,0,Female,2,White
2016683701.0,48,Texas,30118002,48453,Travis,1335984.0,3.55385383609253,,1,5,1,2.0,1,1,1,1,1,0,1,Male,4,White
2014472715.0,48,Texas,30118002,48453,Travis,1335984.0,2.67306061195032,1.9632994664,1,5,1,2.0,1,1,1,1,1,0,1,Male,4,White
2028968751.0,37,North Carolina,10705768,37191,Wayne,118206.0,9.2954491699158,1.4109462589,1,5,2,2.0,1,1,1,0,1,0,1,Male,4,Black
2038782697.0,37,North Carolina,10705768,37119,Mecklenburg,1148324.0,3.87713001012858,2.127205371,1,6,4,2.0,1,0,1,1,1,0,1,Male,4,Other
2015812891.0,37,North Carolina,10705768,37141,Pender,65638.0,2.63401284067087,,2,1,2,2.0,1,1,1,1,0,0,0,Female,1,Black
2011075689.0,37,North Carolina,10705768,37119,Mecklenburg,1148324.0,0.462280971826487,0.4867076301,1,3,1,2.0,1,1,1,1,1,0,1,Male,3,White
2011523357.0,37,North Carolina,10705768,37141,Pender,65638.0,1.01464823111377,1.022353241,2,3,1,2.0,0,0,0,0,0,1,0,Female,3,White
2034243663.0,37,North Carolina,10705768,37057,Davidson,172376.0,1.09702357212027,,1,4,1,2.0,0,0,0,0,1,1,1,Male,3,White
2036913661.0,37,North Carolina,10705768,37179,Union,249615.0,1.88148515790191,2.627877404,1,3,1,2.0,1,0,0,0,0,1,0,Male,3,White
1999157519.0,37,North Carolina,10705768,37025,Cabarrus,236041.0,1.77694679324302,2.9217634759,2,4,1,2.0,1,0,0,0,1,1,0,Female,3,White
1998279335.0,37,North Carolina,10705768,37183,Wake,1173034.0,6.19747494654571,2.8074806722,2,1,2,2.0,0,1,1,1,1,1,1,Female,1,Black
2023690995.0,37,North Carolina,10705768,37161,Rutherford,64856.0,1.08191181401992,,1,2,1,2.0,1,1,0,1,1,1,1,Male,2,White
2000946269.0,37,North Carolina,10705768,37135,Orange,150554.0,2.31556998926925,1.2990093525,2,5,2,2.0,1,1,1,1,0,0,1,Female,4,Black
2028559647.0,37,North Carolina,10705768,37157,Rockingham,92013.0,5.65217571805985,,1,1,1,2.0,0,0,1,1,1,1,0,Male,1,White
2012431039.0,37,North Carolina,10705768,37133,Onslow,206682.0,0.830259269220593,0.4713198631,1,2,7,2.0,0,0,0,0,0,1,0,Male,2,Other
1999717721.0,37,North Carolina,10705768,37025,Cabarrus,236041.0,3.72501763817844,3.28530944,1,5,1,2.0,1,1,1,1,1,1,1,Male,4,White
2040527481.0,37,North Carolina,10705768,37119,Mecklenburg,1148324.0,0.953637609071279,0.8103137555000001,2,5,1,2.0,1,1,1,1,1,0,1,Female,4,White
1999463211.0,37,North Carolina,10705768,37119,Mecklenburg,1148324.0,4.06661220936055,,2,2,4,2.0,1,1,1,1,1,1,1,Female,2,Other
2011402719.0,37,North Carolina,10705768,37151,Randolph,146192.0,9.41347410028057,9.5233660754,2,1,1,2.0,0,0,0,0,0,0,0,Female,1,White
2001370213.0,37,North Carolina,10705768,37117,Martin,21493.0,0.880280213453705,0.7136005052000001,2,6,2,2.0,1,1,0,0,1,1,1,Female,4,Black
1999281363.0,37,North Carolina,10705768,37081,Guilford,546589.0,0.649694169056489,,2,1,6,1.0,1,0,0,0,0,0,0,Female,1,Hispanic
1993666245.0,37,North Carolina,10705768,37183,Wake,1173034.0,1.12563263472054,,2,6,1,2.0,0,0,0,0,0,1,0,Female,4,White
1997511413.0,37,North Carolina,10705768,37147,Pitt,177028.0,0.813799604733461,0.9122695071,2,4,2,2.0,1,1,0,0,0,1,1,Female,3,Black
2008532173.0,37,North Carolina,10705768,37161,Rutherford,64856.0,0.765321266095647,1.6548685417,2,2,1,2.0,0,0,0,0,1,1,0,Female,2,White
1997568257.0,37,North Carolina,10705768,37113,Macon,37964.0,0.953637609071279,0.8103137555000001,2,5,1,2.0,1,1,1,1,1,0,1,Female,4,White
2020567375.0,37,North Carolina,10705768,37183,Wake,1173034.0,0.735963118647873,0.7157507754,2,5,1,2.0,1,1,1,1,1,0,1,Female,4,White
2030981365.0,37,North Carolina,10705768,37105,Lee,65613.0,0.313860068528179,,1,1,1,2.0,1,1,1,1,1,1,0,Male,1,White
2014433561.0,37,North Carolina,10705768,37081,Guilford,546589.0,0.700200921222232,0.3479233046,1,6,7,2.0,0,0,0,0,0,1,0,Male,4,Other
2012709065.0,37,North Carolina,10705768,37027,Caldwell,80298.0,0.462280971826487,0.4867076301,1,4,1,2.0,1,1,1,1,1,1,1,Male,3,White
2018191283.0,37,North Carolina,10705768,37069,Franklin,74294.0,0.4081019932977,0.4297756748,1,6,6,2.0,1,0,1,0,1,1,0,Male,4,Other
2039051137.0,37,North Carolina,10705768,37101,Johnston,234667.0,0.504862895269304,1.7267447837,2,4,2,2.0,1,1,1,1,1,1,0,Female,3,Black
2038244721.0,37,North Carolina,10705768,37069,Franklin,74294.0,1.09702357212027,1.7609797769000002,1,3,1,2.0,0,0,0,0,0,1,0,Male,3,White
1995006067.0,37,North Carolina,10705768,37063,Durham,331135.0,1.1401783106076,0.4700236453,1,5,1,2.0,1,1,1,1,1,1,1,Male,4,White
2009752691.0,37,North Carolina,10705768,37067,Forsyth,389389.0,1.25457036762983,1.4276912696,1,2,1,2.0,1,1,1,0,1,1,1,Male,2,White
2011951659.0,22,Louisiana,4600892,22077,Pointe Coupee Parish,20225.0,2.92194940676684,2.7580440758,2,6,1,2.0,0,0,0,0,1,0,1,Female,4,White
2012543489.0,22,Louisiana,4600892,22115,Vernon Parish,46863.0,2.08839201803131,1.7136479893,2,2,2,2.0,1,1,1,1,0,0,1,Female,2,Black
2026704053.0,22,Louisiana,4600892,22089,St. Charles Parish,51089.0,5.01869304949396,,1,2,1,2.0,0,1,1,0,1,1,0,Male,2,White
2015430671.0,22,Louisiana,4600892,22033,East Baton Rouge Parish,451837.0,0.711182495680008,,1,5,1,1.0,1,1,1,1,1,0,1,Male,4,Hispanic
1995559365.0,22,Louisiana,4600892,22051,Jefferson Parish,430086.0,2.04998055493057,1.6560194612,2,5,1,2.0,1,1,1,1,0,1,1,Female,4,White
2013765685.0,22,Louisiana,4600892,22063,Livingston Parish,148332.0,0.252889911051394,,2,5,1,2.0,1,1,0,1,1,0,1,Female,4,White
2022130875.0,22,Louisiana,4600892,22033,East Baton Rouge Parish,451837.0,2.3753716506549,1.2966641918,2,6,1,2.0,1,1,1,1,1,0,1,Female,4,White
1999892347.0,22,Louisiana,4600892,22071,Orleans Parish,371038.0,0.517312519271412,0.5651355645,1,3,1,2.0,1,1,1,1,1,0,1,Male,3,White
2038417777.0,22,Louisiana,4600892,22103,St. Tammany Parish,273650.0,0.843558913555574,,2,2,2,2.0,1,0,1,0,1,0,0,Female,2,Black
1996962689.0,22,Louisiana,4600892,22033,East Baton Rouge Parish,451837.0,0.356800449798426,0.2593601137,1,5,1,2.0,1,1,1,1,1,0,1,Male,4,White
2041954099.0,22,Louisiana,4600892,22071,Orleans Parish,371038.0,1.79176339339113,0.2423163981,1,3,4,2.0,0,0,1,1,1,1,1,Male,3,Other
1999608561.0,22,Louisiana,4600892,22095,St. John the Baptist Parish,40028.0,0.700704930337282,0.7344102555,2,4,1,2.0,1,1,1,1,1,1,1,Female,3,White
2038735941.0,22,Louisiana,4600892,22033,East Baton Rouge Parish,451837.0,6.100515348929,,1,3,2,2.0,0,1,1,1,1,1,1,Male,3,Black
2039923853.0,22,Louisiana,4600892,22079,Rapides Parish,127018.0,12.672798869191,,1,2,1,2.0,0,0,0,0,0,0,0,Male,2,White
2043987617.0,45,South Carolina,5288957,45045,Greenville,548763.0,4.6366201304495,,1,2,1,2.0,0,0,1,0,1,0,1,Male,2,White
2036689319.0,45,South Carolina,5288957,45045,Greenville,548763.0,1.0311915495267,,1,1,1,2.0,1,1,1,1,1,1,0,Male,1,White
2034202235.0,45,South Carolina,5288957,45045,Greenville,548763.0,1.11099869086713,1.0503936218,1,5,1,2.0,0,0,0,0,0,1,0,Male,4,White
2029346859.0,45,South Carolina,5288957,45051,Horry,383626.0,0.733979677066878,1.3330666494,2,2,1,2.0,0,0,0,1,1,1,0,Female,2,White
2034288255.0,45,South Carolina,5288957,45079,Richland,421786.0,0.671674647548615,,2,4,1,2.0,0,0,0,0,1,1,0,Female,3,White
2009822173.0,45,South Carolina,5288957,45051,Horry,383626.0,1.61341408930002,,2,2,1,2.0,0,0,0,0,0,1,0,Female,2,White
2021275777.0,45,South Carolina,5288957,45073,Oconee,80280.0,0.214865127068853,0.8053629041,1,2,1,2.0,1,1,1,1,1,0,1,Male,2,White
2020245777.0,45,South Carolina,5288957,45063,Lexington,305297.0,0.372458041845412,,2,1,1,2.0,0,1,1,0,1,0,1,Female,1,White
2038883669.0,45,South Carolina,5288957,45063,Lexington,305297.0,0.402453951186072,,1,2,1,1.0,1,1,1,1,1,1,1,Male,2,Hispanic
2017212693.0,45,South Carolina,5288957,45059,Laurens,68150.0,0.299318760092463,1.3220235334,2,2,2,2.0,1,1,1,1,1,1,1,Female,2,Black
2015158949.0,45,South Carolina,5288957,45063,Lexington,305297.0,2.85833367988227,,2,2,1,2.0,1,1,1,1,1,0,1,Female,2,White
2029126025.0,45,South Carolina,5288957,45073,Oconee,80280.0,2.22296386133645,,1,2,1,2.0,0,1,1,1,1,1,1,Male,2,White
2012319603.0,45,South Carolina,5288957,45003,Aiken,173545.0,6.17215356012936,4.3828078725,1,1,1,2.0,0,0,0,0,0,1,0,Male,1,White
2009825085.0,45,South Carolina,5288957,45015,Berkeley,245656.0,5.42587908285067,2.9892483016,1,5,1,2.0,0,0,0,0,0,1,0,Male,4,White
2017772587.0,45,South Carolina,5288957,45091,York,293579.0,2.48474629541366,,1,1,1,2.0,1,1,1,1,1,1,1,Male,1,White
2014609761.0,45,South Carolina,5288957,45035,Dorchester,166125.0,4.07184430554204,2.2894224897,1,3,1,2.0,1,0,1,0,1,1,0,Male,3,White
2010680343.0,53,Washington,7786828,53053,Pierce,927456.0,1.60891101755803,1.2338136987,1,5,1,2.0,1,1,0,1,0,1,0,Male,4,White
2013902933.0,53,Washington,7786828,53067,Thurston,298556.0,0.924017253357233,0.9152038147,1,2,1,2.0,1,0,0,0,0,1,0,Male,2,White
1997296521.0,53,Washington,7786828,53053,Pierce,927456.0,1.15106072382776,0.9221310338,2,5,1,2.0,1,1,1,1,0,0,1,Female,4,White
2013236077.0,53,Washington,7786828,53033,King,2265822.0,10.6554628194177,3.1761966023,1,3,1,2.0,1,0,0,0,0,1,0,Male,3,White
2013976273.0,53,Washington,7786828,53025,Grant,101277.0,1.51218772528795,0.9394314159,2,6,1,2.0,1,1,1,1,1,0,1,Female,4,White
2031452513.0,53,Washington,7786828,53029,Island,86738.0,0.913093057347443,0.7865619319,1,6,1,2.0,1,1,1,1,1,0,1,Male,4,White
2012802517.0,53,Washington,7786828,53053,Pierce,927456.0,1.11008787134944,0.8329098697,1,5,6,1.0,1,1,1,1,1,1,1,Male,4,Hispanic
2038238531.0,53,Washington,7786828,53061,Snohomish,840860.0,1.10414883534787,0.8540693308,1,4,1,2.0,1,1,1,1,1,0,1,Male,3,White
2039869839.0,53,Washington,7786828,53035,Kitsap,277805.0,2.43674595653875,2.278648387,2,5,1,2.0,0,0,0,1,0,1,0,Female,4,White
2015968821.0,53,Washington,7786828,53077,Yakima,256550.0,0.227846030517253,,2,4,1,1.0,0,1,1,0,1,1,0,Female,3,Hispanic
2018641333.0,53,Washington,7786828,53057,Skagit,131116.0,9.82038315084229,,1,2,1,2.0,1,1,1,1,1,1,1,Male,2,White
2038447781.0,53,Washington,7786828,53061,Snohomish,840860.0,1.85417164917235,1.7910862832,2,4,1,2.0,0,0,0,0,0,1,0,Female,3,White
2029594021.0,53,Washington,7786828,53027,Grays Harbor,77108.0,1.65399623508348,1.4325364483,1,2,1,2.0,1,1,1,1,1,0,1,Male,2,White
2036926249.0,53,Washington,7786828,53073,Whatcom,230641.0,15.0614388091749,9.6365417753,2,6,4,2.0,0,0,0,0,1,1,0,Female,4,Other
2017437095.0,53,Washington,7786828,53033,King,2265822.0,0.675441612568988,0.3412776617,3,5,6,2.0,1,1,1,1,0,0,1,,4,Other
2027089627.0,53,Washington,7786828,53063,Spokane,549602.0,2.90222237896739,,1,4,1,2.0,0,0,0,0,1,1,0,Male,3,White
2012624287.0,53,Washington,7786828,53061,Snohomish,840860.0,1.24275084733431,1.118195332,1,2,1,2.0,1,1,1,1,1,0,1,Male,2,White
2034500243.0,53,Washington,7786828,53061,Snohomish,840860.0,5.61720963234506,,1,2,1,2.0,1,1,1,1,1,1,1,Male,2,White
2010134439.0,53,Washington,7786828,53061,Snohomish,840860.0,0.887445603994487,0.8694900914,2,2,1,2.0,0,1,1,1,0,1,1,Female,2,White
2031648619.0,53,Washington,7786828,53033,King,2265822.0,1.02761274301839,,2,3,2,2.0,0,1,0,0,0,1,0,Female,3,Black
2038792583.0,53,Washington,7786828,53027,Grays Harbor,77108.0,0.433997433183522,,1,6,1,2.0,0,1,1,1,1,1,1,Male,4,White
1999897591.0,53,Washington,7786828,53053,Pierce,927456.0,1.15106072382776,0.9221310338,2,5,1,2.0,1,1,1,1,1,0,1,Female,4,White
2022964407.0,53,Washington,7786828,53053,Pierce,927456.0,10.4536738777332,,1,1,4,2.0,1,1,1,1,1,0,1,Male,1,Other
1998233967.0,23,Maine,1391585,23015,Lincoln,36248.0,1.35980773159756,1.2328578426,1,2,1,2.0,0,0,0,0,1,1,0,Male,2,White
2032764369.0,23,Maine,1391585,23019,Penobscot,154948.0,1.65831251994354,,1,2,1,2.0,1,1,1,1,1,1,0,Male,2,White
1998424843.0,23,Maine,1391585,23011,Kennebec,127182.0,1.74957617600841,,2,2,1,2.0,1,1,1,1,1,1,1,Female,2,White
2042331347.0,23,Maine,1391585,23019,Penobscot,154948.0,0.41406998407786,0.6909509450000001,1,3,1,2.0,0,0,0,0,0,1,0,Male,3,White
2001420633.0,51,Virginia,8681038,51065,Fluvanna,28126.0,0.773842426822086,0.6785185418,2,6,1,2.0,1,1,1,1,1,0,1,Female,4,White
2039694043.0,51,Virginia,8681038,51059,Fairfax,1138853.0,2.07868087779694,,2,6,2,2.0,1,1,1,1,1,0,1,Female,4,Black
2036915429.0,51,Virginia,8681038,51179,Stafford,163226.0,1.17675966577708,0.3712191198,2,3,3,1.0,1,1,1,1,1,1,1,Female,3,Hispanic
2011645223.0,51,Virginia,8681038,51041,Chesterfield,378739.0,2.3574053879103,,1,2,1,2.0,1,1,1,1,1,0,1,Male,2,White
2036106325.0,51,Virginia,8681038,51087,Henrico,335033.0,2.6737555987535,,2,1,2,2.0,0,0,0,0,0,0,0,Female,1,Black
2036916493.0,51,Virginia,8681038,51700,Newport News city,183976.0,0.943483839404435,0.6813422542,1,5,2,2.0,1,1,1,1,1,1,1,Male,4,Black
2042329723.0,51,Virginia,8681038,51067,Franklin,55054.0,0.968337516010711,0.7962074493,2,3,1,2.0,0,0,0,0,1,1,0,Female,3,White
2012267373.0,51,Virginia,8681038,51810,Virginia Beach city,454721.0,0.892639300652005,0.8518161584,2,2,1,2.0,0,0,0,0,0,0,0,Female,2,White
2025440481.0,51,Virginia,8681038,51810,Virginia Beach city,454721.0,4.48703732181784,,1,2,2,2.0,0,1,1,1,1,1,1,Male,2,Black
1998475295.0,51,Virginia,8681038,51165,Rockingham,85494.0,0.270669602635335,1.4822125944,1,2,1,2.0,0,0,0,0,0,1,0,Male,2,White
2027467423.0,51,Virginia,8681038,51670,Hopewell city,22857.0,0.708995315881353,0.9692121409,2,2,1,2.0,0,1,1,0,0,1,1,Female,2,White
2008533685.0,51,Virginia,8681038,51083,Halifax,33612.0,1.38767072063818,1.6344530567,2,5,1,2.0,0,0,0,0,1,1,0,Female,4,White
2024302617.0,51,Virginia,8681038,51680,Lynchburg city,79278.0,0.811408984536702,0.7262587184,1,5,3,,1,1,1,1,1,0,1,Male,4,Hispanic
2024793293.0,51,Virginia,8681038,51119,Middlesex,10953.0,1.53350690917194,,2,2,1,2.0,0,0,0,0,1,1,0,Female,2,White
2016288189.0,51,Virginia,8681038,51059,Fairfax,1138853.0,1.95463691773332,1.5859701261,2,6,1,2.0,0,0,0,0,0,1,0,Female,4,White
2021051329.0,51,Virginia,8681038,51550,Chesapeake city,252431.0,1.18802738757562,1.0912741802,2,2,1,2.0,0,0,0,0,1,1,0,Female,2,White
2034650359.0,51,Virginia,8681038,51087,Henrico,335033.0,1.0073699049874,0.616294156,2,3,1,2.0,1,1,1,1,1,1,1,Female,3,White
2037095939.0,51,Virginia,8681038,51019,Bedford,80832.0,0.907138783052939,1.0340876896,1,2,1,2.0,1,0,1,1,0,0,1,Male,2,White
1998263765.0,51,Virginia,8681038,51003,Albemarle,114871.0,0.729437671579204,,2,5,1,2.0,1,1,1,1,1,0,1,Female,4,White
1455458991.0,51,Virginia,8681038,51019,Bedford,80832.0,4.19512999083543,,2,2,1,2.0,1,1,1,1,0,1,0,Female,2,White
2042331705.0,51,Virginia,8681038,51107,Loudoun,432672.0,0.97835080292076,1.1732698785,1,5,1,2.0,1,1,1,1,1,1,1,Male,4,White
1999672389.0,51,Virginia,8681038,51660,Harrisonburg city,51011.0,0.799723206168628,0.7313636131,2,5,1,2.0,0,0,0,1,1,0,1,Female,4,White
1999689561.0,51,Virginia,8681038,51095,James City,81458.0,1.15000679258054,0.8621378813,2,3,1,2.0,0,0,0,0,0,1,0,Female,3,White
1998831163.0,51,Virginia,8681038,51830,Williamsburg city,15703.0,1.42888139338984,,1,5,1,2.0,1,1,1,1,1,0,1,Male,4,White
2030524927.0,51,Virginia,8681038,51059,Fairfax,1138853.0,4.16867940166319,,1,3,1,2.0,1,1,1,1,1,1,0,Male,3,White
2015060955.0,51,Virginia,8681038,51510,Alexandria city,154880.0,0.773842426822086,0.6785185418,2,6,1,2.0,1,1,1,1,1,0,1,Female,4,White
2034432327.0,18,Indiana,6841491,18035,Delaware,112091.0,1.89308013370597,1.6902305722,2,6,1,2.0,0,0,0,0,1,1,0,Female,4,White
2031412729.0,18,Indiana,6841491,18175,Washington,28152.0,1.37009820632083,,2,1,1,2.0,1,1,1,0,1,1,1,Female,1,White
2014358081.0,18,Indiana,6841491,18113,Noble,47266.0,1.41302674875521,,1,2,1,2.0,0,0,0,0,0,0,0,Male,2,White
2039700185.0,18,Indiana,6841491,18067,Howard,83479.0,4.1844306003129,,1,6,1,2.0,0,0,0,0,0,1,0,Male,4,White
2034608553.0,18,Indiana,6841491,18095,Madison,130977.0,2.46857143753619,,2,2,1,2.0,1,1,0,1,1,1,1,Female,2,White
2012973145.0,18,Indiana,6841491,18097,Marion,974293.0,0.750957513870401,1.2253077713,2,2,1,2.0,1,1,1,1,1,1,0,Female,2,White
2013689905.0,18,Indiana,6841491,18147,Spencer,19886.0,2.34219671475108,,2,2,1,2.0,1,1,0,0,1,1,1,Female,2,White
2013249763.0,18,Indiana,6841491,18003,Allen,391751.0,2.57392617079179,,2,3,1,2.0,1,1,1,1,1,0,1,Female,3,White
2009014501.0,18,Indiana,6841491,18129,Posey,25081.0,2.87464134101908,,1,1,1,2.0,0,1,0,1,1,1,0,Male,1,White
2007954589.0,18,Indiana,6841491,18097,Marion,974293.0,0.841489288021421,0.8062656873,2,6,1,2.0,1,1,1,1,1,0,1,Female,4,White
2042329287.0,18,Indiana,6841491,18117,Orange,19611.0,0.862825645679067,0.8994732881,1,5,1,2.0,0,0,0,0,0,1,0,Male,4,White
2015759553.0,18,Indiana,6841491,18035,Delaware,112091.0,1.46835042557148,1.4683445236,1,3,1,2.0,0,0,0,0,0,1,0,Male,3,White
2014822811.0,18,Indiana,6841491,18019,Clark,124254.0,2.94970624814891,,1,1,1,2.0,1,1,0,0,1,0,1,Male,1,White
2034213207.0,18,Indiana,6841491,18097,Marion,974293.0,0.804113352805941,,2,3,2,2.0,1,1,0,1,0,0,1,Female,3,Black
2023425137.0,18,Indiana,6841491,18089,Lake,499630.0,0.104408542407863,1.4222691105,1,2,1,1.0,1,1,1,1,1,1,1,Male,2,Hispanic
2042330453.0,18,Indiana,6841491,18105,Monroe,144456.0,0.841489288021421,0.8062656873,2,6,1,2.0,1,1,1,1,1,0,1,Female,4,White
2034659917.0,18,Indiana,6841491,18049,Fulton,20355.0,4.72244878659455,,2,2,1,2.0,0,0,0,0,0,0,0,Female,2,White
2019391883.0,18,Indiana,6841491,18163,Vanderburgh,179604.0,0.179901024298427,0.5783487454,2,2,1,2.0,1,0,1,1,1,1,1,Female,2,White
2015088385.0,18,Indiana,6841491,18175,Washington,28152.0,0.653504299784999,,2,2,1,2.0,1,1,1,1,1,0,1,Female,2,White
2045074347.0,18,Indiana,6841491,18089,Lake,499630.0,0.609473343261737,0.5918595736,1,6,1,2.0,1,1,1,1,1,1,1,Male,4,White
2034605967.0,06,California,39125347,06037,Los Angeles,9748524.0,0.466397190990887,,2,3,2,2.0,1,1,1,1,0,0,1,Female,3,Black
2041446755.0,06,California,39125347,06013,Contra Costa,1160163.0,1.41899784833877,,2,6,4,2.0,1,1,1,1,1,0,1,Female,4,Other
1998210993.0,06,California,39125347,06037,Los Angeles,9748524.0,1.39489208750176,1.4104579914,1,5,4,2.0,0,0,0,0,0,0,0,Male,4,Other
2039729509.0,06,California,39125347,06037,Los Angeles,9748524.0,1.33548878855205,1.3029079735,1,5,1,2.0,1,1,1,1,1,0,1,Male,4,White
2030713667.0,06,California,39125347,06071,San Bernardino,2196267.0,3.05296495689657,,2,2,2,2.0,1,1,0,0,0,0,0,Female,2,Black
1999678361.0,06,California,39125347,06073,San Diego,3279089.0,0.688122566035152,,2,4,1,2.0,1,1,1,1,1,0,1,Female,3,White
2026740295.0,06,California,39125347,06037,Los Angeles,9748524.0,3.96493746953829,,2,2,3,1.0,0,0,0,0,0,0,0,Female,2,Hispanic
2033033743.0,06,California,39125347,06037,Los Angeles,9748524.0,2.29388356913259,,2,2,2,2.0,1,0,0,0,0,1,0,Female,2,Black
1983262603.0,06,California,39125347,06017,El Dorado,192914.0,1.37988004080332,1.8687750962,1,2,1,2.0,1,1,1,0,1,1,1,Male,2,White
2015703127.0,06,California,39125347,06065,Riverside,2479339.0,0.802714599988878,0.5195893847,1,5,7,2.0,1,0,0,0,0,1,0,Male,4,Other
2038629119.0,06,California,39125347,06023,Humboldt,134979.0,1.06583150692226,0.9877591904,2,3,1,2.0,0,0,0,0,1,1,0,Female,3,White
2012853677.0,06,California,39125347,06037,Los Angeles,9748524.0,0.905338717935425,1.0761086961,2,5,1,2.0,1,1,1,1,1,0,1,Female,4,White
2015770995.0,06,California,39125347,06029,Kern,917074.0,8.82354883076831,,2,1,1,2.0,1,1,1,1,1,1,0,Female,1,White
2015525557.0,06,California,39125347,06067,Sacramento,1588707.0,0.679267299207069,1.5098398958,1,2,1,2.0,1,1,1,1,1,0,1,Male,2,White
2013508145.0,06,California,39125347,06013,Contra Costa,1160163.0,2.43818271996682,1.6527281803,1,5,4,2.0,1,0,0,0,0,1,0,Male,4,Other
2042327873.0,06,California,39125347,06077,San Joaquin,795443.0,0.766320871519086,0.9610515853,1,3,1,2.0,0,0,0,0,0,1,0,Male,3,White
2037353775.0,06,California,39125347,06067,Sacramento,1588707.0,1.6953207775818,,1,2,2,2.0,1,1,1,0,0,0,0,Male,2,Black
1999525301.0,06,California,39125347,06079,San Luis Obispo,282747.0,0.692065552285456,0.6116442131000001,1,5,1,2.0,1,0,1,1,1,1,1,Male,4,White
2045931941.0,06,California,39125347,06065,Riverside,2479339.0,1.08089994028725,,1,1,3,,0,1,0,1,0,1,1,Male,1,Hispanic
2040184873.0,06,California,39125347,06037,Los Angeles,9748524.0,1.41409604320803,4.8284435511,2,3,2,2.0,1,1,1,1,0,0,0,Female,3,Black
2013228973.0,06,California,39125347,06099,Stanislaus,552453.0,1.3317611591686,1.0138438145,1,6,6,2.0,0,0,0,0,0,1,0,Male,4,Other
2039365585.0,06,California,39125347,06037,Los Angeles,9748524.0,1.41853156122495,1.2654327932,2,3,1,2.0,0,0,0,0,1,1,0,Female,3,White
1998568387.0,06,California,39125347,06065,Riverside,2479339.0,0.609783162774254,,1,3,1,2.0,1,1,1,1,1,0,1,Male,3,White
2046044983.0,06,California,39125347,06071,San Bernardino,2196267.0,2.05312445729415,2.4353076662,2,4,3,,1,1,1,1,1,1,0,Female,3,Hispanic
2031586967.0,06,California,39125347,06073,San Diego,3279089.0,0.482381080935303,,1,2,1,2.0,0,1,1,1,1,1,1,Male,2,White
2031252517.0,06,California,39125347,06071,San Bernardino,2196267.0,4.9032630028366,,1,3,1,2.0,1,1,0,1,1,1,0,Male,3,White
1998512011.0,06,California,39125347,06037,Los Angeles,9748524.0,1.68310220850181,1.6779578582,2,6,1,2.0,1,1,1,0,0,1,1,Female,4,White
2041090093.0,06,California,39125347,06059,Orange,3156252.0,2.30373258087859,2.0970977406,2,5,1,2.0,1,1,1,1,1,0,1,Female,4,White
1991449393.0,06,California,39125347,06057,Nevada,102377.0,0.613204132789873,0.6303963769,1,6,1,2.0,1,1,1,1,1,0,1,Male,4,White
2012028639.0,06,California,39125347,06037,Los Angeles,9748524.0,1.72541625050425,0.9374833048,2,3,3,1.0,1,0,0,0,0,0,0,Female,3,Hispanic
2002513499.0,06,California,39125347,06029,Kern,917074.0,1.00978475588754,,2,5,2,1.0,0,0,0,0,0,1,0,Female,4,Black
2037382037.0,06,California,39125347,06037,Los Angeles,9748524.0,15.0614388091749,9.1781328788,1,1,7,1.0,1,0,0,0,0,0,1,Male,1,Hispanic
2010676475.0,06,California,39125347,06079,San Luis Obispo,282747.0,2.12639693624646,,2,1,1,2.0,0,0,0,0,1,1,0,Female,1,White
2042192379.0,06,California,39125347,06073,San Diego,3279089.0,0.692065552285456,0.6116442131000001,1,5,1,2.0,1,1,1,1,0,0,1,Male,4,White
2031337143.0,06,California,39125347,06071,San Bernardino,2196267.0,4.73944344297614,7.1641774657,1,1,3,,1,0,1,0,0,1,0,Male,1,Hispanic
1995191969.0,06,California,39125347,06053,Monterey,435884.0,0.690465347640433,0.6495497452,2,5,1,2.0,1,1,1,1,1,0,1,Female,4,White
1983467535.0,06,California,39125347,06111,Ventura,834675.0,1.01269055628248,,1,3,1,2.0,0,0,0,0,0,1,0,Male,3,White
1996385913.0,06,California,39125347,06071,San Bernardino,2196267.0,10.1018727631558,,1,1,1,1.0,1,0,1,0,0,0,0,Male,1,Hispanic
2026742629.0,06,California,39125347,06081,San Mateo,732245.0,0.823386994385319,0.7548185803,1,5,3,1.0,1,1,1,1,1,1,1,Male,4,Hispanic
2038448735.0,06,California,39125347,06037,Los Angeles,9748524.0,0.92233134586604,,1,2,3,,1,1,1,1,0,1,1,Male,2,Hispanic
2012137429.0,06,California,39125347,06073,San Diego,3279089.0,0.905338717935425,1.0761086961,2,5,1,2.0,1,1,1,1,1,1,1,Female,4,White
2039666109.0,06,California,39125347,06037,Los Angeles,9748524.0,0.914325903219643,1.1552007014,1,3,4,2.0,1,1,0,1,1,1,0,Male,3,Other
1997390137.0,06,California,39125347,06109,Tuolumne,53987.0,0.714200893176931,0.5251728794,1,5,2,2.0,1,1,1,1,1,0,1,Male,4,Black
2038387239.0,06,California,39125347,06067,Sacramento,1588707.0,1.24124331552034,,1,2,1,1.0,1,1,1,1,1,0,1,Male,2,Hispanic
2042331319.0,06,California,39125347,06087,Santa Cruz,265786.0,0.563726699600575,,1,3,1,2.0,1,1,1,1,1,1,1,Male,3,White
2037066417.0,06,California,39125347,06071,San Bernardino,2196267.0,0.466397190990887,,2,3,2,2.0,1,1,1,1,1,1,1,Female,3,Black
2033561467.0,06,California,39125347,06037,Los Angeles,9748524.0,2.6257588927737,0.9332903291,1,5,4,2.0,1,1,1,1,1,0,1,Male,4,Other
2039310903.0,06,California,39125347,06073,San Diego,3279089.0,0.848809086358372,0.7624175675,2,3,1,2.0,1,1,1,1,1,1,1,Female,3,White
1995357579.0,06,California,39125347,06029,Kern,917074.0,0.938607320413328,1.06446607,2,5,1,2.0,1,1,1,0,0,1,0,Female,4,White
2011278043.0,06,California,39125347,06031,Kings,152763.0,2.45911822333516,,1,3,3,1.0,1,0,0,0,0,0,1,Male,3,Hispanic
1999721453.0,06,California,39125347,06067,Sacramento,1588707.0,0.766320871519086,0.9610515853,1,4,1,2.0,0,0,0,0,0,1,0,Male,3,White
2019085389.0,06,California,39125347,06013,Contra Costa,1160163.0,4.06245883442336,,2,1,4,2.0,1,1,1,1,0,1,1,Female,1,Other
2035625921.0,06,California,39125347,06083,Santa Barbara,445401.0,2.31759875724454,,2,6,3,,1,1,1,1,0,0,0,Female,4,Hispanic
2029608833.0,06,California,39125347,06071,San Bernardino,2196267.0,2.740162231524,,2,2,3,,0,0,0,0,0,0,0,Female,2,Hispanic
2039729013.0,06,California,39125347,06037,Los Angeles,9748524.0,3.02242110914911,,1,3,8,2.0,1,1,1,1,1,0,0,Male,3,Other
2006464745.0,06,California,39125347,06059,Orange,3156252.0,1.2048673892126,1.2446467252,1,6,1,2.0,0,0,0,0,0,1,0,Male,4,White
2034851859.0,06,California,39125347,06059,Orange,3156252.0,0.866724068437227,0.7813707023,2,5,1,2.0,1,0,0,0,0,1,0,Female,4,White
2010650053.0,06,California,39125347,06013,Contra Costa,1160163.0,0.98781662681705,1.2522934812,2,6,1,2.0,1,1,1,1,1,0,1,Female,4,White
2012762179.0,06,California,39125347,06037,Los Angeles,9748524.0,1.96514426147991,,1,6,1,2.0,1,1,1,1,0,1,1,Male,4,White
2034502951.0,06,California,39125347,06023,Humboldt,134979.0,5.75068788451091,4.4092222139,1,1,1,2.0,1,1,0,0,1,0,1,Male,1,White
2042360943.0,06,California,39125347,06037,Los Angeles,9748524.0,5.97505014020751,0.7011178149,1,5,4,2.0,1,1,1,1,1,0,1,Male,4,Other
2028996375.0,06,California,39125347,06065,Riverside,2479339.0,1.72541625050425,0.7062718427,2,3,3,,1,1,1,0,1,0,1,Female,3,Hispanic
1996762023.0,06,California,39125347,06073,San Diego,3279089.0,3.43678182823963,,2,4,1,2.0,1,0,0,0,0,0,0,Female,3,White
2029168187.0,06,California,39125347,06073,San Diego,3279089.0,0.169530304773164,,1,4,1,2.0,0,1,1,0,1,1,1,Male,3,White
1995325131.0,06,California,39125347,06029,Kern,917074.0,1.44112445925143,2.1127811459,2,2,1,2.0,0,0,0,0,0,1,0,Female,2,White
2036914053.0,06,California,39125347,06071,San Bernardino,2196267.0,8.24379297708826,,1,2,3,1.0,1,1,0,1,0,1,1,Male,2,Hispanic
2034513839.0,06,California,39125347,06071,San Bernardino,2196267.0,0.605965330161286,0.5994132553,1,3,1,2.0,1,1,1,1,1,0,1,Male,3,White
2010063995.0,06,California,39125347,06059,Orange,3156252.0,0.35584885714454,,1,5,1,2.0,0,1,1,0,1,0,1,Male,4,White
1999002883.0,06,California,39125347,06067,Sacramento,1588707.0,0.908198068505903,0.6244543801,1,3,7,2.0,1,0,0,0,0,1,0,Male,3,Other
2010377711.0,06,California,39125347,06007,Butte,207312.0,0.99138493133416,1.2762470618,2,2,1,2.0,0,0,0,0,0,1,0,Female,2,White
2037350065.0,06,California,39125347,06037,Los Angeles,9748524.0,3.3437216500156,,1,6,1,1.0,1,1,1,1,1,0,1,Male,4,Hispanic
2030713649.0,06,California,39125347,06111,Ventura,834675.0,3.55754784332466,,2,2,1,2.0,0,0,0,0,0,1,0,Female,2,White
2024526835.0,06,California,39125347,06073,San Diego,3279089.0,9.99415213533356,,1,1,3,1.0,1,1,1,1,1,1,1,Male,1,Hispanic
2003131393.0,06,California,39125347,06059,Orange,3156252.0,0.869011986718956,0.9568906794,1,5,1,2.0,0,0,0,0,0,1,0,Male,4,White
2041090739.0,06,California,39125347,06037,Los Angeles,9748524.0,1.37188525293696,,2,6,4,2.0,1,1,1,1,1,0,1,Female,4,Other
2013053125.0,06,California,39125347,06073,San Diego,3279089.0,0.869011986718956,0.9568906794,1,5,1,2.0,0,0,0,0,0,1,0,Male,4,White
2024886483.0,06,California,39125347,06067,Sacramento,1588707.0,0.802254129303969,,1,3,2,2.0,1,1,1,1,1,0,1,Male,3,Black
2033538917.0,06,California,39125347,06037,Los Angeles,9748524.0,0.491116537599501,,1,4,1,2.0,0,1,1,1,0,1,1,Male,3,White
2031209651.0,06,California,39125347,06029,Kern,917074.0,2.89850385198007,,2,3,6,1.0,1,1,0,1,1,1,0,Female,3,Hispanic
2042329425.0,06,California,39125347,06029,Kern,917074.0,0.563726699600575,0.6743254836,1,3,1,2.0,1,1,1,1,1,0,1,Male,3,White
2003729855.0,06,California,39125347,06037,Los Angeles,9748524.0,15.0614388091749,,1,5,7,1.0,0,1,1,1,0,1,1,Male,4,Hispanic
2013028405.0,06,California,39125347,06037,Los Angeles,9748524.0,1.12819746141338,,1,5,2,2.0,0,1,1,1,1,0,1,Male,4,Black
2015076485.0,06,California,39125347,06037,Los Angeles,9748524.0,0.709708810115869,0.9484677732,2,3,3,1.0,1,1,0,1,1,0,1,Female,3,Hispanic
2017243089.0,06,California,39125347,06037,Los Angeles,9748524.0,0.440470944369136,1.2992108194,1,5,1,2.0,1,1,1,1,1,0,1,Male,4,White
1999720325.0,06,California,39125347,06029,Kern,917074.0,1.57360338576644,1.3628697287,2,6,1,2.0,1,1,1,1,1,0,1,Female,4,White
2001178919.0,06,California,39125347,06071,San Bernardino,2196267.0,0.605965330161286,0.5994132553,1,4,1,2.0,1,1,1,0,1,1,1,Male,3,White
2008987319.0,06,California,39125347,06073,San Diego,3279089.0,0.709708810115869,0.9484677732,2,3,6,1.0,1,1,1,1,1,0,1,Female,3,Hispanic
2013559039.0,06,California,39125347,06101,Sutter,98657.0,1.37987710172603,0.823098375,2,2,1,2.0,0,0,0,0,1,1,0,Female,2,White
2015400393.0,06,California,39125347,06073,San Diego,3279089.0,0.692065552285456,0.6116442131000001,1,5,1,2.0,1,1,0,1,1,1,1,Male,4,White
2029033407.0,06,California,39125347,06001,Alameda,1633138.0,0.965691010311838,,1,4,1,1.0,1,1,1,1,1,0,1,Male,3,Hispanic
2030652213.0,06,California,39125347,06013,Contra Costa,1160163.0,0.249766914572359,,1,2,4,2.0,1,1,1,1,1,1,1,Male,2,Other
2015242217.0,06,California,39125347,06037,Los Angeles,9748524.0,8.29030202240837,,2,2,4,2.0,1,1,1,1,1,1,1,Female,2,Other
2014437533.0,06,California,39125347,06041,Marin,257038.0,1.16208627155181,0.799335456,1,6,1,2.0,0,0,1,0,1,1,1,Male,4,White
2011514921.0,06,California,39125347,06099,Stanislaus,552453.0,5.84307919412638,,2,3,1,2.0,1,1,1,1,1,1,1,Female,3,White
2013887257.0,06,California,39125347,06037,Los Angeles,9748524.0,1.57085376912497,2.4631693908,1,2,3,1.0,1,1,1,1,1,0,1,Male,2,Hispanic
1995191495.0,06,California,39125347,06059,Orange,3156252.0,0.812787519429735,0.9336957589,1,5,1,2.0,0,1,1,1,1,1,0,Male,4,White
2015022613.0,06,California,39125347,06073,San Diego,3279089.0,4.27909118321156,5.058918221,1,2,4,2.0,0,0,1,0,1,1,0,Male,2,Other
2011898075.0,06,California,39125347,06077,San Joaquin,795443.0,1.88804767094517,1.2299798074,2,1,6,2.0,1,1,1,1,1,1,1,Female,1,Other
2020973631.0,06,California,39125347,06037,Los Angeles,9748524.0,1.35353189535796,1.1051590622,2,5,4,2.0,1,1,1,1,1,1,1,Female,4,Other
2034418313.0,06,California,39125347,06037,Los Angeles,9748524.0,2.40765613416397,0.7345454167000001,1,3,4,1.0,1,1,1,1,1,1,0,Male,3,Hispanic
2031196547.0,06,California,39125347,06073,San Diego,3279089.0,0.843685636143392,0.8191599268,2,5,1,2.0,1,1,1,1,1,0,1,Female,4,White
2031256605.0,06,California,39125347,06065,Riverside,2479339.0,6.18125326383746,3.8159734162,2,1,3,,0,0,0,0,0,1,0,Female,1,Hispanic
2013697781.0,06,California,39125347,06019,Fresno,1017870.0,0.578359919252068,0.5678220384,1,5,5,2.0,1,0,1,0,1,1,1,Male,4,Other
2037570515.0,06,California,39125347,06107,Tulare,478037.0,6.15322368266971,,1,3,3,,1,1,1,1,1,1,1,Male,3,Hispanic
2022206725.0,06,California,39125347,06073,San Diego,3279089.0,0.935422581349505,1.0989911595,2,3,1,2.0,0,0,0,0,0,1,0,Female,3,White
2014868529.0,06,California,39125347,06061,Placer,418469.0,0.98781662681705,1.0027131154,2,6,1,2.0,1,1,1,1,1,0,1,Female,4,White
2029579671.0,06,California,39125347,06053,Monterey,435884.0,0.791109309007026,,1,4,2,2.0,1,1,1,1,1,1,1,Male,3,Black
2014469105.0,06,California,39125347,06037,Los Angeles,9748524.0,0.935422581349505,1.0989911595,2,3,1,2.0,0,0,0,0,0,1,0,Female,3,White
2019869507.0,06,California,39125347,06037,Los Angeles,9748524.0,1.13784502442414,1.5610280336,1,5,3,1.0,1,1,1,1,1,1,1,Male,4,Hispanic
2034882343.0,06,California,39125347,06001,Alameda,1633138.0,0.692065552285456,0.6116442131000001,1,5,1,2.0,1,1,1,1,1,0,1,Male,4,White
2040293933.0,06,California,39125347,06037,Los Angeles,9748524.0,1.80960708824428,,2,3,1,2.0,0,1,1,1,1,1,1,Female,3,White
2042328947.0,06,California,39125347,06085,Santa Clara,1880151.0,0.833579686382768,0.9670406669,1,6,1,2.0,1,0,0,1,1,1,0,Male,4,White
2018802763.0,06,California,39125347,06037,Los Angeles,9748524.0,3.49151932122683,,2,2,1,2.0,0,1,1,1,1,1,0,Female,2,White
2018513231.0,06,California,39125347,06029,Kern,917074.0,0.396334337523283,,2,4,2,2.0,1,0,0,0,0,0,0,Female,3,Black
2038397563.0,06,California,39125347,06037,Los Angeles,9748524.0,2.41155093667434,,1,2,1,2.0,1,1,1,1,1,0,1,Male,2,White
2013945203.0,06,California,39125347,06029,Kern,917074.0,3.75918830134597,2.0751538581,1,2,3,1.0,1,1,1,1,1,1,1,Male,2,Hispanic
2039392675.0,06,California,39125347,06037,Los Angeles,9748524.0,7.96678101659875,,2,2,4,2.0,1,1,0,1,1,1,1,Female,2,Other
2015764797.0,21,Kentucky,4521238,21021,Boyle,30845.0,2.79388909707329,1.0505274816,2,2,1,2.0,1,1,1,1,0,0,1,Female,2,White
1999093659.0,21,Kentucky,4521238,21135,Lewis,12917.0,1.74595330087841,,2,2,1,2.0,1,0,0,0,0,1,0,Female,2,White
1995692185.0,21,Kentucky,4521238,21209,Scott,59478.0,2.10635288994864,,2,3,1,2.0,0,1,1,0,1,1,1,Female,3,White
2037330599.0,21,Kentucky,4521238,21111,Jefferson,778999.0,0.470614433675581,0.7981518502,2,2,2,2.0,1,0,1,0,1,1,0,Female,2,Black
1996137561.0,21,Kentucky,4521238,21037,Campbell,93323.0,3.81497015097927,0.7781595909,2,2,1,2.0,1,1,1,1,0,1,1,Female,2,White
2012129615.0,21,Kentucky,4521238,21117,Kenton,170432.0,0.704850438278038,,2,5,1,2.0,1,1,1,1,1,0,1,Female,4,White
2011287645.0,21,Kentucky,4521238,21037,Campbell,93323.0,2.10522933187375,1.3470668155,2,6,1,2.0,0,0,0,0,0,1,0,Female,4,White
2008930001.0,21,Kentucky,4521238,21135,Lewis,12917.0,1.06514472791061,1.224074469,1,2,1,2.0,0,0,0,0,1,1,0,Male,2,White
2012461699.0,21,Kentucky,4521238,21025,Breathitt,13338.0,1.37703298856701,1.1288657439,1,5,1,2.0,0,0,1,0,0,1,0,Male,4,White
2031844835.0,21,Kentucky,4521238,21111,Jefferson,778999.0,0.42590335477016,0.7798864950000001,2,3,1,2.0,1,1,1,1,1,0,1,Female,3,White
1984266533.0,21,Kentucky,4521238,21117,Kenton,170432.0,0.427761220710253,0.400305415,1,5,1,2.0,1,1,1,1,1,0,1,Male,4,White
2036232113.0,21,Kentucky,4521238,21111,Jefferson,778999.0,0.979202792334998,,1,2,2,2.0,1,0,1,0,1,1,1,Male,2,Black
2038564001.0,21,Kentucky,4521238,21123,Larue,15163.0,0.163684063723947,0.0339094119,1,3,3,,1,1,1,1,1,1,1,Male,3,Hispanic
2014159357.0,21,Kentucky,4521238,21141,Logan,27866.0,5.43161829110317,11.4288542562,1,1,1,2.0,1,1,0,1,1,1,1,Male,1,White
2007101439.0,36,New York,19713025,36119,Westchester,994313.0,2.20558252458257,,1,5,4,2.0,1,1,1,1,1,0,1,Male,4,Other
2025309933.0,36,New York,19713025,36061,New York,1593919.0,1.84015344692772,,1,2,1,2.0,1,0,0,0,0,0,0,Male,2,White
1999986681.0,36,New York,19713025,36105,Sullivan,79868.0,0.682739867494195,0.8631889669,1,3,1,2.0,0,0,0,0,0,1,0,Male,3,White
2014458099.0,36,New York,19713025,36005,Bronx,1384053.0,0.497348455928413,,2,5,3,,0,1,0,0,0,0,0,Female,4,Hispanic
2043493527.0,36,New York,19713025,36081,Queens,2291363.0,2.08249596800526,2.0854653831,2,2,3,2.0,1,1,1,1,1,1,1,Female,2,Hispanic
2043493345.0,36,New York,19713025,36005,Bronx,1384053.0,0.497348455928413,0.3701792159,2,5,3,1.0,1,1,1,1,1,0,1,Female,4,Hispanic
2035529497.0,36,New York,19713025,36059,Nassau,1388346.0,4.38505525356584,,2,3,1,2.0,1,1,1,1,1,0,1,Female,3,White
2013363651.0,36,New York,19713025,36061,New York,1593919.0,0.685006712832157,0.7051371663,2,5,3,1.0,1,1,1,1,1,0,1,Female,4,Hispanic
2031151915.0,36,New York,19713025,36029,Erie,949276.0,1.5442462084036,1.9876884477,1,6,1,2.0,0,0,0,0,0,1,0,Male,4,White
2031407167.0,36,New York,19713025,36047,Kings,2600751.0,3.11850743008814,,1,5,1,2.0,1,1,1,1,1,1,1,Male,4,White
2014528871.0,36,New York,19713025,36067,Onondaga,469910.0,0.573122563353898,0.4260968517,1,5,1,2.0,1,1,1,1,1,0,1,Male,4,White
2028892603.0,36,New York,19713025,36073,Orleans,39510.0,4.62706699923358,,2,2,1,2.0,1,1,1,1,0,0,1,Female,2,White
1984384221.0,36,New York,19713025,36047,Kings,2600751.0,4.58974580668077,,1,2,2,2.0,1,1,1,1,1,0,0,Male,2,Black
2010861839.0,36,New York,19713025,36061,New York,1593919.0,0.825206274250224,,2,5,1,2.0,1,1,0,1,1,1,1,Female,4,White
2019482483.0,36,New York,19713025,36059,Nassau,1388346.0,0.847748507166075,,1,3,1,2.0,1,1,1,1,1,0,1,Male,3,White
2005759471.0,36,New York,19713025,36059,Nassau,1388346.0,0.849331128065222,,2,3,1,2.0,0,1,1,0,1,1,0,Female,3,White
2008509673.0,36,New York,19713025,36081,Queens,2291363.0,0.476726221054356,0.5864300701,1,5,7,2.0,0,0,0,0,0,1,0,Male,4,Other
2038668749.0,36,New York,19713025,36081,Queens,2291363.0,1.2552893227001,0.6779756648,2,5,4,2.0,1,1,1,1,1,0,1,Female,4,Other
2039697419.0,36,New York,19713025,36023,Cortland,46128.0,3.61978933470068,,3,2,1,2.0,1,1,1,1,1,0,1,,2,White
2021504655.0,36,New York,19713025,36061,New York,1593919.0,0.70598719465539,0.8926124820000001,1,5,1,2.0,1,1,1,1,1,0,1,Male,4,White
2038738743.0,36,New York,19713025,36055,Monroe,750469.0,0.899322943597695,1.0083246486,1,5,1,2.0,0,0,0,0,0,1,0,Male,4,White
2045014329.0,36,New York,19713025,36005,Bronx,1384053.0,1.26321100360768,,2,6,1,2.0,1,1,0,1,1,0,1,Female,4,White
2002446953.0,36,New York,19713025,36111,Ulster,182546.0,0.482092655640169,0.5356523123,1,6,1,2.0,1,0,0,0,0,1,1,Male,4,White
2014406783.0,36,New York,19713025,36071,Orange,407314.0,0.498111979587266,0.4800332527,2,2,1,2.0,1,1,1,1,1,1,1,Female,2,White
2013857011.0,36,New York,19713025,36047,Kings,2600751.0,1.0120466808959,0.8586101911,2,5,2,2.0,1,1,1,1,0,1,1,Female,4,Black
1998624389.0,36,New York,19713025,36007,Broome,197171.0,0.671980800305002,0.5197537138,1,5,1,2.0,1,1,1,1,1,1,1,Male,4,White
2032955251.0,36,New York,19713025,36055,Monroe,750469.0,0.700828247880355,1.4738520046,2,5,1,2.0,1,1,0,1,1,1,1,Female,4,White
2015317525.0,36,New York,19713025,36081,Queens,2291363.0,3.38458615206828,,2,3,2,2.0,0,0,1,1,1,1,1,Female,3,Black
2016839373.0,36,New York,19713025,36119,Westchester,994313.0,2.8832235190481,3.1905960304,2,2,2,2.0,0,1,1,1,0,1,1,Female,2,Black
2004641889.0,36,New York,19713025,36019,Clinton,78011.0,2.87379678911414,,1,2,1,2.0,1,1,0,0,1,0,1,Male,2,White
2009898571.0,36,New York,19713025,36029,Erie,949276.0,2.95194703343899,0.4907633373,2,3,1,2.0,1,0,0,1,1,1,1,Female,3,White
2040784673.0,36,New York,19713025,36061,New York,1593919.0,1.19981421912801,1.4393943774,1,5,1,2.0,1,1,1,1,1,0,1,Male,4,White
1995005243.0,36,New York,19713025,36013,Chautauqua,125558.0,1.61029882764286,1.5401169588,2,4,1,2.0,0,0,0,0,0,1,0,Female,3,White
2011461257.0,36,New York,19713025,36059,Nassau,1388346.0,4.62706699923358,,2,2,1,2.0,1,1,1,1,1,0,1,Female,2,White
2012218661.0,36,New York,19713025,36029,Erie,949276.0,2.14071901482221,,1,3,1,2.0,0,0,0,0,0,1,0,Male,3,White
2017210765.0,36,New York,19713025,36047,Kings,2600751.0,0.578271881130261,,2,6,4,2.0,1,1,1,1,1,0,1,Female,4,Other
2024667361.0,36,New York,19713025,36047,Kings,2600751.0,1.01129456134813,,2,1,1,2.0,1,1,1,1,1,1,0,Female,1,White
2017158495.0,36,New York,19713025,36005,Bronx,1384053.0,0.270366138432807,0.3800692942,1,5,2,2.0,1,1,1,1,1,1,1,Male,4,Black
1998594457.0,36,New York,19713025,36005,Bronx,1384053.0,3.04455908160257,,2,2,2,2.0,0,1,1,0,0,1,0,Female,2,Black
2011720463.0,36,New York,19713025,36061,New York,1593919.0,0.979906197137663,1.4940845607,1,6,1,2.0,1,1,1,1,0,1,1,Male,4,White
2038842787.0,36,New York,19713025,36061,New York,1593919.0,0.980559081831383,0.6874459008,1,4,4,2.0,1,1,1,1,1,1,1,Male,3,Other
2026743779.0,36,New York,19713025,36047,Kings,2600751.0,1.66163607241721,1.021933127,2,5,2,2.0,1,1,1,1,0,0,1,Female,4,Black
2029089549.0,36,New York,19713025,36063,Niagara,210403.0,1.08572722469099,,1,2,1,2.0,0,0,1,1,1,1,0,Male,2,White
2030497837.0,36,New York,19713025,36065,Oneida,228351.0,0.682739867494195,0.8631889669,1,3,1,2.0,1,1,1,1,1,1,1,Male,3,White
2034539907.0,36,New York,19713025,36103,Suffolk,1531736.0,0.849331128065222,,2,4,1,2.0,0,1,0,0,0,1,0,Female,3,White
1995646975.0,36,New York,19713025,36059,Nassau,1388346.0,1.24309262221021,,2,6,1,2.0,0,0,0,0,0,1,0,Female,4,White
2014235471.0,36,New York,19713025,36021,Columbia,61176.0,1.95051385875049,2.0652607676,2,6,4,2.0,0,0,1,0,1,1,0,Female,4,Other
2020725369.0,36,New York,19713025,36029,Erie,949276.0,4.11034744881792,,2,2,1,1.0,0,1,1,1,1,1,1,Female,2,Hispanic
2012540167.0,36,New York,19713025,36081,Queens,2291363.0,2.87379678911414,,1,2,1,2.0,1,1,1,1,1,1,1,Male,2,White
2038902393.0,36,New York,19713025,36047,Kings,2600751.0,4.3238732996475,,1,3,2,1.0,1,1,1,1,1,0,1,Male,3,Black
2016116571.0,36,New York,19713025,36061,New York,1593919.0,0.773207181595244,,1,6,1,2.0,1,1,1,1,1,1,1,Male,4,White
2034898427.0,36,New York,19713025,36061,New York,1593919.0,0.412381865887975,0.1033249883,1,5,1,2.0,1,1,1,1,1,0,1,Male,4,White
2038931807.0,36,New York,19713025,36029,Erie,949276.0,0.857627774784585,0.6947428064000001,2,6,1,2.0,1,1,1,1,1,1,1,Female,4,White
2017522887.0,36,New York,19713025,36111,Ulster,182546.0,0.947941434348954,1.5643612522,2,4,4,2.0,1,1,1,1,1,0,1,Female,3,Other
2041082123.0,36,New York,19713025,36061,New York,1593919.0,1.42586504405212,,1,3,1,2.0,0,1,1,1,1,1,1,Male,3,White
2024672367.0,36,New York,19713025,36067,Onondaga,469910.0,0.544610342935666,0.4556195965,2,2,1,2.0,1,1,0,0,1,1,1,Female,2,White
2039030247.0,36,New York,19713025,36059,Nassau,1388346.0,0.58095892826743,1.6733122951,1,6,1,2.0,1,1,1,1,1,0,1,Male,4,White
2013759669.0,36,New York,19713025,36067,Onondaga,469910.0,0.591922445364183,0.3646112942,2,2,1,2.0,0,1,1,0,1,1,1,Female,2,White
2017126291.0,36,New York,19713025,36061,New York,1593919.0,0.939609226162967,,1,5,1,2.0,1,1,1,1,1,1,1,Male,4,White
2016295703.0,41,Oregon,4245964,41017,Deschutes,206421.0,15.0614388091749,1.048998047,2,3,1,2.0,1,1,1,0,1,1,1,Female,3,White
1998713901.0,41,Oregon,4245964,41051,Multnomah,796165.0,2.93220276097168,2.4592781257,1,5,4,2.0,1,1,1,1,1,1,1,Male,4,Other
2014342659.0,41,Oregon,4245964,41051,Multnomah,796165.0,0.696970826105653,0.6593696426,2,3,1,2.0,1,1,1,1,1,0,1,Female,3,White
2042910169.0,41,Oregon,4245964,41051,Multnomah,796165.0,3.18728443125053,,1,2,2,2.0,1,1,1,1,1,1,1,Male,2,Black
2022488901.0,41,Oregon,4245964,41051,Multnomah,796165.0,1.84976928817314,1.99624485,1,3,1,2.0,1,1,1,1,1,1,1,Male,3,White
2002713211.0,41,Oregon,4245964,41005,Clackamas,423098.0,0.820324761637178,0.7575295419,2,6,1,2.0,1,1,1,1,1,0,1,Female,4,White
2013364391.0,41,Oregon,4245964,41047,Marion,348364.0,2.15483007495639,2.5372461257,1,4,1,2.0,1,1,1,1,1,0,1,Male,3,White
2004331643.0,41,Oregon,4245964,41041,Lincoln,50747.0,0.710249569724966,0.7580404652,1,2,1,2.0,1,1,1,1,1,0,1,Male,2,White
1984962253.0,41,Oregon,4245964,41053,Polk,89923.0,0.552087897947925,0.6960197060000001,2,5,1,2.0,1,1,1,1,1,0,1,Female,4,White
2043492177.0,41,Oregon,4245964,41051,Multnomah,796165.0,1.32633154858366,1.5042744634,1,5,3,1.0,1,1,1,1,1,1,1,Male,4,Hispanic
2014657711.0,41,Oregon,4245964,41051,Multnomah,796165.0,0.581715734724084,0.8307303451,2,4,1,2.0,1,1,1,1,1,0,1,Female,3,White
2011200569.0,41,Oregon,4245964,41005,Clackamas,423098.0,1.8892398758952,1.9827072727,2,2,1,2.0,0,0,1,0,0,1,0,Female,2,White
2021702507.0,41,Oregon,4245964,41051,Multnomah,796165.0,1.61910276219966,,2,4,3,1.0,1,1,1,1,1,0,1,Female,3,Hispanic
1983436795.0,05,Arkansas,3047429,05033,Crawford,61068.0,1.75421419868732,1.8248560424,2,2,1,2.0,0,1,0,0,1,0,0,Female,2,White
2012044501.0,05,Arkansas,3047429,05069,Jefferson,64278.0,9.48862536447243,,2,3,1,2.0,0,1,1,1,0,1,1,Female,3,White
2031540913.0,05,Arkansas,3047429,05057,Hempstead,19453.0,3.39220652093111,,1,2,1,2.0,1,1,0,0,1,1,0,Male,2,White
2029078813.0,05,Arkansas,3047429,05055,Greene,46360.0,4.15968392382017,,2,1,1,2.0,1,1,1,1,1,1,0,Female,1,White
2044678419.0,05,Arkansas,3047429,05143,Washington,257206.0,2.51544844850396,,2,2,1,2.0,0,1,0,1,1,0,0,Female,2,White
2028875399.0,05,Arkansas,3047429,05131,Sebastian,129163.0,2.74241006939595,4.2142833262,1,3,1,2.0,0,0,1,0,1,1,0,Male,3,White
2014012895.0,05,Arkansas,3047429,05007,Benton,303380.0,0.787695512594744,1.5111228115,2,2,1,1.0,0,0,1,0,1,1,0,Female,2,Hispanic
2034446293.0,05,Arkansas,3047429,05125,Saline,127485.0,2.03720688365507,,2,3,2,2.0,0,0,0,0,0,1,0,Female,3,Black
2039664777.0,05,Arkansas,3047429,05007,Benton,303380.0,0.648264014720426,2.1374601625,1,5,1,2.0,1,1,1,1,1,0,1,Male,4,White
2034242055.0,08,Colorado,5853355,08005,Arapahoe,659472.0,1.41147693737297,1.2510717719,2,3,1,2.0,1,1,1,1,1,0,1,Female,3,White
2043912193.0,08,Colorado,5853355,08101,Pueblo,169540.0,1.99613519628556,,1,2,3,,1,1,1,1,1,0,1,Male,2,Hispanic
2035017125.0,08,Colorado,5853355,08014,Broomfield,76133.0,1.2017364459875,2.6128061323000003,1,3,1,2.0,1,1,0,1,1,1,1,Male,3,White
2039699491.0,08,Colorado,5853355,08001,Adams,528035.0,1.2285795415967,1.1684157562,1,6,1,2.0,1,1,1,1,1,0,1,Male,4,White
1998686203.0,08,Colorado,5853355,08075,Logan,20798.0,15.0614388091749,1.6015313228,2,4,1,2.0,0,0,0,0,0,1,0,Female,3,White
2034418287.0,08,Colorado,5853355,08043,Fremont,49544.0,2.93371282162206,,1,4,5,1.0,1,1,1,1,1,0,0,Male,3,Hispanic
2015193943.0,08,Colorado,5853355,08041,El Paso,741819.0,0.474702401561123,0.6336154867,2,3,1,2.0,0,0,0,0,0,1,1,Female,3,White
2020148897.0,08,Colorado,5853355,08041,El Paso,741819.0,1.3140788115436,1.4301306727,2,6,1,2.0,1,1,0,1,1,0,1,Female,4,White
2030738199.0,08,Colorado,5853355,08013,Boulder,327914.0,7.7719180105506,,2,2,1,2.0,0,1,1,1,1,0,0,Female,2,White
2044694657.0,08,Colorado,5853355,08051,Gunnison,17324.0,2.78883076509018,,1,3,3,,1,0,1,0,0,1,0,Male,3,Hispanic
2045064969.0,08,Colorado,5853355,08077,Mesa,158634.0,2.36180379246732,,1,2,1,2.0,1,1,1,1,1,1,0,Male,2,White
2011026653.0,08,Colorado,5853355,08101,Pueblo,169540.0,2.70527747413935,1.5347873588,2,1,1,2.0,0,0,0,0,1,1,0,Female,1,White
2034679687.0,08,Colorado,5853355,08035,Douglas,376188.0,1.547840592264,,2,5,1,2.0,0,0,1,1,1,1,0,Female,4,White
2011731879.0,08,Colorado,5853355,08123,Weld,350793.0,2.17559919432725,,1,5,1,2.0,1,1,1,1,1,1,1,Male,4,White
1998729353.0,08,Colorado,5853355,08041,El Paso,741819.0,0.692186752919302,0.8987240118,2,3,1,2.0,1,1,1,1,1,0,1,Female,3,White
1993730265.0,08,Colorado,5853355,08081,Moffat,13201.0,2.67178834155773,,2,4,1,2.0,0,1,0,1,0,1,0,Female,3,White
2034216853.0,08,Colorado,5853355,08031,Denver,716800.0,1.63466378269814,,1,5,1,2.0,1,1,1,1,1,0,1,Male,4,White
2016291681.0,08,Colorado,5853355,08039,Elbert,27844.0,1.03398434059731,1.4477569604,2,3,1,2.0,0,0,0,0,0,1,0,Female,3,White
2045010903.0,12,Florida,22413989,12011,Broward,1966353.0,3.38570050676655,6.7320591247,1,2,2,2.0,1,1,0,1,0,0,0,Male,2,Black
2016882425.0,12,Florida,22413989,12057,Hillsborough,1525239.0,1.4551375641298,1.3406715913,2,6,1,2.0,0,0,0,0,0,1,0,Female,4,White
2044126553.0,12,Florida,22413989,12001,Alachua,284908.0,0.838727162212453,,2,6,2,2.0,1,1,1,1,1,0,1,Female,4,Black
2012943625.0,12,Florida,22413989,12061,Indian River,167650.0,0.722488230956685,0.5453964826000001,1,6,1,2.0,1,1,1,1,0,1,1,Male,4,White
2036659599.0,12,Florida,22413989,12081,Manatee,431190.0,1.02032806675001,,1,2,1,2.0,0,0,0,0,0,1,0,Male,2,White
1998295755.0,12,Florida,22413989,12099,Palm Beach,1533130.0,4.0660920136816,,1,6,1,2.0,1,1,1,1,1,0,1,Male,4,White
2021670467.0,12,Florida,22413989,12105,Polk,790796.0,0.404885644947971,,2,2,3,1.0,0,1,1,0,0,0,1,Female,2,Hispanic
2036914941.0,12,Florida,22413989,12109,St. Johns,307645.0,15.0614388091749,,2,1,3,,1,1,1,1,1,0,1,Female,1,Hispanic
2040643537.0,12,Florida,22413989,12011,Broward,1966353.0,0.266203601621752,0.7044093811000001,1,2,1,2.0,1,1,1,0,1,0,1,Male,2,White
2037696965.0,12,Florida,22413989,12011,Broward,1966353.0,0.344937942689665,0.3094113816,1,4,1,2.0,1,1,1,1,1,1,1,Male,3,White
1995004873.0,12,Florida,22413989,12075,Levy,45278.0,0.577738835163957,0.43231595,1,5,1,2.0,1,1,1,1,1,0,1,Male,4,White
2013904351.0,12,Florida,22413989,12009,Brevard,631833.0,0.577738835163957,0.43231595,1,5,1,2.0,1,1,1,1,1,0,1,Male,4,White
1997568599.0,12,Florida,22413989,12093,Okeechobee,40403.0,1.6616429644048,1.5794299923,1,5,1,2.0,0,0,0,0,0,1,0,Male,4,White
1999558975.0,12,Florida,22413989,12133,Washington,25412.0,0.62514401208959,0.5205192056,2,5,1,2.0,1,1,1,1,1,1,1,Female,4,White
2030952153.0,12,Florida,22413989,12086,Miami-Dade,2733972.0,2.32045944720165,,1,4,2,1.0,0,1,0,1,0,1,1,Male,3,Black
2032876435.0,12,Florida,22413989,12105,Polk,790796.0,2.41818744903646,,2,2,1,2.0,1,1,1,1,1,1,1,Female,2,White
2035046341.0,12,Florida,22413989,12103,Pinellas,964496.0,2.3634721214632,,2,6,1,2.0,0,1,1,1,1,0,1,Female,4,White
2039354411.0,12,Florida,22413989,12099,Palm Beach,1533130.0,0.62514401208959,0.5205192056,2,5,1,2.0,1,1,1,1,1,1,1,Female,4,White
2034446165.0,12,Florida,22413989,12031,Duval,1022751.0,3.2527800247902,,2,2,2,2.0,0,1,1,1,0,0,0,Female,2,Black
2036915973.0,12,Florida,22413989,12086,Miami-Dade,2733972.0,4.59609598370317,1.7484321610000002,2,6,2,2.0,1,1,1,1,1,1,0,Female,4,Black
1997567537.0,12,Florida,22413989,12127,Volusia,580529.0,0.62828668788508,0.5955974256000001,1,3,1,2.0,0,0,0,0,0,1,0,Male,3,White
2010265763.0,12,Florida,22413989,12031,Duval,1022751.0,1.50342612445119,2.1244671393,2,2,2,2.0,1,1,0,1,0,0,1,Female,2,Black
2026743625.0,12,Florida,22413989,12017,Citrus,162495.0,2.72005889135384,,2,6,2,2.0,0,0,0,0,0,0,0,Female,4,Black
2039286579.0,12,Florida,22413989,12099,Palm Beach,1533130.0,1.4053618221673,1.3557317806,2,6,6,1.0,1,1,0,1,1,0,1,Female,4,Hispanic
1984345509.0,12,Florida,22413989,12111,St. Lucie,360720.0,7.02749185205661,,1,2,3,1.0,1,1,1,1,1,1,0,Male,2,Hispanic
2018785873.0,12,Florida,22413989,12095,Orange,1467069.0,1.14810147928262,0.9988045105,2,4,3,1.0,0,0,0,0,1,1,0,Female,3,Hispanic
2025791953.0,12,Florida,22413989,12097,Osceola,427887.0,0.668475112846199,0.6425739734,1,2,1,2.0,0,1,0,0,1,1,0,Male,2,White
1995520807.0,12,Florida,22413989,12105,Polk,790796.0,0.836196425489496,0.7630286017,1,3,1,2.0,0,0,0,0,1,1,0,Male,3,White
2015180739.0,12,Florida,22413989,12086,Miami-Dade,2733972.0,1.11548436686008,3.1585181772,1,2,3,1.0,1,1,1,1,1,1,1,Male,2,Hispanic
2040050903.0,12,Florida,22413989,12011,Broward,1966353.0,0.920124720158411,0.9041557661,2,5,3,1.0,1,1,1,1,1,1,1,Female,4,Hispanic
2030845123.0,12,Florida,22413989,12095,Orange,1467069.0,1.61536153540919,,1,2,1,2.0,0,0,1,0,1,0,0,Male,2,White
2011898191.0,12,Florida,22413989,12081,Manatee,431190.0,1.21629564132881,1.3564994186,2,3,1,2.0,0,1,1,1,0,1,0,Female,3,White
2037679809.0,12,Florida,22413989,12097,Osceola,427887.0,1.08886477657459,,2,6,1,2.0,1,1,0,1,1,1,0,Female,4,White
2014555957.0,12,Florida,22413989,12071,Lee,828059.0,0.235765451163051,0.4679324094,2,5,1,2.0,0,0,0,0,0,1,0,Female,4,White
2039216291.0,12,Florida,22413989,12086,Miami-Dade,2733972.0,2.26959774591938,,1,5,2,2.0,0,1,0,1,0,1,0,Male,4,Black
2013663375.0,12,Florida,22413989,12103,Pinellas,964496.0,0.742051231802715,0.5834578963,1,5,1,2.0,1,0,0,0,0,1,1,Male,4,White
2024379065.0,12,Florida,22413989,12011,Broward,1966353.0,0.612387219496343,0.884388334,2,5,6,1.0,1,1,1,1,1,0,1,Female,4,Hispanic
2015186493.0,12,Florida,22413989,12105,Polk,790796.0,1.6178363897031,1.3486005118,1,6,1,2.0,0,0,0,0,0,1,0,Male,4,White
2013088179.0,12,Florida,22413989,12086,Miami-Dade,2733972.0,1.21558169329831,1.0526774372,1,6,1,2.0,1,0,0,0,1,1,0,Male,4,White
2024123629.0,12,Florida,22413989,12095,Orange,1467069.0,1.10744092823672,1.1259104101,2,5,2,2.0,1,1,1,1,1,1,1,Female,4,Black
2010453521.0,12,Florida,22413989,12017,Citrus,162495.0,0.880666546208185,1.0520415491,1,6,1,2.0,1,1,1,1,1,0,1,Male,4,White
2014406587.0,12,Florida,22413989,12011,Broward,1966353.0,0.472418531939361,0.4642625493,2,2,1,2.0,1,1,1,1,1,1,1,Female,2,White
2033084739.0,12,Florida,22413989,12095,Orange,1467069.0,3.53036128954422,,1,3,1,2.0,1,1,1,1,1,1,1,Male,3,White
2036914475.0,12,Florida,22413989,12086,Miami-Dade,2733972.0,0.486399133535566,,2,6,2,2.0,1,1,1,1,1,1,1,Female,4,Black
2045844361.0,12,Florida,22413989,12086,Miami-Dade,2733972.0,0.451316206045332,,2,5,3,,1,1,1,1,1,1,1,Female,4,Hispanic
2010907147.0,12,Florida,22413989,12057,Hillsborough,1525239.0,0.980389427583726,0.7528641137000001,2,3,2,2.0,0,0,0,0,0,1,1,Female,3,Black
2014892427.0,12,Florida,22413989,12103,Pinellas,964496.0,0.742051231802715,0.5834578963,1,5,1,2.0,1,1,1,1,0,0,1,Male,4,White
1999871721.0,12,Florida,22413989,12091,Okaloosa,217215.0,0.743650653906792,0.4556196465,1,4,7,2.0,0,0,0,0,1,1,0,Male,3,Other
2021623301.0,12,Florida,22413989,12015,Charlotte,203116.0,3.38924075737016,3.8962235936,1,1,1,2.0,0,0,0,0,0,1,0,Male,1,White
2044615495.0,12,Florida,22413989,12069,Lake,410943.0,2.48872698756392,2.7170276012,1,5,1,2.0,0,0,0,0,0,1,0,Male,4,White
2031298155.0,12,Florida,22413989,12039,Gadsden,43396.0,1.48826671549978,,2,1,1,2.0,1,1,1,1,0,1,0,Female,1,White
2024412211.0,12,Florida,22413989,12011,Broward,1966353.0,0.971616909446029,1.3028073869,2,5,3,1.0,1,1,1,1,0,1,1,Female,4,Hispanic
2015096819.0,12,Florida,22413989,12115,Sarasota,464297.0,0.707077582029036,0.503299748,2,6,2,2.0,1,1,1,1,1,0,1,Female,4,Black
2038230435.0,12,Florida,22413989,12086,Miami-Dade,2733972.0,2.50996817187434,,1,6,3,,1,0,1,0,1,1,1,Male,4,Hispanic
2018196467.0,12,Florida,22413989,12083,Marion,397075.0,0.789512347516067,0.8313964389,2,5,1,2.0,1,1,1,0,1,1,1,Female,4,White
1999737721.0,12,Florida,22413989,12091,Okaloosa,217215.0,0.62828668788508,0.5955974256000001,1,3,1,2.0,1,0,0,0,1,1,0,Male,3,White
2013325461.0,12,Florida,22413989,12129,Wakulla,35174.0,1.2642770646207,1.2552251258,1,6,1,2.0,0,0,0,0,0,1,0,Male,4,White
1998520159.0,12,Florida,22413989,12069,Lake,410943.0,0.486460151737087,0.4072976306,2,3,1,2.0,1,1,1,1,1,0,1,Female,3,White
2010449555.0,12,Florida,22413989,12099,Palm Beach,1533130.0,0.472418531939361,0.4642625493,2,2,1,2.0,1,1,1,1,1,0,1,Female,2,White
1993702117.0,12,Florida,22413989,12095,Orange,1467069.0,0.632578401883606,0.5759558796,2,5,1,2.0,1,1,1,1,1,0,1,Female,4,White
2016381271.0,12,Florida,22413989,12035,Flagler,126994.0,0.356551449850904,0.7333230712000001,1,3,2,2.0,1,1,1,1,1,1,1,Male,3,Black
2028889429.0,12,Florida,22413989,12117,Seminole,480635.0,0.347426756371148,,2,2,1,2.0,1,1,1,1,1,1,1,Female,2,White
2014529129.0,12,Florida,22413989,12099,Palm Beach,1533130.0,0.632578401883606,0.5759558796,2,5,1,2.0,1,1,1,1,1,0,1,Female,4,White
2014433183.0,12,Florida,22413989,12097,Osceola,427887.0,1.05180068575639,1.0732678415,2,5,1,2.0,0,0,0,0,0,1,0,Female,4,White
2040051953.0,12,Florida,22413989,12099,Palm Beach,1533130.0,2.2672597608999,1.4617235215,1,6,3,1.0,1,1,0,1,1,1,1,Male,4,Hispanic
2034659351.0,12,Florida,22413989,12037,Franklin,12471.0,3.53964856279247,,1,2,1,2.0,1,1,0,1,1,0,1,Male,2,White
2020552549.0,12,Florida,22413989,12069,Lake,410943.0,0.935018912948957,1.0802404995,2,2,1,2.0,1,0,0,0,1,1,1,Female,2,White
2011977401.0,46,South Dakota,909156,46079,Lake,10947.0,0.675606536960375,0.492638621,2,5,1,2.0,1,1,1,0,1,1,1,Female,4,White
2036926501.0,46,South Dakota,909156,46099,Minnehaha,203516.0,0.979090063595738,,1,5,4,2.0,0,0,0,0,0,1,0,Male,4,Other
2011234889.0,46,South Dakota,909156,46083,Lincoln,70957.0,1.52311508223199,1.2505766003,2,3,1,2.0,1,1,0,1,1,1,1,Female,3,White
2013849901.0,47,Tennessee,7063325,47065,Hamilton,375738.0,15.0614388091749,12.7415012277,1,1,2,2.0,1,1,1,1,1,1,1,Male,1,Black
2040784769.0,47,Tennessee,7063325,47173,Union,20483.0,4.76615411610823,,2,3,1,2.0,1,1,1,1,1,1,1,Female,3,White
2020008925.0,47,Tennessee,7063325,47061,Grundy,13787.0,0.681450590528736,1.0033262507,2,2,1,,0,0,0,0,0,1,0,Female,2,White
2033030379.0,47,Tennessee,7063325,47157,Shelby,919092.0,0.413765442692057,,2,2,2,2.0,0,0,1,1,1,1,0,Female,2,Black
2023151725.0,47,Tennessee,7063325,47163,Sullivan,160899.0,3.14031167674213,,1,1,1,2.0,0,0,0,0,0,1,0,Male,1,White
2029084271.0,47,Tennessee,7063325,47157,Shelby,919092.0,0.643509404347282,,1,2,2,2.0,1,1,1,1,0,0,1,Male,2,Black
2013110061.0,47,Tennessee,7063325,47043,Dickson,55777.0,0.402498559397953,0.4446222464,1,5,1,2.0,1,1,1,1,1,0,1,Male,4,White
2011816089.0,47,Tennessee,7063325,47159,Smith,20471.0,1.64025376764536,1.5171298626,2,2,1,,0,0,0,0,1,1,0,Female,2,White
2002533701.0,47,Tennessee,7063325,47045,Dyer,36415.0,1.4185242510908,1.1332431065,2,6,1,2.0,1,1,1,1,1,0,1,Female,4,White
2039326529.0,47,Tennessee,7063325,47179,Washington,136273.0,0.402498559397953,0.4446222464,1,5,1,2.0,1,1,1,1,1,1,1,Male,4,White
2011848311.0,47,Tennessee,7063325,47139,Polk,17776.0,0.979001176998639,0.9885391676,2,4,1,2.0,0,1,1,0,1,1,0,Female,3,White
2021631361.0,47,Tennessee,7063325,47059,Greene,71286.0,2.57448623092923,,1,2,1,2.0,1,1,1,1,1,0,0,Male,2,White
2032191789.0,47,Tennessee,7063325,47093,Knox,495827.0,1.19646187629046,,2,5,1,2.0,0,0,0,0,1,1,0,Female,4,White
2034580761.0,47,Tennessee,7063325,47025,Claiborne,32371.0,2.50954638433694,,2,2,1,2.0,0,1,0,0,0,1,0,Female,2,White
2015136921.0,47,Tennessee,7063325,47045,Dyer,36415.0,0.31933974417083,,2,1,1,2.0,1,1,1,1,1,1,0,Female,1,White
2017604869.0,47,Tennessee,7063325,47097,Lauderdale,24690.0,4.35110148524982,,1,3,2,2.0,1,1,1,1,1,1,0,Male,3,Black
2044046331.0,47,Tennessee,7063325,47001,Anderson,79042.0,0.650931807665152,1.0535042891,1,5,1,2.0,0,0,0,0,0,1,0,Male,4,White
2026740239.0,47,Tennessee,7063325,47005,Benton,15982.0,2.90203970717391,3.1439700861,2,5,1,2.0,1,0,1,0,1,1,1,Female,4,White
2036088993.0,47,Tennessee,7063325,47011,Bradley,110790.0,0.828215051961483,,2,3,1,2.0,1,1,1,1,1,0,1,Female,3,White
2040469947.0,47,Tennessee,7063325,47041,DeKalb,20987.0,2.13882867751866,2.8200914859,1,2,1,2.0,0,0,0,0,0,0,1,Male,2,White
2034633397.0,47,Tennessee,7063325,47031,Coffee,59660.0,1.37908789445482,,1,2,1,2.0,1,0,0,1,0,0,0,Male,2,White
2008131931.0,31,Nebraska,1972595,31153,Sarpy,196569.0,1.09794268033678,1.2642313619,1,2,1,2.0,0,0,0,0,0,1,0,Male,2,White
2021275571.0,31,Nebraska,1972595,31029,Chase,3770.0,1.53023373201264,3.276427912,1,1,6,2.0,0,0,0,0,0,1,0,Male,1,Other
1998037397.0,31,Nebraska,1972595,31079,Hall,62555.0,4.13444514899856,1.769694848,1,3,1,2.0,1,1,1,1,1,0,1,Male,3,White
2031467771.0,31,Nebraska,1972595,31025,Cass,27177.0,0.687652229044501,0.718478119,2,6,1,2.0,0,1,0,0,0,1,1,Female,4,White
2036916939.0,31,Nebraska,1972595,31107,Knox,8325.0,1.19937420810713,0.4096670564,2,2,1,2.0,0,0,0,0,0,1,0,Female,2,White
2016859719.0,31,Nebraska,1972595,31109,Lancaster,325122.0,0.881423193104245,0.5306174081,3,5,1,2.0,0,0,1,1,1,1,1,,4,White
2016063545.0,04,Arizona,7370065,04013,Maricopa,4559561.0,2.07976802246224,,1,5,3,,1,0,0,1,1,1,1,Male,4,Hispanic
1995238905.0,04,Arizona,7370065,04019,Pima,1058224.0,2.90367714090876,2.8974803490000003,2,5,1,2.0,1,1,1,1,1,1,1,Female,4,White
2043816975.0,04,Arizona,7370065,04013,Maricopa,4559561.0,2.6861146984201,,2,2,1,2.0,1,1,1,1,1,0,1,Female,2,White
1998501961.0,04,Arizona,7370065,04025,Yavapai,246237.0,9.66416615439967,4.1452540679,1,3,1,2.0,1,0,1,0,0,1,0,Male,3,White
1995446281.0,04,Arizona,7370065,04019,Pima,1058224.0,0.425467371768308,0.6876654107,1,3,1,2.0,1,1,1,1,1,1,1,Male,3,White
2012082793.0,04,Arizona,7370065,04007,Gila,53902.0,5.48985037573698,,2,3,6,2.0,1,1,0,0,1,1,1,Female,3,Other
1998284773.0,04,Arizona,7370065,04005,Coconino,144078.0,0.284446279077241,,2,3,1,2.0,1,1,1,1,1,0,1,Female,3,White
2015328465.0,04,Arizona,7370065,04013,Maricopa,4559561.0,4.43850227905726,,1,5,1,2.0,0,1,1,1,1,1,1,Male,4,White
2019794723.0,04,Arizona,7370065,04019,Pima,1058224.0,1.68579264764697,1.6040340191,2,3,1,2.0,1,1,1,1,1,0,1,Female,3,White
2013445713.0,04,Arizona,7370065,04021,Pinal,465550.0,3.88179124730491,,2,3,3,,0,0,0,0,0,0,0,Female,3,Hispanic
1996763049.0,04,Arizona,7370065,04019,Pima,1058224.0,0.998735749335862,0.9039888809,2,6,1,2.0,0,0,0,0,0,1,0,Female,4,White
1998468853.0,04,Arizona,7370065,04013,Maricopa,4559561.0,1.42863683487473,2.4813618619,1,2,1,2.0,0,1,1,1,0,0,0,Male,2,White
2014635065.0,04,Arizona,7370065,04009,Graham,38784.0,7.64025246303675,,1,2,1,2.0,0,0,0,0,1,1,0,Male,2,White
1998472103.0,04,Arizona,7370065,04013,Maricopa,4559561.0,0.590814345055278,0.5135473295,1,3,1,2.0,1,1,1,0,1,1,1,Male,3,White
2033231035.0,04,Arizona,7370065,04019,Pima,1058224.0,15.0614388091749,,1,3,1,2.0,1,1,0,1,1,1,1,Male,3,White
2010291215.0,04,Arizona,7370065,04019,Pima,1058224.0,1.3304888106307,1.2270507553,2,5,1,2.0,0,0,0,0,0,1,0,Female,4,White
2013276767.0,04,Arizona,7370065,04013,Maricopa,4559561.0,0.9008129225966,1.3204677024,2,6,1,2.0,1,1,1,1,1,0,1,Female,4,White
2015241089.0,04,Arizona,7370065,04013,Maricopa,4559561.0,0.332244124805949,0.6708078727,2,2,1,2.0,1,1,1,1,1,1,1,Female,2,White
2012523099.0,04,Arizona,7370065,04023,Santa Cruz,48600.0,1.66013214645135,2.0126625878,1,5,3,1.0,1,1,1,1,1,0,1,Male,4,Hispanic
1983359733.0,04,Arizona,7370065,04019,Pima,1058224.0,0.651395245261524,0.6615688226,2,6,1,2.0,1,1,1,1,1,0,1,Female,4,White
2038946567.0,04,Arizona,7370065,04013,Maricopa,4559561.0,2.27763854022432,3.2730888564,1,5,1,2.0,1,1,1,1,1,0,1,Male,4,White
1982054215.0,04,Arizona,7370065,04012,La Paz,16460.0,0.602571735544876,0.8334036211,1,3,1,2.0,0,0,0,0,0,1,0,Male,3,White
2015599051.0,49,Utah,3393928,49013,Duchesne,20156.0,0.725975032913673,0.7760762366,2,2,1,2.0,0,1,1,0,1,1,0,Female,2,White
2014728885.0,49,Utah,3393928,49035,Salt Lake,1194746.0,0.397369171956531,0.5616271679,1,3,1,2.0,1,1,1,1,1,0,1,Male,3,White
2012875669.0,49,Utah,3393928,49035,Salt Lake,1194746.0,7.6578511682913,,1,3,1,2.0,0,0,0,0,0,0,1,Male,3,White
2012479719.0,49,Utah,3393928,49049,Utah,705241.0,0.945576803480164,,2,5,1,2.0,0,0,0,0,1,1,0,Female,4,White
2037033505.0,49,Utah,3393928,49057,Weber,269800.0,0.922693961780758,,1,3,1,2.0,0,0,0,0,1,1,0,Male,3,White
2035506317.0,49,Utah,3393928,49049,Utah,705241.0,5.37472606771697,2.4473177412,2,6,1,2.0,1,1,1,1,1,0,1,Female,4,White
2012043943.0,49,Utah,3393928,49035,Salt Lake,1194746.0,0.893019602432557,,2,3,1,2.0,0,0,1,0,1,1,0,Female,3,White
2011607157.0,49,Utah,3393928,49057,Weber,269800.0,2.99537472217643,,2,2,1,2.0,1,1,1,1,1,1,1,Female,2,White
2011481337.0,49,Utah,3393928,49057,Weber,269800.0,4.21482003547274,,2,3,1,2.0,1,1,1,1,1,1,1,Female,3,White
2031616977.0,49,Utah,3393928,49021,Iron,62544.0,6.41243502452431,,3,3,1,2.0,1,1,1,1,1,0,1,,3,White
2011772051.0,39,Ohio,11764950,39113,Montgomery,533913.0,1.21915232062215,,2,6,1,2.0,1,1,1,1,1,0,1,Female,4,White
2014258089.0,39,Ohio,11764950,39061,Hamilton,826532.0,15.0614388091749,12.6017912903,1,1,2,2.0,1,1,1,1,1,0,1,Male,1,Black
2042330793.0,39,Ohio,11764950,39017,Butler,390108.0,0.666461794200321,0.5054045322,1,6,1,2.0,1,1,1,1,1,0,1,Male,4,White
1995987533.0,39,Ohio,11764950,39089,Licking,181702.0,0.771757417625532,0.6077415098,2,6,1,2.0,1,1,0,0,0,1,1,Female,4,White
2017038017.0,39,Ohio,11764950,39085,Lake,231698.0,0.666461794200321,0.5054045322,1,6,1,2.0,1,1,1,1,1,1,1,Male,4,White
2033074113.0,39,Ohio,11764950,39061,Hamilton,826532.0,0.491961627321017,,1,5,1,2.0,1,1,1,1,1,0,1,Male,4,White
2007743589.0,39,Ohio,11764950,39155,Trumbull,200537.0,0.705128865916136,0.8707876170000001,1,2,1,2.0,0,0,0,0,1,1,0,Male,2,White
1997435529.0,39,Ohio,11764950,39035,Cuyahoga,1237196.0,3.38202277384039,4.5338471590000005,1,6,1,2.0,1,0,0,0,0,1,0,Male,4,White
2002221323.0,39,Ohio,11764950,39099,Mahoning,225714.0,0.915470954563933,1.0299913275,1,4,1,2.0,1,1,0,1,1,1,0,Male,3,White
2041638815.0,39,Ohio,11764950,39113,Montgomery,533913.0,0.556355520879451,,1,2,1,2.0,0,1,1,1,1,1,1,Male,2,White
1984262935.0,39,Ohio,11764950,39085,Lake,231698.0,0.705128865916136,0.8707876170000001,1,2,1,2.0,0,0,0,0,0,1,0,Male,2,White
2010242601.0,39,Ohio,11764950,39029,Columbiana,100447.0,1.51375365970428,1.6918073329,1,2,1,2.0,0,0,1,1,0,0,0,Male,2,White
1995230111.0,39,Ohio,11764950,39035,Cuyahoga,1237196.0,1.14687472663366,1.1617555871,2,5,1,2.0,0,0,0,0,0,1,0,Female,4,White
1999667231.0,39,Ohio,11764950,39107,Mercer,42343.0,3.86449824735968,,1,5,1,2.0,1,0,0,0,1,1,0,Male,4,White
2029034495.0,39,Ohio,11764950,39017,Butler,390108.0,0.173081809629365,0.5751051663,1,2,1,1.0,1,1,0,1,1,1,1,Male,2,Hispanic
2012022353.0,39,Ohio,11764950,39059,Guernsey,38056.0,1.86162283737881,,2,3,1,2.0,1,1,1,1,1,0,1,Female,3,White
2023833333.0,39,Ohio,11764950,39141,Ross,76365.0,2.9309168076204,0.7809572966,3,2,1,2.0,1,1,1,1,1,0,1,,2,White
2026744813.0,39,Ohio,11764950,39097,Madison,43569.0,0.687850601084865,,1,4,1,2.0,0,0,0,0,0,1,0,Male,3,White
2039084599.0,39,Ohio,11764950,39049,Franklin,1326392.0,0.608152146737259,0.4765600499,1,6,1,2.0,1,1,1,1,1,1,1,Male,4,White
1984206867.0,39,Ohio,11764950,39153,Summit,535956.0,3.1109656621557,1.456877031,1,2,1,2.0,1,1,1,1,1,0,1,Male,2,White
2038372025.0,39,Ohio,11764950,39057,Greene,169266.0,1.49955563106407,1.4996160219,2,3,1,2.0,0,1,1,0,0,1,0,Female,3,White
2029080259.0,39,Ohio,11764950,39095,Lucas,426630.0,1.13737782671431,,1,2,1,2.0,1,1,1,1,1,1,1,Male,2,White
2009036215.0,39,Ohio,11764950,39049,Franklin,1326392.0,4.53835289120316,4.5094132611,1,6,1,2.0,0,0,0,0,1,1,0,Male,4,White
2033896273.0,39,Ohio,11764950,39151,Stark,372531.0,0.608152146737259,0.4765600499,1,6,1,2.0,1,1,1,1,1,1,1,Male,4,White
2039403743.0,39,Ohio,11764950,39151,Stark,372531.0,0.496230872392291,,2,2,1,1.0,0,0,0,0,0,1,0,Female,2,Hispanic
2012592075.0,39,Ohio,11764950,39153,Summit,535956.0,0.640802256527103,0.5958134745,2,3,1,2.0,1,1,1,1,1,0,1,Female,3,White
2041605073.0,39,Ohio,11764950,39049,Franklin,1326392.0,4.88326727627816,,1,3,1,2.0,1,1,1,0,1,1,0,Male,3,White
2016209903.0,39,Ohio,11764950,39035,Cuyahoga,1237196.0,0.656996068830632,0.4681838904,2,3,2,2.0,1,1,1,1,1,0,1,Female,3,Black
2026742767.0,39,Ohio,11764950,39093,Lorain,316304.0,1.5945091736201,,2,2,3,1.0,1,1,1,1,1,0,1,Female,2,Hispanic
2044842711.0,39,Ohio,11764950,39007,Ashtabula,96915.0,0.428077965256976,,2,2,1,2.0,0,0,0,0,1,1,0,Female,2,White
2014139561.0,39,Ohio,11764950,39061,Hamilton,826532.0,4.63404685919229,,2,3,1,2.0,1,1,1,0,1,0,1,Female,3,White
2037540659.0,39,Ohio,11764950,39049,Franklin,1326392.0,0.502680216605037,,1,4,1,2.0,1,1,1,1,1,1,1,Male,3,White
2012767831.0,39,Ohio,11764950,39007,Ashtabula,96915.0,0.581866693623111,0.5343926910000001,1,4,1,2.0,1,0,1,1,1,1,1,Male,3,White
2036690395.0,39,Ohio,11764950,39017,Butler,390108.0,1.94975297848169,,2,2,2,2.0,0,0,1,1,1,0,0,Female,2,Black
2027537481.0,39,Ohio,11764950,39025,Clermont,210781.0,6.36787632260307,,1,3,1,2.0,1,1,1,1,1,1,1,Male,3,White
2011470713.0,20,Kansas,2938034,20173,Sedgwick,525420.0,3.32685342958633,,1,4,3,1.0,1,0,1,1,0,1,1,Male,3,Hispanic
2017086431.0,20,Kansas,2938034,20091,Johnson,619693.0,0.461403386568162,0.639656717,1,3,1,2.0,1,1,1,1,1,1,1,Male,3,White
2012342347.0,20,Kansas,2938034,20173,Sedgwick,525420.0,1.12590451317118,1.0051370655,2,5,1,2.0,0,0,1,0,1,1,0,Female,4,White
1996638325.0,20,Kansas,2938034,20045,Douglas,119941.0,4.67791143104796,,2,3,1,2.0,1,1,1,1,1,0,1,Female,3,White
1985068795.0,20,Kansas,2938034,20091,Johnson,619693.0,0.738465347388949,0.7060629359,1,3,1,2.0,0,0,0,0,0,1,0,Male,3,White
2013256221.0,20,Kansas,2938034,20005,Atchison,16089.0,0.599980261188628,0.5365416155,2,4,1,2.0,1,1,1,0,1,0,0,Female,3,White
1984883017.0,20,Kansas,2938034,20045,Douglas,119941.0,1.56022817096194,,2,3,4,2.0,1,1,1,1,1,1,1,Female,3,Other
2005787993.0,20,Kansas,2938034,20175,Seward,21351.0,0.46618203134602,0.194752351,1,5,7,2.0,0,0,0,0,0,1,0,Male,4,Other
2033776627.0,20,Kansas,2938034,20209,Wyandotte,166084.0,0.464234784744801,,1,2,1,2.0,1,1,1,1,1,1,1,Male,2,White
2030398533.0,27,Minnesota,5727565,27003,Anoka,369468.0,2.43029644724113,1.9786622621,2,6,1,2.0,1,0,0,0,0,1,0,Female,4,White
2032806505.0,27,Minnesota,5727565,27003,Anoka,369468.0,2.20778020490137,,2,2,1,2.0,0,1,1,1,1,1,1,Female,2,White
2012566241.0,27,Minnesota,5727565,27053,Hennepin,1262045.0,1.86009712006429,0.6915020125,1,5,1,2.0,1,1,1,1,1,0,1,Male,4,White
2039183273.0,27,Minnesota,5727565,27027,Clay,66133.0,1.62734972025243,1.2960740317,1,6,1,2.0,0,0,0,0,0,1,0,Male,4,White
2022123293.0,27,Minnesota,5727565,27123,Ramsey,538375.0,4.59365027231944,1.4395426259000002,2,3,1,2.0,1,1,1,1,1,1,1,Female,3,White
1999872231.0,27,Minnesota,5727565,27053,Hennepin,1262045.0,1.8375477490322,1.5028631712,2,6,1,2.0,1,0,0,0,1,1,0,Female,4,White
2001231329.0,27,Minnesota,5727565,27095,Mille Lacs,27287.0,3.61784484548308,1.1923220752,3,5,1,2.0,1,1,1,1,1,0,1,,4,White
2031093299.0,27,Minnesota,5727565,27119,Polk,30815.0,1.4381905017348,,2,2,1,2.0,1,0,0,0,1,1,1,Female,2,White
2009359159.0,27,Minnesota,5727565,27045,Fillmore,21467.0,2.04965378109231,0.8678957659000001,1,2,7,2.0,1,1,1,0,1,1,0,Male,2,Other
2013618651.0,27,Minnesota,5727565,27023,Chippewa,12358.0,2.36182829988102,2.740371892,1,6,1,2.0,0,0,0,0,0,1,0,Male,4,White
2045014711.0,27,Minnesota,5727565,27145,Stearns,160119.0,1.91901127703235,1.8276802427,1,5,1,2.0,1,1,1,1,1,0,1,Male,4,White
1984240653.0,27,Minnesota,5727565,27171,Wright,148220.0,1.05479151800438,1.1717081743,2,2,1,2.0,0,0,0,0,1,0,0,Female,2,White
1992865535.0,27,Minnesota,5727565,27139,Scott,154819.0,0.934133013824602,0.9288725526,1,3,1,2.0,1,1,0,1,0,1,0,Male,3,White
2021904261.0,27,Minnesota,5727565,27035,Crow Wing,67877.0,2.84967438518539,,1,3,1,2.0,1,1,1,1,1,0,1,Male,3,White
1999972391.0,27,Minnesota,5727565,27003,Anoka,369468.0,1.0434041676042,0.8886362675,1,5,4,2.0,1,1,1,1,1,0,1,Male,4,Other
2040185509.0,27,Minnesota,5727565,27053,Hennepin,1262045.0,1.75454618997479,3.6272309156,1,5,1,2.0,0,0,0,0,1,1,1,Male,4,White
2039699903.0,27,Minnesota,5727565,27053,Hennepin,1262045.0,0.622584228578867,0.5099514070000001,2,5,1,2.0,1,1,1,1,1,1,1,Female,4,White
2017211489.0,55,Wisconsin,5903472,55045,Green,36888.0,5.57587499081645,,1,2,1,2.0,1,1,0,0,0,0,1,Male,2,White
2026903789.0,55,Wisconsin,5903472,55079,Milwaukee,921471.0,0.599336194022546,,2,4,2,2.0,0,0,0,1,1,0,0,Female,3,Black
2009587151.0,55,Wisconsin,5903472,55035,Eau Claire,106836.0,0.925654117187232,,1,5,1,2.0,1,1,1,1,1,1,1,Male,4,White
1996713715.0,55,Wisconsin,5903472,55105,Rock,163954.0,2.06724254416939,0.9557677252,2,6,1,2.0,0,1,1,1,1,1,0,Female,4,White
2022489191.0,55,Wisconsin,5903472,55079,Milwaukee,921471.0,2.5101239594668,,1,6,1,2.0,1,1,1,1,1,0,1,Male,4,White
2012113197.0,55,Wisconsin,5903472,55079,Milwaukee,921471.0,1.00364906782332,1.028858313,2,4,1,2.0,1,0,0,0,1,1,1,Female,3,White
2030493917.0,55,Wisconsin,5903472,55139,Winnebago,170984.0,2.11660680329179,,1,4,1,2.0,0,0,0,0,1,1,0,Male,3,White
2037463811.0,55,Wisconsin,5903472,55127,Walworth,105843.0,0.731073680779724,0.8289681320000001,2,5,1,2.0,1,1,1,1,1,0,1,Female,4,White
1993386523.0,55,Wisconsin,5903472,55079,Milwaukee,921471.0,10.3283625646008,,1,3,1,2.0,0,0,0,0,0,1,0,Male,3,White
2019433167.0,55,Wisconsin,5903472,55079,Milwaukee,921471.0,0.395146501440722,0.2152622866,2,5,2,2.0,0,0,0,0,0,0,1,Female,4,Black
2010239025.0,55,Wisconsin,5903472,55133,Waukesha,410846.0,1.09162443372372,1.0086131303,2,2,1,2.0,1,1,1,1,1,1,0,Female,2,White
2039397349.0,55,Wisconsin,5903472,55079,Milwaukee,921471.0,0.906555374044316,0.8524606351,1,5,1,2.0,0,0,0,0,0,1,0,Male,4,White
2011157845.0,55,Wisconsin,5903472,55031,Douglas,44217.0,1.55612780568007,1.111242289,1,2,1,2.0,0,0,0,0,1,1,0,Male,2,White
2025234187.0,55,Wisconsin,5903472,55077,Marquette,15797.0,1.21519450159439,0.7506244988,1,2,1,2.0,1,1,1,1,1,0,1,Male,2,White
2016555857.0,55,Wisconsin,5903472,55111,Sauk,65944.0,0.753906854925348,0.6384224798,1,2,1,2.0,1,1,1,1,1,0,1,Male,2,White
2014059733.0,55,Wisconsin,5903472,55009,Brown,270667.0,1.38551132876952,,2,2,1,2.0,1,1,1,1,1,1,1,Female,2,White
2030935721.0,55,Wisconsin,5903472,55039,Fond du Lac,104103.0,2.11660680329179,1.4584176036,1,3,1,2.0,0,0,0,0,0,1,0,Male,3,White
2032643355.0,55,Wisconsin,5903472,55135,Waupaca,51660.0,0.339674826647265,,2,3,1,2.0,1,1,1,1,1,1,1,Female,3,White
2021464231.0,54,West Virginia,1774003,54061,Monongalia,106809.0,0.512015008609495,0.4042075718,2,3,1,2.0,1,0,0,0,0,0,1,Female,3,White
2033259227.0,54,West Virginia,1774003,54055,Mercer,58617.0,0.625157869936734,,1,2,1,1.0,1,1,0,0,1,1,0,Male,2,Hispanic
2044950469.0,54,West Virginia,1774003,54061,Monongalia,106809.0,5.57847224782799,,1,2,1,2.0,1,1,1,1,1,0,1,Male,2,White
2014790065.0,54,West Virginia,1774003,54015,Clay,7817.0,0.470238192412214,,2,4,3,,0,1,0,1,0,1,1,Female,3,Hispanic
2018670305.0,54,West Virginia,1774003,54109,Wyoming,20573.0,2.7643220245845,,2,1,1,2.0,0,0,0,0,0,0,0,Female,1,White
1983440857.0,30,Montana,1121533,30049,Lewis and Clark,73664.0,2.22191923403245,,1,2,2,1.0,1,0,1,0,0,0,1,Male,2,Black
2036668233.0,30,Montana,1121533,30013,Cascade,84908.0,1.08763496144593,1.0875884244,2,3,1,2.0,0,0,0,0,0,1,0,Female,3,White
2014366029.0,30,Montana,1121533,30111,Yellowstone,169743.0,2.0740396442927,3.887550892,1,5,1,2.0,0,0,0,0,0,1,0,Male,4,White
2015422765.0,40,Oklahoma,4025327,40047,Garfield,61970.0,5.66217814740123,,2,1,1,2.0,0,0,0,0,0,0,1,Female,1,White
1998441411.0,40,Oklahoma,4025327,40081,Lincoln,34198.0,1.33178241433538,1.3274032328,2,5,1,2.0,0,1,0,0,1,1,0,Female,4,White
2038737767.0,40,Oklahoma,4025327,40143,Tulsa,679125.0,0.550359068087444,0.624078388,2,4,1,2.0,1,1,1,1,0,0,1,Female,3,White
2014013403.0,40,Oklahoma,4025327,40035,Craig,14164.0,1.58983477057389,1.1835763581,2,2,1,2.0,0,0,0,0,1,1,0,Female,2,White
2032559125.0,40,Oklahoma,4025327,40109,Oklahoma,805035.0,0.885596940188706,,2,3,1,2.0,1,0,0,0,0,1,0,Female,3,White
2001960937.0,40,Oklahoma,4025327,40027,Cleveland,299819.0,1.96419250142465,,2,3,1,2.0,1,1,1,1,0,1,1,Female,3,White
2043268815.0,40,Oklahoma,4025327,40143,Tulsa,679125.0,0.842401979078001,1.2910193135,1,2,1,2.0,0,1,1,0,1,1,1,Male,2,White
2010360927.0,40,Oklahoma,4025327,40017,Canadian,169473.0,0.746501904153627,0.7495199243,1,5,1,2.0,0,0,0,0,0,1,0,Male,4,White
2006629837.0,40,Oklahoma,4025327,40077,Latimer,9573.0,0.800926382358151,0.3319229304,2,3,5,2.0,0,0,1,1,0,1,0,Female,3,Other
2038008687.0,40,Oklahoma,4025327,40097,Mayes,39574.0,0.776517018887551,,1,2,1,2.0,0,1,1,0,1,1,0,Male,2,White
2039218441.0,40,Oklahoma,4025327,40109,Oklahoma,805035.0,1.96419250142465,,2,3,1,2.0,0,1,0,0,1,0,0,Female,3,White
2011443733.0,40,Oklahoma,4025327,40027,Cleveland,299819.0,1.47493062515204,0.7369412636,2,5,1,2.0,1,1,1,1,1,0,1,Female,4,White
2013412315.0,16,Idaho,1942951,16001,Ada,520365.0,0.652714798455635,1.0365913454,2,6,1,2.0,1,1,1,1,1,0,1,Female,4,White
2029083619.0,16,Idaho,1942951,16065,Madison,55251.0,0.798817462094916,,2,2,1,2.0,0,0,0,0,0,1,0,Female,2,White
2039699921.0,16,Idaho,1942951,16045,Gem,20627.0,0.949454905202004,0.9697021261,1,3,1,2.0,0,0,0,0,0,1,0,Male,3,White
2012191471.0,16,Idaho,1942951,16055,Kootenai,183512.0,2.83256690336697,2.2232127328,2,2,1,2.0,0,1,1,0,1,1,0,Female,2,White
2013809281.0,16,Idaho,1942951,16083,Twin Falls,93890.0,1.59065251671284,0.9697291979,1,3,1,2.0,0,0,0,0,0,1,0,Male,3,White
2029579453.0,16,Idaho,1942951,16005,Bannock,89855.0,3.13394002133215,,2,1,5,1.0,1,0,0,1,1,1,0,Female,1,Hispanic
2034633769.0,19,Iowa,3201890,19057,Des Moines,38229.0,2.03202616816931,0.7985895724000001,1,2,1,2.0,1,1,0,0,0,0,0,Male,2,White
2033539895.0,19,Iowa,3201890,19163,Scott,173859.0,5.10837373694272,,2,5,4,2.0,1,1,1,1,1,0,1,Female,4,Other
2011011465.0,19,Iowa,3201890,19163,Scott,173859.0,1.09868758652225,2.3688460602,1,2,1,1.0,0,0,0,0,0,1,0,Male,2,Hispanic
1998468683.0,19,Iowa,3201890,19155,Pottawattamie,93162.0,1.32425397850511,,1,4,1,2.0,0,0,0,0,0,0,0,Male,3,White
2039663903.0,19,Iowa,3201890,19163,Scott,173859.0,4.56839070693348,,1,3,1,2.0,1,1,1,1,1,0,1,Male,3,White
2038701029.0,19,Iowa,3201890,19103,Johnson,156681.0,1.05925084203273,1.0243430769,2,3,1,2.0,0,1,0,1,1,1,1,Female,3,White
2036557837.0,19,Iowa,3201890,19139,Muscatine,42501.0,4.56839070693348,,1,3,1,2.0,1,1,1,1,1,1,1,Male,3,White
1998685433.0,19,Iowa,3201890,19103,Johnson,156681.0,0.606992615177553,0.5481265008,2,5,1,2.0,1,0,1,0,0,0,1,Female,4,White
2010142083.0,19,Iowa,3201890,19153,Polk,501174.0,1.15061078174324,0.9674946252,2,3,1,2.0,0,0,0,0,0,1,0,Female,3,White
2033753271.0,19,Iowa,3201890,19169,Story,99857.0,1.38499415115113,0.9884586543,2,6,1,2.0,1,1,1,1,1,0,1,Female,4,White
1993713335.0,17,Illinois,12609577,17191,Wayne,15868.0,1.02754452264392,1.0270566537,2,2,1,2.0,0,0,0,0,0,1,0,Female,2,White
2042048047.0,17,Illinois,12609577,17111,McHenry,311889.0,0.730442798579743,0.7721306205,2,3,1,2.0,1,1,1,1,1,1,1,Female,3,White
2014681495.0,17,Illinois,12609577,17031,Cook,5127866.0,2.62132245622125,2.5490863059,2,5,4,2.0,0,1,1,1,1,1,1,Female,4,Other
2034406859.0,17,Illinois,12609577,17033,Crawford,18448.0,2.70912399201229,,1,2,1,2.0,1,1,1,1,1,0,1,Male,2,White
2039694597.0,17,Illinois,12609577,17031,Cook,5127866.0,3.89423286617837,0.652336789,1,2,2,2.0,1,1,1,1,1,0,1,Male,2,Black
2014638027.0,17,Illinois,12609577,17103,Lee,33394.0,1.61829799834905,1.5803428536,2,5,1,2.0,1,0,1,0,1,1,1,Female,4,White
2013222713.0,17,Illinois,12609577,17125,Mason,12710.0,0.89110410379618,,2,2,1,2.0,0,1,1,0,0,1,0,Female,2,White
1293756187.0,17,Illinois,12609577,17201,Winnebago,281767.0,2.99025290184605,,1,2,1,2.0,1,1,1,1,1,1,1,Male,2,White
2025419087.0,17,Illinois,12609577,17031,Cook,5127866.0,2.29543909042416,2.7149270595,1,2,2,2.0,0,0,0,0,0,1,0,Male,2,Black
2015310451.0,17,Illinois,12609577,17031,Cook,5127866.0,1.04787031837989,1.1926036117,1,5,1,2.0,1,1,1,1,1,0,1,Male,4,White
2027492659.0,17,Illinois,12609577,17111,McHenry,311889.0,1.80307457048726,1.2694938678,1,3,1,1.0,1,1,1,1,1,1,1,Male,3,Hispanic
2042331009.0,17,Illinois,12609577,17031,Cook,5127866.0,4.39424200122725,,2,3,1,2.0,1,1,1,1,1,1,1,Female,3,White
2017145797.0,17,Illinois,12609577,17111,McHenry,311889.0,0.842700155780465,0.987433804,1,5,1,2.0,0,0,0,0,0,1,0,Male,4,White
2010399357.0,17,Illinois,12609577,17165,Saline,23148.0,1.27334058924633,1.3727024234,2,4,1,2.0,0,1,0,0,0,1,0,Female,3,White
1999681603.0,17,Illinois,12609577,17031,Cook,5127866.0,1.0319116518729,,2,6,1,2.0,1,1,1,1,1,0,1,Female,4,White
2003293361.0,17,Illinois,12609577,17031,Cook,5127866.0,2.68337247578167,1.1781211066,1,3,2,1.0,1,1,1,0,1,1,1,Male,3,Black
2031293507.0,17,Illinois,12609577,17089,Kane,515285.0,5.00198162867822,,2,5,1,2.0,1,1,0,1,1,1,1,Female,4,White
2014058219.0,17,Illinois,12609577,17031,Cook,5127866.0,0.858690398470532,0.8646861435000001,1,2,2,2.0,1,1,1,1,0,0,1,Male,2,Black
2043493665.0,17,Illinois,12609577,17051,Fayette,21119.0,0.320979641426696,0.3563273159,2,3,6,2.0,1,1,1,1,1,0,1,Female,3,Other
2011730275.0,17,Illinois,12609577,17063,Grundy,53145.0,0.730442798579743,0.7721306205,2,3,1,2.0,1,1,1,1,1,0,1,Female,3,White
1998948071.0,17,Illinois,12609577,17197,Will,699112.0,0.544218221932302,,1,2,1,2.0,0,0,0,0,1,1,0,Male,2,White
2030294621.0,17,Illinois,12609577,17043,DuPage,924178.0,0.976184726287807,0.9449415693,2,6,1,2.0,1,1,0,1,0,1,1,Female,4,White
2039280009.0,17,Illinois,12609577,17063,Grundy,53145.0,0.956740446359704,1.0714906723,2,3,1,2.0,1,0,1,1,0,1,0,Female,3,White
2012514841.0,17,Illinois,12609577,17141,Ogle,51441.0,5.75652928614891,,2,1,1,2.0,1,1,1,1,1,1,1,Female,1,White
2010563897.0,17,Illinois,12609577,17031,Cook,5127866.0,0.742872493790122,0.9458700999,1,5,2,2.0,1,1,1,1,1,1,1,Male,4,Black
2009958639.0,17,Illinois,12609577,17031,Cook,5127866.0,0.733468656104742,0.737593276,2,6,1,2.0,1,1,1,1,1,0,1,Female,4,White
2021479661.0,17,Illinois,12609577,17031,Cook,5127866.0,3.30294628863829,1.0104258961,2,5,3,1.0,1,1,1,1,1,1,1,Female,4,Hispanic
2016596913.0,17,Illinois,12609577,17031,Cook,5127866.0,3.34978227902982,0.8593658764000001,2,5,1,2.0,1,1,1,1,1,0,1,Female,4,White
2012053401.0,17,Illinois,12609577,17201,Winnebago,281767.0,6.28117558542315,,2,2,1,2.0,0,0,1,0,0,1,0,Female,2,White
1995725255.0,17,Illinois,12609577,17031,Cook,5127866.0,1.01926531382811,0.7408190669,2,5,1,2.0,1,1,1,1,1,0,1,Female,4,White
2018259653.0,17,Illinois,12609577,17197,Will,699112.0,0.256455096889528,1.0115990637,1,1,1,2.0,1,1,1,1,1,1,1,Male,1,White
2043152911.0,17,Illinois,12609577,17037,DeKalb,100185.0,3.83420839848917,2.5607046019,1,3,1,2.0,0,0,0,1,1,0,0,Male,3,White
2030650175.0,17,Illinois,12609577,17197,Will,699112.0,0.467357891753348,,2,3,1,1.0,1,1,1,1,0,1,1,Female,3,Hispanic
2019264045.0,17,Illinois,12609577,17197,Will,699112.0,0.520673756311859,1.2961187371,2,2,1,2.0,1,1,0,1,0,0,1,Female,2,White
1998258141.0,17,Illinois,12609577,17031,Cook,5127866.0,5.89186182022844,1.5140420882,2,5,1,2.0,1,1,0,1,1,1,1,Female,4,White
2011956771.0,17,Illinois,12609577,17031,Cook,5127866.0,1.02754452264392,1.0270566537,2,2,1,2.0,0,1,1,0,1,1,1,Female,2,White
2013186539.0,17,Illinois,12609577,17089,Kane,515285.0,0.506472180578328,0.5199718349,1,6,1,2.0,1,1,1,1,1,0,1,Male,4,White
2035444403.0,17,Illinois,12609577,17031,Cook,5127866.0,2.07665263851978,,2,4,3,1.0,1,1,0,1,0,1,1,Female,3,Hispanic
2039901515.0,34,New Jersey,9298402,34035,Somerset,347621.0,1.32244024249361,,2,5,1,2.0,1,1,1,1,1,0,1,Female,4,White
2040376399.0,34,New Jersey,9298402,34017,Hudson,707743.0,2.30093653344156,,1,3,1,2.0,0,1,1,1,1,1,1,Male,3,White
2042356541.0,34,New Jersey,9298402,34037,Sussex,145668.0,0.936867306851441,1.0910433497,1,2,1,2.0,0,0,0,0,0,1,0,Male,2,White
2044537233.0,34,New Jersey,9298402,34005,Burlington,467822.0,0.328722825921518,0.8697045502,1,3,2,2.0,1,1,0,1,1,1,1,Male,3,Black
2040050989.0,34,New Jersey,9298402,34001,Atlantic,275872.0,0.383232764645098,1.0256170791,1,6,3,,1,1,1,1,1,0,1,Male,4,Hispanic
1998530061.0,34,New Jersey,9298402,34035,Somerset,347621.0,0.782482779392391,0.6453484434,2,5,1,2.0,1,1,1,1,1,0,1,Female,4,White
2001882145.0,34,New Jersey,9298402,34031,Passaic,516941.0,1.23874053740852,1.2450532165,1,6,1,2.0,0,0,0,0,0,1,0,Male,4,White
2012140523.0,34,New Jersey,9298402,34015,Gloucester,306718.0,0.748148830837843,1.2751067376,2,6,1,2.0,1,1,0,1,1,0,1,Female,4,White
2021771105.0,34,New Jersey,9298402,34001,Atlantic,275872.0,4.58484706451495,,2,3,2,2.0,1,1,0,1,1,0,1,Female,3,Black
1998235947.0,34,New Jersey,9298402,34023,Middlesex,864552.0,1.81054158850782,1.9579709834,2,5,1,2.0,0,1,0,0,0,1,0,Female,4,White
2038727557.0,34,New Jersey,9298402,34015,Gloucester,306718.0,1.49665410028468,1.1020796027,2,4,1,2.0,0,0,0,0,0,1,0,Female,3,White
2010399909.0,34,New Jersey,9298402,34029,Ocean,656066.0,0.674503359221487,1.3275251228,1,3,1,2.0,1,1,1,0,1,0,1,Male,3,White
2019510805.0,34,New Jersey,9298402,34019,Hunterdon,129859.0,0.793720128798015,1.4102970409,2,6,3,1.0,1,1,1,1,1,1,1,Female,4,Hispanic
2007743581.0,34,New Jersey,9298402,34035,Somerset,347621.0,2.7271772987786,1.4334565214,1,5,1,2.0,1,1,1,1,1,1,1,Male,4,White
2012238197.0,34,New Jersey,9298402,34005,Burlington,467822.0,6.2760198048384,7.7588101773,1,2,1,1.0,1,1,0,1,0,0,1,Male,2,Hispanic
2009223375.0,34,New Jersey,9298402,34027,Morris,511860.0,1.01692020409862,1.2752484635,1,5,1,2.0,1,1,1,1,1,1,1,Male,4,White
2038821527.0,34,New Jersey,9298402,34013,Essex,855294.0,0.619045008278019,0.6437289733,1,4,3,,1,1,1,1,1,0,1,Male,3,Hispanic
2022890409.0,34,New Jersey,9298402,34023,Middlesex,864552.0,1.46195687061427,,2,5,3,,1,1,1,1,1,1,1,Female,4,Hispanic
2033322493.0,34,New Jersey,9298402,34013,Essex,855294.0,3.36865300551611,,2,6,1,2.0,0,1,1,1,1,1,1,Female,4,White
2013103911.0,34,New Jersey,9298402,34025,Monmouth,645026.0,1.20461181024629,0.5677255999,1,5,1,2.0,1,0,1,0,0,1,0,Male,4,White
2014302503.0,34,New Jersey,9298402,34025,Monmouth,645026.0,1.19291379585725,1.3788464124,2,5,1,2.0,1,1,1,1,1,1,1,Female,4,White
2013643645.0,34,New Jersey,9298402,34025,Monmouth,645026.0,1.91881517183188,1.3565847818,2,6,1,1.0,0,1,1,1,1,1,1,Female,4,Hispanic
2034687555.0,34,New Jersey,9298402,34029,Ocean,656066.0,0.421488245675764,,1,3,1,2.0,1,1,1,1,1,0,1,Male,3,White
2034805269.0,34,New Jersey,9298402,34037,Sussex,145668.0,1.72883756682351,1.3011821091,1,3,1,2.0,1,1,1,1,1,0,1,Male,3,White
2011181483.0,34,New Jersey,9298402,34007,Camden,525833.0,0.782482779392391,0.6453484434,2,5,1,2.0,1,1,1,1,1,0,1,Female,4,White
2042738259.0,34,New Jersey,9298402,34007,Camden,525833.0,0.355905751771707,,1,2,1,2.0,1,1,1,1,1,1,1,Male,2,White
2001119857.0,34,New Jersey,9298402,34019,Hunterdon,129859.0,0.803345820273696,0.8535835224,1,6,1,2.0,1,1,1,1,1,1,1,Male,4,White
2040186179.0,34,New Jersey,9298402,34017,Hudson,707743.0,1.18577575107247,,1,5,4,2.0,1,1,1,1,1,1,1,Male,4,Other
1992832603.0,35,New Mexico,2112859,35025,Lea,72260.0,1.17988015275716,,1,5,1,2.0,0,0,0,0,0,1,0,Male,4,White
2014365639.0,35,New Mexico,2112859,35001,Bernalillo,672636.0,1.07010290315106,1.0313403499,1,4,3,1.0,1,1,1,1,1,1,1,Male,3,Hispanic
2038693659.0,35,New Mexico,2112859,35029,Luna,25645.0,1.28513891445037,,1,2,1,2.0,1,0,1,0,1,0,1,Male,2,White
2010790429.0,35,New Mexico,2112859,35013,DoÃ±a Ana,,3.02355285842097,,2,3,1,2.0,1,1,1,1,1,0,1,Female,3,White
2020368877.0,35,New Mexico,2112859,35061,Valencia,78236.0,8.77934878864631,,1,1,3,1.0,1,0,0,0,0,0,0,Male,1,Hispanic
2012325021.0,35,New Mexico,2112859,35001,Bernalillo,672636.0,5.48044658858935,2.4380488995,1,5,3,1.0,1,1,1,1,1,0,1,Male,4,Hispanic
2011794677.0,29,Missouri,6179285,29083,Henry,22389.0,1.31941776059617,1.1579996489,1,2,1,2.0,1,1,1,1,1,0,1,Male,2,White
2032575465.0,29,Missouri,6179285,29001,Adair,25124.0,1.58331964420376,1.0599797019,2,6,4,2.0,0,0,0,0,0,1,0,Female,4,Other
2038556129.0,29,Missouri,6179285,29071,Franklin,105854.0,3.35323575741689,3.9176269077,1,4,1,2.0,1,1,1,1,1,0,1,Male,3,White
2036917083.0,29,Missouri,6179285,29063,DeKalb,11299.0,0.167441940203489,0.2748731384,2,2,1,2.0,0,0,0,1,1,1,0,Female,2,White
2013859717.0,29,Missouri,6179285,29510,St. Louis city,286509.0,0.981509547597576,0.7692163208,2,6,1,2.0,1,1,1,1,1,0,1,Female,4,White
2020036073.0,29,Missouri,6179285,29095,Jackson,717037.0,1.48482974118213,1.5582196821,2,2,2,2.0,1,1,1,1,1,1,1,Female,2,Black
2011864179.0,29,Missouri,6179285,29165,Platte,110567.0,1.9687805557521,,2,3,7,2.0,0,0,0,0,1,1,0,Female,3,Other
2008058581.0,29,Missouri,6179285,29189,St. Louis,991719.0,0.584366242832868,0.5561347334,2,5,1,2.0,1,1,1,1,1,1,1,Female,4,White
2042351799.0,29,Missouri,6179285,29047,Clay,257034.0,2.21683046267462,1.5898705857,1,5,2,2.0,1,1,1,1,1,1,1,Male,4,Black
2039700035.0,29,Missouri,6179285,29189,St. Louis,991719.0,1.63008585918674,1.3671443402,2,3,1,2.0,0,0,0,0,0,1,0,Female,3,White
2034799193.0,29,Missouri,6179285,29095,Jackson,717037.0,1.95936753350198,4.695395019,1,6,1,2.0,1,1,1,1,1,0,1,Male,4,White
2018733003.0,29,Missouri,6179285,29009,Barry,34968.0,1.31941776059617,1.1579996489,1,2,1,2.0,0,0,0,0,0,1,0,Male,2,White
2017157531.0,29,Missouri,6179285,29095,Jackson,717037.0,0.955814849038161,,1,5,1,2.0,0,0,0,0,0,1,0,Male,4,White
2019980185.0,29,Missouri,6179285,29037,Cass,110369.0,2.44546166945657,,1,2,1,2.0,0,1,1,1,1,0,0,Male,2,White
2019848603.0,29,Missouri,6179285,29023,Butler,42133.0,3.25470258418906,,1,2,1,2.0,1,1,1,1,1,1,1,Male,2,White
2015332257.0,29,Missouri,6179285,29091,Howell,40604.0,0.144494896757737,0.6537984443,2,2,1,2.0,0,1,1,0,0,1,0,Female,2,White
1999629687.0,29,Missouri,6179285,29071,Franklin,105854.0,3.50234146468609,,1,5,1,2.0,1,1,1,1,1,1,1,Male,4,White
1999710735.0,29,Missouri,6179285,29095,Jackson,717037.0,5.3118283265968,,2,5,2,2.0,1,1,1,1,1,1,1,Female,4,Black
2043919563.0,28,Mississippi,2941237,28141,Tishomingo,18624.0,8.36545205186033,,1,1,1,2.0,0,0,1,1,1,1,0,Male,1,White
2015245557.0,28,Mississippi,2941237,28025,Clay,18340.0,1.10510227038219,1.1989238353,1,5,2,2.0,1,1,0,1,1,1,1,Male,4,Black
2010255463.0,28,Mississippi,2941237,28073,Lamar,65812.0,1.72739044034122,,2,5,1,2.0,0,0,0,0,0,1,0,Female,4,White
2024822655.0,28,Mississippi,2941237,28043,Grenada,21142.0,0.320837832050152,,2,4,2,2.0,1,1,1,0,1,1,1,Female,3,Black
2010664465.0,28,Mississippi,2941237,28139,Tippah,21487.0,1.36290834975435,,1,2,1,2.0,1,1,1,1,1,1,1,Male,2,White
2012342409.0,28,Mississippi,2941237,28089,Madison,111692.0,0.728424975247064,0.6183058155000001,2,5,2,2.0,1,1,1,1,1,1,1,Female,4,Black
1995141453.0,28,Mississippi,2941237,28047,Harrison,210909.0,3.54627200857363,,1,3,1,2.0,0,1,1,0,1,1,0,Male,3,White
2000303161.0,28,Mississippi,2941237,28029,Copiah,27820.0,1.23978901252066,0.7311224040000001,2,5,1,2.0,0,0,0,0,0,1,0,Female,4,White
2042329455.0,28,Mississippi,2941237,28081,Lee,82959.0,0.876059712376024,1.1912781662,1,5,1,2.0,1,0,0,0,0,1,0,Male,4,White
2014553965.0,44,Rhode Island,1098275,44005,Newport,84770.0,0.837039715447491,0.9977053013,2,5,1,2.0,1,1,1,1,1,0,1,Female,4,White
2026740951.0,44,Rhode Island,1098275,44007,Providence,661306.0,1.3723073503259,1.1486538433,1,6,1,2.0,1,1,1,1,1,0,1,Male,4,White
2017051791.0,44,Rhode Island,1098275,44003,Kent,171386.0,0.803923580160032,1.3624744178,2,3,1,2.0,0,1,1,0,0,1,0,Female,3,White
2016283743.0,32,Nevada,3177672,32003,Clark,2323145.0,0.692857696626995,0.8054521057,1,4,2,2.0,1,1,1,1,0,1,1,Male,3,Black
2023234235.0,32,Nevada,3177672,32003,Clark,2323145.0,4.8881516771374,,2,3,1,2.0,0,0,0,0,1,1,0,Female,3,White
2011107255.0,32,Nevada,3177672,32510,Carson City,58223.0,0.465304999208404,0.266804317,1,1,1,2.0,1,1,1,1,1,0,1,Male,1,White
2043494247.0,32,Nevada,3177672,32003,Clark,2323145.0,3.7238373388393,2.248020506,2,2,7,2.0,0,0,0,0,0,1,0,Female,2,Other
2036915041.0,32,Nevada,3177672,32003,Clark,2323145.0,1.76756023133118,1.277362707,1,6,3,1.0,0,0,0,0,0,1,0,Male,4,Hispanic
2036526283.0,32,Nevada,3177672,32003,Clark,2323145.0,2.72289284377809,0.4771865789,1,3,6,2.0,0,0,0,0,0,1,0,Male,3,Other
2018101169.0,32,Nevada,3177672,32003,Clark,2323145.0,3.23594107591313,0.9342215912,1,2,1,2.0,1,1,1,1,1,0,1,Male,2,White
2007910773.0,32,Nevada,3177672,32510,Carson City,58223.0,1.71469875246123,,2,2,1,2.0,1,1,1,1,1,1,0,Female,2,White
2043888655.0,32,Nevada,3177672,32031,Washoe,496521.0,8.53627279189884,,1,5,1,2.0,0,1,1,1,1,1,1,Male,4,White
2013971619.0,32,Nevada,3177672,32003,Clark,2323145.0,1.44974119237499,1.4470705498,2,2,2,2.0,0,1,0,0,0,0,1,Female,2,Black
1998640825.0,11,District of Columbia,674501,11001,District of Columbia,674501.0,2.68139009028367,1.6100469758,1,6,2,2.0,1,1,1,1,1,1,1,Male,4,Black
2013300769.0,11,District of Columbia,674501,11001,District of Columbia,674501.0,3.04769870993338,,1,6,4,2.0,1,1,1,1,1,0,1,Male,4,Other
2035596743.0,02,Alaska,733659,02020,Anchorage Municipality,286992.0,0.106235127055784,0.2264101415,2,5,1,2.0,1,1,1,1,1,0,1,Female,4,White
2018972079.0,02,Alaska,733659,02020,Anchorage Municipality,286992.0,1.50604920206903,,1,2,5,2.0,1,1,1,1,1,1,0,Male,2,Other
2034607319.0,01,Alabama,5076868,01117,Shelby,230157.0,1.2259233062147,,2,1,1,2.0,0,1,1,0,1,0,0,Female,1,White
2036172329.0,01,Alabama,5076868,01061,Geneva,26782.0,4.27856572200663,,1,1,2,2.0,1,1,1,1,1,0,1,Male,1,Black
2009861695.0,01,Alabama,5076868,01051,Elmore,89617.0,0.0625220400763089,,2,2,1,2.0,1,1,1,0,1,1,1,Female,2,White
2042329207.0,01,Alabama,5076868,01073,Jefferson,665691.0,1.01312918683044,1.2115236764,1,5,1,2.0,0,0,0,0,0,1,0,Male,4,White
2015154011.0,01,Alabama,5076868,01055,Etowah,102842.0,0.246154734685626,0.6677177746,1,2,1,2.0,0,0,0,0,1,1,0,Male,2,White
2029080023.0,01,Alabama,5076868,01077,Lauderdale,95916.0,1.47500151485654,0.6520384417,2,3,2,2.0,0,1,0,0,0,1,0,Female,3,Black
1983972859.0,01,Alabama,5076868,01117,Shelby,230157.0,1.95206217825682,,2,2,2,2.0,0,1,0,0,1,1,0,Female,2,Black
2042328097.0,01,Alabama,5076868,01073,Jefferson,665691.0,0.247491379244578,0.6580109659000001,1,6,1,2.0,1,1,1,1,1,0,1,Male,4,White
2011306703.0,01,Alabama,5076868,01103,Morgan,124190.0,0.580194775040328,0.7574348432,1,5,1,2.0,1,0,0,0,0,1,0,Male,4,White
1998085085.0,01,Alabama,5076868,01097,Mobile,411378.0,1.43564310251503,1.2956053024,2,4,1,2.0,1,0,1,0,1,1,1,Female,3,White
2015256855.0,01,Alabama,5076868,01073,Jefferson,665691.0,1.19945405834539,0.2147802313,3,6,1,2.0,1,1,0,0,1,1,1,,4,White
1999218063.0,01,Alabama,5076868,01089,Madison,404070.0,15.0614388091749,2.0143801107,2,6,1,2.0,0,0,1,1,1,1,1,Female,4,White
1999529459.0,01,Alabama,5076868,01127,Walker,64437.0,2.22958868247662,,2,3,1,2.0,1,1,1,1,1,1,1,Female,3,White
2026743541.0,01,Alabama,5076868,01015,Calhoun,115738.0,1.46670643779033,0.1964418861,2,2,2,2.0,0,0,1,0,0,0,0,Female,2,Black
2015132559.0,01,Alabama,5076868,01067,Henry,17644.0,1.04189343845372,0.9271669243,1,4,1,2.0,1,0,0,0,0,1,0,Male,3,White
2042720327.0,15,Hawaii,1437812,15003,Honolulu,993798.0,6.45624804755658,,2,3,6,1.0,0,0,0,0,1,0,1,Female,3,Hispanic
2014159745.0,15,Hawaii,1437812,15001,Hawaii,206031.0,5.19840091406095,,2,3,1,2.0,0,1,1,1,0,1,1,Female,3,White
2036932291.0,15,Hawaii,1437812,15003,Honolulu,993798.0,1.8434126397735,3.9934777482,2,4,4,2.0,1,1,1,1,1,0,1,Female,3,Other
2019487859.0,15,Hawaii,1437812,15003,Honolulu,993798.0,1.26041207748678,,2,2,4,2.0,0,0,1,0,0,0,0,Female,2,Other
2029043073.0,38,North Dakota,780191,38015,Burleigh,100302.0,15.0614388091749,2.701072972,1,4,1,2.0,1,1,0,0,1,1,1,Male,3,White
2024758563.0,38,North Dakota,780191,38017,Cass,193289.0,2.94081287022163,0.6788295245,1,2,1,2.0,1,1,1,1,1,1,1,Male,2,White
2020897389.0,10,Delaware,1020279,10003,New Castle,575913.0,0.0899771166176193,,2,2,3,,1,1,1,1,1,1,1,Female,2,Hispanic
2043306401.0,10,Delaware,1020279,10003,New Castle,575913.0,4.31523675227982,1.1254988673,2,1,3,1.0,0,1,1,1,1,1,1,Female,1,Hispanic
2013186513.0,10,Delaware,1020279,10001,Kent,187830.0,0.550218621296546,,2,3,1,2.0,0,0,0,0,0,1,0,Female,3,White
2009940329.0,56,Wyoming,581742,56021,Laramie,100806.0,1.6913919839529,2.0405567115,2,5,1,2.0,1,1,1,1,1,0,1,Female,4,White
2030979157.0,56,Wyoming,581742,56025,Natrona,79585.0,2.11088080698396,,2,1,1,2.0,1,1,0,0,1,1,0,Female,1,White
2038468301.0,50,Vermont,647614,50021,Rutland,60393.0,1.18101801447744,,2,4,1,2.0,1,1,1,1,1,0,1,Female,3,White
1997340381.0,50,Vermont,647614,50003,Bennington,37346.0,0.844744311115605,0.8143874903,2,6,1,2.0,1,1,1,1,1,0,1,Female,4,White
